"evento_id","year","month","day","hour","minute","second","fecha_str","mag","tipo_mag","lat","lon","depth","es_mainshock","n_replicas"
1,1587,8,31,1,30,0,"1587-08-31 01:30:00",6.4,"Mw",0.05,-78.33,10,TRUE,0
2,1645,3,15,0,0,0,"1645-03-15 00:00:00",7,"Mw",-1.73,-78.8,10,TRUE,0
3,1674,8,29,0,0,0,"1674-08-29 00:00:00",6.4,"Mw",-1.67,-79.05,10,TRUE,0
4,1687,11,22,0,0,0,"1687-11-22 00:00:00",6.2,"Mw",-1.25,-78.42,10,TRUE,0
5,1698,6,20,6,0,0,"1698-06-20 06:00:00",7.25,"Mw",-1.65,-78.8,10,TRUE,0
6,1736,12,6,8,0,0,"1736-12-06 08:00:00",5.9,"Mw",-0.75,-78.75,10,TRUE,0
7,1757,2,22,0,0,0,"1757-02-22 00:00:00",6.1,"Mw",-0.92,-78.56,10,TRUE,0
8,1786,5,10,15,0,0,"1786-05-10 15:00:00",5.8,"Mw",-1.68,-78.78,10,TRUE,0
9,1797,2,4,12,45,0,"1797-02-04 12:45:00",7.6,"Mw",-1.5,-78.6,10,TRUE,0
10,1834,1,20,1,45,0,"1834-01-20 01:45:00",7.4,"Mw",1.12,-77,10,TRUE,0
11,1859,3,22,13,30,0,"1859-03-22 13:30:00",7.2,"Mw",0.02,-78.75,10,TRUE,0
12,1868,5,17,18,0,0,"1868-05-17 18:00:00",6.1,"Mw",-1.25,-78.42,10,TRUE,0
13,1868,8,15,19,30,0,"1868-08-15 19:30:00",6.6,"Mw",0.7,-77.92,10,TRUE,0
14,1868,8,16,6,40,0,"1868-08-16 06:40:00",7.25,"Mw",0.25,-78.3,10,TRUE,0
15,1901,1,7,0,29,0,"1901-01-07 00:29:00",7.2,"Mw",-2,-82,0,TRUE,0
16,1906,1,31,15,36,0,"1906-01-31 15:36:00",8.8,"Mw",0.95,-79.36,20,TRUE,0
17,1906,9,28,15,24,54,"1906-09-28 15:24:54",7.5,"Mw",-2,-79,150,TRUE,0
18,1907,6,1,8,45,0,"1907-06-01 08:45:00",7,"Mw",0,-82,0,TRUE,0
19,1911,9,23,4,10,0,"1911-09-23 04:10:00",6.2,"Mw",-1.73,-78.8,10,TRUE,0
20,1912,7,24,11,59,0,"1912-07-24 11:59:00",7,"Mw",-5,-80,0,TRUE,0
21,1914,5,31,13,27,0,"1914-05-31 13:27:00",6.44,"Mw",-0.6,-78.42,10,TRUE,0
22,1917,8,31,11,36,24,"1917-08-31 11:36:24",7.1,"Mw",4,-74,0,TRUE,0
23,1920,1,30,18,26,45,"1920-01-30 18:26:45",6,"Mw",3,-77.5,35,TRUE,0
24,1923,2,5,12,22,0,"1923-02-05 12:22:00",6.1,"Mw",-0.55,-78.63,10,TRUE,0
25,1923,12,14,10,31,0,"1923-12-14 10:31:00",6.1,"Mw",0.88,-77.8,10,TRUE,0
26,1924,3,11,22,44,27,"1924-03-11 22:44:27",6.8,"Mw",-3.5,-81.68,35,TRUE,0
27,1924,7,22,4,4,16,"1924-07-22 04:04:16",6.5,"Mw",-1,-79,287,TRUE,0
28,1924,10,18,23,5,30,"1924-10-18 23:05:30",6.8,"Mw",2.81,-80.16,15,TRUE,0
29,1925,6,7,23,41,40,"1925-06-07 23:41:40",6.8,"Mw",3,-80.5,318,TRUE,0
30,1925,6,23,16,46,39,"1925-06-23 16:46:39",6.8,"Mw",-0.11,-77.03,25,TRUE,0
31,1926,3,7,20,33,28,"1926-03-07 20:33:28",6.5,"Mw",-2.8,-74.5,0,TRUE,0
32,1926,12,18,18,5,0,"1926-12-18 18:05:00",6,"Mw",0.87,-77.78,10,TRUE,0
33,1927,3,13,5,32,16,"1927-03-13 05:32:16",6,"Mw",-6.5,-81.5,0,TRUE,0
34,1928,5,14,22,14,51,"1928-05-14 22:14:51",7.2,"Mw",-5.26,-78.55,35,TRUE,1
35,1928,7,18,19,4,8,"1928-07-18 19:04:08",6.9,"Mw",-5.35,-78.73,35,FALSE,0
36,1929,7,25,8,39,0,"1929-07-25 08:39:00",5.88,"Mw",-0.5,-78.48,10,TRUE,0
37,1930,11,24,6,6,48,"1930-11-24 06:06:48",6.2,"Mw",-2,-74.5,0,TRUE,0
38,1932,9,5,6,23,50,"1932-09-05 06:23:50",6,"Mw",-6,-81,50,TRUE,0
39,1933,5,18,4,28,35,"1933-05-18 04:28:35",5.6,"Mw",0.5,-78.5,60,TRUE,0
40,1933,10,1,2,40,39,"1933-10-01 02:40:39",6.2,"Mw",-6.4,-75.2,0,TRUE,0
41,1933,10,2,15,29,29,"1933-10-02 15:29:29",6.7,"Mw",-1.83,-80.84,15,TRUE,2
42,1933,10,3,10,21,20,"1933-10-03 10:21:20",6.2,"Mw",-1.75,-80.75,35,FALSE,0
43,1933,10,3,14,21,49,"1933-10-03 14:21:49",6,"Mw",-1.75,-80.75,35,FALSE,0
44,1934,4,3,7,36,27,"1934-04-03 07:36:27",6,"Mw",4,-78,35,TRUE,0
45,1934,8,6,12,7,13,"1934-08-06 12:07:13",6,"Mw",3.4,-77.8,0,TRUE,0
46,1934,10,29,23,25,23,"1934-10-29 23:25:23",6.2,"Mw",-5,-78,110,TRUE,0
47,1935,3,8,11,59,10,"1935-03-08 11:59:10",6,"Mw",-4.2,-79.8,0,TRUE,0
48,1935,6,11,21,55,55,"1935-06-11 21:55:55",5.6,"Mw",3.5,-83,35,TRUE,0
49,1935,10,27,22,5,2,"1935-10-27 22:05:02",5.5,"Mw",3.4,-77.8,0,TRUE,0
50,1935,11,2,21,5,40,"1935-11-02 21:05:40",6,"Mw",-2,-79,130,TRUE,0
51,1935,12,24,12,24,11,"1935-12-24 12:24:11",6.2,"Mw",2.61,-79.46,25,TRUE,0
52,1937,5,21,13,12,23,"1937-05-21 13:12:23",6.5,"Mw",2.2,-78.5,65,TRUE,0
53,1937,7,8,12,51,5,"1937-07-08 12:51:05",6,"Mw",3,-84,35,TRUE,0
54,1937,7,19,19,35,27,"1937-07-19 19:35:27",7.1,"Mw",-1.97,-76.39,184.2,TRUE,0
55,1938,1,16,21,41,40,"1938-01-16 21:41:40",6,"Mw",-6.2,-75.3,0,TRUE,0
56,1938,8,10,2,2,0,"1938-08-10 02:02:00",5.8,"Mw",-0.4,-78.41,10,TRUE,0
57,1940,5,4,16,44,30,"1940-05-04 16:44:30",5.6,"Mw",-6.5,-81,35,TRUE,0
58,1940,5,5,2,3,42,"1940-05-05 02:03:42",6,"Mw",-7,-80,35,TRUE,0
59,1940,10,23,2,23,15,"1940-10-23 02:23:15",6,"Mw",-2,-76,140,TRUE,0
60,1941,1,24,5,44,3,"1941-01-24 05:44:03",6.5,"Mw",-3.25,-76.75,120,TRUE,0
61,1942,1,8,15,12,22,"1942-01-08 15:12:22",6,"Mw",-6.5,-79,0,TRUE,0
62,1942,5,14,2,13,28,"1942-05-14 02:13:28",7.8,"Mw",0.01,-80.39,19.7,TRUE,1
63,1942,11,6,13,31,11,"1942-11-06 13:31:11",6.8,"Mw",-6.52,-76.76,123.6,TRUE,0
64,1943,1,30,5,32,3,"1943-01-30 05:32:03",6.1,"Mw",-1.98,-80.02,58.7,TRUE,0
65,1943,4,5,3,8,58,"1943-04-05 03:08:58",6.5,"Mw",-6.5,-76,140,TRUE,0
66,1943,12,22,7,1,50,"1943-12-22 07:01:50",6.2,"Mw",-2.5,-77,130,TRUE,0
67,1944,5,9,14,29,49,"1944-05-09 14:29:49",6,"Mw",3.1,-74.8,0,TRUE,0
68,1944,9,15,19,20,0,"1944-09-15 19:20:00",5.7,"Mw",-0.71,-78.7,10,TRUE,0
69,1944,10,23,23,40,1,"1944-10-23 23:40:01",6.73,"Mw",0.6,-79.32,20,FALSE,0
70,1945,7,9,16,42,8,"1945-07-09 16:42:08",6.5,"Mw",1.9,-76.9,96,TRUE,0
71,1949,8,5,19,8,47,"1949-08-05 19:08:47",6.8,"Mw",-1.23,-78.4,10,TRUE,0
72,1950,6,7,16,52,34,"1950-06-07 16:52:34",6.8,"Mw",-4,-76.5,110,TRUE,0
73,1953,4,17,0,2,50,"1953-04-17 00:02:50",6,"Mw",-5.2,-77.2,0,TRUE,0
74,1953,12,12,17,31,28,"1953-12-12 17:31:28",7.5,"Mw",-3.59,-80.84,19,TRUE,0
75,1953,12,23,4,45,0,"1953-12-23 04:45:00",6,"Mw",1.05,-77.36,10,TRUE,0
76,1954,6,15,13,30,3,"1954-06-15 13:30:03",6.7,"Mw",-5.4,-76.7,128,TRUE,0
77,1955,5,11,11,4,1,"1955-05-11 11:04:01",6.8,"Mw",-0.2,-77.8,0,TRUE,0
78,1955,7,20,21,0,0,"1955-07-20 21:00:00",6.14,"Mw",0.28,-78.39,10,TRUE,0
79,1956,1,16,23,37,45,"1956-01-16 23:37:45",6.9,"Mw",-0.82,-80.28,35,TRUE,0
80,1956,3,22,6,34,0,"1956-03-22 06:34:00",6.5,"Mw",-3.3,-79,96,TRUE,0
81,1957,5,24,2,37,50,"1957-05-24 02:37:50",6.12,"Mw",3.7,-76.75,5.3,TRUE,0
82,1957,8,26,13,58,51,"1957-08-26 13:58:51",6.34,"Mw",-1.92,-80.99,15,TRUE,0
83,1958,1,19,14,7,27,"1958-01-19 14:07:27",7.8,"Mw",1.14,-79.59,29.8,TRUE,6
84,1958,1,19,14,43,29,"1958-01-19 14:43:29",6.8,"Mw",1.18,-79.58,35,FALSE,0
85,1958,1,24,13,50,0,"1958-01-24 13:50:00",5,"Mw",-0.98,-78.59,10,TRUE,0
86,1958,2,1,16,10,18,"1958-02-01 16:10:18",6.9,"Mw",1.45,-79.55,35,FALSE,0
87,1958,2,1,20,45,52,"1958-02-01 20:45:52",6.8,"Mw",1.66,-79.19,46,FALSE,0
88,1958,4,14,21,32,34,"1958-04-14 21:32:34",6.8,"Mw",0.7,-79.57,35,FALSE,0
89,1958,4,14,22,48,32,"1958-04-14 22:48:32",6.6,"Mw",0.82,-79.82,0,FALSE,0
90,1958,4,15,1,30,47,"1958-04-15 01:30:47",6.6,"Mw",0.94,-79.62,0,FALSE,0
91,1958,5,25,21,11,42,"1958-05-25 21:11:42",6.5,"Mw",-3.12,-78.09,29,TRUE,0
92,1959,2,7,9,36,57,"1959-02-07 09:36:57",6.9,"Mw",-3.78,-81.68,35,TRUE,0
93,1960,7,30,2,4,0,"1960-07-30 02:04:00",5.65,"Mw",-1.2,-78.7,10,TRUE,0
94,1960,11,20,22,1,1,"1960-11-20 22:01:01",7.8,"Mw",-6.77,-80.91,15,TRUE,1
95,1961,4,8,9,3,0,"1961-04-08 09:03:00",6.3,"Mw",-2.089,-78.968,10,TRUE,0
96,1962,11,16,6,39,0,"1962-11-16 06:39:00",5.9,"Mw",-1.16,-78.65,10,TRUE,1
97,1963,2,27,0,10,1,"1963-02-27 00:10:01",4.3,"Mw",-1.2,-79,33,FALSE,0
98,1963,3,4,15,43,2,"1963-03-04 15:43:02",5.3,"Mw",-4.5,-81.6,23,TRUE,0
99,1963,3,5,7,5,0,"1963-03-05 07:05:00",5.6,"Mw",-4.5,-81.5,22,TRUE,0
100,1963,3,30,9,23,13,"1963-03-30 09:23:13",4.5,"Mw",-1.5,-77.7,154,TRUE,0
101,1963,3,31,4,45,59,"1963-03-31 04:45:59",5.2,"Mw",-6.6,-81.2,31,FALSE,0
102,1963,4,4,6,7,21,"1963-04-04 06:07:21",4.2,"Mw",3.9,-75,33,TRUE,0
103,1963,4,13,2,20,58,"1963-04-13 02:20:58",6.5,"Mw",-6.25,-76.53,119.8,TRUE,0
104,1963,5,10,22,22,40,"1963-05-10 22:22:40",6.6,"Mw",-2.18,-77.62,20,TRUE,8
105,1963,5,11,21,3,56,"1963-05-11 21:03:56",4.2,"Mw",-2.9,-79.2,33,TRUE,0
106,1963,5,12,11,0,50,"1963-05-12 11:00:50",4,"Mw",-2.7,-77,115,TRUE,0
107,1963,5,14,11,23,2,"1963-05-14 11:23:02",4.4,"Mw",0.7,-80.2,25,TRUE,0
108,1963,5,20,13,22,8,"1963-05-20 13:22:08",4.2,"Mw",1.1,-77.6,148,TRUE,0
109,1963,5,23,3,57,43,"1963-05-23 03:57:43",4.6,"Mw",-1.6,-80.8,90,TRUE,0
110,1963,5,26,19,13,39,"1963-05-26 19:13:39",4.7,"Mw",-5.5,-81.2,33,TRUE,0
111,1963,6,8,8,57,24,"1963-06-08 08:57:24",4.4,"Mw",-2.3,-77.8,33,FALSE,0
112,1963,6,18,15,39,55,"1963-06-18 15:39:55",4.4,"Mw",-5.3,-78.5,33,TRUE,0
113,1963,6,20,20,42,17,"1963-06-20 20:42:17",4.1,"Mw",-2.3,-77.5,33,FALSE,0
114,1963,6,21,12,13,13,"1963-06-21 12:13:13",4.1,"Mw",-4.9,-81.2,45,TRUE,0
115,1963,7,2,2,52,53,"1963-07-02 02:52:53",4.6,"Mw",-2.4,-77.8,33,FALSE,0
116,1963,7,5,14,29,24,"1963-07-05 14:29:24",4.2,"Mw",-3.2,-77.8,65,TRUE,0
117,1963,7,25,20,31,17,"1963-07-25 20:31:17",4,"Mw",-2.4,-77.8,33,FALSE,0
118,1963,8,4,12,7,24,"1963-08-04 12:07:24",4.7,"Mw",-4.1,-80.9,34,TRUE,0
119,1963,8,11,6,30,36,"1963-08-11 06:30:36",4,"Mw",-1,-78.9,33,TRUE,0
120,1963,8,13,12,39,55,"1963-08-13 12:39:55",4.3,"Mw",-3.1,-80.4,66,TRUE,0
121,1963,8,15,0,47,5,"1963-08-15 00:47:05",4.3,"Mw",2.8,-76.1,33,TRUE,0
122,1963,8,20,20,14,31,"1963-08-20 20:14:31",4.2,"Mw",0,-80.9,64,TRUE,0
123,1963,8,29,15,30,29,"1963-08-29 15:30:29",6.1,"Mw",-6.97,-81.48,0,TRUE,1
124,1963,9,6,13,57,42,"1963-09-06 13:57:42",4.8,"Mw",2.2,-83.2,33,TRUE,0
125,1963,9,17,7,34,38,"1963-09-17 07:34:38",4,"Mw",-1.5,-77.9,178,TRUE,0
126,1963,9,19,0,6,43,"1963-09-19 00:06:43",4.3,"Mw",-2.6,-78,33,FALSE,0
127,1963,10,14,5,39,17,"1963-10-14 05:39:17",4.7,"Mw",-2.3,-77.6,33,FALSE,0
128,1963,10,26,12,56,46,"1963-10-26 12:56:46",4.2,"Mw",-2.7,-77.8,33,FALSE,0
129,1963,10,30,1,17,31,"1963-10-30 01:17:31",5.3,"Mw",-4.8,-77.9,20,TRUE,1
130,1963,10,31,23,19,15,"1963-10-31 23:19:15",4.5,"Mw",-4.9,-77.7,60,FALSE,0
131,1963,11,3,3,10,12,"1963-11-03 03:10:12",6,"Mw",-3.5,-77.8,33,TRUE,5
132,1963,11,3,4,24,48,"1963-11-03 04:24:48",4.2,"Mw",-4.3,-78.3,146,TRUE,0
133,1963,11,3,12,2,28,"1963-11-03 12:02:28",4.5,"Mw",-3.7,-78.3,33,TRUE,0
134,1963,11,4,1,3,13,"1963-11-04 01:03:13",4.1,"Mw",2.3,-79.7,62,TRUE,0
135,1963,11,6,1,28,46,"1963-11-06 01:28:46",4.1,"Mw",-4.2,-77.7,170,TRUE,0
136,1963,11,8,19,22,54,"1963-11-08 19:22:54",4.5,"Mw",-3.7,-78.2,33,FALSE,0
137,1963,11,11,20,18,39,"1963-11-11 20:18:39",4.8,"Mw",4,-82.6,33,TRUE,0
138,1963,11,15,0,18,52,"1963-11-15 00:18:52",4.3,"Mw",-4.7,-76.8,152,TRUE,0
139,1963,11,16,18,6,55,"1963-11-16 18:06:55",4.6,"Mw",-2.2,-80,59,TRUE,0
140,1963,12,13,4,16,13,"1963-12-13 04:16:13",4.5,"Mw",-2.7,-78.4,109,TRUE,1
141,1963,12,16,16,41,9,"1963-12-16 16:41:09",4.8,"Mw",-1.6,-78,170,TRUE,0
142,1963,12,20,10,48,4,"1963-12-20 10:48:04",5.2,"Mw",-5.2,-80.8,55,TRUE,0
143,1963,12,30,23,39,27,"1963-12-30 23:39:27",4.3,"Mw",-2.5,-78.4,33,FALSE,0
144,1964,1,3,13,27,51,"1964-01-03 13:27:51",4.2,"Mw",-5.3,-76,106,TRUE,0
145,1964,1,3,22,12,9,"1964-01-03 22:12:09",4.5,"Mw",-1.35,-79.19,33,TRUE,0
146,1964,1,5,15,49,17,"1964-01-05 15:49:17",4.3,"Mw",0.39,-78.21,80,TRUE,0
147,1964,1,11,7,34,19,"1964-01-11 07:34:19",4.1,"Mw",3.51,-82.79,69,TRUE,0
148,1964,1,12,6,40,34,"1964-01-12 06:40:34",4.2,"Mw",3.49,-82.91,34,TRUE,0
149,1964,1,17,13,27,21,"1964-01-17 13:27:21",4.2,"Mw",-3.44,-77.5,33,FALSE,0
150,1964,1,31,21,46,31,"1964-01-31 21:46:31",4.6,"Mw",-0.18,-77.92,33,TRUE,0
151,1964,2,1,11,47,29,"1964-02-01 11:47:29",5.1,"Mw",-3.42,-78.1,33,FALSE,0
152,1964,2,4,6,24,49,"1964-02-04 06:24:49",4,"Mw",-4,-80.4,164,TRUE,0
153,1964,2,4,7,38,8,"1964-02-04 07:38:08",4.2,"Mw",-4,-80.79,130,TRUE,0
154,1964,2,15,10,54,19,"1964-02-15 10:54:19",4.3,"Mw",3.18,-79.36,65,TRUE,0
155,1964,2,21,13,51,47,"1964-02-21 13:51:47",4.4,"Mw",-7,-81.5,33,FALSE,0
156,1964,2,24,18,38,33,"1964-02-24 18:38:33",4.1,"Mw",-3.37,-78,33,FALSE,0
157,1964,3,2,17,19,50,"1964-03-02 17:19:50",4.7,"Mw",-1.99,-77.55,29,FALSE,0
158,1964,3,13,14,54,2,"1964-03-13 14:54:02",4.2,"Mw",-3.7,-77,0,TRUE,0
159,1964,3,15,14,14,53,"1964-03-15 14:14:53",4.3,"Mw",-2.7,-78.1,94,TRUE,0
160,1964,3,20,6,55,33,"1964-03-20 06:55:33",5.4,"Mw",-2.06,-79.71,107.6,TRUE,0
161,1964,3,22,7,5,36,"1964-03-22 07:05:36",5.2,"Mw",-5.67,-77.02,115.2,TRUE,0
162,1964,3,23,3,35,45,"1964-03-23 03:35:45",4.2,"Mw",-1.11,-78.8,68,TRUE,0
163,1964,3,24,6,36,19,"1964-03-24 06:36:19",4,"Mw",-5.2,-78.6,33,TRUE,0
164,1964,3,26,5,25,2,"1964-03-26 05:25:02",4.8,"Mw",-5.01,-76.62,97,TRUE,0
165,1964,4,1,4,26,56,"1964-04-01 04:26:56",4.4,"Mw",-2.94,-80.2,65,TRUE,0
166,1964,4,7,17,50,8,"1964-04-07 17:50:08",4.3,"Mw",2.13,-83.24,33,TRUE,0
167,1964,4,19,13,17,11,"1964-04-19 13:17:11",4,"Mw",-3.73,-79.4,134,TRUE,0
168,1964,4,29,4,8,3,"1964-04-29 04:08:03",4.4,"Mw",-3.44,-77.9,78,FALSE,0
169,1964,5,9,20,6,43,"1964-05-09 20:06:43",4.5,"Mw",-5.33,-81.3,126,TRUE,0
170,1964,5,12,8,27,4,"1964-05-12 08:27:04",4,"Mw",-0.6,-77.3,33,TRUE,0
171,1964,5,19,23,3,36,"1964-05-19 23:03:36",5.7,"Mw",-0.86,-80.25,10.8,TRUE,1
172,1964,5,20,3,25,4,"1964-05-20 03:25:04",4.6,"Mw",-0.83,-80.25,20.1,FALSE,0
173,1964,6,3,7,49,31,"1964-06-03 07:49:31",4.1,"Mw",-5.19,-78.6,33,TRUE,0
174,1964,6,9,15,31,29,"1964-06-09 15:31:29",4.1,"Mw",-4.77,-77.9,40,TRUE,0
175,1964,6,9,18,16,16,"1964-06-09 18:16:16",4.7,"Mw",-0.16,-79.02,57.6,TRUE,0
176,1964,6,12,16,44,35,"1964-06-12 16:44:35",4.8,"Mw",2.19,-83.13,49,TRUE,0
177,1964,6,21,10,7,24,"1964-06-21 10:07:24",4,"Mw",3.71,-82.7,23,TRUE,0
178,1964,6,22,3,29,55,"1964-06-22 03:29:55",4,"Mw",-2.56,-78.1,46,TRUE,0
179,1964,6,23,0,30,12,"1964-06-23 00:30:12",4.5,"Mw",-3.73,-78.1,53,TRUE,0
180,1964,6,23,2,4,40,"1964-06-23 02:04:40",5,"Mw",-2.65,-79.98,39,TRUE,0
181,1964,6,24,6,21,41,"1964-06-24 06:21:41",4,"Mw",-3.5,-77.4,33,TRUE,0
182,1964,6,29,8,50,56,"1964-06-29 08:50:56",4,"Mw",-1.6,-78,156,TRUE,0
183,1964,7,5,1,6,26,"1964-07-05 01:06:26",4,"Mw",-1.14,-78.66,70,TRUE,0
184,1964,7,26,13,55,40,"1964-07-26 13:55:40",5.2,"Mw",2.6,-78.4,64,TRUE,2
185,1964,7,26,19,43,40,"1964-07-26 19:43:40",4.5,"Mw",2.52,-78.42,101,FALSE,0
186,1964,7,27,4,3,33,"1964-07-27 04:03:33",4.3,"Mw",-1.78,-77.89,154.4,TRUE,0
187,1964,8,3,21,29,40,"1964-08-03 21:29:40",4.4,"Mw",3.42,-78,68,TRUE,0
188,1964,8,4,13,6,22,"1964-08-04 13:06:22",4.1,"Mw",-5.14,-78.7,33,TRUE,0
189,1964,8,13,16,32,19,"1964-08-13 16:32:19",4.2,"Mw",-6,-81.3,49,TRUE,0
190,1964,8,14,19,25,34,"1964-08-14 19:25:34",4.3,"Mw",0.27,-80.04,70,TRUE,0
191,1964,8,19,14,0,37,"1964-08-19 14:00:37",4.4,"Mw",-6.92,-75.26,15,TRUE,0
192,1964,8,20,0,27,48,"1964-08-20 00:27:48",4.3,"Mw",2.08,-78.9,55,TRUE,0
193,1964,8,24,10,37,23,"1964-08-24 10:37:23",5,"Mw",-1.5,-77.92,178,TRUE,0
194,1964,8,24,16,42,22,"1964-08-24 16:42:22",4.3,"Mw",1.96,-79.09,90,TRUE,0
195,1964,8,27,21,46,41,"1964-08-27 21:46:41",4.1,"Mw",1.47,-78.34,140,TRUE,0
196,1964,9,5,4,35,28,"1964-09-05 04:35:28",4.2,"Mw",1.06,-76.8,90,TRUE,0
197,1964,9,10,21,36,35,"1964-09-10 21:36:35",4.5,"Mw",-4.8,-81.22,72,TRUE,0
198,1964,9,19,17,26,19,"1964-09-19 17:26:19",4.6,"Mw",-5.86,-81.2,101,TRUE,0
199,1964,10,18,2,49,17,"1964-10-18 02:49:17",4.7,"Mw",2.79,-78.03,76,FALSE,0
200,1964,10,25,6,25,50,"1964-10-25 06:25:50",5.2,"Mw",-1.96,-77.16,162,TRUE,0
201,1964,10,25,22,56,31,"1964-10-25 22:56:31",5.2,"Mw",-2.07,-78.89,48,TRUE,0
202,1964,11,2,6,50,1,"1964-11-02 06:50:01",5.8,"Mw",-4.03,-76.76,107.4,TRUE,0
203,1964,11,21,17,24,24,"1964-11-21 17:24:24",4.3,"Mw",-4.87,-76.7,109,TRUE,0
204,1964,11,29,3,24,46,"1964-11-29 03:24:46",4.3,"Mw",-4.52,-80.6,254,TRUE,0
205,1964,11,29,17,8,27,"1964-11-29 17:08:27",4.2,"Mw",-4.74,-79.21,98,TRUE,0
206,1964,12,7,15,55,52,"1964-12-07 15:55:52",4.8,"Mw",-6.56,-76.37,135,TRUE,0
207,1964,12,7,21,3,48,"1964-12-07 21:03:48",4.9,"Mw",2.7,-79.83,38,TRUE,0
208,1964,12,9,19,12,18,"1964-12-09 19:12:18",4.3,"Mw",-1.23,-77.52,218,TRUE,0
209,1964,12,10,2,35,39,"1964-12-10 02:35:39",4.5,"Mw",1.9,-76.7,191,TRUE,0
210,1965,1,6,16,30,37,"1965-01-06 16:30:37",4.6,"Mw",-0.89,-81.52,21,TRUE,0
211,1965,1,7,11,57,30,"1965-01-07 11:57:30",4.3,"Mw",-3.1,-76.7,30,TRUE,0
212,1965,1,7,18,52,25,"1965-01-07 18:52:25",4.3,"Mw",3.6,-74,20,TRUE,0
213,1965,1,10,3,43,45,"1965-01-10 03:43:45",4.7,"Mw",-3.32,-81.4,92,TRUE,0
214,1965,1,14,8,25,18,"1965-01-14 08:25:18",5.5,"Mw",-5.68,-81.41,31.2,TRUE,0
215,1965,1,16,16,22,16,"1965-01-16 16:22:16",4.4,"Mw",-2.3,-80.1,135,TRUE,0
216,1965,1,16,16,59,28,"1965-01-16 16:59:28",4.5,"Mw",-2.5,-78.2,33,TRUE,0
217,1965,1,26,14,17,53,"1965-01-26 14:17:53",4.5,"Mw",-0.41,-80.75,81,TRUE,0
218,1965,2,11,16,10,30,"1965-02-11 16:10:30",5,"Mw",-1.48,-77.89,179.5,TRUE,1
219,1965,2,13,10,5,24,"1965-02-13 10:05:24",4.5,"Mw",-5.9,-77.6,69,TRUE,0
220,1965,2,28,6,20,11,"1965-02-28 06:20:11",4.1,"Mw",2.7,-79.7,33,TRUE,0
221,1965,3,3,13,5,28,"1965-03-03 13:05:28",4.3,"Mw",3.3,-83.9,33,TRUE,0
222,1965,3,6,4,43,12,"1965-03-06 04:43:12",4.2,"Mw",-1.26,-78.3,53,TRUE,0
223,1965,3,7,6,33,19,"1965-03-07 06:33:19",4.7,"Mw",3.35,-78.98,47,TRUE,0
224,1965,3,12,22,54,45,"1965-03-12 22:54:45",4.9,"Mw",-5.77,-77.74,37.5,TRUE,0
225,1965,3,14,15,30,37,"1965-03-14 15:30:37",4.1,"Mw",-0.4,-80.8,33,TRUE,0
226,1965,4,4,5,53,45,"1965-04-04 05:53:45",4.1,"Mw",1.41,-79.76,99,TRUE,0
227,1965,4,6,19,21,50,"1965-04-06 19:21:50",4.9,"Mw",-3.11,-78.17,110,TRUE,0
228,1965,4,12,0,42,59,"1965-04-12 00:42:59",4.4,"Mw",3.25,-77.9,90,TRUE,0
229,1965,4,14,8,23,38,"1965-04-14 08:23:38",4.4,"Mw",-1.17,-78.93,84,TRUE,0
230,1965,4,15,2,0,10,"1965-04-15 02:00:10",4.4,"Mw",-5.72,-75.6,33,TRUE,0
231,1965,4,22,22,13,4,"1965-04-22 22:13:04",4.6,"Mw",-6.02,-78.68,118,TRUE,0
232,1965,4,26,8,39,4,"1965-04-26 08:39:04",4.2,"Mw",-1.31,-77.85,193,FALSE,0
233,1965,5,9,19,58,1,"1965-05-09 19:58:01",4.8,"Mw",-2.8,-77.22,112,TRUE,0
234,1965,5,11,0,58,31,"1965-05-11 00:58:31",4.1,"Mw",-6.7,-80.9,71,TRUE,0
235,1965,5,20,9,55,10,"1965-05-20 09:55:10",4.4,"Mw",-3.71,-80.77,9,TRUE,0
236,1965,6,6,21,41,40,"1965-06-06 21:41:40",4.2,"Mw",-1.37,-80.6,75,TRUE,0
237,1965,6,8,5,46,49,"1965-06-08 05:46:49",4.2,"Mw",-4.01,-78.2,33,TRUE,0
238,1965,6,18,3,37,50,"1965-06-18 03:37:50",4,"Mw",-4.67,-80.6,33,TRUE,0
239,1965,6,21,10,46,40,"1965-06-21 10:46:40",4.5,"Mw",-3.68,-77.77,37,TRUE,0
240,1965,6,27,17,9,5,"1965-06-27 17:09:05",4.9,"Mw",-2.56,-76.91,121.2,TRUE,0
241,1965,7,7,7,55,47,"1965-07-07 07:55:47",4.3,"Mw",2.7,-83.5,49,TRUE,0
242,1965,7,13,22,34,48,"1965-07-13 22:34:48",4.4,"Mw",-3.2,-77.7,90,TRUE,0
243,1965,7,13,22,49,46,"1965-07-13 22:49:46",4.6,"Mw",-2.9,-78.8,112,TRUE,0
244,1965,7,15,8,31,24,"1965-07-15 08:31:24",4.4,"Mw",-6.6,-80.9,36,TRUE,0
245,1965,7,24,12,16,8,"1965-07-24 12:16:08",4.2,"Mw",-3.5,-78.1,33,TRUE,0
246,1965,7,30,16,32,37,"1965-07-30 16:32:37",4.3,"Mw",-1.48,-78.07,170,TRUE,0
247,1965,8,1,4,36,40,"1965-08-01 04:36:40",4,"Mw",-4.9,-80.9,66,TRUE,0
248,1965,8,9,8,40,29,"1965-08-09 08:40:29",4.5,"Mw",-1.4,-78.74,119.4,TRUE,0
249,1965,8,13,0,54,45,"1965-08-13 00:54:45",5.3,"Mw",-4.31,-80.96,38.9,TRUE,0
250,1965,8,22,10,39,27,"1965-08-22 10:39:27",4.1,"Mw",-2.3,-76.9,187,TRUE,0
251,1965,8,31,14,47,46,"1965-08-31 14:47:46",4.4,"Mw",3.8,-82.1,62,TRUE,0
252,1965,9,7,16,30,27,"1965-09-07 16:30:27",4.2,"Mw",-4.4,-80.5,227,TRUE,0
253,1965,9,17,11,13,57,"1965-09-17 11:13:57",6.52,"Mw",-1.44,-77.67,185.9,TRUE,7
254,1965,9,20,18,10,41,"1965-09-20 18:10:41",4.9,"Mw",-6.39,-74.9,138.1,TRUE,0
255,1965,9,27,3,15,58,"1965-09-27 03:15:58",4.2,"Mw",-1.46,-80.6,116,TRUE,0
256,1965,10,10,16,46,19,"1965-10-10 16:46:19",4.5,"Mw",-1.1,-81.7,33,TRUE,0
257,1965,10,11,0,7,4,"1965-10-11 00:07:04",4,"Mw",-3.6,-77.2,157,TRUE,0
258,1965,10,12,15,10,46,"1965-10-12 15:10:46",4.4,"Mw",-1.4,-80.9,33,TRUE,2
259,1965,10,23,16,0,45,"1965-10-23 16:00:45",4.2,"Mw",-1.6,-81,152,FALSE,0
260,1965,10,25,11,17,26,"1965-10-25 11:17:26",4.3,"Mw",-1.1,-81,33,FALSE,0
261,1965,10,30,8,37,21,"1965-10-30 08:37:21",4.1,"Mw",-2.4,-77.9,166,TRUE,0
262,1965,10,31,4,2,25,"1965-10-31 04:02:25",4.7,"Mw",-1.6,-77.6,245,FALSE,0
263,1965,11,19,9,52,37,"1965-11-19 09:52:37",4.2,"Mw",-2,-77.6,189,FALSE,0
264,1965,11,26,0,25,49,"1965-11-26 00:25:49",4.4,"Mw",-4.7,-77.2,120,TRUE,0
265,1965,11,27,4,37,14,"1965-11-27 04:37:14",4.2,"Mw",3.9,-82.5,38,TRUE,0
266,1965,11,29,17,7,3,"1965-11-29 17:07:03",5.3,"Mw",-6.05,-78.63,30.9,TRUE,0
267,1965,11,29,17,53,55,"1965-11-29 17:53:55",4.1,"Mw",-6.8,-80.1,33,TRUE,0
268,1965,12,3,8,32,26,"1965-12-03 08:32:26",4.7,"Mw",-3.54,-77.9,41,TRUE,1
269,1965,12,3,9,55,49,"1965-12-03 09:55:49",4.5,"Mw",-4.5,-79.9,89,TRUE,0
270,1965,12,4,17,16,29,"1965-12-04 17:16:29",4.3,"Mw",-3.9,-79.2,33,TRUE,0
271,1965,12,7,3,44,41,"1965-12-07 03:44:41",4.2,"Mw",-3.5,-78.2,42,FALSE,0
272,1965,12,10,2,59,17,"1965-12-10 02:59:17",4.5,"Mw",-6.56,-81.1,37,TRUE,1
273,1965,12,11,21,48,29,"1965-12-11 21:48:29",4.2,"Mw",-6.4,-81.3,33,FALSE,0
274,1965,12,12,22,25,14,"1965-12-12 22:25:14",5.6,"Mw",-1.5,-77.6,201,FALSE,0
275,1965,12,25,7,21,53,"1965-12-25 07:21:53",4.5,"Mw",-1.9,-81.5,44,TRUE,0
276,1965,12,28,22,4,54,"1965-12-28 22:04:54",5.4,"Mw",-3.17,-77.13,17.9,TRUE,1
277,1965,12,29,4,8,25,"1965-12-29 04:08:25",4.6,"Mw",-3.17,-77.27,35,FALSE,0
278,1966,1,12,8,2,9,"1966-01-12 08:02:09",4.6,"Mw",-2.28,-77.06,155.5,TRUE,0
279,1966,1,18,10,25,58,"1966-01-18 10:25:58",4.3,"Mw",-3.52,-80.91,56,TRUE,0
280,1966,1,20,21,31,24,"1966-01-20 21:31:24",4.2,"Mw",-0.6,-79.8,53,TRUE,0
281,1966,1,28,21,25,22,"1966-01-28 21:25:22",4.5,"Mw",-3.5,-81.3,33,TRUE,0
282,1966,1,31,13,54,24,"1966-01-31 13:54:24",4.3,"Mw",-1.64,-78.03,163.9,FALSE,0
283,1966,2,9,20,30,24,"1966-02-09 20:30:24",4,"Mw",-1.65,-77.87,172,FALSE,0
284,1966,2,20,10,51,24,"1966-02-20 10:51:24",4.2,"Mw",-1.13,-80.3,133,TRUE,1
285,1966,2,26,15,37,18,"1966-02-26 15:37:18",4.1,"Mw",-3.48,-77.6,33,TRUE,0
286,1966,3,4,10,25,4,"1966-03-04 10:25:04",4.1,"Mw",-1.23,-80.1,33,FALSE,0
287,1966,3,21,14,28,21,"1966-03-21 14:28:21",4.3,"Mw",3.6,-83.71,120,TRUE,0
288,1966,3,23,6,10,18,"1966-03-23 06:10:18",4,"Mw",-6.5,-78.9,111,TRUE,0
289,1966,3,28,15,29,23,"1966-03-28 15:29:23",5.3,"Mw",-3.98,-80.83,43.1,TRUE,3
290,1966,3,28,17,42,47,"1966-03-28 17:42:47",5.3,"Mw",-3.98,-80.75,36.9,TRUE,0
291,1966,3,28,18,20,17,"1966-03-28 18:20:17",4.1,"Mw",-3.9,-80.4,72,FALSE,0
292,1966,3,28,18,56,25,"1966-03-28 18:56:25",4.2,"Mw",-3.9,-80.4,65,FALSE,0
293,1966,3,28,20,29,34,"1966-03-28 20:29:34",4.5,"Mw",-4.11,-80.89,30,FALSE,0
294,1966,4,6,12,24,48,"1966-04-06 12:24:48",4.6,"Mw",-3.75,-81.78,5,TRUE,0
295,1966,4,15,10,14,58,"1966-04-15 10:14:58",4.1,"Mw",-2.87,-80.3,37,TRUE,0
296,1966,5,1,8,4,23,"1966-05-01 08:04:23",4.4,"Mw",-6.69,-75.76,48,TRUE,0
297,1966,5,6,9,47,10,"1966-05-06 09:47:10",4.1,"Mw",3.7,-78,70,TRUE,0
298,1966,5,7,6,48,40,"1966-05-07 06:48:40",4.4,"Mw",-5.21,-76.1,101,TRUE,0
299,1966,5,15,20,16,4,"1966-05-15 20:16:04",4.1,"Mw",-1.55,-78.02,194,FALSE,0
300,1966,5,24,20,50,59,"1966-05-24 20:50:59",4.1,"Mw",-2.29,-78.1,1,TRUE,0
301,1966,6,5,0,53,0,"1966-06-05 00:53:00",4.3,"Mw",-6.3,-81.5,33,TRUE,0
302,1966,6,16,12,27,52,"1966-06-16 12:27:52",4.1,"Mw",-1.55,-80.5,51,TRUE,0
303,1966,6,21,12,51,23,"1966-06-21 12:51:23",4.4,"Mw",-4.23,-77,101,TRUE,0
304,1966,6,30,10,49,54,"1966-06-30 10:49:54",4.4,"Mw",-6.74,-76.8,29,TRUE,0
305,1966,7,13,8,32,49,"1966-07-13 08:32:49",4,"Mw",-2.22,-77.3,142,TRUE,0
306,1966,7,22,19,47,42,"1966-07-22 19:47:42",4.8,"Mw",-6.23,-80.96,60,TRUE,0
307,1966,8,1,9,48,3,"1966-08-01 09:48:03",4.7,"Mw",-1.16,-78.6,74,TRUE,0
308,1966,8,20,7,43,28,"1966-08-20 07:43:28",5.5,"Mw",-3.17,-77.2,113.3,TRUE,0
309,1966,8,21,9,39,22,"1966-08-21 09:39:22",4.2,"Mw",-4.05,-78.9,138,TRUE,0
310,1966,8,24,20,10,9,"1966-08-24 20:10:09",4.4,"Mw",-1.49,-77.43,198.8,FALSE,0
311,1966,9,3,22,42,16,"1966-09-03 22:42:16",4,"Mw",-3.6,-78.1,135,TRUE,0
312,1966,9,6,21,4,37,"1966-09-06 21:04:37",4.1,"Mw",-4.83,-76.57,179,TRUE,0
313,1966,9,10,16,13,50,"1966-09-10 16:13:50",4.3,"Mw",-0.2,-80.9,63,TRUE,0
314,1966,9,10,20,8,0,"1966-09-10 20:08:00",4.3,"Mw",-5.3,-78.7,72,TRUE,0
315,1966,9,17,12,55,23,"1966-09-17 12:55:23",4.3,"Mw",-5.04,-77.53,82,TRUE,0
316,1966,10,10,15,28,46,"1966-10-10 15:28:46",4,"Mw",-1.64,-79,57,TRUE,0
317,1966,10,12,18,27,50,"1966-10-12 18:27:50",4.4,"Mw",-4.7,-80.91,52,TRUE,0
318,1966,10,18,18,43,36,"1966-10-18 18:43:36",4.9,"Mw",3.63,-74.31,38.6,TRUE,0
319,1966,10,19,14,28,27,"1966-10-19 14:28:27",4.6,"Mw",2.8,-78.83,18.5,TRUE,0
320,1966,10,21,9,22,1,"1966-10-21 09:22:01",4.2,"Mw",3.74,-79.14,67,TRUE,0
321,1966,11,4,8,55,51,"1966-11-04 08:55:51",4.7,"Mw",-4.39,-77.85,61,TRUE,1
322,1966,11,4,9,14,59,"1966-11-04 09:14:59",4.6,"Mw",-4.48,-77.83,78,FALSE,0
323,1966,11,11,20,17,46,"1966-11-11 20:17:46",4.3,"Mw",-1.15,-79.2,119,TRUE,0
324,1966,11,25,4,49,9,"1966-11-25 04:49:09",4.4,"Mw",1.69,-79.42,74,TRUE,0
325,1966,11,28,1,36,17,"1966-11-28 01:36:17",4.3,"Mw",0.61,-77.33,127,TRUE,0
326,1966,12,3,17,4,59,"1966-12-03 17:04:59",4.6,"Mw",2.18,-83.3,42,TRUE,0
327,1966,12,6,10,0,38,"1966-12-06 10:00:38",4.4,"Mw",0.4,-76.3,104,TRUE,0
328,1966,12,7,18,23,11,"1966-12-07 18:23:11",4.3,"Mw",-1.62,-80.2,98,TRUE,0
329,1966,12,8,11,34,30,"1966-12-08 11:34:30",4.4,"Mw",-1.58,-80.6,98,TRUE,0
330,1966,12,17,9,20,30,"1966-12-17 09:20:30",4,"Mw",3.6,-77.5,33,TRUE,0
331,1966,12,21,11,37,27,"1966-12-21 11:37:27",4.1,"Mw",-1.9,-77,33,TRUE,0
332,1966,12,25,12,26,12,"1966-12-25 12:26:12",4.8,"Mw",0.61,-83.48,44,TRUE,0
333,1967,1,3,4,55,57,"1967-01-03 04:55:57",4.2,"Mw",-1.26,-77.68,193,TRUE,0
334,1967,1,29,18,27,44,"1967-01-29 18:27:44",4.2,"Mw",-4.57,-78,67,TRUE,0
335,1967,2,5,3,20,44,"1967-02-05 03:20:44",4.2,"Mw",-5.2,-80.7,48,TRUE,0
336,1967,2,9,15,24,47,"1967-02-09 15:24:47",7,"Mw",2.84,-74.79,55,TRUE,19
337,1967,2,9,16,44,13,"1967-02-09 16:44:13",4.2,"Mw",2.87,-74.5,113,FALSE,0
338,1967,2,9,17,15,40,"1967-02-09 17:15:40",4.2,"Mw",3,-74.9,31,FALSE,0
339,1967,2,9,19,25,22,"1967-02-09 19:25:22",4.3,"Mw",3.27,-74.67,106,FALSE,0
340,1967,2,9,21,15,21,"1967-02-09 21:15:21",4.3,"Mw",2.84,-74.9,4,FALSE,0
341,1967,2,10,0,39,40,"1967-02-10 00:39:40",4.1,"Mw",3.02,-74.2,109,FALSE,0
342,1967,2,10,6,39,12,"1967-02-10 06:39:12",4,"Mw",2.93,-74.39,132,FALSE,0
343,1967,2,11,8,55,43,"1967-02-11 08:55:43",4.3,"Mw",3.3,-74.7,127,FALSE,0
344,1967,2,12,13,55,8,"1967-02-12 13:55:08",4.3,"Mw",3.2,-74.7,83,FALSE,0
345,1967,2,13,10,25,44,"1967-02-13 10:25:44",5.3,"Mw",-5.14,-75.37,46,TRUE,0
346,1967,2,16,23,49,8,"1967-02-16 23:49:08",4.2,"Mw",3.43,-75.83,196,TRUE,0
347,1967,2,20,11,0,8,"1967-02-20 11:00:08",4.4,"Mw",3.38,-77.54,85,TRUE,0
348,1967,2,22,20,27,43,"1967-02-22 20:27:43",4.3,"Mw",3.26,-74.62,102,FALSE,0
349,1967,2,24,7,31,50,"1967-02-24 07:31:50",4.3,"Mw",2.4,-76.2,107,TRUE,1
350,1967,2,25,17,6,34,"1967-02-25 17:06:34",4.1,"Mw",2.5,-76.2,118,FALSE,0
351,1967,2,27,2,6,41,"1967-02-27 02:06:41",4.9,"Mw",2.94,-74.82,38.1,FALSE,0
352,1967,3,2,2,47,33,"1967-03-02 02:47:33",5.8,"Mw",-0.18,-78.58,119.4,TRUE,0
353,1967,3,7,15,30,27,"1967-03-07 15:30:27",4,"Mw",-1.48,-78.03,169,TRUE,0
354,1967,3,13,0,59,5,"1967-03-13 00:59:05",4.3,"Mw",2.93,-74.61,91,FALSE,0
355,1967,3,16,9,26,23,"1967-03-16 09:26:23",4.2,"Mw",3.77,-74.84,100,TRUE,0
356,1967,3,24,6,15,44,"1967-03-24 06:15:44",4.3,"Mw",2.91,-74.9,53,FALSE,0
357,1967,3,24,15,38,50,"1967-03-24 15:38:50",4.9,"Mw",-6.63,-74.97,138.6,TRUE,0
358,1967,3,26,16,30,32,"1967-03-26 16:30:32",4.4,"Mw",3.04,-77.69,87,TRUE,0
359,1967,3,28,4,51,35,"1967-03-28 04:51:35",4.4,"Mw",-5.02,-80.91,88,TRUE,0
360,1967,3,31,8,24,2,"1967-03-31 08:24:02",4,"Mw",-2.44,-76.3,171,TRUE,0
361,1967,4,2,3,3,16,"1967-04-02 03:03:16",4.1,"Mw",2.9,-74.51,104,FALSE,0
362,1967,4,13,5,30,6,"1967-04-13 05:30:06",4.8,"Mw",-6.15,-76.65,42.2,TRUE,0
363,1967,4,18,9,48,49,"1967-04-18 09:48:49",4.4,"Mw",-1.28,-80.96,43,TRUE,0
364,1967,4,18,16,58,13,"1967-04-18 16:58:13",4,"Mw",3.1,-74,156,FALSE,0
365,1967,4,19,6,26,57,"1967-04-19 06:26:57",4.5,"Mw",-1.09,-80.93,39,TRUE,0
366,1967,4,22,19,29,36,"1967-04-22 19:29:36",4.3,"Mw",-5.71,-79.4,67,TRUE,0
367,1967,4,24,14,54,36,"1967-04-24 14:54:36",4.3,"Mw",-6.5,-80.4,125,TRUE,0
368,1967,4,28,17,45,17,"1967-04-28 17:45:17",4.2,"Mw",-2.88,-79.5,82,TRUE,0
369,1967,4,29,2,20,58,"1967-04-29 02:20:58",4.4,"Mw",-5.4,-75.9,33,TRUE,0
370,1967,4,29,2,21,17,"1967-04-29 02:21:17",4.4,"Mw",-3.99,-76.14,124,TRUE,0
371,1967,5,10,19,2,36,"1967-05-10 19:02:36",4,"Mw",-3.86,-79.9,33,TRUE,0
372,1967,5,18,7,48,54,"1967-05-18 07:48:54",4.4,"Mw",-0.86,-78.61,20.7,TRUE,0
373,1967,5,19,21,39,54,"1967-05-19 21:39:54",4.3,"Mw",2.93,-74.3,36,FALSE,0
374,1967,6,7,11,39,53,"1967-06-07 11:39:53",4.5,"Mw",-0.98,-78.55,46.6,TRUE,0
375,1967,6,18,13,10,54,"1967-06-18 13:10:54",4.4,"Mw",-3.92,-81.01,40.3,TRUE,0
376,1967,6,21,6,49,53,"1967-06-21 06:49:53",5.4,"Mw",-2.27,-77.74,7.8,TRUE,5
377,1967,6,22,12,6,24,"1967-06-22 12:06:24",4.1,"Mw",-2.4,-78.2,71,TRUE,0
378,1967,6,22,13,49,48,"1967-06-22 13:49:48",4.9,"Mw",-2.38,-77.62,30,FALSE,0
379,1967,6,22,20,53,59,"1967-06-22 20:53:59",4.2,"Mw",-2.33,-77.8,36,FALSE,0
380,1967,6,23,17,24,47,"1967-06-23 17:24:47",4,"Mw",-2.34,-77.72,25,FALSE,0
381,1967,6,24,7,16,38,"1967-06-24 07:16:38",4,"Mw",-2.23,-79.9,85,TRUE,0
382,1967,6,25,5,56,54,"1967-06-25 05:56:54",4,"Mw",-2.3,-77.7,52,FALSE,0
383,1967,6,26,23,9,15,"1967-06-26 23:09:15",4.1,"Mw",3.1,-83,33,TRUE,0
384,1967,7,13,21,1,37,"1967-07-13 21:01:37",4.4,"Mw",-1.49,-77.35,216,TRUE,0
385,1967,7,14,10,8,43,"1967-07-14 10:08:43",4.6,"Mw",-6.31,-77.34,110,TRUE,0
386,1967,7,20,8,40,20,"1967-07-20 08:40:20",4,"Mw",3.4,-84,33,TRUE,0
387,1967,7,24,4,35,49,"1967-07-24 04:35:49",4,"Mw",-2.24,-77.5,15,FALSE,0
388,1967,7,29,9,48,29,"1967-07-29 09:48:29",4.1,"Mw",-1.04,-78.6,3,TRUE,0
389,1967,7,31,5,50,47,"1967-07-31 05:50:47",4.4,"Mw",3.2,-84,33,TRUE,0
390,1967,8,3,8,28,48,"1967-08-03 08:28:48",4.3,"Mw",2.57,-74.5,35,FALSE,0
391,1967,8,12,1,32,3,"1967-08-12 01:32:03",4.2,"Mw",1.39,-82.6,87,TRUE,0
392,1967,8,18,19,5,9,"1967-08-18 19:05:09",4.3,"Mw",-4.98,-81.4,66,TRUE,0
393,1967,8,23,9,21,0,"1967-08-23 09:21:00",5,"Mw",-4.36,-81.57,29.4,TRUE,0
394,1967,9,11,0,35,36,"1967-09-11 00:35:36",4.5,"Mw",3.44,-82.77,41,TRUE,0
395,1967,10,1,12,22,48,"1967-10-01 12:22:48",4.5,"Mw",-2.33,-79.92,91,TRUE,0
396,1967,10,6,8,20,59,"1967-10-06 08:20:59",4.1,"Mw",-4,-75,33,TRUE,0
397,1967,10,6,14,45,20,"1967-10-06 14:45:20",4,"Mw",-1.49,-77.99,177,TRUE,0
398,1967,10,14,1,7,15,"1967-10-14 01:07:15",4.1,"Mw",-1.11,-80.4,82,TRUE,0
399,1967,10,15,21,11,17,"1967-10-15 21:11:17",4.4,"Mw",-3.57,-78.3,46,TRUE,0
400,1967,10,20,4,39,12,"1967-10-20 04:39:12",4,"Mw",-5.1,-75.2,116,TRUE,0
401,1967,10,22,6,39,5,"1967-10-22 06:39:05",4,"Mw",-0.72,-78.7,33,TRUE,0
402,1967,10,24,15,17,51,"1967-10-24 15:17:51",5,"Mw",-2.45,-78.99,90.2,TRUE,1
403,1967,10,30,2,52,6,"1967-10-30 02:52:06",4.5,"Mw",-0.59,-78.54,33,TRUE,0
404,1967,11,4,16,26,49,"1967-11-04 16:26:49",5.8,"Mw",-2.75,-77.67,94.4,TRUE,1
405,1967,11,5,14,23,54,"1967-11-05 14:23:54",4.9,"Mw",3.09,-74.84,25.2,FALSE,0
406,1967,11,15,18,37,32,"1967-11-15 18:37:32",4.7,"Mw",-1.97,-81,30.1,TRUE,0
407,1967,11,19,6,58,54,"1967-11-19 06:58:54",4.3,"Mw",-1.11,-78.37,6,TRUE,0
408,1967,12,4,4,9,27,"1967-12-04 04:09:27",4.3,"Mw",2.7,-83.8,114,TRUE,0
409,1967,12,11,14,16,8,"1967-12-11 14:16:08",4.6,"Mw",-5.57,-77.74,137,TRUE,0
410,1967,12,16,3,19,14,"1967-12-16 03:19:14",5.2,"Mw",-2.87,-77.15,112,TRUE,1
411,1967,12,23,22,57,44,"1967-12-23 22:57:44",4.5,"Mw",-6.57,-78.39,43,TRUE,0
412,1968,1,1,2,41,25,"1968-01-01 02:41:25",4.4,"Mw",2.36,-79.69,35,TRUE,0
413,1968,1,4,8,9,23,"1968-01-04 08:09:23",4,"Mw",2.6,-74.5,78,FALSE,0
414,1968,1,15,8,18,11,"1968-01-15 08:18:11",4.1,"Mw",-2.25,-78.67,122,FALSE,0
415,1968,1,28,1,50,48,"1968-01-28 01:50:48",4.7,"Mw",3.08,-75.02,66,FALSE,0
416,1968,3,3,8,26,0,"1968-03-03 08:26:00",4.7,"Mw",3.5,-84,74,TRUE,0
417,1968,3,3,16,16,30,"1968-03-03 16:16:30",4.3,"Mw",-2.52,-76.88,162,FALSE,0
418,1968,3,8,4,8,37,"1968-03-08 04:08:37",4.1,"Mw",-2.08,-76.94,176,TRUE,0
419,1968,3,8,8,23,0,"1968-03-08 08:23:00",4.2,"Mw",-4.1,-78.2,84,TRUE,0
420,1968,3,21,21,24,49,"1968-03-21 21:24:49",4.3,"Mw",-1.13,-78.9,32,TRUE,0
421,1968,3,29,9,29,34,"1968-03-29 09:29:34",4.2,"Mw",3.6,-82.1,33,TRUE,0
422,1968,4,4,2,46,16,"1968-04-04 02:46:16",4.1,"Mw",-2.52,-78.99,100,TRUE,0
423,1968,4,7,23,49,5,"1968-04-07 23:49:05",4.8,"Mw",-4.89,-77.98,53.3,TRUE,0
424,1968,4,15,7,37,21,"1968-04-15 07:37:21",4,"Mw",2.8,-80.5,33,TRUE,0
425,1968,4,15,7,47,40,"1968-04-15 07:47:40",5.2,"Mw",-5.86,-80.99,27.5,TRUE,0
426,1968,4,17,6,54,19,"1968-04-17 06:54:19",4.9,"Mw",-5.57,-77.16,20.5,TRUE,0
427,1968,4,19,18,18,13,"1968-04-19 18:18:13",4.1,"Mw",1,-78,33,TRUE,0
428,1968,4,23,13,48,43,"1968-04-23 13:48:43",4.4,"Mw",-1.01,-80.4,78,TRUE,1
429,1968,4,24,2,54,20,"1968-04-24 02:54:20",4.3,"Mw",-1.03,-80.32,59,FALSE,0
430,1968,4,29,22,26,54,"1968-04-29 22:26:54",4.8,"Mw",-2.54,-77.28,115.3,FALSE,0
431,1968,5,9,12,52,24,"1968-05-09 12:52:24",5.6,"Mw",-5.37,-81.85,19.7,TRUE,2
432,1968,5,9,13,35,52,"1968-05-09 13:35:52",4,"Mw",-5.2,-82,33,FALSE,0
433,1968,5,14,16,33,30,"1968-05-14 16:33:30",4,"Mw",0.7,-81,33,TRUE,0
434,1968,5,16,8,25,10,"1968-05-16 08:25:10",5.3,"Mw",-3.78,-76.57,115.8,TRUE,0
435,1968,5,22,9,35,30,"1968-05-22 09:35:30",4.2,"Mw",-5.5,-81.6,77,FALSE,0
436,1968,5,27,21,32,4,"1968-05-27 21:32:04",4.2,"Mw",0.31,-80.88,18,TRUE,1
437,1968,5,27,22,49,20,"1968-05-27 22:49:20",4.1,"Mw",0.26,-80.99,12,FALSE,0
438,1968,5,29,13,24,0,"1968-05-29 13:24:00",4.1,"Mw",4,-82.4,67,TRUE,0
439,1968,5,29,14,18,30,"1968-05-29 14:18:30",4.3,"Mw",3.7,-82.8,11,TRUE,0
440,1968,5,29,21,36,11,"1968-05-29 21:36:11",4.5,"Mw",3.3,-83.6,27,TRUE,0
441,1968,6,5,13,42,19,"1968-06-05 13:42:19",4.1,"Mw",0.9,-80.4,33,TRUE,0
442,1968,6,12,17,33,8,"1968-06-12 17:33:08",4.2,"Mw",-6.34,-76.47,112,TRUE,1
443,1968,6,17,3,8,22,"1968-06-17 03:08:22",4.2,"Mw",-2.9,-79.2,105,TRUE,0
444,1968,6,19,8,13,34,"1968-06-19 08:13:34",6.9,"Mw",-5.55,-77.15,15.6,TRUE,78
445,1968,6,19,8,36,26,"1968-06-19 08:36:26",4.7,"Mw",-5.3,-77.13,33,FALSE,0
446,1968,6,19,8,38,13,"1968-06-19 08:38:13",4.4,"Mw",-3.4,-77.3,405,TRUE,0
447,1968,6,19,9,1,24,"1968-06-19 09:01:24",4.3,"Mw",-4.6,-78.7,128,TRUE,0
448,1968,6,19,9,1,24,"1968-06-19 09:01:24",4.3,"Mw",-5.9,-77.2,147,FALSE,0
449,1968,6,19,9,4,59,"1968-06-19 09:04:59",4.3,"Mw",-5.4,-76.86,255,FALSE,0
450,1968,6,19,9,5,48,"1968-06-19 09:05:48",5.3,"Mw",-5.37,-77.26,26,FALSE,0
451,1968,6,19,9,11,21,"1968-06-19 09:11:21",4.4,"Mw",-4.1,-77.4,278,TRUE,0
452,1968,6,19,9,17,20,"1968-06-19 09:17:20",4.6,"Mw",-5.75,-77,91,FALSE,0
453,1968,6,19,9,27,11,"1968-06-19 09:27:11",4.2,"Mw",-5.5,-77,33,FALSE,0
454,1968,6,19,9,28,1,"1968-06-19 09:28:01",4.6,"Mw",-5.64,-77.18,38,FALSE,0
455,1968,6,19,9,35,20,"1968-06-19 09:35:20",4,"Mw",-5.14,-77.13,33,FALSE,0
456,1968,6,19,10,18,46,"1968-06-19 10:18:46",4.9,"Mw",-5.67,-77.21,23.7,FALSE,0
457,1968,6,19,10,57,25,"1968-06-19 10:57:25",4.8,"Mw",-5.55,-77.23,23.3,FALSE,0
458,1968,6,19,11,0,6,"1968-06-19 11:00:06",4.5,"Mw",-5.3,-77.12,33,FALSE,0
459,1968,6,19,12,42,20,"1968-06-19 12:42:20",4.5,"Mw",-5.66,-77,49,FALSE,0
460,1968,6,19,12,46,21,"1968-06-19 12:46:21",4.4,"Mw",-5.93,-77.2,130,FALSE,0
461,1968,6,19,14,20,17,"1968-06-19 14:20:17",4.2,"Mw",-5.55,-76.97,33,FALSE,0
462,1968,6,19,16,54,36,"1968-06-19 16:54:36",4.8,"Mw",-5.82,-77.4,92,FALSE,0
463,1968,6,19,17,6,10,"1968-06-19 17:06:10",4.2,"Mw",-5.7,-77.9,33,TRUE,0
464,1968,6,19,17,7,44,"1968-06-19 17:07:44",5,"Mw",-5.64,-77.35,24.8,FALSE,0
465,1968,6,19,21,19,11,"1968-06-19 21:19:11",4.5,"Mw",-5.66,-77.1,33,FALSE,0
466,1968,6,19,23,38,59,"1968-06-19 23:38:59",5.1,"Mw",-5.62,-77.31,21.9,FALSE,0
467,1968,6,20,0,11,26,"1968-06-20 00:11:26",4.4,"Mw",-5.83,-77.31,118,FALSE,0
468,1968,6,20,0,28,13,"1968-06-20 00:28:13",4.2,"Mw",-5.42,-77.13,16,FALSE,0
469,1968,6,20,0,47,47,"1968-06-20 00:47:47",4.2,"Mw",-5.52,-77.01,33,FALSE,0
470,1968,6,20,2,38,38,"1968-06-20 02:38:38",5.7,"Mw",-5.51,-77.25,21.6,FALSE,0
471,1968,6,20,5,44,55,"1968-06-20 05:44:55",4,"Mw",-6.01,-77.5,154,FALSE,0
472,1968,6,20,8,11,11,"1968-06-20 08:11:11",5.2,"Mw",-5.65,-77.24,21.9,FALSE,0
473,1968,6,20,15,51,56,"1968-06-20 15:51:56",4.7,"Mw",-5.65,-77.26,14.8,FALSE,0
474,1968,6,21,0,26,9,"1968-06-21 00:26:09",5.6,"Mw",-5.64,-77.21,22.8,FALSE,0
475,1968,6,21,2,19,7,"1968-06-21 02:19:07",4.2,"Mw",-5.9,-77.4,115,FALSE,0
476,1968,6,21,7,24,21,"1968-06-21 07:24:21",4.7,"Mw",-5.57,-77.27,73,FALSE,0
477,1968,6,21,7,31,19,"1968-06-21 07:31:19",4.8,"Mw",-5.46,-77.39,31.2,FALSE,0
478,1968,6,21,12,28,57,"1968-06-21 12:28:57",4.3,"Mw",-5.49,-77,44,FALSE,0
479,1968,6,21,12,51,41,"1968-06-21 12:51:41",4.4,"Mw",-5.39,-76.9,33,FALSE,0
480,1968,6,22,4,2,23,"1968-06-22 04:02:23",4.5,"Mw",-5.74,-76.84,65,FALSE,0
481,1968,6,22,4,24,47,"1968-06-22 04:24:47",4.5,"Mw",-5.62,-76.94,56,FALSE,0
482,1968,6,22,9,16,50,"1968-06-22 09:16:50",4.6,"Mw",-5.54,-77.03,25.3,FALSE,0
483,1968,6,22,11,59,13,"1968-06-22 11:59:13",4.2,"Mw",-5.4,-76.6,33,FALSE,0
484,1968,6,22,18,34,7,"1968-06-22 18:34:07",4.5,"Mw",-5.51,-76.95,36,FALSE,0
485,1968,6,22,20,16,54,"1968-06-22 20:16:54",4.3,"Mw",-5.6,-77.28,33,FALSE,0
486,1968,6,23,19,9,50,"1968-06-23 19:09:50",4.2,"Mw",-5.8,-78.2,33,TRUE,0
487,1968,6,24,2,59,37,"1968-06-24 02:59:37",4.3,"Mw",-5.69,-77.2,64,FALSE,0
488,1968,6,24,10,58,59,"1968-06-24 10:58:59",4.1,"Mw",-5.49,-77.09,23,FALSE,0
489,1968,6,24,14,3,54,"1968-06-24 14:03:54",4.3,"Mw",-5.96,-76.7,132,FALSE,0
490,1968,6,25,10,3,57,"1968-06-25 10:03:57",4.2,"Mw",-5.56,-76.84,120,FALSE,0
491,1968,6,26,4,53,46,"1968-06-26 04:53:46",4.8,"Mw",-5.72,-77.29,22.7,FALSE,0
492,1968,6,26,6,33,55,"1968-06-26 06:33:55",4.3,"Mw",-6.24,-78,98,TRUE,0
493,1968,6,26,6,46,41,"1968-06-26 06:46:41",4.1,"Mw",-6.2,-76.7,153,FALSE,0
494,1968,6,26,16,34,15,"1968-06-26 16:34:15",5,"Mw",-5.59,-77.21,42,FALSE,0
495,1968,6,26,20,51,11,"1968-06-26 20:51:11",4.5,"Mw",-5.57,-77.17,48,FALSE,0
496,1968,6,27,7,10,40,"1968-06-27 07:10:40",4.3,"Mw",-5.78,-76.9,98,FALSE,0
497,1968,6,27,9,35,40,"1968-06-27 09:35:40",4,"Mw",-5.76,-76.6,67,FALSE,0
498,1968,6,27,10,27,4,"1968-06-27 10:27:04",4.3,"Mw",-5.96,-77.8,114,TRUE,0
499,1968,6,29,18,43,34,"1968-06-29 18:43:34",4.2,"Mw",-6.06,-77.3,134,FALSE,0
500,1968,6,30,2,9,48,"1968-06-30 02:09:48",4.2,"Mw",-5.39,-77.1,30,FALSE,0
501,1968,7,1,11,8,22,"1968-07-01 11:08:22",4.8,"Mw",-5.66,-77.2,40,FALSE,0
502,1968,7,3,15,24,0,"1968-07-03 15:24:00",4.1,"Mw",-5.82,-76.92,111,FALSE,0
503,1968,7,5,6,45,44,"1968-07-05 06:45:44",4.3,"Mw",-5.5,-77.34,59,FALSE,0
504,1968,7,7,12,35,54,"1968-07-07 12:35:54",4.3,"Mw",-5.72,-76.98,90,FALSE,0
505,1968,7,7,23,48,10,"1968-07-07 23:48:10",5.4,"Mw",-5.71,-77.18,30.3,FALSE,0
506,1968,7,8,8,45,48,"1968-07-08 08:45:48",4.7,"Mw",-5.69,-77.01,29.7,FALSE,0
507,1968,7,8,11,34,14,"1968-07-08 11:34:14",4.5,"Mw",2.31,-75.9,33,TRUE,0
508,1968,7,9,5,13,45,"1968-07-09 05:13:45",4,"Mw",-2.4,-76.78,163,TRUE,0
509,1968,7,14,10,1,12,"1968-07-14 10:01:12",4.4,"Mw",-5.37,-77.19,43,FALSE,0
510,1968,7,14,15,19,0,"1968-07-14 15:19:00",4.2,"Mw",-5.45,-76.89,39,FALSE,0
511,1968,7,16,12,30,0,"1968-07-16 12:30:00",4.5,"Mw",-5.79,-77.09,77,FALSE,0
512,1968,7,16,13,18,44,"1968-07-16 13:18:44",5,"Mw",-5.73,-77.35,23.4,FALSE,0
513,1968,7,16,14,1,54,"1968-07-16 14:01:54",4.4,"Mw",-5.77,-76.9,65,FALSE,0
514,1968,7,17,8,19,17,"1968-07-17 08:19:17",4.1,"Mw",1.21,-83.11,33,TRUE,0
515,1968,7,23,7,14,49,"1968-07-23 07:14:49",4,"Mw",-5.81,-76.97,120,FALSE,0
516,1968,7,24,22,31,35,"1968-07-24 22:31:35",4.8,"Mw",-2.55,-77.72,25.6,TRUE,0
517,1968,7,27,22,6,8,"1968-07-27 22:06:08",4.1,"Mw",-5.55,-76.76,131,FALSE,0
518,1968,7,28,18,36,12,"1968-07-28 18:36:12",5,"Mw",-5.66,-77.17,49,FALSE,0
519,1968,7,30,20,38,42,"1968-07-30 20:38:42",6.4,"Mw",-6.93,-80.41,29.7,TRUE,0
520,1968,8,2,7,33,2,"1968-08-02 07:33:02",4,"Mw",-1.1,-78.8,41,TRUE,0
521,1968,8,2,10,9,33,"1968-08-02 10:09:33",4.3,"Mw",-5.84,-77.6,93,FALSE,0
522,1968,8,24,6,40,49,"1968-08-24 06:40:49",4.4,"Mw",-5.73,-77.09,96,FALSE,0
523,1968,8,27,11,19,17,"1968-08-27 11:19:17",4.9,"Mw",-5.81,-77.33,36.4,FALSE,0
524,1968,9,2,23,1,52,"1968-09-02 23:01:52",4.3,"Mw",-6.12,-77.8,90,TRUE,0
525,1968,9,6,7,49,41,"1968-09-06 07:49:41",5.3,"Mw",-5.79,-80.32,45,TRUE,0
526,1968,9,7,17,41,55,"1968-09-07 17:41:55",5,"Mw",-5.52,-77.2,25.4,FALSE,0
527,1968,9,9,19,57,38,"1968-09-09 19:57:38",4.5,"Mw",-2.93,-80.88,47,TRUE,0
528,1968,9,22,9,6,27,"1968-09-22 09:06:27",4.2,"Mw",-0.39,-81.3,54,TRUE,0
529,1968,9,22,15,42,23,"1968-09-22 15:42:23",4,"Mw",-0.71,-81.7,33,TRUE,0
530,1968,10,12,7,54,39,"1968-10-12 07:54:39",4.4,"Mw",-1.5,-77.63,181.4,TRUE,0
531,1968,10,18,19,59,25,"1968-10-18 19:59:25",4.6,"Mw",-4.13,-80.8,83.3,TRUE,0
532,1968,11,7,2,44,38,"1968-11-07 02:44:38",4.2,"Mw",-5.82,-77.3,102,FALSE,0
533,1968,11,7,18,17,15,"1968-11-07 18:17:15",4.8,"Mw",-4.18,-80.59,43.3,TRUE,0
534,1968,11,9,23,23,35,"1968-11-09 23:23:35",4.5,"Mw",-1.16,-77.49,209,TRUE,0
535,1968,11,19,7,18,56,"1968-11-19 07:18:56",4.7,"Mw",-5.28,-77.14,21,FALSE,0
536,1968,11,29,9,31,5,"1968-11-29 09:31:05",4,"Mw",-5.72,-77,115,FALSE,0
537,1968,11,30,9,47,2,"1968-11-30 09:47:02",4.4,"Mw",-2.73,-76.73,148,TRUE,0
538,1968,12,1,3,44,18,"1968-12-01 03:44:18",4.1,"Mw",2.87,-79.4,23,TRUE,0
539,1968,12,1,4,8,23,"1968-12-01 04:08:23",4,"Mw",-3.6,-79.5,142,TRUE,0
540,1968,12,4,13,23,9,"1968-12-04 13:23:09",4.1,"Mw",3.9,-75.9,96,TRUE,0
541,1968,12,4,15,41,38,"1968-12-04 15:41:38",4.2,"Mw",-1.2,-78.4,30,TRUE,0
542,1968,12,5,19,13,25,"1968-12-05 19:13:25",4.2,"Mw",2.3,-83.7,33,TRUE,0
543,1968,12,10,0,58,59,"1968-12-10 00:58:59",4.4,"Mw",-5.77,-77.52,87,FALSE,0
544,1968,12,10,6,6,59,"1968-12-10 06:06:59",4.8,"Mw",2.53,-83.51,34.4,TRUE,0
545,1968,12,23,13,0,35,"1968-12-23 13:00:35",4.3,"Mw",0.19,-78.2,55,TRUE,0
546,1969,1,1,8,4,34,"1969-01-01 08:04:34",4.3,"Mw",-6.09,-77.2,100,FALSE,0
547,1969,1,4,5,38,4,"1969-01-04 05:38:04",4.1,"Mw",-6.14,-77.8,14,TRUE,0
548,1969,1,15,8,19,58,"1969-01-15 08:19:58",4.1,"Mw",-6.3,-78.8,153,TRUE,0
549,1969,1,30,12,57,29,"1969-01-30 12:57:29",4.4,"Mw",-6.39,-81.3,91,TRUE,0
550,1969,2,3,21,37,31,"1969-02-03 21:37:31",4.9,"Mw",-5.72,-77.18,18,FALSE,0
551,1969,2,6,14,36,48,"1969-02-06 14:36:48",4.2,"Mw",-5.8,-77.5,126,FALSE,0
552,1969,2,22,1,19,23,"1969-02-22 01:19:23",4.4,"Mw",-2.54,-76.4,144.5,TRUE,0
553,1969,2,23,15,56,13,"1969-02-23 15:56:13",4.6,"Mw",-6.7,-74.48,33,TRUE,0
554,1969,3,2,12,44,12,"1969-03-02 12:44:12",4.2,"Mw",3.75,-75.51,213,TRUE,0
555,1969,3,4,0,11,39,"1969-03-04 00:11:39",4.7,"Mw",-6.27,-76.85,188,TRUE,0
556,1969,3,4,19,7,11,"1969-03-04 19:07:11",4.1,"Mw",-6.4,-79.6,33,TRUE,0
557,1969,3,5,23,18,0,"1969-03-05 23:18:00",4.6,"Mw",-6.59,-76.2,43,TRUE,0
558,1969,3,8,13,37,6,"1969-03-08 13:37:06",4.6,"Mw",-5.45,-76.95,51,FALSE,0
559,1969,3,18,22,7,47,"1969-03-18 22:07:47",4.4,"Mw",2.92,-74.6,99,TRUE,0
560,1969,3,21,23,34,39,"1969-03-21 23:34:39",4.7,"Mw",-5.47,-77,30,FALSE,0
561,1969,3,30,5,5,38,"1969-03-30 05:05:38",4.6,"Mw",-4.3,-80.71,68,TRUE,0
562,1969,3,30,20,14,6,"1969-03-30 20:14:06",4.8,"Mw",-1.97,-77.22,173,TRUE,0
563,1969,4,2,3,7,18,"1969-04-02 03:07:18",4,"Mw",-0.32,-78.38,33,TRUE,0
564,1969,4,10,21,32,23,"1969-04-10 21:32:23",4.9,"Mw",-5.2,-78.8,121,TRUE,0
565,1969,4,19,9,21,48,"1969-04-19 09:21:48",5.1,"Mw",-5.37,-77.23,47,FALSE,0
566,1969,5,3,4,9,31,"1969-05-03 04:09:31",4.2,"Mw",-5.54,-77.11,21,FALSE,0
567,1969,5,18,20,1,33,"1969-05-18 20:01:33",4.3,"Mw",-5.51,-77.2,61,FALSE,0
568,1969,5,20,13,4,56,"1969-05-20 13:04:56",4.3,"Mw",-0.99,-80.4,61,TRUE,0
569,1969,5,21,20,35,56,"1969-05-21 20:35:56",4,"Mw",-2,-79.8,108,TRUE,0
570,1969,5,28,13,30,8,"1969-05-28 13:30:08",5.4,"Mw",-2.14,-76.85,161.7,TRUE,0
571,1969,5,31,11,7,17,"1969-05-31 11:07:17",5,"Mw",-1.73,-77.76,162.7,TRUE,0
572,1969,6,7,8,27,35,"1969-06-07 08:27:35",4.4,"Mw",-2.09,-79.75,119,TRUE,0
573,1969,6,13,16,19,0,"1969-06-13 16:19:00",4.9,"Mw",-6.07,-82.07,15.7,TRUE,0
574,1969,6,18,13,53,51,"1969-06-18 13:53:51",4.3,"Mw",-2.51,-78.03,123,TRUE,0
575,1969,6,30,8,27,21,"1969-06-30 08:27:21",4.6,"Mw",-3.56,-76.88,76,TRUE,0
576,1969,7,3,12,31,41,"1969-07-03 12:31:41",4.4,"Mw",-5.3,-81.1,50,TRUE,0
577,1969,7,4,6,32,44,"1969-07-04 06:32:44",4.5,"Mw",-3.99,-80.86,25.1,TRUE,0
578,1969,7,4,7,21,50,"1969-07-04 07:21:50",4.6,"Mw",-4.19,-81,28.6,TRUE,0
579,1969,7,5,4,55,33,"1969-07-05 04:55:33",5.2,"Mw",-5.57,-77.16,18.4,TRUE,1
580,1969,7,6,12,41,38,"1969-07-06 12:41:38",4.6,"Mw",1.67,-79.36,35,TRUE,0
581,1969,7,11,13,51,23,"1969-07-11 13:51:23",4.6,"Mw",-4.2,-76.6,91,TRUE,0
582,1969,7,15,3,13,28,"1969-07-15 03:13:28",4.3,"Mw",3.54,-76.15,168,TRUE,0
583,1969,8,5,12,14,42,"1969-08-05 12:14:42",5,"Mw",-5.43,-81.83,19.2,TRUE,2
584,1969,8,6,3,50,44,"1969-08-06 03:50:44",4.6,"Mw",-3.48,-80.2,34,TRUE,0
585,1969,8,8,7,47,30,"1969-08-08 07:47:30",4.5,"Mw",-1.04,-78.65,33,TRUE,0
586,1969,9,1,18,3,13,"1969-09-01 18:03:13",4.5,"Mw",-3.72,-80.56,68,TRUE,0
587,1969,9,8,12,43,40,"1969-09-08 12:43:40",4.2,"Mw",-5.94,-77.4,124,FALSE,0
588,1969,9,19,2,45,47,"1969-09-19 02:45:47",4.5,"Mw",-4.4,-80.4,85,TRUE,0
589,1969,9,24,0,14,31,"1969-09-24 00:14:31",4,"Mw",-5.09,-81.6,45,FALSE,0
590,1969,10,27,22,32,32,"1969-10-27 22:32:32",4.6,"Mw",-2.24,-78.9,118.7,TRUE,0
591,1969,11,2,11,47,5,"1969-11-02 11:47:05",4.4,"Mw",-5.4,-81.5,12,FALSE,0
592,1969,11,10,0,10,22,"1969-11-10 00:10:22",4.3,"Mw",-2.5,-79.6,111,TRUE,0
593,1969,11,11,2,45,29,"1969-11-11 02:45:29",4,"Mw",-2.44,-80.23,62,TRUE,0
594,1969,12,6,9,39,44,"1969-12-06 09:39:44",4.7,"Mw",2.99,-79.02,38,TRUE,0
595,1969,12,17,7,5,25,"1969-12-17 07:05:25",4.3,"Mw",-0.91,-78.87,19,TRUE,0
596,1969,12,17,7,13,6,"1969-12-17 07:13:06",4.2,"Mw",-0.74,-78.3,26,TRUE,0
597,1969,12,23,17,27,47,"1969-12-23 17:27:47",4.4,"Mw",-3.26,-80.74,44,TRUE,0
598,1970,1,3,2,8,14,"1970-01-03 02:08:14",4.1,"Mw",-5.99,-77.3,138,TRUE,0
599,1970,1,3,3,7,55,"1970-01-03 03:07:55",4.7,"Mw",-1.87,-78.54,19,TRUE,0
600,1970,1,11,22,49,59,"1970-01-11 22:49:59",4.7,"Mw",-2.47,-77.18,156,TRUE,0
601,1970,1,30,5,41,51,"1970-01-30 05:41:51",4.7,"Mw",-4.21,-76.98,106,TRUE,0
602,1970,2,2,9,19,38,"1970-02-02 09:19:38",4.5,"Mw",3.47,-82.98,33,TRUE,0
603,1970,2,8,19,34,25,"1970-02-08 19:34:25",4.7,"Mw",-2.7,-75.3,58,TRUE,0
604,1970,2,9,2,16,24,"1970-02-09 02:16:24",4.4,"Mw",-5.33,-76.7,63,TRUE,0
605,1970,3,2,8,55,13,"1970-03-02 08:55:13",4,"Mw",-3.7,-79.8,33,TRUE,0
606,1970,3,6,2,28,15,"1970-03-06 02:28:15",4.1,"Mw",-2.89,-80.1,35,TRUE,0
607,1970,3,8,1,7,20,"1970-03-08 01:07:20",5.2,"Mw",-5,-83,33,TRUE,0
608,1970,3,25,13,17,44,"1970-03-25 13:17:44",4.6,"Mw",-2.21,-79.04,57,TRUE,0
609,1970,3,25,13,21,6,"1970-03-25 13:21:06",4.9,"Mw",-2.41,-79.1,41,TRUE,0
610,1970,3,31,8,50,14,"1970-03-31 08:50:14",5.4,"Mw",-5.7,-80.16,71.1,TRUE,0
611,1970,4,3,20,40,48,"1970-04-03 20:40:48",4.4,"Mw",-3.37,-77.38,88,TRUE,0
612,1970,4,7,17,41,35,"1970-04-07 17:41:35",4.4,"Mw",-0.2,-80.8,76,TRUE,0
613,1970,4,16,10,26,0,"1970-04-16 10:26:00",4.8,"Mw",-5.66,-77.09,60,TRUE,0
614,1970,4,25,5,54,54,"1970-04-25 05:54:54",4.8,"Mw",-3.89,-80.09,96,TRUE,0
615,1970,4,25,19,24,0,"1970-04-25 19:24:00",5.2,"Mw",-2.61,-81.94,31.7,TRUE,0
616,1970,5,3,18,30,59,"1970-05-03 18:30:59",4.5,"Mw",0.85,-83.49,33,TRUE,0
617,1970,5,7,10,12,57,"1970-05-07 10:12:57",4.8,"Mw",-3.42,-79.53,76.3,TRUE,0
618,1970,5,14,7,0,19,"1970-05-14 07:00:19",4.2,"Mw",-4.49,-78.9,61,TRUE,0
619,1970,5,22,14,8,2,"1970-05-22 14:08:02",4.7,"Mw",3.43,-82.87,35,TRUE,0
620,1970,5,22,20,41,57,"1970-05-22 20:41:57",4.3,"Mw",-1.66,-78.03,171,TRUE,0
621,1970,5,27,9,52,35,"1970-05-27 09:52:35",4.6,"Mw",-6.16,-76.56,62,TRUE,0
622,1970,6,5,10,13,2,"1970-06-05 10:13:02",5,"Mw",-5.57,-77.28,19.1,TRUE,0
623,1970,6,22,2,11,54,"1970-06-22 02:11:54",4.6,"Mw",-1.57,-80.6,54,TRUE,0
624,1970,7,17,17,49,0,"1970-07-17 17:49:00",4.9,"Mw",-1.76,-77.27,175.1,TRUE,0
625,1970,7,18,19,58,51,"1970-07-18 19:58:51",4.7,"Mw",-0.23,-78.65,71,TRUE,1
626,1970,8,7,3,48,4,"1970-08-07 03:48:04",4.4,"Mw",-0.76,-80,83,TRUE,0
627,1970,8,14,4,40,7,"1970-08-14 04:40:07",4,"Mw",-0.93,-80.5,44,TRUE,0
628,1970,8,16,13,3,28,"1970-08-16 13:03:28",4.3,"Mw",-0.28,-78.82,48,FALSE,0
629,1970,8,27,8,22,52,"1970-08-27 08:22:52",4.9,"Mw",-4.03,-76.59,135,TRUE,0
630,1970,9,10,4,32,8,"1970-09-10 04:32:08",4,"Mw",-2,-84,33,TRUE,0
631,1970,9,29,4,54,43,"1970-09-29 04:54:43",4.5,"Mw",2.86,-74.78,85,TRUE,0
632,1970,10,16,2,11,52,"1970-10-16 02:11:52",4,"Mw",-6.8,-80.2,33,TRUE,0
633,1970,10,21,5,30,36,"1970-10-21 05:30:36",4.7,"Mw",3.9,-76.1,183,TRUE,0
634,1970,11,6,7,33,30,"1970-11-06 07:33:30",4.6,"Mw",-0.85,-80.98,31,TRUE,0
635,1970,11,14,19,1,11,"1970-11-14 19:01:11",4.4,"Mw",-1.65,-77.92,184,TRUE,0
636,1970,11,15,19,36,44,"1970-11-15 19:36:44",4.6,"Mw",-2.64,-78.71,95.6,TRUE,0
637,1970,11,20,2,56,36,"1970-11-20 02:56:36",4.1,"Mw",-6.2,-76.6,297,TRUE,0
638,1970,11,20,11,55,26,"1970-11-20 11:55:26",4.1,"Mw",2.23,-78.93,74,TRUE,0
639,1970,12,9,16,28,34,"1970-12-09 16:28:34",5,"Mw",-1.47,-77.74,176.2,TRUE,0
640,1970,12,10,4,34,39,"1970-12-10 04:34:39",7.1,"Mw",-4.08,-80.65,19.5,TRUE,74
641,1970,12,10,4,49,44,"1970-12-10 04:49:44",5.3,"Mw",-3.5,-80.63,29,FALSE,0
642,1970,12,10,5,15,30,"1970-12-10 05:15:30",4.7,"Mw",-4.03,-80.51,109,FALSE,0
643,1970,12,10,5,26,58,"1970-12-10 05:26:58",4.8,"Mw",-3.8,-80.7,75,FALSE,0
644,1970,12,10,5,32,51,"1970-12-10 05:32:51",5.2,"Mw",-4.02,-80.8,37.2,FALSE,0
645,1970,12,10,5,45,48,"1970-12-10 05:45:48",4.6,"Mw",-4,-81,33,FALSE,0
646,1970,12,10,6,51,19,"1970-12-10 06:51:19",4.7,"Mw",-3.98,-80.85,37.3,FALSE,0
647,1970,12,10,9,18,54,"1970-12-10 09:18:54",4.6,"Mw",-3.88,-80.83,53.3,FALSE,0
648,1970,12,10,9,59,2,"1970-12-10 09:59:02",4.8,"Mw",-4.12,-81.02,40.5,FALSE,0
649,1970,12,10,11,3,30,"1970-12-10 11:03:30",4.6,"Mw",-4.17,-80.6,66,FALSE,0
650,1970,12,10,11,37,44,"1970-12-10 11:37:44",5.4,"Mw",-4.03,-80.8,34.2,FALSE,0
651,1970,12,10,13,47,42,"1970-12-10 13:47:42",4.7,"Mw",-4,-80.86,82,FALSE,0
652,1970,12,10,17,29,40,"1970-12-10 17:29:40",5,"Mw",-4.01,-80.89,33.5,FALSE,0
653,1970,12,10,19,50,46,"1970-12-10 19:50:46",5,"Mw",-4.25,-80.75,56.2,FALSE,0
654,1970,12,10,21,46,43,"1970-12-10 21:46:43",5,"Mw",-3.99,-80.79,38.8,FALSE,0
655,1970,12,11,3,9,45,"1970-12-11 03:09:45",4.5,"Mw",-3.8,-81.2,35,FALSE,0
656,1970,12,11,3,19,58,"1970-12-11 03:19:58",4.2,"Mw",-4,-80.7,33,FALSE,0
657,1970,12,11,3,57,27,"1970-12-11 03:57:27",4.6,"Mw",-3.98,-80.58,99,FALSE,0
658,1970,12,11,10,1,25,"1970-12-11 10:01:25",4.6,"Mw",-4.5,-81.4,98,FALSE,0
659,1970,12,11,10,24,37,"1970-12-11 10:24:37",5.7,"Mw",-4.05,-80.78,36,FALSE,0
660,1970,12,11,20,24,12,"1970-12-11 20:24:12",4.7,"Mw",-4.13,-80.9,57,FALSE,0
661,1970,12,11,21,0,43,"1970-12-11 21:00:43",4.8,"Mw",-4.02,-80.88,29.4,FALSE,0
662,1970,12,12,4,35,19,"1970-12-12 04:35:19",4.3,"Mw",-4.3,-81.2,94,FALSE,0
663,1970,12,12,5,37,49,"1970-12-12 05:37:49",4.9,"Mw",-5.89,-74.89,42,TRUE,0
664,1970,12,12,8,51,11,"1970-12-12 08:51:11",4.3,"Mw",-3.99,-80.9,56,FALSE,0
665,1970,12,12,13,13,42,"1970-12-12 13:13:42",4.4,"Mw",-3.82,-80.8,42,FALSE,0
666,1970,12,12,14,58,40,"1970-12-12 14:58:40",4.2,"Mw",-3.82,-80.56,82,FALSE,0
667,1970,12,12,19,47,53,"1970-12-12 19:47:53",4,"Mw",-2.6,-79.2,35,TRUE,0
668,1970,12,12,21,13,20,"1970-12-12 21:13:20",4.6,"Mw",-4,-80.86,64,FALSE,0
669,1970,12,12,22,38,40,"1970-12-12 22:38:40",4.5,"Mw",-3.96,-80.93,51,FALSE,0
670,1970,12,13,0,15,23,"1970-12-13 00:15:23",4.9,"Mw",-4.14,-80.86,42.1,FALSE,0
671,1970,12,13,0,50,58,"1970-12-13 00:50:58",4.8,"Mw",-4.07,-80.78,60,FALSE,0
672,1970,12,13,17,1,17,"1970-12-13 17:01:17",4.2,"Mw",-3.82,-80.7,86,FALSE,0
673,1970,12,13,20,20,18,"1970-12-13 20:20:18",4.2,"Mw",-3.9,-80.9,67,FALSE,0
674,1970,12,13,23,36,57,"1970-12-13 23:36:57",4.5,"Mw",-3.98,-80.75,61,FALSE,0
675,1970,12,14,6,23,37,"1970-12-14 06:23:37",4.8,"Mw",-3.96,-80.71,53.7,FALSE,0
676,1970,12,14,7,32,52,"1970-12-14 07:32:52",5.7,"Mw",-1.29,-80.85,17.2,TRUE,5
677,1970,12,14,8,1,45,"1970-12-14 08:01:45",4.7,"Mw",-1.45,-80.85,56,FALSE,0
678,1970,12,14,8,28,54,"1970-12-14 08:28:54",4.9,"Mw",-4.06,-80.91,45.7,FALSE,0
679,1970,12,14,9,41,37,"1970-12-14 09:41:37",4.7,"Mw",-3.96,-80.72,54.1,FALSE,0
680,1970,12,14,10,46,33,"1970-12-14 10:46:33",4,"Mw",-1.36,-80.4,87,TRUE,0
681,1970,12,14,15,29,31,"1970-12-14 15:29:31",4.7,"Mw",-1.48,-80.57,63.5,FALSE,0
682,1970,12,15,21,15,23,"1970-12-15 21:15:23",5.1,"Mw",-4,-80.8,49.2,FALSE,0
683,1970,12,17,7,10,29,"1970-12-17 07:10:29",4.4,"Mw",-1.6,-80.7,46,FALSE,0
684,1970,12,17,15,16,49,"1970-12-17 15:16:49",4.7,"Mw",-4.12,-81.1,40,FALSE,0
685,1970,12,18,7,8,13,"1970-12-18 07:08:13",4.6,"Mw",-4.23,-80.99,37.5,FALSE,0
686,1970,12,18,22,14,10,"1970-12-18 22:14:10",4.5,"Mw",-3.96,-81,71,FALSE,0
687,1970,12,21,7,21,47,"1970-12-21 07:21:47",4.8,"Mw",-3.97,-80.87,36,FALSE,0
688,1970,12,21,7,33,18,"1970-12-21 07:33:18",5.1,"Mw",-4.02,-80.84,43.5,FALSE,0
689,1970,12,21,10,58,41,"1970-12-21 10:58:41",4.7,"Mw",-4.09,-80.32,75.9,FALSE,0
690,1970,12,22,1,48,31,"1970-12-22 01:48:31",5.4,"Mw",-4.01,-80.74,33.4,FALSE,0
691,1970,12,22,15,8,37,"1970-12-22 15:08:37",4.9,"Mw",-3.97,-80.72,40.3,FALSE,0
692,1970,12,23,2,38,45,"1970-12-23 02:38:45",4,"Mw",-3.8,-80.8,23,FALSE,0
693,1970,12,25,8,3,41,"1970-12-25 08:03:41",4.4,"Mw",-3.88,-81.1,33,FALSE,0
694,1970,12,25,21,18,18,"1970-12-25 21:18:18",4,"Mw",-4.11,-81,44,FALSE,0
695,1970,12,27,3,10,6,"1970-12-27 03:10:06",4.8,"Mw",-3.89,-80.88,46,FALSE,0
696,1970,12,27,23,8,44,"1970-12-27 23:08:44",4.7,"Mw",-1.12,-80.78,48,FALSE,0
697,1970,12,29,2,22,11,"1970-12-29 02:22:11",4.3,"Mw",-3.97,-80.9,48,FALSE,0
698,1970,12,29,2,22,11,"1970-12-29 02:22:11",4.4,"Mw",-4.6,-81.5,30,TRUE,0
699,1970,12,29,2,57,25,"1970-12-29 02:57:25",5,"Mw",-6.02,-83.71,33,TRUE,0
700,1970,12,29,8,1,2,"1970-12-29 08:01:02",5.8,"Mw",-3.93,-80.9,59.3,FALSE,0
701,1971,1,1,16,55,23,"1971-01-01 16:55:23",4.3,"Mw",-1.28,-80.81,38,FALSE,0
702,1971,1,2,8,37,4,"1971-01-02 08:37:04",4.4,"Mw",-3.89,-80.78,66,FALSE,0
703,1971,1,3,11,16,23,"1971-01-03 11:16:23",4.1,"Mw",-2.43,-76.86,161.9,TRUE,0
704,1971,1,5,10,55,35,"1971-01-05 10:55:35",4.5,"Mw",-3.86,-80.91,40.2,FALSE,0
705,1971,1,5,11,35,30,"1971-01-05 11:35:30",4.5,"Mw",-3.95,-80.93,66.6,FALSE,0
706,1971,1,7,7,29,44,"1971-01-07 07:29:44",4.6,"Mw",-1.76,-80.7,62,TRUE,0
707,1971,1,8,1,0,5,"1971-01-08 01:00:05",4.4,"Mw",-3.98,-80.43,39.3,FALSE,0
708,1971,1,9,3,22,16,"1971-01-09 03:22:16",4.1,"Mw",-3.91,-80.97,26,FALSE,0
709,1971,1,10,22,38,32,"1971-01-10 22:38:32",4.9,"Mw",-3.87,-80.85,64,FALSE,0
710,1971,1,14,8,21,39,"1971-01-14 08:21:39",4.4,"Mw",-4.15,-80.8,48,FALSE,0
711,1971,1,25,22,49,29,"1971-01-25 22:49:29",4.9,"Mw",-4.08,-80.89,65,FALSE,0
712,1971,1,27,23,22,58,"1971-01-27 23:22:58",4.8,"Mw",-4.43,-75.3,58.8,TRUE,0
713,1971,2,1,20,34,25,"1971-02-01 20:34:25",4.1,"Mw",-2.21,-80.61,33,TRUE,0
714,1971,2,6,11,20,2,"1971-02-06 11:20:02",4.5,"Mw",-4.38,-80.91,41.2,FALSE,0
715,1971,2,10,8,13,18,"1971-02-10 08:13:18",4.4,"Mw",-4.83,-78.54,108,TRUE,0
716,1971,2,11,17,8,44,"1971-02-11 17:08:44",4.8,"Mw",-4.04,-80.93,32.9,FALSE,0
717,1971,3,12,10,27,57,"1971-03-12 10:27:57",4.4,"Mw",1.75,-77.95,131.7,TRUE,0
718,1971,3,17,8,8,56,"1971-03-17 08:08:56",4.6,"Mw",-3.98,-81.01,109.8,FALSE,0
719,1971,4,4,6,2,46,"1971-04-04 06:02:46",4.3,"Mw",-3.25,-77.83,111,TRUE,0
720,1971,4,24,3,34,32,"1971-04-24 03:34:32",4.3,"Mw",-6.03,-77.22,69,TRUE,0
721,1971,4,26,2,49,37,"1971-04-26 02:49:37",4.6,"Mw",0.12,-79.02,57.3,TRUE,0
722,1971,5,13,10,40,50,"1971-05-13 10:40:50",4.8,"Mw",-1.3,-78.49,45.6,TRUE,0
723,1971,5,17,11,4,8,"1971-05-17 11:04:08",6.7,"Mw",-1.67,-77.66,171.6,TRUE,6
724,1971,5,20,22,4,37,"1971-05-20 22:04:37",4.3,"Mw",-1.57,-77.76,186.7,FALSE,0
725,1971,5,27,18,36,19,"1971-05-27 18:36:19",4.2,"Mw",-3.7,-80.53,72.8,FALSE,0
726,1971,5,31,11,34,21,"1971-05-31 11:34:21",4.8,"Mw",-4.2,-80.89,40.6,FALSE,0
727,1971,6,10,9,19,52,"1971-06-10 09:19:52",4.4,"Mw",-4.14,-80.67,53.2,FALSE,0
728,1971,6,11,1,32,2,"1971-06-11 01:32:02",5.5,"Mw",-4.18,-80.6,56.6,FALSE,0
729,1971,7,8,8,2,36,"1971-07-08 08:02:36",4.1,"Mw",-0.89,-78.54,20.5,TRUE,0
730,1971,7,9,9,52,52,"1971-07-09 09:52:52",4.2,"Mw",3.79,-78.46,72.7,TRUE,0
731,1971,7,9,20,46,33,"1971-07-09 20:46:33",4.6,"Mw",-3.8,-80.6,72.3,FALSE,0
732,1971,7,17,17,56,15,"1971-07-17 17:56:15",4.8,"Mw",-4.01,-80.87,34.9,FALSE,0
733,1971,7,22,7,43,49,"1971-07-22 07:43:49",4.4,"Mw",-3.82,-77.54,147.5,TRUE,0
734,1971,7,27,2,2,47,"1971-07-27 02:02:47",7.3,"Mw",-2.83,-77.36,109.4,TRUE,3
735,1971,8,3,21,51,42,"1971-08-03 21:51:42",4.4,"Mw",-2.21,-78.96,111.9,TRUE,0
736,1971,8,18,19,7,20,"1971-08-18 19:07:20",5,"Mw",-3.96,-81.01,37.4,FALSE,0
737,1971,9,6,1,9,52,"1971-09-06 01:09:52",5,"Mw",2.36,-78.96,22.8,TRUE,1
738,1971,9,7,5,32,50,"1971-09-07 05:32:50",4.8,"Mw",-4.08,-81.01,35.3,FALSE,0
739,1971,9,9,3,57,50,"1971-09-09 03:57:50",4.8,"Mw",2.24,-79.04,26.2,FALSE,0
740,1971,9,16,15,49,34,"1971-09-16 15:49:34",4.5,"Mw",-1.14,-78.8,5.2,TRUE,0
741,1971,9,29,5,48,16,"1971-09-29 05:48:16",4.1,"Mw",-1.73,-77.89,160.9,FALSE,0
742,1971,10,3,20,42,47,"1971-10-03 20:42:47",4.6,"Mw",3.51,-82.9,37.6,TRUE,0
743,1971,10,28,6,30,33,"1971-10-28 06:30:33",5.2,"Mw",-3.88,-80.69,51.2,FALSE,0
744,1971,11,4,3,33,53,"1971-11-04 03:33:53",4.3,"Mw",-3.93,-80.82,40,FALSE,0
745,1971,11,6,12,7,5,"1971-11-06 12:07:05",4.8,"Mw",-3.89,-80.92,66.5,FALSE,0
746,1971,11,21,1,8,13,"1971-11-21 01:08:13",4.2,"Mw",3.26,-74.12,224,TRUE,0
747,1971,11,27,22,26,47,"1971-11-27 22:26:47",4.5,"Mw",-1.76,-77.89,169.6,FALSE,0
748,1971,11,29,1,1,41,"1971-11-29 01:01:41",4.3,"Mw",-6.94,-75.78,20,TRUE,0
749,1971,12,21,1,7,19,"1971-12-21 01:07:19",4.4,"Mw",-2.03,-77.46,175.3,FALSE,0
750,1971,12,21,10,52,18,"1971-12-21 10:52:18",4.3,"Mw",-1.46,-77.8,168.8,FALSE,0
751,1971,12,22,0,38,54,"1971-12-22 00:38:54",5,"Mw",-4.04,-76.21,116.3,TRUE,0
752,1971,12,25,16,51,42,"1971-12-25 16:51:42",4.4,"Mw",3.4,-79.19,33,TRUE,0
753,1972,1,11,2,38,23,"1972-01-11 02:38:23",4.6,"Mw",-3.63,-77.26,140.2,FALSE,0
754,1972,1,13,15,53,17,"1972-01-13 15:53:17",4.2,"Mw",-0.18,-80.51,44.4,TRUE,0
755,1972,1,13,18,31,20,"1972-01-13 18:31:20",4.8,"Mw",0.06,-80.15,11.3,TRUE,0
756,1972,1,27,18,45,7,"1972-01-27 18:45:07",5.1,"Mw",-3.93,-79.73,81.3,TRUE,0
757,1972,2,12,22,42,22,"1972-02-12 22:42:22",4.2,"Mw",-4.18,-77.02,135.7,TRUE,0
758,1972,3,20,7,33,49,"1972-03-20 07:33:49",6.9,"Mw",-6.8,-76.78,49.9,TRUE,5
759,1972,3,20,7,51,6,"1972-03-20 07:51:06",5.3,"Mw",-6.83,-76.79,68.1,FALSE,0
760,1972,3,20,16,50,29,"1972-03-20 16:50:29",5.3,"Mw",-6.84,-76.82,37.6,FALSE,0
761,1972,3,23,4,49,43,"1972-03-23 04:49:43",4.1,"Mw",-6.85,-76.63,39,FALSE,0
762,1972,4,6,15,26,16,"1972-04-06 15:26:16",5,"Mw",-1.4,-77.88,172.5,FALSE,0
763,1972,4,6,18,48,36,"1972-04-06 18:48:36",4.4,"Mw",-6.87,-76.63,60,FALSE,0
764,1972,4,9,21,42,20,"1972-04-09 21:42:20",4.5,"Mw",-1.54,-78.06,179.6,FALSE,0
765,1972,4,13,12,7,54,"1972-04-13 12:07:54",4.2,"Mw",-1.2,-81.18,11.7,TRUE,0
766,1972,4,19,10,57,32,"1972-04-19 10:57:32",4.4,"Mw",-0.52,-77.48,37.8,TRUE,0
767,1972,4,28,8,48,43,"1972-04-28 08:48:43",4.4,"Mw",-5.2,-80.86,237.3,TRUE,0
768,1972,5,10,17,30,36,"1972-05-10 17:30:36",5.3,"Mw",-2.82,-78.72,86.7,TRUE,1
769,1972,5,13,14,24,28,"1972-05-13 14:24:28",4.9,"Mw",-3.84,-80.7,57.8,FALSE,0
770,1972,6,1,0,54,25,"1972-06-01 00:54:25",4.4,"Mw",-6.73,-76.76,39.6,FALSE,0
771,1972,6,4,22,22,58,"1972-06-04 22:22:58",5.1,"Mw",-2.84,-78.94,92.6,FALSE,0
772,1972,6,25,12,18,1,"1972-06-25 12:18:01",4.8,"Mw",-5.15,-80.06,96.1,TRUE,0
773,1972,7,1,14,12,37,"1972-07-01 14:12:37",4.5,"Mw",-1.95,-79.22,0,TRUE,0
774,1972,7,11,13,2,17,"1972-07-11 13:02:17",4,"Mw",3.04,-77.98,0,TRUE,0
775,1972,7,22,19,56,14,"1972-07-22 19:56:14",4.2,"Mw",-3.27,-76.9,54.7,FALSE,0
776,1972,7,29,16,2,48,"1972-07-29 16:02:48",4.6,"Mw",-1.48,-77.95,164.1,TRUE,0
777,1972,8,9,23,46,38,"1972-08-09 23:46:38",4.6,"Mw",3.74,-83.14,33,TRUE,0
778,1972,9,4,23,32,24,"1972-09-04 23:32:24",5.5,"Mw",-3.8,-80.62,50.7,FALSE,0
779,1972,10,10,9,26,5,"1972-10-10 09:26:05",4.6,"Mw",-6.7,-74.77,138,TRUE,0
780,1972,10,12,4,40,30,"1972-10-12 04:40:30",4.5,"Mw",-1.14,-79.12,0,TRUE,0
781,1972,11,22,10,44,1,"1972-11-22 10:44:01",4.9,"Mw",2.46,-75.42,44,TRUE,0
782,1972,12,2,11,34,57,"1972-12-02 11:34:57",4.7,"Mw",-5.13,-76.05,54.2,TRUE,0
783,1972,12,3,11,45,27,"1972-12-03 11:45:27",4.3,"Mw",-6.2,-80.6,70,TRUE,0
784,1972,12,19,2,43,41,"1972-12-19 02:43:41",4.4,"Mw",-4.83,-77.35,186.1,TRUE,0
785,1972,12,19,20,2,21,"1972-12-19 20:02:21",4.7,"Mw",0.8,-83.03,30.1,TRUE,0
786,1972,12,26,4,24,53,"1972-12-26 04:24:53",4.4,"Mw",-1.07,-78.72,6,TRUE,0
787,1972,12,28,13,31,30,"1972-12-28 13:31:30",5,"Mw",-3.6,-77.94,103.5,TRUE,0
788,1973,1,5,0,39,47,"1973-01-05 00:39:47",4.9,"Mw",0.65,-80.05,26.8,TRUE,0
789,1973,1,13,7,47,29,"1973-01-13 07:47:29",4.4,"Mw",-0.45,-78.02,34.5,TRUE,0
790,1973,1,25,13,6,9,"1973-01-25 13:06:09",4.4,"Mw",-1.5,-77.72,192.1,TRUE,0
791,1973,1,30,17,36,21,"1973-01-30 17:36:21",4.6,"Mw",-5.64,-77.03,57.9,TRUE,0
792,1973,2,1,4,10,21,"1973-02-01 04:10:21",4.8,"Mw",-4.18,-80.77,42.4,TRUE,1
793,1973,2,6,4,9,3,"1973-02-06 04:09:03",4.8,"Mw",-4.95,-78.39,49.1,TRUE,0
794,1973,2,11,12,53,57,"1973-02-11 12:53:57",4.6,"Mw",-6.03,-81.12,99.9,TRUE,0
795,1973,2,23,4,26,23,"1973-02-23 04:26:23",5.8,"Mw",-2.09,-78.19,50.4,TRUE,5
796,1973,2,23,6,41,19,"1973-02-23 06:41:19",4.9,"Mw",-2.04,-78.23,21.8,FALSE,0
797,1973,2,23,23,10,51,"1973-02-23 23:10:51",4.5,"Mw",-2.25,-78.44,21.3,FALSE,0
798,1973,3,1,17,49,5,"1973-03-01 17:49:05",4.8,"Mw",-2.16,-78.1,72.2,FALSE,0
799,1973,3,5,11,11,54,"1973-03-05 11:11:54",4.5,"Mw",-4.16,-80.66,58,FALSE,0
800,1973,3,9,11,54,18,"1973-03-09 11:54:18",4.1,"Mw",-1.36,-80.42,59,TRUE,0
801,1973,3,22,2,40,57,"1973-03-22 02:40:57",4.3,"Mw",3.26,-82.54,0,TRUE,0
802,1973,4,11,18,49,12,"1973-04-11 18:49:12",4.1,"Mw",3.52,-82.14,203.9,TRUE,0
803,1973,4,23,5,8,54,"1973-04-23 05:08:54",4.2,"Mw",2.88,-83.7,60.4,TRUE,0
804,1973,4,25,1,52,1,"1973-04-25 01:52:01",4.3,"Mw",1.61,-74.83,0,TRUE,0
805,1973,4,26,16,44,13,"1973-04-26 16:44:13",4.7,"Mw",-6.93,-80.21,40,TRUE,0
806,1973,4,28,12,21,8,"1973-04-28 12:21:08",5.5,"Mw",-1.8,-79.99,78.6,TRUE,0
807,1973,4,30,20,52,54,"1973-04-30 20:52:54",4.4,"Mw",3.99,-77.37,0,TRUE,0
808,1973,5,3,15,50,34,"1973-05-03 15:50:34",4.1,"Mw",-1.97,-78.39,72,FALSE,0
809,1973,5,10,13,46,33,"1973-05-10 13:46:33",4.9,"Mw",-2.18,-78.97,103.2,TRUE,0
810,1973,5,30,4,38,2,"1973-05-30 04:38:02",5.6,"Mw",-2.29,-78.47,104.5,FALSE,0
811,1973,6,4,13,14,29,"1973-06-04 13:14:29",4.3,"Mw",-1.31,-77.79,177,TRUE,0
812,1973,6,6,19,32,53,"1973-06-06 19:32:53",4.2,"Mw",-2.25,-79.93,96.3,TRUE,0
813,1973,6,9,0,22,44,"1973-06-09 00:22:44",4,"Mw",3.01,-83.96,33,TRUE,0
814,1973,6,9,13,24,10,"1973-06-09 13:24:10",4.8,"Mw",-4.8,-77.39,121,TRUE,0
815,1973,6,20,2,5,10,"1973-06-20 02:05:10",4.3,"Mw",3.17,-74.17,0,TRUE,0
816,1973,7,13,19,6,58,"1973-07-13 19:06:58",4.4,"Mw",-6.87,-76.32,96.9,TRUE,0
817,1973,7,28,19,46,9,"1973-07-28 19:46:09",4.5,"Mw",-4.33,-80.65,63.2,TRUE,0
818,1973,7,30,23,35,44,"1973-07-30 23:35:44",4.5,"Mw",-3.84,-80.74,75.2,TRUE,0
819,1973,8,1,10,35,9,"1973-08-01 10:35:09",4.2,"Mw",-2.74,-77.81,71.2,TRUE,0
820,1973,8,7,5,56,25,"1973-08-07 05:56:25",4.7,"Mw",-5.87,-77.13,72.4,TRUE,0
821,1973,10,9,4,36,50,"1973-10-09 04:36:50",4.4,"Mw",-4.17,-76.24,147.3,TRUE,0
822,1973,10,18,9,18,35,"1973-10-18 09:18:35",5.1,"Mw",2.86,-74.92,54.2,TRUE,0
823,1973,11,2,2,40,18,"1973-11-02 02:40:18",4.9,"Mw",1.1,-82.8,47.7,TRUE,0
824,1973,11,4,21,6,55,"1973-11-04 21:06:55",4.5,"Mw",-1.39,-79.53,33,TRUE,0
825,1973,11,9,22,41,29,"1973-11-09 22:41:29",5.6,"Mw",-4.01,-80.95,39.3,TRUE,0
826,1973,11,11,1,53,13,"1973-11-11 01:53:13",4.7,"Mw",-5.98,-75.11,155.5,TRUE,0
827,1973,11,26,3,24,46,"1973-11-26 03:24:46",4.6,"Mw",-6.84,-75.21,91.9,TRUE,0
828,1973,11,26,23,9,30,"1973-11-26 23:09:30",4.6,"Mw",3.54,-79.21,33,TRUE,0
829,1973,12,10,19,28,14,"1973-12-10 19:28:14",5.4,"Mw",-1.43,-77.71,181.5,TRUE,1
830,1974,1,13,4,55,28,"1974-01-13 04:55:28",4.2,"Mw",-0.79,-80.69,50,TRUE,0
831,1974,1,21,2,34,40,"1974-01-21 02:34:40",4.5,"Mw",-4.53,-77.92,73.7,TRUE,0
832,1974,1,22,13,0,6,"1974-01-22 13:00:06",4.5,"Mw",-6.36,-81.24,58.8,TRUE,0
833,1974,2,3,6,45,14,"1974-02-03 06:45:14",4.4,"Mw",-0.14,-75.57,0,TRUE,0
834,1974,2,3,20,16,25,"1974-02-03 20:16:25",4.4,"Mw",2.99,-76.57,158.4,TRUE,0
835,1974,2,12,8,33,19,"1974-02-12 08:33:19",4.5,"Mw",-5.92,-74.68,54.5,TRUE,0
836,1974,2,21,12,43,48,"1974-02-21 12:43:48",4.9,"Mw",3.97,-74.3,66,TRUE,0
837,1974,2,25,2,45,22,"1974-02-25 02:45:22",4.2,"Mw",-1.57,-78.02,174.6,FALSE,0
838,1974,3,5,0,55,45,"1974-03-05 00:55:45",4,"Mw",-6.45,-77.71,235,TRUE,0
839,1974,3,10,9,8,47,"1974-03-10 09:08:47",4.6,"Mw",0.22,-79.84,60.4,TRUE,0
840,1974,3,10,16,17,11,"1974-03-10 16:17:11",5.6,"Mw",0.42,-79.98,52.9,TRUE,0
841,1974,3,28,21,22,46,"1974-03-28 21:22:46",4.1,"Mw",-3.24,-78.13,35,TRUE,0
842,1974,4,1,15,34,18,"1974-04-01 15:34:18",4.3,"Mw",-5,-77.25,136,TRUE,0
843,1974,4,18,3,53,38,"1974-04-18 03:53:38",4.6,"Mw",-5.64,-76.96,53.1,TRUE,0
844,1974,5,1,10,46,52,"1974-05-01 10:46:52",4.2,"Mw",-3.59,-76.48,119.6,TRUE,0
845,1974,5,17,8,42,8,"1974-05-17 08:42:08",4.6,"Mw",-0.59,-78.45,84.8,TRUE,0
846,1974,5,24,4,7,57,"1974-05-24 04:07:57",4.3,"Mw",3.59,-83.03,33,TRUE,0
847,1974,5,29,10,27,56,"1974-05-29 10:27:56",4.3,"Mw",-5.59,-81.18,10.5,TRUE,0
848,1974,6,1,21,11,26,"1974-06-01 21:11:26",4.9,"Mw",-2.86,-80.85,34,TRUE,0
849,1974,6,3,23,6,28,"1974-06-03 23:06:28",4.3,"Mw",-5.04,-81.29,84.1,TRUE,0
850,1974,6,4,11,19,27,"1974-06-04 11:19:27",4.7,"Mw",-1.85,-80.74,66.3,TRUE,1
851,1974,6,9,10,41,23,"1974-06-09 10:41:23",5.1,"Mw",-5.8,-80.94,48.8,TRUE,0
852,1974,6,9,14,16,2,"1974-06-09 14:16:02",5.6,"Mw",-5.8,-81.01,28.9,TRUE,0
853,1974,6,12,18,20,32,"1974-06-12 18:20:32",4.5,"Mw",-3.97,-76.7,149.1,TRUE,0
854,1974,6,12,21,55,59,"1974-06-12 21:55:59",4.1,"Mw",-2.97,-80.25,127,TRUE,0
855,1974,6,16,17,42,57,"1974-06-16 17:42:57",4.1,"Mw",2.56,-78.81,60.9,TRUE,0
856,1974,6,23,7,34,16,"1974-06-23 07:34:16",4.4,"Mw",-2.03,-80.44,62,FALSE,0
857,1974,6,30,18,41,50,"1974-06-30 18:41:50",4.2,"Mw",-2.81,-79.82,58,TRUE,0
858,1974,7,6,14,53,41,"1974-07-06 14:53:41",4.6,"Mw",1.09,-81.65,214.3,TRUE,0
859,1974,7,21,22,15,56,"1974-07-21 22:15:56",4.8,"Mw",-4.84,-80.5,94,TRUE,0
860,1974,7,24,6,22,20,"1974-07-24 06:22:20",4,"Mw",3.36,-82.64,32.9,TRUE,0
861,1974,7,27,1,31,58,"1974-07-27 01:31:58",4.3,"Mw",3.86,-76.55,129.8,TRUE,0
862,1974,7,29,21,47,58,"1974-07-29 21:47:58",4.3,"Mw",-4.15,-75.63,160.3,TRUE,0
863,1974,7,30,0,43,3,"1974-07-30 00:43:03",4.1,"Mw",-2.79,-78.97,194.7,TRUE,0
864,1974,8,1,23,36,51,"1974-08-01 23:36:51",4.7,"Mw",0.83,-79.43,79.2,TRUE,0
865,1974,8,11,17,5,30,"1974-08-11 17:05:30",4.1,"Mw",-6.56,-77.43,128.1,TRUE,0
866,1974,8,17,8,19,45,"1974-08-17 08:19:45",4.7,"Mw",-1.64,-81.21,18.8,TRUE,0
867,1974,9,19,8,23,13,"1974-09-19 08:23:13",4.2,"Mw",-2.44,-77.84,120.7,TRUE,0
868,1974,10,2,2,54,3,"1974-10-02 02:54:03",5.6,"Mw",-5.88,-81.03,20.4,TRUE,0
869,1974,10,2,21,40,15,"1974-10-02 21:40:15",4.9,"Mw",3.51,-82.97,33,TRUE,1
870,1974,10,8,15,39,40,"1974-10-08 15:39:40",4.9,"Mw",-4.27,-80.81,83.8,TRUE,0
871,1974,10,14,7,45,16,"1974-10-14 07:45:16",5,"Mw",-2.4,-76.38,145.9,TRUE,0
872,1974,10,18,4,9,40,"1974-10-18 04:09:40",4.1,"Mw",-3.96,-77.49,128.2,TRUE,0
873,1974,10,20,4,50,22,"1974-10-20 04:50:22",4.6,"Mw",3.96,-78.76,51,TRUE,0
874,1974,10,30,10,14,40,"1974-10-30 10:14:40",4.6,"Mw",2.06,-79.19,49,TRUE,0
875,1974,11,11,4,7,37,"1974-11-11 04:07:37",4.6,"Mw",1.9,-79.35,65.3,TRUE,0
876,1974,11,17,13,12,14,"1974-11-17 13:12:14",4.2,"Mw",3.4,-82.86,33,FALSE,0
877,1974,11,22,3,33,56,"1974-11-22 03:33:56",4.5,"Mw",-3.75,-79.43,33,TRUE,0
878,1974,11,26,13,55,4,"1974-11-26 13:55:04",4.2,"Mw",-0.82,-79.26,130,TRUE,0
879,1974,12,8,14,54,34,"1974-12-08 14:54:34",4.6,"Mw",2.77,-75.28,86,TRUE,0
880,1974,12,13,11,53,34,"1974-12-13 11:53:34",4.5,"Mw",-3.79,-79.59,117.7,TRUE,0
881,1974,12,23,8,13,1,"1974-12-23 08:13:01",4.5,"Mw",-3.2,-75.84,147.4,TRUE,0
882,1974,12,25,19,25,27,"1974-12-25 19:25:27",4,"Mw",-2.59,-76.79,169,TRUE,0
883,1975,2,1,12,50,52,"1975-02-01 12:50:52",4.5,"Mw",-6.08,-79.21,97.7,TRUE,0
884,1975,3,18,17,21,27,"1975-03-18 17:21:27",6.59,"Mw",-4.28,-76.93,120,TRUE,4
885,1975,3,19,13,7,5,"1975-03-19 13:07:05",4.3,"Mw",-1.12,-80.88,46.8,TRUE,0
886,1975,3,31,1,42,32,"1975-03-31 01:42:32",4,"Mw",2.85,-75.36,83,TRUE,0
887,1975,4,4,5,48,12,"1975-04-04 05:48:12",4.5,"Mw",3.67,-82.43,78.8,TRUE,0
888,1975,4,7,1,39,51,"1975-04-07 01:39:51",4.7,"Mw",-1.84,-80.28,51.4,TRUE,0
889,1975,4,17,5,49,1,"1975-04-17 05:49:01",4,"Mw",2.91,-74.07,0,TRUE,0
890,1975,4,20,12,52,36,"1975-04-20 12:52:36",4.5,"Mw",3.83,-82.31,33,TRUE,0
891,1975,4,25,9,36,7,"1975-04-25 09:36:07",5,"Mw",-5.85,-81.14,21.1,TRUE,0
892,1975,5,6,9,49,47,"1975-05-06 09:49:47",4.3,"Mw",-5.36,-81.14,78,TRUE,0
893,1975,5,18,11,15,44,"1975-05-18 11:15:44",4.3,"Mw",-6.59,-76.94,0,TRUE,0
894,1975,5,22,6,12,46,"1975-05-22 06:12:46",4.1,"Mw",-2.52,-80.36,0,TRUE,0
895,1975,5,30,2,12,44,"1975-05-30 02:12:44",4.6,"Mw",-4.17,-80.99,77,TRUE,0
896,1975,6,3,20,18,2,"1975-06-03 20:18:02",5,"Mw",-6.17,-75.16,38.1,TRUE,0
897,1975,6,6,14,21,8,"1975-06-06 14:21:08",5.2,"Mw",-3.96,-76.92,120.7,FALSE,0
898,1975,6,10,16,30,42,"1975-06-10 16:30:42",5,"Mw",-3.74,-80.9,37.3,TRUE,0
899,1975,6,22,15,24,1,"1975-06-22 15:24:01",4.3,"Mw",3.01,-83.02,0,TRUE,0
900,1975,6,27,9,17,53,"1975-06-27 09:17:53",4.5,"Mw",-1.97,-81.06,37,TRUE,0
901,1975,7,17,8,39,53,"1975-07-17 08:39:53",5,"Mw",-3.91,-76.66,112.5,FALSE,0
902,1975,7,29,1,12,47,"1975-07-29 01:12:47",4.6,"Mw",-1.43,-77.88,178.1,TRUE,0
903,1975,8,16,0,53,55,"1975-08-16 00:53:55",5.7,"Mw",-5.38,-76.03,123,TRUE,0
904,1975,8,24,15,30,7,"1975-08-24 15:30:07",5.1,"Mw",-5.48,-77.25,20.7,TRUE,0
905,1975,9,13,10,54,51,"1975-09-13 10:54:51",4.3,"Mw",2.37,-79.55,41.1,TRUE,0
906,1975,9,16,0,44,3,"1975-09-16 00:44:03",5.1,"Mw",-4.41,-80.79,66.1,TRUE,0
907,1975,10,11,16,24,22,"1975-10-11 16:24:22",5.1,"Mw",-4,-81,37.1,TRUE,0
908,1975,10,17,0,56,6,"1975-10-17 00:56:06",4.4,"Mw",-0.6,-80.78,151.4,TRUE,0
909,1975,10,29,14,41,27,"1975-10-29 14:41:27",4.1,"Mw",-0.01,-77.9,71,TRUE,0
910,1975,10,30,18,19,57,"1975-10-30 18:19:57",4.7,"Mw",-6.68,-81.6,33,TRUE,0
911,1975,11,6,17,44,17,"1975-11-06 17:44:17",5,"Mw",-0.34,-80.81,42.7,TRUE,1
912,1975,11,6,22,38,52,"1975-11-06 22:38:52",4.7,"Mw",-0.63,-80.81,73.1,FALSE,0
913,1975,11,7,3,16,32,"1975-11-07 03:16:32",4.9,"Mw",-3.79,-77.21,112.1,FALSE,0
914,1975,11,29,6,26,59,"1975-11-29 06:26:59",4.9,"Mw",-5.2,-77.59,46.6,TRUE,0
915,1975,12,8,1,50,19,"1975-12-08 01:50:19",4.9,"Mw",-5.47,-77.28,77.5,TRUE,0
916,1975,12,21,18,5,42,"1975-12-21 18:05:42",5.1,"Mw",-3.78,-77.32,90.4,FALSE,0
917,1976,1,24,3,36,16,"1976-01-24 03:36:16",5,"Mw",-4.04,-81.8,42.9,TRUE,0
918,1976,1,24,16,57,33,"1976-01-24 16:57:33",4.2,"Mw",-3,-77.69,59,TRUE,0
919,1976,2,1,3,3,36,"1976-02-01 03:03:36",4.6,"Mw",0.39,-77.2,41.6,TRUE,0
920,1976,2,19,2,28,32,"1976-02-19 02:28:32",4.4,"Mw",-1.47,-77.78,191.4,TRUE,0
921,1976,3,19,8,21,52,"1976-03-19 08:21:52",4.6,"Mw",-1.26,-77.73,189.9,TRUE,0
922,1976,4,9,7,8,50,"1976-04-09 07:08:50",6.6,"Mw",0.85,-79.56,17,TRUE,0
923,1976,4,11,19,13,46,"1976-04-11 19:13:46",4.9,"Mw",1.54,-80.16,64.9,TRUE,0
924,1976,5,13,3,59,19,"1976-05-13 03:59:19",4.4,"Mw",-3.76,-81.13,33,TRUE,0
925,1976,5,16,1,49,24,"1976-05-16 01:49:24",4.4,"Mw",-3.86,-76.55,189.5,TRUE,0
926,1976,5,20,9,13,15,"1976-05-20 09:13:15",4.5,"Mw",3.62,-82.71,62.5,TRUE,0
927,1976,5,23,22,21,2,"1976-05-23 22:21:02",4.7,"Mw",-6.96,-74.07,33,TRUE,0
928,1976,5,24,15,46,41,"1976-05-24 15:46:41",4.5,"Mw",0.45,-80.69,39,TRUE,0
929,1976,7,6,6,48,54,"1976-07-06 06:48:54",4.3,"Mw",3.42,-76.39,140.8,TRUE,0
930,1976,7,8,12,46,19,"1976-07-08 12:46:19",4.6,"Mw",-4.93,-80.14,104.6,TRUE,0
931,1976,7,15,23,5,15,"1976-07-15 23:05:15",4.3,"Mw",-1.34,-77.78,195.6,TRUE,0
932,1976,8,10,0,10,28,"1976-08-10 00:10:28",5.6,"Mw",2.16,-78.96,32.1,TRUE,0
933,1976,8,16,18,5,9,"1976-08-16 18:05:09",4.8,"Mw",-4.45,-80.47,99.7,TRUE,0
934,1976,8,23,15,10,53,"1976-08-23 15:10:53",4.8,"Mw",1.75,-79.98,33,TRUE,0
935,1976,9,19,5,49,56,"1976-09-19 05:49:56",4.1,"Mw",3.25,-77.87,33,TRUE,0
936,1976,10,4,23,36,12,"1976-10-04 23:36:12",5.1,"Mw",-0.68,-78.61,50.7,TRUE,1
937,1976,10,5,16,36,32,"1976-10-05 16:36:32",5,"Mw",-0.62,-78.77,49.1,FALSE,0
938,1976,10,6,9,12,36,"1976-10-06 09:12:36",5.7,"Mw",-0.72,-78.72,3.6,TRUE,5
939,1976,10,6,10,45,23,"1976-10-06 10:45:23",4.7,"Mw",-0.84,-79.04,26,FALSE,0
940,1976,10,6,15,44,29,"1976-10-06 15:44:29",4.8,"Mw",-0.58,-78.38,89,FALSE,0
941,1976,10,7,22,1,21,"1976-10-07 22:01:21",4.8,"Mw",-0.23,-80.41,62.8,TRUE,0
942,1976,10,10,6,19,24,"1976-10-10 06:19:24",4.9,"Mw",-0.74,-78.72,48.8,FALSE,0
943,1976,10,12,23,49,34,"1976-10-12 23:49:34",4.8,"Mw",3.25,-76.97,90,TRUE,0
944,1976,10,27,0,5,49,"1976-10-27 00:05:49",5.2,"Mw",-1.24,-77.98,26.2,TRUE,2
945,1976,11,20,22,37,27,"1976-11-20 22:37:27",4.9,"Mw",-6.46,-81.04,33,TRUE,0
946,1976,11,26,23,43,41,"1976-11-26 23:43:41",4.4,"Mw",-1.37,-77.64,203.3,FALSE,0
947,1976,11,29,23,20,0,"1976-11-29 23:20:00",5,"Mw",-0.52,-78.61,10,FALSE,0
948,1976,12,20,16,56,41,"1976-12-20 16:56:41",5,"Mw",-6.84,-76.93,60,TRUE,0
949,1976,12,26,4,18,37,"1976-12-26 04:18:37",4.9,"Mw",-0.75,-77.84,37.9,TRUE,0
950,1976,12,27,6,22,30,"1976-12-27 06:22:30",4.6,"Mw",-3.85,-80.85,79.6,TRUE,0
951,1977,1,13,3,27,22,"1977-01-13 03:27:22",4.7,"Mw",-1.54,-77.67,181,FALSE,0
952,1977,1,23,17,48,1,"1977-01-23 17:48:01",4.5,"Mw",3.81,-78.84,33,TRUE,0
953,1977,2,12,11,44,25,"1977-02-12 11:44:25",4.5,"Mw",1.94,-75.86,47,TRUE,0
954,1977,2,28,1,32,0,"1977-02-28 01:32:00",5,"Mw",3.94,-82.74,10,TRUE,0
955,1977,3,16,16,29,0,"1977-03-16 16:29:00",4.3,"Mw",3.62,-74.49,135,TRUE,0
956,1977,3,17,16,58,41,"1977-03-17 16:58:41",4.5,"Mw",-0.65,-78.77,33,FALSE,0
957,1977,3,19,6,28,18,"1977-03-19 06:28:18",4.4,"Mw",-1.57,-77.69,198.6,TRUE,0
958,1977,3,24,7,27,18,"1977-03-24 07:27:18",5.2,"Mw",3.17,-78.46,22.7,TRUE,0
959,1977,3,30,18,53,39,"1977-03-30 18:53:39",4.8,"Mw",-5.31,-78.43,49.1,TRUE,0
960,1977,4,9,13,41,12,"1977-04-09 13:41:12",4.3,"Mw",3.2,-76.55,99.9,TRUE,0
961,1977,5,1,0,9,7,"1977-05-01 00:09:07",5.2,"Mw",-6.19,-77.1,122.4,TRUE,0
962,1977,5,3,22,43,37,"1977-05-03 22:43:37",4.7,"Mw",-5.93,-75.58,133,TRUE,0
963,1977,5,8,16,45,18,"1977-05-08 16:45:18",5.5,"Mw",-1.11,-80.97,29,TRUE,6
964,1977,5,8,18,0,3,"1977-05-08 18:00:03",5,"Mw",-1.05,-80.85,49.9,FALSE,0
965,1977,5,9,4,48,47,"1977-05-09 04:48:47",4.6,"Mw",-1.22,-80.98,54.1,FALSE,0
966,1977,5,10,23,56,32,"1977-05-10 23:56:32",4.9,"Mw",-1.13,-81,52,FALSE,0
967,1977,5,13,13,35,16,"1977-05-13 13:35:16",4.9,"Mw",-5.71,-77.09,48.3,TRUE,1
968,1977,5,14,9,16,2,"1977-05-14 09:16:02",4.7,"Mw",-1.19,-80.88,33,FALSE,0
969,1977,5,21,12,2,28,"1977-05-21 12:02:28",4.5,"Mw",-1.47,-80.75,72.8,FALSE,0
970,1977,5,21,14,14,42,"1977-05-21 14:14:42",5,"Mw",-1.56,-80.82,57.9,TRUE,1
971,1977,5,21,20,11,14,"1977-05-21 20:11:14",4.3,"Mw",-3.77,-77.85,106.8,TRUE,0
972,1977,5,21,20,26,6,"1977-05-21 20:26:06",4.3,"Mw",-1.58,-80.97,37,FALSE,0
973,1977,5,22,10,24,23,"1977-05-22 10:24:23",4.4,"Mw",-1.49,-80.83,65,FALSE,0
974,1977,5,26,6,19,44,"1977-05-26 06:19:44",5.1,"Mw",-1.66,-81.07,15,TRUE,0
975,1977,5,28,7,27,13,"1977-05-28 07:27:13",4.4,"Mw",-2.36,-79.95,66.2,TRUE,0
976,1977,6,9,15,58,25,"1977-06-09 15:58:25",4.8,"Mw",-4.14,-82.54,33,TRUE,0
977,1977,6,13,1,2,2,"1977-06-13 01:02:02",4.7,"Mw",-5.62,-77.39,40.6,FALSE,0
978,1977,6,16,5,57,42,"1977-06-16 05:57:42",4.1,"Mw",3.11,-83.52,33,TRUE,0
979,1977,6,27,18,57,21,"1977-06-27 18:57:21",4.9,"Mw",-1.78,-77.13,25.2,TRUE,0
980,1977,7,6,23,58,2,"1977-07-06 23:58:02",4.5,"Mw",3.69,-77.91,52,TRUE,0
981,1977,7,16,16,34,17,"1977-07-16 16:34:17",4.8,"Mw",-2.09,-79.13,33,TRUE,0
982,1977,7,24,23,25,36,"1977-07-24 23:25:36",4.7,"Mw",-5.66,-77.31,33,TRUE,0
983,1977,7,30,5,22,17,"1977-07-30 05:22:17",4.9,"Mw",-5.53,-77.29,8.3,TRUE,0
984,1977,8,15,16,49,42,"1977-08-15 16:49:42",4.9,"Mw",-4.22,-80.95,37.1,TRUE,1
985,1977,9,20,17,17,50,"1977-09-20 17:17:50",4.7,"Mw",-4.33,-80.92,77,FALSE,0
986,1977,9,28,1,1,51,"1977-09-28 01:01:51",4.6,"Mw",-5.7,-77.18,74.9,TRUE,0
987,1977,10,3,12,28,23,"1977-10-03 12:28:23",4.6,"Mw",3.28,-77.66,125,TRUE,0
988,1977,11,3,5,5,10,"1977-11-03 05:05:10",4.6,"Mw",-1.77,-77.74,160.8,TRUE,1
989,1977,11,12,16,57,58,"1977-11-12 16:57:58",4.5,"Mw",-1.74,-77.77,170,FALSE,0
990,1978,1,24,20,20,28,"1978-01-24 20:20:28",4.6,"Mw",-1.71,-77.94,131,TRUE,0
991,1978,3,14,17,20,46,"1978-03-14 17:20:46",4.8,"Mw",-4.86,-77.88,75.9,TRUE,0
992,1978,3,24,0,31,21,"1978-03-24 00:31:21",5.2,"Mw",-5.2,-75.6,31.5,TRUE,0
993,1978,4,3,3,6,44,"1978-04-03 03:06:44",4.7,"Mw",3.35,-78.95,16.8,TRUE,0
994,1978,4,3,5,31,33,"1978-04-03 05:31:33",4.8,"Mw",-3.57,-77.12,52.9,TRUE,0
995,1978,4,7,9,52,6,"1978-04-07 09:52:06",4.3,"Mw",-1.69,-78.32,54.3,TRUE,0
996,1978,4,9,0,53,12,"1978-04-09 00:53:12",4.5,"Mw",3.62,-82.96,33,TRUE,0
997,1978,4,10,13,40,42,"1978-04-10 13:40:42",5,"Mw",-5.57,-81.21,32.2,TRUE,0
998,1978,4,11,22,57,48,"1978-04-11 22:57:48",4.7,"Mw",-5.73,-75,148,TRUE,0
999,1978,4,16,15,50,26,"1978-04-16 15:50:26",4.5,"Mw",-3.99,-83.01,33,TRUE,0
1000,1978,4,23,1,58,49,"1978-04-23 01:58:49",4.8,"Mw",-2.07,-81.1,33.9,TRUE,0
1001,1978,4,30,12,53,28,"1978-04-30 12:53:28",4.5,"Mw",2.51,-79.15,57.1,TRUE,0
1002,1978,5,8,7,32,29,"1978-05-08 07:32:29",5.1,"Mw",-3.32,-77.27,107.7,TRUE,0
1003,1978,5,20,23,58,2,"1978-05-20 23:58:02",5.1,"Mw",-5.44,-81.21,20,TRUE,0
1004,1978,5,28,6,7,4,"1978-05-28 06:07:04",4.9,"Mw",-6.7,-74.57,75,TRUE,0
1005,1978,6,7,8,0,35,"1978-06-07 08:00:35",4.8,"Mw",-0.65,-78.29,6.8,TRUE,0
1006,1978,6,9,9,22,17,"1978-06-09 09:22:17",4.6,"Mw",-4.72,-80.53,86.2,TRUE,0
1007,1978,6,10,4,29,45,"1978-06-10 04:29:45",4.6,"Mw",2.82,-78.82,18.9,TRUE,0
1008,1978,6,18,11,7,46,"1978-06-18 11:07:46",4.5,"Mw",-2.73,-80.94,103,TRUE,0
1009,1978,7,3,5,24,55,"1978-07-03 05:24:55",4.6,"Mw",-6.07,-81.23,33,TRUE,0
1010,1978,7,18,14,26,2,"1978-07-18 14:26:02",4.7,"Mw",1.92,-78.19,88.9,TRUE,0
1011,1978,7,22,7,40,4,"1978-07-22 07:40:04",4.4,"Mw",-1.29,-77.78,202,TRUE,0
1012,1978,7,28,10,32,34,"1978-07-28 10:32:34",4,"Mw",-3.71,-80.41,33,TRUE,0
1013,1978,8,10,4,10,56,"1978-08-10 04:10:56",4.8,"Mw",-2.05,-78.69,131.9,TRUE,0
1014,1978,8,12,8,25,27,"1978-08-12 08:25:27",4.1,"Mw",2.58,-77.54,124.3,TRUE,0
1015,1978,8,30,0,26,4,"1978-08-30 00:26:04",4.9,"Mw",-5.29,-78.39,131.6,TRUE,0
1016,1978,9,11,4,21,57,"1978-09-11 04:21:57",4.3,"Mw",-2.08,-78.16,166.4,TRUE,0
1017,1978,9,26,13,39,4,"1978-09-26 13:39:04",4.7,"Mw",-1.54,-80.96,33,TRUE,0
1018,1978,11,4,4,21,12,"1978-11-04 04:21:12",4.9,"Mw",-5.93,-81.22,34.3,TRUE,0
1019,1978,11,4,20,16,8,"1978-11-04 20:16:08",4.3,"Mw",-2.12,-76.45,58,TRUE,0
1020,1978,11,9,0,36,56,"1978-11-09 00:36:56",4.8,"Mw",-1.42,-77.86,171.3,TRUE,1
1021,1978,11,11,21,47,55,"1978-11-11 21:47:55",4.2,"Mw",-1.92,-78.02,157.8,TRUE,0
1022,1978,11,21,0,7,5,"1978-11-21 00:07:05",5.1,"Mw",-4.33,-81.2,42.1,TRUE,0
1023,1978,11,24,15,16,45,"1978-11-24 15:16:45",5.1,"Mw",-4.89,-80.9,64.3,TRUE,0
1024,1978,12,18,13,37,31,"1978-12-18 13:37:31",4.2,"Mw",-1.39,-77.52,168,FALSE,0
1025,1978,12,24,23,13,43,"1978-12-24 23:13:43",4.6,"Mw",-2.64,-80.03,39.9,TRUE,0
1026,1978,12,27,9,33,24,"1978-12-27 09:33:24",4,"Mw",-1.83,-76.51,33,TRUE,0
1027,1979,1,6,12,50,51,"1979-01-06 12:50:51",4.5,"Mw",2.2,-75.82,41.2,TRUE,0
1028,1979,1,17,2,12,51,"1979-01-17 02:12:51",4.4,"Mw",-1.24,-77.74,196.8,TRUE,0
1029,1979,1,27,13,38,58,"1979-01-27 13:38:58",4.5,"Mw",-5.29,-76.65,56.8,TRUE,0
1030,1979,2,4,4,52,32,"1979-02-04 04:52:32",4.5,"Mw",0.11,-79.29,61.7,TRUE,0
1031,1979,2,28,15,3,49,"1979-02-28 15:03:49",4.8,"Mw",0.9,-79.76,41.8,TRUE,0
1032,1979,3,1,5,37,11,"1979-03-01 05:37:11",5.1,"Mw",-6.53,-81.03,28.6,TRUE,0
1033,1979,3,1,14,33,13,"1979-03-01 14:33:13",5.7,"Mw",0.62,-80.02,10.8,TRUE,4
1034,1979,3,9,8,40,12,"1979-03-09 08:40:12",4.3,"Mw",0.77,-80.03,71.6,FALSE,0
1035,1979,3,9,9,17,21,"1979-03-09 09:17:21",4.5,"Mw",0.47,-80.18,67.6,FALSE,0
1036,1979,3,10,0,28,0,"1979-03-10 00:28:00",4.5,"Mw",0.6,-80.02,83.3,FALSE,0
1037,1979,3,11,4,16,52,"1979-03-11 04:16:52",4.4,"Mw",3.62,-83.08,33,TRUE,0
1038,1979,3,11,7,14,30,"1979-03-11 07:14:30",4.6,"Mw",3.64,-82.72,33,TRUE,0
1039,1979,3,15,0,56,59,"1979-03-15 00:56:59",4.8,"Mw",3.17,-83.2,33,TRUE,0
1040,1979,3,16,7,3,35,"1979-03-16 07:03:35",4.4,"Mw",-4.23,-76.68,46,TRUE,0
1041,1979,3,26,16,7,0,"1979-03-26 16:07:00",4.4,"Mw",-1.57,-77.51,177.6,TRUE,0
1042,1979,3,27,9,9,16,"1979-03-27 09:09:16",4.4,"Mw",3.93,-76.02,127,TRUE,0
1043,1979,4,6,2,41,21,"1979-04-06 02:41:21",4.4,"Mw",-1.65,-77.7,192.6,TRUE,0
1044,1979,4,15,13,31,45,"1979-04-15 13:31:45",4.9,"Mw",3.43,-82.83,33,TRUE,0
1045,1979,4,21,11,46,20,"1979-04-21 11:46:20",4.7,"Mw",-5.99,-81.46,48,TRUE,0
1046,1979,4,22,7,35,43,"1979-04-22 07:35:43",4.3,"Mw",-2.16,-80.63,53,TRUE,0
1047,1979,4,30,1,4,24,"1979-04-30 01:04:24",4.4,"Mw",-1.6,-77.76,245.2,TRUE,0
1048,1979,5,13,22,41,54,"1979-05-13 22:41:54",4.6,"Mw",-3.73,-79.46,95.7,TRUE,0
1049,1979,5,20,1,43,24,"1979-05-20 01:43:24",4.4,"Mw",-6.31,-77.38,33,TRUE,0
1050,1979,5,25,4,31,35,"1979-05-25 04:31:35",4.3,"Mw",0.44,-80.24,38.6,FALSE,0
1051,1979,6,1,20,40,58,"1979-06-01 20:40:58",4.8,"Mw",-6.71,-74.36,116,TRUE,0
1052,1979,6,2,1,32,52,"1979-06-02 01:32:52",4.4,"Mw",-1.65,-77.91,167.1,TRUE,0
1053,1979,6,12,21,32,53,"1979-06-12 21:32:53",5,"Mw",-3.76,-80.86,49,TRUE,0
1054,1979,6,16,18,6,58,"1979-06-16 18:06:58",4.3,"Mw",-2.52,-76.87,144.5,TRUE,0
1055,1979,8,24,17,55,39,"1979-08-24 17:55:39",4.3,"Mw",1.96,-75.37,39.5,TRUE,0
1056,1979,8,26,12,18,0,"1979-08-26 12:18:00",4.9,"Mw",-6.96,-80.61,19.5,TRUE,0
1057,1979,9,5,7,13,2,"1979-09-05 07:13:02",4.3,"Mw",-1.16,-81.02,25,TRUE,0
1058,1979,9,13,4,40,1,"1979-09-13 04:40:01",4.9,"Mw",-5.37,-77.5,40.6,TRUE,1
1059,1979,9,16,9,9,11,"1979-09-16 09:09:11",4.8,"Mw",-2.28,-79.03,90.4,TRUE,0
1060,1979,10,5,16,43,17,"1979-10-05 16:43:17",5.3,"Mw",-3.56,-76.18,118.5,TRUE,0
1061,1979,10,9,16,57,6,"1979-10-09 16:57:06",4.8,"Mw",-6.35,-76.28,119.9,TRUE,0
1062,1979,10,11,17,47,31,"1979-10-11 17:47:31",4.8,"Mw",-5.46,-77.19,16.1,FALSE,0
1063,1979,10,11,17,48,34,"1979-10-11 17:48:34",5.2,"Mw",-5.44,-77.17,16.9,TRUE,0
1064,1979,11,13,6,22,4,"1979-11-13 06:22:04",4.6,"Mw",-2.33,-76.67,141,TRUE,0
1065,1979,11,18,13,50,45,"1979-11-18 13:50:45",4.9,"Mw",-6.27,-74.33,33,TRUE,0
1066,1979,11,26,21,5,48,"1979-11-26 21:05:48",4.9,"Mw",-3.32,-80.71,59.1,TRUE,0
1067,1979,12,4,12,47,58,"1979-12-04 12:47:58",4.8,"Mw",-2.59,-78.54,109.7,TRUE,0
1068,1979,12,12,7,59,4,"1979-12-12 07:59:04",8.1,"Mw",1.62,-79.42,37.5,TRUE,158
1069,1979,12,12,8,14,50,"1979-12-12 08:14:50",5.4,"Mw",2.3,-79.28,25.4,FALSE,0
1070,1979,12,12,8,32,4,"1979-12-12 08:32:04",5.3,"Mw",2.06,-78.88,33,FALSE,0
1071,1979,12,12,8,33,52,"1979-12-12 08:33:52",5.7,"Mw",2.87,-78.78,25,FALSE,0
1072,1979,12,12,8,42,19,"1979-12-12 08:42:19",5,"Mw",2.67,-78.77,33,FALSE,0
1073,1979,12,12,8,50,38,"1979-12-12 08:50:38",4.9,"Mw",2,-78.95,33,FALSE,0
1074,1979,12,12,10,48,33,"1979-12-12 10:48:33",4.5,"Mw",2.03,-78.52,33,FALSE,0
1075,1979,12,12,11,53,50,"1979-12-12 11:53:50",5.2,"Mw",2.38,-79.34,33.6,FALSE,0
1076,1979,12,12,12,3,45,"1979-12-12 12:03:45",4.8,"Mw",1.55,-79.47,25,FALSE,0
1077,1979,12,12,14,59,2,"1979-12-12 14:59:02",4.9,"Mw",2.89,-78.67,33,FALSE,0
1078,1979,12,12,17,49,7,"1979-12-12 17:49:07",5,"Mw",3.62,-78.22,60.9,TRUE,5
1079,1979,12,12,18,36,29,"1979-12-12 18:36:29",4.7,"Mw",2.11,-79.31,62.2,FALSE,0
1080,1979,12,12,20,8,2,"1979-12-12 20:08:02",4.9,"Mw",2.47,-79.14,74.3,FALSE,0
1081,1979,12,12,20,18,32,"1979-12-12 20:18:32",4.3,"Mw",2.02,-79.46,33,FALSE,0
1082,1979,12,12,23,51,33,"1979-12-12 23:51:33",4.6,"Mw",3.59,-78.28,33,FALSE,0
1083,1979,12,13,1,46,35,"1979-12-13 01:46:35",4.6,"Mw",2.46,-79.33,33,FALSE,0
1084,1979,12,13,2,1,36,"1979-12-13 02:01:36",4.9,"Mw",3.15,-79.36,33,FALSE,0
1085,1979,12,13,4,20,34,"1979-12-13 04:20:34",4.6,"Mw",2.34,-78.83,33,FALSE,0
1086,1979,12,13,4,46,44,"1979-12-13 04:46:44",5,"Mw",2.05,-79.14,15,FALSE,0
1087,1979,12,13,5,37,49,"1979-12-13 05:37:49",6.3,"Mw",2.47,-79.43,28.8,FALSE,0
1088,1979,12,13,6,59,0,"1979-12-13 06:59:00",4.4,"Mw",2.42,-79.22,33,FALSE,0
1089,1979,12,13,8,5,31,"1979-12-13 08:05:31",4.4,"Mw",1.61,-80,52.5,FALSE,0
1090,1979,12,13,12,42,3,"1979-12-13 12:42:03",4.5,"Mw",3.18,-79.06,33,FALSE,0
1091,1979,12,13,13,16,54,"1979-12-13 13:16:54",4.9,"Mw",2.9,-79.49,28.9,FALSE,0
1092,1979,12,13,17,53,16,"1979-12-13 17:53:16",4.3,"Mw",1.97,-79.09,95.2,FALSE,0
1093,1979,12,13,19,33,49,"1979-12-13 19:33:49",4.5,"Mw",2.11,-79.54,33,FALSE,0
1094,1979,12,13,20,41,54,"1979-12-13 20:41:54",4.4,"Mw",1.92,-79.41,51.4,FALSE,0
1095,1979,12,13,21,34,51,"1979-12-13 21:34:51",5.2,"Mw",2.41,-79.35,33,FALSE,0
1096,1979,12,13,22,1,12,"1979-12-13 22:01:12",4.7,"Mw",2.13,-79.29,33,FALSE,0
1097,1979,12,13,22,40,33,"1979-12-13 22:40:33",4.9,"Mw",1.99,-79.47,44.1,FALSE,0
1098,1979,12,14,1,25,29,"1979-12-14 01:25:29",4.2,"Mw",2.09,-79.42,33,FALSE,0
1099,1979,12,14,6,14,12,"1979-12-14 06:14:12",4.8,"Mw",2.46,-79.12,24.9,FALSE,0
1100,1979,12,14,6,16,5,"1979-12-14 06:16:05",5.1,"Mw",2.54,-79.07,18.4,FALSE,0
1101,1979,12,14,6,20,58,"1979-12-14 06:20:58",4.7,"Mw",3.34,-78.72,33,TRUE,3
1102,1979,12,14,7,13,34,"1979-12-14 07:13:34",4.5,"Mw",2.42,-79.18,40,FALSE,0
1103,1979,12,14,8,42,22,"1979-12-14 08:42:22",4.6,"Mw",2.73,-79.51,15,FALSE,0
1104,1979,12,14,9,36,25,"1979-12-14 09:36:25",4.2,"Mw",2.68,-79.36,33,FALSE,0
1105,1979,12,14,9,55,5,"1979-12-14 09:55:05",4.5,"Mw",2.41,-79.16,33,FALSE,0
1106,1979,12,14,16,43,12,"1979-12-14 16:43:12",4.5,"Mw",2.43,-79.63,33,FALSE,0
1107,1979,12,14,20,27,26,"1979-12-14 20:27:26",4.2,"Mw",2.43,-79.15,33,FALSE,0
1108,1979,12,15,3,51,44,"1979-12-15 03:51:44",4.2,"Mw",3.1,-78.74,33,FALSE,0
1109,1979,12,15,4,32,14,"1979-12-15 04:32:14",4.3,"Mw",3.31,-78.64,33,FALSE,0
1110,1979,12,15,7,35,21,"1979-12-15 07:35:21",4.5,"Mw",2.77,-79.54,33,FALSE,0
1111,1979,12,15,7,45,6,"1979-12-15 07:45:06",4.5,"Mw",2.75,-78.89,33,FALSE,0
1112,1979,12,15,10,55,30,"1979-12-15 10:55:30",4.4,"Mw",1.97,-79.64,33,FALSE,0
1113,1979,12,15,15,23,33,"1979-12-15 15:23:33",5,"Mw",3.05,-79.2,43.3,FALSE,0
1114,1979,12,15,16,11,27,"1979-12-15 16:11:27",4.6,"Mw",2.77,-79.61,33,FALSE,0
1115,1979,12,15,19,56,34,"1979-12-15 19:56:34",4.4,"Mw",3.63,-78.6,33,FALSE,0
1116,1979,12,15,20,1,51,"1979-12-15 20:01:51",4.8,"Mw",2.88,-78.76,28.6,FALSE,0
1117,1979,12,15,20,26,21,"1979-12-15 20:26:21",5,"Mw",2.71,-79.42,16.3,FALSE,0
1118,1979,12,15,20,37,21,"1979-12-15 20:37:21",4.7,"Mw",2.81,-79.18,56.5,FALSE,0
1119,1979,12,15,23,27,54,"1979-12-15 23:27:54",4.6,"Mw",2.46,-79.15,33,FALSE,0
1120,1979,12,16,8,17,24,"1979-12-16 08:17:24",4.6,"Mw",2.54,-79.96,33,FALSE,0
1121,1979,12,16,8,27,4,"1979-12-16 08:27:04",4.2,"Mw",2.9,-79.27,33,FALSE,0
1122,1979,12,16,15,43,13,"1979-12-16 15:43:13",4.9,"Mw",2.69,-79.19,33,FALSE,0
1123,1979,12,17,2,16,50,"1979-12-17 02:16:50",4.6,"Mw",2.96,-79.52,49.8,FALSE,0
1124,1979,12,17,6,10,49,"1979-12-17 06:10:49",4.4,"Mw",2.89,-78.69,33,FALSE,0
1125,1979,12,17,9,25,53,"1979-12-17 09:25:53",4.4,"Mw",3.48,-78.81,33,FALSE,0
1126,1979,12,17,10,58,12,"1979-12-17 10:58:12",4.5,"Mw",2.59,-79.03,49.9,FALSE,0
1127,1979,12,17,12,40,11,"1979-12-17 12:40:11",4.6,"Mw",3.29,-78.61,33,FALSE,0
1128,1979,12,18,7,46,50,"1979-12-18 07:46:50",4.6,"Mw",2.51,-79.21,33,FALSE,0
1129,1979,12,18,8,43,16,"1979-12-18 08:43:16",4.5,"Mw",2.28,-79.73,33,FALSE,0
1130,1979,12,18,17,11,36,"1979-12-18 17:11:36",4.5,"Mw",3,-79.34,33,FALSE,0
1131,1979,12,18,17,34,34,"1979-12-18 17:34:34",4.7,"Mw",2.49,-79.67,33,FALSE,0
1132,1979,12,19,0,50,29,"1979-12-19 00:50:29",4,"Mw",2.51,-79.5,33,FALSE,0
1133,1979,12,19,22,49,40,"1979-12-19 22:49:40",4.9,"Mw",2.57,-79.44,33,FALSE,0
1134,1979,12,20,2,8,36,"1979-12-20 02:08:36",4.4,"Mw",3.13,-77.9,58.7,TRUE,0
1135,1979,12,20,18,19,44,"1979-12-20 18:19:44",4.7,"Mw",2.34,-79.67,33,FALSE,0
1136,1979,12,21,0,26,8,"1979-12-21 00:26:08",5,"Mw",-2.6,-79.01,90.5,TRUE,0
1137,1979,12,21,1,49,22,"1979-12-21 01:49:22",4.5,"Mw",2.2,-78.71,91.5,FALSE,0
1138,1979,12,21,3,4,57,"1979-12-21 03:04:57",4.4,"Mw",2.89,-79.17,33,FALSE,0
1139,1979,12,21,6,35,28,"1979-12-21 06:35:28",4.6,"Mw",2.02,-79.31,65.4,FALSE,0
1140,1979,12,21,10,0,7,"1979-12-21 10:00:07",4.7,"Mw",3.08,-79.42,33,FALSE,0
1141,1979,12,21,18,55,10,"1979-12-21 18:55:10",4.5,"Mw",1.99,-79.26,69.7,FALSE,0
1142,1979,12,21,19,43,32,"1979-12-21 19:43:32",4.6,"Mw",2.97,-79.05,33,FALSE,0
1143,1979,12,21,22,57,47,"1979-12-21 22:57:47",4.8,"Mw",2.39,-79.2,33,FALSE,0
1144,1979,12,21,23,2,16,"1979-12-21 23:02:16",4.8,"Mw",3.13,-77.88,58.2,TRUE,0
1145,1979,12,22,14,13,3,"1979-12-22 14:13:03",4.5,"Mw",2.67,-78.85,33,FALSE,0
1146,1979,12,22,15,21,55,"1979-12-22 15:21:55",4.3,"Mw",3.47,-78.25,75.1,FALSE,0
1147,1979,12,23,8,29,47,"1979-12-23 08:29:47",4.5,"Mw",2.28,-79.03,80.1,FALSE,0
1148,1979,12,23,8,47,19,"1979-12-23 08:47:19",5,"Mw",3.46,-78.36,16.3,TRUE,0
1149,1979,12,24,6,22,30,"1979-12-24 06:22:30",4.4,"Mw",2.24,-79.28,57.6,FALSE,0
1150,1979,12,24,12,46,8,"1979-12-24 12:46:08",4.9,"Mw",2.28,-78.84,51.5,FALSE,0
1151,1979,12,25,3,25,44,"1979-12-25 03:25:44",4.3,"Mw",2.33,-78.38,33,FALSE,0
1152,1979,12,25,14,55,58,"1979-12-25 14:55:58",4.8,"Mw",2.12,-79.41,33,FALSE,0
1153,1979,12,26,5,50,59,"1979-12-26 05:50:59",4,"Mw",2.86,-78.76,33,FALSE,0
1154,1979,12,28,15,6,2,"1979-12-28 15:06:02",4.8,"Mw",3.64,-78.2,64.4,FALSE,0
1155,1979,12,29,22,8,6,"1979-12-29 22:08:06",4.9,"Mw",2.16,-79.2,61.4,FALSE,0
1156,1979,12,30,2,9,35,"1979-12-30 02:09:35",4.2,"Mw",2.73,-79.29,33,FALSE,0
1157,1979,12,30,16,12,22,"1979-12-30 16:12:22",4.8,"Mw",3.06,-79.41,29.9,FALSE,0
1158,1979,12,30,16,15,31,"1979-12-30 16:15:31",4.5,"Mw",3.1,-79.48,33,FALSE,0
1159,1979,12,31,4,21,2,"1979-12-31 04:21:02",4.1,"Mw",3.2,-79.06,33,FALSE,0
1160,1979,12,31,11,58,39,"1979-12-31 11:58:39",5,"Mw",3.57,-78.3,20,TRUE,0
1161,1979,12,31,12,30,18,"1979-12-31 12:30:18",4.5,"Mw",3.11,-79.25,33,FALSE,0
1162,1979,12,31,19,28,23,"1979-12-31 19:28:23",4.2,"Mw",-2.9,-81.94,33,TRUE,0
1163,1979,12,31,23,7,25,"1979-12-31 23:07:25",6,"Mw",2.05,-79.01,34.3,FALSE,0
1164,1980,1,1,23,55,14,"1980-01-01 23:55:14",4.1,"Mw",3.25,-79.39,33,FALSE,0
1165,1980,1,2,19,4,3,"1980-01-02 19:04:03",4.8,"Mw",2.9,-79.57,39.3,FALSE,0
1166,1980,1,3,3,37,19,"1980-01-03 03:37:19",4.5,"Mw",3.29,-79.23,33,FALSE,0
1167,1980,1,3,4,48,21,"1980-01-03 04:48:21",4.1,"Mw",3.1,-79.29,33,FALSE,0
1168,1980,1,4,3,43,46,"1980-01-04 03:43:46",4.4,"Mw",3.15,-79.18,33,FALSE,0
1169,1980,1,5,4,9,19,"1980-01-05 04:09:19",4.4,"Mw",2.33,-79.38,33,FALSE,0
1170,1980,1,6,4,0,17,"1980-01-06 04:00:17",4.5,"Mw",2.65,-78.38,65.6,FALSE,0
1171,1980,1,6,20,14,14,"1980-01-06 20:14:14",4.9,"Mw",2.81,-78.79,33,FALSE,0
1172,1980,1,7,0,33,38,"1980-01-07 00:33:38",5.3,"Mw",2.92,-78.74,27.3,FALSE,0
1173,1980,1,13,0,29,9,"1980-01-13 00:29:09",4.7,"Mw",-0.11,-78.6,126.9,TRUE,0
1174,1980,1,17,19,48,27,"1980-01-17 19:48:27",4.6,"Mw",3.42,-78.47,65.6,FALSE,0
1175,1980,1,22,1,8,8,"1980-01-22 01:08:08",4.3,"Mw",-4.38,-77.26,161.3,TRUE,0
1176,1980,1,26,15,27,16,"1980-01-26 15:27:16",5.6,"Mw",2.4,-79.49,23.7,FALSE,0
1177,1980,1,28,4,39,7,"1980-01-28 04:39:07",4.4,"Mw",1.73,-79.67,67.3,FALSE,0
1178,1980,1,31,7,31,47,"1980-01-31 07:31:47",4.5,"Mw",2.77,-79.13,73.8,FALSE,0
1179,1980,2,6,13,25,41,"1980-02-06 13:25:41",4.2,"Mw",2.37,-79.19,132.3,FALSE,0
1180,1980,2,8,3,3,58,"1980-02-08 03:03:58",4.1,"Mw",3.65,-78.84,33,TRUE,0
1181,1980,2,9,11,14,37,"1980-02-09 11:14:37",4.5,"Mw",1.99,-79.14,83.2,FALSE,0
1182,1980,2,11,15,56,21,"1980-02-11 15:56:21",4.1,"Mw",2.25,-79.64,44.4,FALSE,0
1183,1980,2,12,8,18,49,"1980-02-12 08:18:49",4.4,"Mw",3.65,-74.02,37.7,TRUE,0
1184,1980,2,13,11,13,12,"1980-02-13 11:13:12",4.7,"Mw",3.4,-77.82,55.4,TRUE,0
1185,1980,2,15,21,19,42,"1980-02-15 21:19:42",4.3,"Mw",-2.78,-80.26,71,TRUE,0
1186,1980,2,18,13,3,23,"1980-02-18 13:03:23",5.7,"Mw",-2.26,-79.77,72,TRUE,0
1187,1980,2,21,10,42,57,"1980-02-21 10:42:57",4.4,"Mw",2.44,-79.19,44.3,FALSE,0
1188,1980,2,23,14,13,4,"1980-02-23 14:13:04",4.2,"Mw",2.18,-79.32,54.3,FALSE,0
1189,1980,2,24,11,0,51,"1980-02-24 11:00:51",4.4,"Mw",-4.82,-77.14,151,TRUE,0
1190,1980,3,3,9,13,56,"1980-03-03 09:13:56",4.3,"Mw",2.9,-78.83,33,FALSE,0
1191,1980,3,16,3,26,12,"1980-03-16 03:26:12",4.1,"Mw",1.58,-79.84,33,FALSE,0
1192,1980,3,19,22,11,37,"1980-03-19 22:11:37",4.7,"Mw",3.72,-83.98,33,TRUE,0
1193,1980,3,20,14,32,38,"1980-03-20 14:32:38",4.6,"Mw",-4.99,-80.72,75.7,TRUE,0
1194,1980,3,28,15,39,40,"1980-03-28 15:39:40",4.6,"Mw",-1.79,-77.89,170.4,TRUE,0
1195,1980,4,15,10,27,54,"1980-04-15 10:27:54",4.6,"Mw",2.27,-79.66,33,FALSE,0
1196,1980,4,17,5,38,54,"1980-04-17 05:38:54",4.4,"Mw",1.91,-79.37,33,FALSE,0
1197,1980,4,20,11,26,23,"1980-04-20 11:26:23",5.2,"Mw",-2.53,-78.51,101.1,TRUE,0
1198,1980,5,4,23,28,55,"1980-05-04 23:28:55",4.5,"Mw",-5.66,-79.15,79,TRUE,0
1199,1980,5,11,9,25,1,"1980-05-11 09:25:01",5.5,"Mw",1.75,-80.41,31,FALSE,0
1200,1980,5,12,13,56,10,"1980-05-12 13:56:10",4.6,"Mw",3.18,-79.06,26.8,FALSE,0
1201,1980,5,16,2,52,53,"1980-05-16 02:52:53",4.7,"Mw",-0.48,-79.16,11,TRUE,0
1202,1980,5,16,5,33,39,"1980-05-16 05:33:39",4.4,"Mw",1.76,-80.41,35,FALSE,0
1203,1980,5,30,13,59,16,"1980-05-30 13:59:16",4.4,"Mw",1.97,-79.44,33,FALSE,0
1204,1980,5,31,11,31,38,"1980-05-31 11:31:38",4.9,"Mw",2.55,-79.14,27.8,FALSE,0
1205,1980,6,24,0,15,54,"1980-06-24 00:15:54",4.9,"Mw",2.49,-78.79,50.1,FALSE,0
1206,1980,7,3,23,14,0,"1980-07-03 23:14:00",4.1,"Mw",0.39,-77.13,236.7,TRUE,0
1207,1980,7,6,18,3,27,"1980-07-06 18:03:27",4.5,"Mw",2.3,-78.89,56.9,FALSE,0
1208,1980,7,6,18,10,10,"1980-07-06 18:10:10",4.4,"Mw",1.07,-78.98,33,FALSE,0
1209,1980,7,10,19,1,52,"1980-07-10 19:01:52",4.8,"Mw",2.99,-79.08,58.9,FALSE,0
1210,1980,7,15,4,1,51,"1980-07-15 04:01:51",4.5,"Mw",-5.66,-81.11,33,TRUE,0
1211,1980,7,15,5,30,17,"1980-07-15 05:30:17",4.8,"Mw",2.98,-79.4,41.5,FALSE,0
1212,1980,7,19,18,9,59,"1980-07-19 18:09:59",4.3,"Mw",2.95,-79.36,33,FALSE,0
1213,1980,7,22,4,4,44,"1980-07-22 04:04:44",4.5,"Mw",2.84,-78.71,37.1,FALSE,0
1214,1980,7,23,8,43,55,"1980-07-23 08:43:55",4.2,"Mw",-2.31,-78.36,126.2,TRUE,0
1215,1980,7,23,15,15,49,"1980-07-23 15:15:49",4.3,"Mw",2.51,-79.15,33,FALSE,0
1216,1980,7,29,11,43,44,"1980-07-29 11:43:44",4.5,"Mw",-1.51,-77.8,173.6,TRUE,0
1217,1980,8,1,10,3,27,"1980-08-01 10:03:27",4.4,"Mw",2.59,-78.99,56.3,FALSE,0
1218,1980,8,5,10,21,49,"1980-08-05 10:21:49",4.5,"Mw",-5.52,-79.11,33,TRUE,1
1219,1980,8,9,19,46,10,"1980-08-09 19:46:10",4.7,"Mw",2.97,-79.46,29.6,FALSE,0
1220,1980,8,9,20,3,43,"1980-08-09 20:03:43",4.2,"Mw",2.83,-79.29,64,FALSE,0
1221,1980,8,18,15,7,54,"1980-08-18 15:07:54",5.9,"Mw",-1.98,-80,56,TRUE,2
1222,1980,8,20,20,32,9,"1980-08-20 20:32:09",4.5,"Mw",-2.18,-80.25,59,FALSE,0
1223,1980,8,30,19,38,40,"1980-08-30 19:38:40",4.6,"Mw",3.48,-78.79,40.6,TRUE,0
1224,1980,8,31,3,17,42,"1980-08-31 03:17:42",4.6,"Mw",3.41,-78.94,33,TRUE,0
1225,1980,8,31,12,4,59,"1980-08-31 12:04:59",4.7,"Mw",3.67,-78.86,31.5,TRUE,1
1226,1980,8,31,17,3,24,"1980-08-31 17:03:24",5.2,"Mw",-6.25,-80.88,28.8,TRUE,0
1227,1980,8,31,20,2,3,"1980-08-31 20:02:03",4.7,"Mw",3.26,-79.02,26.9,FALSE,0
1228,1980,9,3,10,50,34,"1980-09-03 10:50:34",4.2,"Mw",2.03,-79.52,33,FALSE,0
1229,1980,9,3,11,17,59,"1980-09-03 11:17:59",4.3,"Mw",-5.64,-79.36,75.9,FALSE,0
1230,1980,9,3,18,48,37,"1980-09-03 18:48:37",4.7,"Mw",-1.91,-78.01,158.9,TRUE,1
1231,1980,9,3,22,12,40,"1980-09-03 22:12:40",6.1,"Mw",3.23,-78.12,30.5,TRUE,1
1232,1980,9,14,23,41,58,"1980-09-14 23:41:58",4.1,"Mw",-1.84,-77.99,171.8,FALSE,0
1233,1980,9,15,1,14,4,"1980-09-15 01:14:04",4.4,"Mw",-4.29,-80.88,33,TRUE,0
1234,1980,9,16,12,27,44,"1980-09-16 12:27:44",4.6,"Mw",3.39,-79.04,21.9,FALSE,0
1235,1980,9,17,15,39,6,"1980-09-17 15:39:06",4.4,"Mw",-6.72,-76.99,132.6,TRUE,0
1236,1980,10,8,22,1,35,"1980-10-08 22:01:35",6,"Mw",-1.4,-77.65,189.1,TRUE,3
1237,1980,10,21,12,55,29,"1980-10-21 12:55:29",4.7,"Mw",-2.04,-79.54,116.8,TRUE,0
1238,1980,10,31,5,10,53,"1980-10-31 05:10:53",4.3,"Mw",2.67,-78.83,47.3,FALSE,0
1239,1980,11,2,18,21,17,"1980-11-02 18:21:17",4.9,"Mw",-4.57,-79.41,100.5,TRUE,0
1240,1980,11,9,13,2,57,"1980-11-09 13:02:57",4,"Mw",1.62,-80.53,33.4,FALSE,0
1241,1980,11,12,8,19,48,"1980-11-12 08:19:48",4.1,"Mw",-1.13,-77.82,33,FALSE,0
1242,1980,11,17,1,24,56,"1980-11-17 01:24:56",4,"Mw",3.99,-76.12,122,TRUE,0
1243,1980,11,27,22,4,20,"1980-11-27 22:04:20",4.8,"Mw",0.27,-79.28,33,FALSE,0
1244,1980,12,18,9,3,23,"1980-12-18 09:03:23",4.5,"Mw",3.95,-82.57,33,TRUE,0
1245,1980,12,25,0,51,7,"1980-12-25 00:51:07",5.1,"Mw",-4.05,-81.09,38.5,TRUE,0
1246,1980,12,30,6,44,13,"1980-12-30 06:44:13",4,"Mw",-5.45,-80.26,109.1,TRUE,0
1247,1981,1,1,16,27,39,"1981-01-01 16:27:39",4.4,"Mw",2.09,-79.07,59.5,FALSE,0
1248,1981,1,2,7,37,0,"1981-01-02 07:37:00",5.9,"Mw",2.13,-79.18,15,FALSE,0
1249,1981,1,2,20,38,37,"1981-01-02 20:38:37",4.7,"Mw",1.94,-79.34,51.9,FALSE,0
1250,1981,1,3,1,23,39,"1981-01-03 01:23:39",5.4,"Mw",2.13,-79.28,18,FALSE,0
1251,1981,1,3,4,5,58,"1981-01-03 04:05:58",4.2,"Mw",-2.12,-80.27,60.1,FALSE,0
1252,1981,1,7,7,1,41,"1981-01-07 07:01:41",5.5,"Mw",2,-79.26,26.8,FALSE,0
1253,1981,1,7,9,5,58,"1981-01-07 09:05:58",5.1,"Mw",1.96,-79.35,37.7,FALSE,0
1254,1981,1,10,0,5,20,"1981-01-10 00:05:20",4.8,"Mw",2.15,-79.15,46.2,FALSE,0
1255,1981,1,10,9,56,38,"1981-01-10 09:56:38",4.1,"Mw",2.25,-78.99,33,FALSE,0
1256,1981,1,11,1,29,59,"1981-01-11 01:29:59",4.3,"Mw",2.09,-79.14,33,FALSE,0
1257,1981,1,30,7,58,27,"1981-01-30 07:58:27",4.1,"Mw",1.83,-78.89,128,FALSE,0
1258,1981,1,30,23,57,49,"1981-01-30 23:57:49",4.7,"Mw",2.74,-79.79,18.7,FALSE,0
1259,1981,2,7,1,21,34,"1981-02-07 01:21:34",4,"Mw",3.28,-78.54,33,FALSE,0
1260,1981,2,18,23,24,55,"1981-02-18 23:24:55",4.6,"Mw",-1.8,-77.45,191,FALSE,0
1261,1981,2,28,21,56,16,"1981-02-28 21:56:16",6,"Mw",-6.47,-81.42,40.5,TRUE,0
1262,1981,3,4,4,33,23,"1981-03-04 04:33:23",4.8,"Mw",2.44,-79.13,26.2,FALSE,0
1263,1981,3,4,8,38,20,"1981-03-04 08:38:20",4.6,"Mw",-2.33,-81.07,33,TRUE,0
1264,1981,3,9,22,3,2,"1981-03-09 22:03:02",4.8,"Mw",-2.13,-80.28,48.2,TRUE,0
1265,1981,3,10,6,51,1,"1981-03-10 06:51:01",4.5,"Mw",-0.76,-77.4,49.1,TRUE,0
1266,1981,3,26,2,46,46,"1981-03-26 02:46:46",4.4,"Mw",-1.61,-77.88,173.1,FALSE,0
1267,1981,4,11,10,22,8,"1981-04-11 10:22:08",5,"Mw",-5.49,-77.37,18.5,TRUE,0
1268,1981,4,13,14,3,3,"1981-04-13 14:03:03",4.6,"Mw",-4.27,-80.99,55.8,TRUE,0
1269,1981,4,17,6,13,12,"1981-04-17 06:13:12",4.2,"Mw",1.35,-81.01,33,FALSE,0
1270,1981,4,22,9,47,21,"1981-04-22 09:47:21",4.4,"Mw",-2.82,-78.74,33,TRUE,0
1271,1981,4,25,14,35,49,"1981-04-25 14:35:49",5.1,"Mw",-3.52,-76.67,113.1,TRUE,0
1272,1981,4,27,16,22,34,"1981-04-27 16:22:34",4.8,"Mw",-4.39,-76.97,120.6,TRUE,0
1273,1981,4,29,17,51,45,"1981-04-29 17:51:45",4.2,"Mw",-1.46,-77.37,189.7,TRUE,0
1274,1981,5,1,16,57,57,"1981-05-01 16:57:57",4.7,"Mw",2.54,-79.19,83,FALSE,0
1275,1981,5,6,21,34,53,"1981-05-06 21:34:53",6.3,"Mw",-2.05,-80.95,56.1,TRUE,0
1276,1981,5,6,21,36,4,"1981-05-06 21:36:04",6.4,"Mw",-1.91,-80.91,11,TRUE,1
1277,1981,5,7,20,38,22,"1981-05-07 20:38:22",4.5,"Mw",-2.06,-80.99,43.7,FALSE,0
1278,1981,5,13,3,58,12,"1981-05-13 03:58:12",4.6,"Mw",-1.29,-78.59,33.2,TRUE,0
1279,1981,5,13,4,38,25,"1981-05-13 04:38:25",4.7,"Mw",3.86,-76.9,72,TRUE,0
1280,1981,5,22,0,53,2,"1981-05-22 00:53:02",4.4,"Mw",1.61,-75.94,39.7,TRUE,1
1281,1981,5,22,8,26,16,"1981-05-22 08:26:16",4.2,"Mw",1.47,-76.03,57.9,FALSE,0
1282,1981,5,24,8,51,8,"1981-05-24 08:51:08",4.2,"Mw",-5.59,-78.46,62.3,TRUE,0
1283,1981,5,26,4,45,51,"1981-05-26 04:45:51",4.6,"Mw",-4.9,-76.43,102.3,TRUE,0
1284,1981,5,26,4,55,30,"1981-05-26 04:55:30",5.1,"Mw",-3.02,-79.18,102.1,TRUE,0
1285,1981,6,5,7,33,4,"1981-06-05 07:33:04",4.7,"Mw",3.4,-83.99,28.4,TRUE,0
1286,1981,6,5,23,34,56,"1981-06-05 23:34:56",5.2,"Mw",-3.93,-80.69,39.8,TRUE,1
1287,1981,6,9,8,3,7,"1981-06-09 08:03:07",4.4,"Mw",3.11,-79.43,33,FALSE,0
1288,1981,6,19,21,3,44,"1981-06-19 21:03:44",4.5,"Mw",0.85,-78.78,89.3,FALSE,0
1289,1981,6,21,23,58,2,"1981-06-21 23:58:02",5.2,"Mw",-4.84,-76.93,126.8,TRUE,0
1290,1981,6,24,7,54,22,"1981-06-24 07:54:22",4.4,"Mw",-4.97,-81.11,33,TRUE,0
1291,1981,6,24,13,25,37,"1981-06-24 13:25:37",4.5,"Mw",-2.49,-79.08,107.1,TRUE,0
1292,1981,6,27,21,54,16,"1981-06-27 21:54:16",5.3,"Mw",-3.03,-80.29,52,TRUE,0
1293,1981,7,7,10,25,48,"1981-07-07 10:25:48",5.3,"Mw",2.76,-79.8,17.5,FALSE,0
1294,1981,7,10,3,44,22,"1981-07-10 03:44:22",4.5,"Mw",3.02,-79.61,33,FALSE,0
1295,1981,7,13,19,47,37,"1981-07-13 19:47:37",4.9,"Mw",-6.8,-76.61,62.8,TRUE,0
1296,1981,7,13,22,53,55,"1981-07-13 22:53:55",4.4,"Mw",-3.63,-81.32,33,TRUE,0
1297,1981,7,23,2,52,17,"1981-07-23 02:52:17",4.3,"Mw",2.21,-77.21,93.4,TRUE,0
1298,1981,7,29,22,43,55,"1981-07-29 22:43:55",4.4,"Mw",-2.65,-76.39,130.5,TRUE,0
1299,1981,8,3,13,37,50,"1981-08-03 13:37:50",4.8,"Mw",-5.38,-77.9,111.4,TRUE,0
1300,1981,8,5,12,58,24,"1981-08-05 12:58:24",5.1,"Mw",3.84,-76.38,25,TRUE,0
1301,1981,8,12,0,47,32,"1981-08-12 00:47:32",4.5,"Mw",3.51,-79.13,33,TRUE,0
1302,1981,8,16,4,23,8,"1981-08-16 04:23:08",4.6,"Mw",2.41,-79.07,25.5,FALSE,0
1303,1981,8,19,14,29,46,"1981-08-19 14:29:46",5.1,"Mw",-3.9,-80.93,42.8,FALSE,0
1304,1981,9,11,9,34,6,"1981-09-11 09:34:06",4.2,"Mw",2.77,-83.69,10,TRUE,0
1305,1981,9,26,8,50,55,"1981-09-26 08:50:55",4.5,"Mw",3.31,-82.67,57.3,TRUE,0
1306,1981,10,4,20,3,53,"1981-10-04 20:03:53",5.4,"Mw",-1.51,-77.33,198.4,TRUE,1
1307,1981,10,7,20,3,48,"1981-10-07 20:03:48",4.5,"Mw",-2.49,-77.04,149.7,TRUE,0
1308,1981,10,8,0,12,32,"1981-10-08 00:12:32",4.6,"Mw",-6.62,-81.31,33,TRUE,0
1309,1981,10,13,4,33,9,"1981-10-13 04:33:09",4.3,"Mw",-1.69,-78.07,171.9,TRUE,0
1310,1981,10,17,12,28,48,"1981-10-17 12:28:48",4.4,"Mw",2.88,-79.15,33,FALSE,0
1311,1981,10,20,7,12,31,"1981-10-20 07:12:31",5,"Mw",2.62,-79.84,32.8,FALSE,0
1312,1981,10,27,21,0,19,"1981-10-27 21:00:19",4.6,"Mw",2.55,-79.27,50.3,FALSE,0
1313,1981,11,3,7,2,41,"1981-11-03 07:02:41",5.9,"Mw",-1.83,-78.4,142.7,TRUE,1
1314,1981,11,5,3,55,7,"1981-11-05 03:55:07",4.6,"Mw",2.72,-78.97,34.3,FALSE,0
1315,1981,11,19,1,13,37,"1981-11-19 01:13:37",4.6,"Mw",-1.72,-78,170,FALSE,0
1316,1981,11,30,7,48,35,"1981-11-30 07:48:35",4.3,"Mw",-5.56,-77.93,74.4,TRUE,0
1317,1981,12,6,4,31,7,"1981-12-06 04:31:07",4.5,"Mw",-1.4,-77.65,193,FALSE,0
1318,1981,12,13,23,27,52,"1981-12-13 23:27:52",4.4,"Mw",2.48,-79.67,33,FALSE,0
1319,1981,12,25,18,54,23,"1981-12-25 18:54:23",4.7,"Mw",-3.48,-78.28,107.9,TRUE,0
1320,1982,1,3,2,5,30,"1982-01-03 02:05:30",4.7,"Mw",-5.23,-80.99,116.9,TRUE,0
1321,1982,1,8,2,35,57,"1982-01-08 02:35:57",4.3,"Mw",2.71,-79.64,33,FALSE,0
1322,1982,1,13,16,36,8,"1982-01-13 16:36:08",4.4,"Mw",3.93,-77.2,93.6,TRUE,0
1323,1982,1,17,12,46,39,"1982-01-17 12:46:39",4.7,"Mw",3.7,-78.09,50.5,TRUE,0
1324,1982,1,17,14,2,33,"1982-01-17 14:02:33",5.2,"Mw",2.65,-79.44,24,FALSE,0
1325,1982,1,22,22,43,57,"1982-01-22 22:43:57",4.6,"Mw",-1.17,-77.18,261.7,TRUE,0
1326,1982,2,3,0,37,48,"1982-02-03 00:37:48",5,"Mw",-2.27,-79.16,96.3,TRUE,0
1327,1982,2,4,5,4,8,"1982-02-04 05:04:08",4.5,"Mw",3.15,-78.79,38.1,FALSE,0
1328,1982,2,4,18,57,43,"1982-02-04 18:57:43",5.3,"Mw",-4.99,-77.56,18.7,TRUE,0
1329,1982,2,12,10,27,20,"1982-02-12 10:27:20",4.3,"Mw",3.19,-78.02,33,TRUE,0
1330,1982,2,13,1,9,25,"1982-02-13 01:09:25",4.2,"Mw",3.9,-76.09,170.3,TRUE,0
1331,1982,2,27,12,38,46,"1982-02-27 12:38:46",4.7,"Mw",0.18,-79.45,126.9,FALSE,0
1332,1982,3,3,20,54,3,"1982-03-03 20:54:03",4.7,"Mw",-6.78,-76.24,126,TRUE,0
1333,1982,3,6,1,27,32,"1982-03-06 01:27:32",4.3,"Mw",-1.34,-77.66,200,TRUE,0
1334,1982,3,8,4,16,35,"1982-03-08 04:16:35",4.3,"Mw",3.64,-74.2,58.8,TRUE,0
1335,1982,3,27,11,13,33,"1982-03-27 11:13:33",4.7,"Mw",-6.02,-81.71,33,TRUE,0
1336,1982,3,28,1,29,27,"1982-03-28 01:29:27",4.5,"Mw",-4.44,-81.25,33,TRUE,0
1337,1982,4,7,11,52,5,"1982-04-07 11:52:05",5.3,"Mw",-2.48,-78.51,94.3,TRUE,3
1338,1982,4,11,0,53,16,"1982-04-11 00:53:16",4.3,"Mw",3.76,-78.34,106.2,TRUE,0
1339,1982,4,11,12,21,29,"1982-04-11 12:21:29",5.1,"Mw",-2.82,-78.59,15,FALSE,0
1340,1982,4,14,8,12,13,"1982-04-14 08:12:13",4.2,"Mw",3.37,-83.81,33,TRUE,0
1341,1982,4,17,4,29,24,"1982-04-17 04:29:24",4.3,"Mw",-2.39,-78.39,33,FALSE,0
1342,1982,4,18,14,15,54,"1982-04-18 14:15:54",4.6,"Mw",-5.45,-77.33,33,TRUE,0
1343,1982,4,23,8,11,16,"1982-04-23 08:11:16",4.6,"Mw",3.77,-78.62,59.9,TRUE,0
1344,1982,4,28,9,56,30,"1982-04-28 09:56:30",4.1,"Mw",-2.91,-78.79,33,TRUE,0
1345,1982,5,8,1,25,17,"1982-05-08 01:25:17",4.8,"Mw",-1.63,-77.87,172.9,TRUE,0
1346,1982,5,8,6,19,2,"1982-05-08 06:19:02",4.9,"Mw",-2.03,-79.67,105.7,TRUE,0
1347,1982,5,13,20,44,53,"1982-05-13 20:44:53",4.6,"Mw",3.56,-82.81,10,TRUE,1
1348,1982,5,13,22,16,39,"1982-05-13 22:16:39",4.4,"Mw",3.64,-82.89,10,FALSE,0
1349,1982,5,14,1,18,50,"1982-05-14 01:18:50",4.6,"Mw",2.35,-75.49,63,TRUE,0
1350,1982,5,14,6,21,39,"1982-05-14 06:21:39",4.2,"Mw",-2.84,-78.61,33,FALSE,0
1351,1982,5,14,9,46,34,"1982-05-14 09:46:34",4.2,"Mw",2.99,-78.87,33,FALSE,0
1352,1982,5,20,12,10,51,"1982-05-20 12:10:51",5.3,"Mw",-1.57,-77.95,166.2,TRUE,2
1353,1982,5,25,5,19,7,"1982-05-25 05:19:07",4.7,"Mw",-5.6,-77.52,67.9,TRUE,0
1354,1982,5,26,11,23,56,"1982-05-26 11:23:56",4.7,"Mw",2.7,-79.63,50.5,FALSE,0
1355,1982,6,10,14,28,31,"1982-06-10 14:28:31",4.2,"Mw",2.25,-79.48,33,FALSE,0
1356,1982,6,10,16,49,16,"1982-06-10 16:49:16",4.6,"Mw",2.38,-79.62,33,FALSE,0
1357,1982,7,1,0,32,59,"1982-07-01 00:32:59",4.5,"Mw",-4.55,-80.33,100.1,TRUE,0
1358,1982,7,25,19,22,40,"1982-07-25 19:22:40",4.5,"Mw",-3.39,-80.39,99.1,TRUE,0
1359,1982,7,31,15,32,5,"1982-07-31 15:32:05",4.5,"Mw",3.9,-82.46,33,TRUE,0
1360,1982,8,1,20,38,17,"1982-08-01 20:38:17",5.3,"Mw",2.57,-78.87,26.3,FALSE,0
1361,1982,8,7,22,44,36,"1982-08-07 22:44:36",4.3,"Mw",-1.63,-77.84,178,FALSE,0
1362,1982,8,8,6,2,27,"1982-08-08 06:02:27",4.3,"Mw",-1.8,-78.03,166.5,FALSE,0
1363,1982,8,10,4,51,47,"1982-08-10 04:51:47",5.5,"Mw",-5.31,-77.34,9.7,TRUE,0
1364,1982,8,12,8,27,6,"1982-08-12 08:27:06",4.7,"Mw",-6.67,-75.79,33,TRUE,0
1365,1982,8,26,5,22,0,"1982-08-26 05:22:00",6,"Mw",-2.7,-79.87,65.7,TRUE,0
1366,1982,9,12,16,57,56,"1982-09-12 16:57:56",4.7,"Mw",-6.98,-80.3,33,TRUE,0
1367,1982,9,12,20,3,25,"1982-09-12 20:03:25",4.6,"Mw",0.92,-79.6,71.3,FALSE,0
1368,1982,9,22,7,53,38,"1982-09-22 07:53:38",4.4,"Mw",-1.74,-77.59,189.7,TRUE,0
1369,1982,9,26,14,35,14,"1982-09-26 14:35:14",4.6,"Mw",-3,-75.59,137.6,TRUE,0
1370,1982,9,29,22,11,25,"1982-09-29 22:11:25",4.9,"Mw",3.3,-82.88,33,TRUE,0
1371,1982,10,17,7,39,12,"1982-10-17 07:39:12",4.4,"Mw",-6.01,-82.44,33,TRUE,0
1372,1982,10,24,19,47,48,"1982-10-24 19:47:48",4.6,"Mw",0.21,-77.59,33,TRUE,0
1373,1982,10,29,15,33,42,"1982-10-29 15:33:42",5,"Mw",-4.21,-80.58,42.5,TRUE,0
1374,1982,11,4,15,2,19,"1982-11-04 15:02:19",4.4,"Mw",0.47,-80.31,33,FALSE,0
1375,1982,11,4,17,33,49,"1982-11-04 17:33:49",4.7,"Mw",2.89,-78.9,21.7,FALSE,0
1376,1982,11,16,19,46,48,"1982-11-16 19:46:48",4.7,"Mw",-1.5,-78.39,33,TRUE,0
1377,1982,11,18,14,57,52,"1982-11-18 14:57:52",6.5,"Mw",-1.72,-76.65,193,TRUE,0
1378,1982,11,26,23,56,43,"1982-11-26 23:56:43",4.5,"Mw",-0.17,-77.85,108.1,TRUE,0
1379,1982,11,27,18,17,34,"1982-11-27 18:17:34",4.8,"Mw",3.38,-82.95,10,TRUE,1
1380,1982,11,27,18,40,56,"1982-11-27 18:40:56",4.4,"Mw",3.41,-83.03,33,FALSE,0
1381,1982,12,18,10,15,6,"1982-12-18 10:15:06",5.3,"Mw",-6.4,-75.69,21,TRUE,0
1382,1982,12,31,17,9,9,"1982-12-31 17:09:09",4.5,"Mw",-1.51,-77.97,167.8,TRUE,0
1383,1983,1,6,2,41,55,"1983-01-06 02:41:55",4.5,"Mw",3.61,-78.49,33,TRUE,0
1384,1983,1,6,12,44,24,"1983-01-06 12:44:24",4.7,"Mw",3.52,-79.3,33,TRUE,0
1385,1983,2,13,14,1,36,"1983-02-13 14:01:36",4.7,"Mw",-4.78,-80.16,33,TRUE,0
1386,1983,2,18,8,55,47,"1983-02-18 08:55:47",5.1,"Mw",-3.19,-79.03,121.6,TRUE,0
1387,1983,2,26,1,27,53,"1983-02-26 01:27:53",4.4,"Mw",-1.05,-78.39,33,TRUE,0
1388,1983,2,27,1,20,27,"1983-02-27 01:20:27",4.1,"Mw",-3.98,-76.51,132.5,TRUE,0
1389,1983,3,15,17,15,36,"1983-03-15 17:15:36",4.6,"Mw",0.58,-78.17,131.5,TRUE,0
1390,1983,3,20,23,45,48,"1983-03-20 23:45:48",4.7,"Mw",2.58,-79.63,33,TRUE,0
1391,1983,3,21,1,2,50,"1983-03-21 01:02:50",4.5,"Mw",-3.73,-78.25,46,TRUE,0
1392,1983,3,31,13,12,55,"1983-03-31 13:12:55",5.6,"Mw",2.43,-76.66,30.3,TRUE,0
1393,1983,4,4,2,1,10,"1983-04-04 02:01:10",4.7,"Mw",-5.6,-78.78,51.8,TRUE,0
1394,1983,4,12,12,7,58,"1983-04-12 12:07:58",7,"Mw",-4.84,-78.09,126.2,TRUE,1
1395,1983,4,13,15,0,34,"1983-04-13 15:00:34",4.9,"Mw",-4.62,-82.27,42.7,TRUE,0
1396,1983,4,15,10,8,22,"1983-04-15 10:08:22",5.3,"Mw",-6,-75.6,127.8,TRUE,0
1397,1983,4,15,13,25,35,"1983-04-15 13:25:35",4.8,"Mw",-3.65,-78.74,110.5,TRUE,0
1398,1983,4,27,21,6,3,"1983-04-27 21:06:03",4.9,"Mw",-1.78,-77.66,51.2,TRUE,0
1399,1983,5,6,7,59,40,"1983-05-06 07:59:40",4.2,"Mw",0.22,-80.68,33,TRUE,0
1400,1983,5,19,19,7,20,"1983-05-19 19:07:20",5.2,"Mw",0.17,-77.07,24.9,TRUE,0
1401,1983,5,30,4,52,1,"1983-05-30 04:52:01",4.1,"Mw",3.32,-78.93,33,TRUE,0
1402,1983,6,1,12,23,50,"1983-06-01 12:23:50",4.8,"Mw",-2.46,-79.34,59.6,TRUE,0
1403,1983,6,3,7,1,3,"1983-06-03 07:01:03",4.4,"Mw",-3.39,-77.89,54.4,TRUE,0
1404,1983,6,4,4,13,41,"1983-06-04 04:13:41",4.3,"Mw",-0.35,-78.06,33,TRUE,0
1405,1983,6,12,4,15,30,"1983-06-12 04:15:30",4.8,"Mw",0.25,-79.93,57.6,TRUE,0
1406,1983,6,12,15,24,23,"1983-06-12 15:24:23",4.6,"Mw",-3.79,-81.19,57,TRUE,0
1407,1983,6,21,9,58,38,"1983-06-21 09:58:38",5,"Mw",-5.69,-80.79,35.5,TRUE,0
1408,1983,7,21,6,46,5,"1983-07-21 06:46:05",5,"Mw",-1.28,-80.91,42.6,TRUE,1
1409,1983,7,21,7,3,35,"1983-07-21 07:03:35",4.6,"Mw",-1.35,-80.88,77.9,FALSE,0
1410,1983,7,21,14,15,24,"1983-07-21 14:15:24",4.2,"Mw",2.82,-78.86,33,TRUE,0
1411,1983,8,4,7,44,27,"1983-08-04 07:44:27",4.8,"Mw",-4.05,-76.59,124.5,TRUE,0
1412,1983,8,6,14,20,41,"1983-08-06 14:20:41",4.7,"Mw",-5.9,-79.64,33,TRUE,0
1413,1983,8,8,8,8,8,"1983-08-08 08:08:08",4.4,"Mw",-3.72,-78.12,33,TRUE,0
1414,1983,8,21,15,47,18,"1983-08-21 15:47:18",4.4,"Mw",-5.02,-75.96,128.6,TRUE,0
1415,1983,8,21,19,38,43,"1983-08-21 19:38:43",4.2,"Mw",-2.5,-75.85,220.6,TRUE,0
1416,1983,9,8,4,34,50,"1983-09-08 04:34:50",4.2,"Mw",-1.54,-77.77,196.6,TRUE,0
1417,1983,9,9,1,23,53,"1983-09-09 01:23:53",5.1,"Mw",3.99,-82.54,10,TRUE,1
1418,1983,9,9,8,38,53,"1983-09-09 08:38:53",4.7,"Mw",3.75,-82.79,10,FALSE,0
1419,1983,9,11,3,8,44,"1983-09-11 03:08:44",4.6,"Mw",2.74,-79.8,27.9,TRUE,0
1420,1983,9,14,8,35,20,"1983-09-14 08:35:20",5.7,"Mw",-3.67,-79.23,106.4,TRUE,1
1421,1983,10,11,10,5,37,"1983-10-11 10:05:37",5,"Mw",-3.74,-79.1,94,FALSE,0
1422,1983,10,17,12,53,1,"1983-10-17 12:53:01",4.6,"Mw",-3.76,-77.6,118.4,TRUE,0
1423,1983,11,3,7,41,12,"1983-11-03 07:41:12",5.9,"Mw",-4.02,-79.42,93.1,TRUE,2
1424,1983,11,8,6,52,47,"1983-11-08 06:52:47",4.7,"Mw",-3.82,-79.02,111.8,FALSE,0
1425,1983,11,13,22,38,46,"1983-11-13 22:38:46",5,"Mw",-5.6,-77.05,39,TRUE,0
1426,1983,11,22,14,21,2,"1983-11-22 14:21:02",6.7,"Mw",0.5,-79.78,35,TRUE,2
1427,1983,11,22,15,15,18,"1983-11-22 15:15:18",5.1,"Mw",-5.01,-78.08,35.5,FALSE,0
1428,1983,11,25,22,56,27,"1983-11-25 22:56:27",5.5,"Mw",-3.76,-76.28,114.1,TRUE,0
1429,1983,11,26,9,22,37,"1983-11-26 09:22:37",5.6,"Mw",3.95,-82.6,30.1,TRUE,2
1430,1983,11,27,17,48,4,"1983-11-27 17:48:04",4.7,"Mw",-4.89,-76.23,120,TRUE,0
1431,1983,12,21,18,36,58,"1983-12-21 18:36:58",5.2,"Mw",0.41,-79.85,54.5,FALSE,0
1432,1983,12,24,8,35,49,"1983-12-24 08:35:49",4.2,"Mw",-2.49,-78.8,148.7,TRUE,0
1433,1983,12,30,9,31,58,"1983-12-30 09:31:58",4.5,"Mw",-2.03,-77.56,33,TRUE,0
1434,1984,1,3,3,41,49,"1984-01-03 03:41:49",4.4,"Mw",-3.16,-80.24,62.7,TRUE,0
1435,1984,1,9,18,35,19,"1984-01-09 18:35:19",5.1,"Mw",-6.05,-74.25,22.7,TRUE,0
1436,1984,1,11,1,45,43,"1984-01-11 01:45:43",4.5,"Mw",-2.04,-78.19,157.5,TRUE,0
1437,1984,1,13,2,29,2,"1984-01-13 02:29:02",5.7,"Mw",-3.88,-78.46,103,TRUE,0
1438,1984,1,17,16,19,7,"1984-01-17 16:19:07",5.5,"Mw",-3.93,-81.41,38.6,TRUE,0
1439,1984,1,25,18,46,24,"1984-01-25 18:46:24",4.6,"Mw",3.49,-76.65,48.8,TRUE,0
1440,1984,2,6,4,40,19,"1984-02-06 04:40:19",4.6,"Mw",1.98,-80.07,33,TRUE,0
1441,1984,2,19,9,30,10,"1984-02-19 09:30:10",4.7,"Mw",3.58,-78.85,37.2,TRUE,0
1442,1984,2,21,3,20,53,"1984-02-21 03:20:53",4.5,"Mw",-1.54,-80.61,95.2,TRUE,0
1443,1984,2,21,3,38,42,"1984-02-21 03:38:42",4.7,"Mw",-1.28,-80.4,106.7,TRUE,0
1444,1984,2,22,5,16,34,"1984-02-22 05:16:34",4.5,"Mw",-3.81,-80.53,97.9,TRUE,0
1445,1984,3,3,8,46,18,"1984-03-03 08:46:18",4.5,"Mw",-3.85,-79.78,33,FALSE,0
1446,1984,3,6,21,40,5,"1984-03-06 21:40:05",4.6,"Mw",-5.32,-77.29,130.6,TRUE,0
1447,1984,3,11,7,43,47,"1984-03-11 07:43:47",4.8,"Mw",-6.45,-76.14,20.2,TRUE,0
1448,1984,3,15,10,47,45,"1984-03-15 10:47:45",4.4,"Mw",2.57,-79.86,33,TRUE,0
1449,1984,4,14,2,13,17,"1984-04-14 02:13:17",4.7,"Mw",3.71,-82.9,16,FALSE,0
1450,1984,4,14,2,59,22,"1984-04-14 02:59:22",4.5,"Mw",3.69,-82.8,10,FALSE,0
1451,1984,4,14,7,39,39,"1984-04-14 07:39:39",4.6,"Mw",-4.98,-75.29,33,TRUE,0
1452,1984,4,15,5,37,9,"1984-04-15 05:37:09",4.4,"Mw",0.59,-80.14,33,FALSE,0
1453,1984,4,15,21,26,33,"1984-04-15 21:26:33",5.4,"Mw",-3.7,-77.72,108.4,TRUE,0
1454,1984,4,22,18,57,40,"1984-04-22 18:57:40",4.5,"Mw",-0.09,-78.36,33,TRUE,0
1455,1984,4,28,20,12,7,"1984-04-28 20:12:07",5.6,"Mw",-1.81,-78.09,46.5,TRUE,2
1456,1984,4,28,21,43,50,"1984-04-28 21:43:50",4.7,"Mw",-2.11,-78.42,70,FALSE,0
1457,1984,5,13,23,53,31,"1984-05-13 23:53:31",5,"Mw",-4.01,-80.84,35,TRUE,0
1458,1984,5,22,23,56,46,"1984-05-22 23:56:46",4.3,"Mw",-2.38,-77.01,158.4,TRUE,0
1459,1984,5,25,2,57,53,"1984-05-25 02:57:53",4.3,"Mw",-3.73,-77.12,122.2,TRUE,0
1460,1984,6,8,10,5,18,"1984-06-08 10:05:18",4.9,"Mw",-5.2,-80.33,60.3,TRUE,0
1461,1984,6,13,5,47,11,"1984-06-13 05:47:11",4.7,"Mw",-1.85,-80.22,91.7,TRUE,0
1462,1984,7,11,6,9,41,"1984-07-11 06:09:41",4.8,"Mw",-6.45,-77.06,37.8,TRUE,0
1463,1984,7,11,17,22,27,"1984-07-11 17:22:27",4.9,"Mw",3.74,-76.98,56,TRUE,0
1464,1984,7,29,6,2,28,"1984-07-29 06:02:28",4.3,"Mw",-5.38,-76.64,30.4,TRUE,0
1465,1984,7,30,2,47,19,"1984-07-30 02:47:19",4.7,"Mw",2.15,-79.12,32,TRUE,0
1466,1984,7,30,4,27,27,"1984-07-30 04:27:27",5.1,"Mw",2.28,-79.01,28,TRUE,0
1467,1984,8,7,16,36,7,"1984-08-07 16:36:07",5.1,"Mw",3.57,-78.21,19.7,TRUE,0
1468,1984,8,10,5,0,20,"1984-08-10 05:00:20",4.6,"Mw",-2.03,-78.08,72.4,FALSE,0
1469,1984,9,6,19,9,1,"1984-09-06 19:09:01",5.2,"Mw",-3.61,-79.62,82,TRUE,0
1470,1984,9,11,23,25,9,"1984-09-11 23:25:09",4.2,"Mw",2.5,-79.71,33,TRUE,0
1471,1984,9,12,1,4,0,"1984-09-12 01:04:00",4.4,"Mw",2.64,-79.49,49.2,TRUE,0
1472,1984,9,17,7,36,36,"1984-09-17 07:36:36",4.5,"Mw",1.21,-75.37,33,TRUE,0
1473,1984,9,29,16,41,31,"1984-09-29 16:41:31",4.3,"Mw",3.15,-83.46,33,TRUE,0
1474,1984,10,3,23,55,21,"1984-10-03 23:55:21",5.3,"Mw",-6.14,-75.79,45.8,TRUE,0
1475,1984,10,16,2,10,16,"1984-10-16 02:10:16",4.3,"Mw",3.78,-82.81,33,TRUE,0
1476,1984,10,26,16,12,47,"1984-10-26 16:12:47",4.4,"Mw",2.89,-76.31,166.4,TRUE,0
1477,1984,11,1,23,30,54,"1984-11-01 23:30:54",4.2,"Mw",-1.72,-77.83,169.4,TRUE,0
1478,1984,11,13,14,3,17,"1984-11-13 14:03:17",5,"Mw",1.93,-76.01,17,TRUE,0
1479,1984,11,13,16,24,11,"1984-11-13 16:24:11",4.6,"Mw",3.03,-78.67,20,TRUE,0
1480,1984,11,20,14,26,27,"1984-11-20 14:26:27",4.8,"Mw",-3.24,-80.59,33,TRUE,0
1481,1984,12,13,19,35,1,"1984-12-13 19:35:01",4.7,"Mw",-6.77,-76.99,51.1,TRUE,0
1482,1984,12,27,8,7,45,"1984-12-27 08:07:45",4.4,"Mw",-1.37,-77.8,176.7,TRUE,1
1483,1985,1,8,8,57,29,"1985-01-08 08:57:29",4.3,"Mw",-1.3,-77.58,208.5,FALSE,0
1484,1985,1,9,10,28,22,"1985-01-09 10:28:22",4.9,"Mw",2.6,-79.65,33,TRUE,0
1485,1985,1,11,9,43,4,"1985-01-11 09:43:04",4.4,"Mw",-1.74,-80.06,33,TRUE,0
1486,1985,1,27,2,46,24,"1985-01-27 02:46:24",4.3,"Mw",-6.32,-74.79,290.3,TRUE,0
1487,1985,1,30,2,26,2,"1985-01-30 02:26:02",4.9,"Mw",-6.07,-80.6,46.3,TRUE,0
1488,1985,1,31,3,36,19,"1985-01-31 03:36:19",4.4,"Mw",-6.18,-76.63,118.6,TRUE,0
1489,1985,2,4,10,50,27,"1985-02-04 10:50:27",5.1,"Mw",-3.64,-78,127.5,TRUE,0
1490,1985,2,5,8,56,20,"1985-02-05 08:56:20",4.3,"Mw",-3.47,-79.03,33,TRUE,0
1491,1985,2,10,14,27,44,"1985-02-10 14:27:44",4.3,"Mw",-1.53,-77.67,196.2,TRUE,0
1492,1985,2,10,22,57,24,"1985-02-10 22:57:24",4.8,"Mw",-6.91,-80.68,260.6,TRUE,0
1493,1985,2,14,3,24,15,"1985-02-14 03:24:15",4.4,"Mw",-4.92,-75.89,73,TRUE,0
1494,1985,3,1,6,58,59,"1985-03-01 06:58:59",5.2,"Mw",3.98,-78.67,17.6,TRUE,0
1495,1985,3,7,2,54,35,"1985-03-07 02:54:35",4,"Mw",2.33,-78.97,41,TRUE,0
1496,1985,3,8,21,45,21,"1985-03-08 21:45:21",4.8,"Mw",-2.93,-75.34,147.3,TRUE,0
1497,1985,3,11,23,26,38,"1985-03-11 23:26:38",4.9,"Mw",2.8,-83.88,10,TRUE,0
1498,1985,3,17,7,14,5,"1985-03-17 07:14:05",4.9,"Mw",-4.56,-80.98,30.1,TRUE,0
1499,1985,3,18,22,57,35,"1985-03-18 22:57:35",4.4,"Mw",-1.36,-77.81,184.8,TRUE,0
1500,1985,4,3,2,55,3,"1985-04-03 02:55:03",4.7,"Mw",-6.2,-76.79,130.5,TRUE,0
1501,1985,4,10,20,15,44,"1985-04-10 20:15:44",5.2,"Mw",1.63,-77.02,46.7,TRUE,0
1502,1985,4,13,2,32,56,"1985-04-13 02:32:56",4.3,"Mw",-3.87,-79.92,33,TRUE,0
1503,1985,4,21,17,39,51,"1985-04-21 17:39:51",4.7,"Mw",-0.45,-80.44,49.1,TRUE,0
1504,1985,5,29,16,45,1,"1985-05-29 16:45:01",4.2,"Mw",-0.19,-80.71,41.5,TRUE,0
1505,1985,6,1,10,39,34,"1985-06-01 10:39:34",4.5,"Mw",-2.49,-78.66,107.8,TRUE,0
1506,1985,6,6,21,31,7,"1985-06-06 21:31:07",4.9,"Mw",3.26,-78.56,15,TRUE,0
1507,1985,6,10,3,23,35,"1985-06-10 03:23:35",5.5,"Mw",3.01,-78.51,32.8,TRUE,0
1508,1985,6,17,7,8,24,"1985-06-17 07:08:24",4.3,"Mw",-6.16,-80.69,33,TRUE,0
1509,1985,6,24,16,20,13,"1985-06-24 16:20:13",5.1,"Mw",-1.95,-78.09,55.2,TRUE,0
1510,1985,6,24,22,5,55,"1985-06-24 22:05:55",4.4,"Mw",-0.32,-80.05,64.9,TRUE,0
1511,1985,6,25,5,8,6,"1985-06-25 05:08:06",4.4,"Mw",-1.28,-78.9,0,TRUE,0
1512,1985,6,25,20,0,41,"1985-06-25 20:00:41",4.2,"Mw",0.006,-80.65,33,TRUE,0
1513,1985,6,26,2,36,27,"1985-06-26 02:36:27",4.5,"Mw",-0.4,-80.08,95.7,TRUE,0
1514,1985,7,1,23,11,50,"1985-07-01 23:11:50",4.3,"Mw",3.86,-82.77,55,TRUE,0
1515,1985,7,3,23,27,40,"1985-07-03 23:27:40",4.5,"Mw",-3.16,-80.52,64.1,TRUE,0
1516,1985,7,21,23,59,6,"1985-07-21 23:59:06",4.6,"Mw",3.56,-82.88,10,TRUE,1
1517,1985,7,26,17,56,59,"1985-07-26 17:56:59",5.3,"Mw",-5.38,-78.65,16,TRUE,1
1518,1985,8,3,4,51,22,"1985-08-03 04:51:22",4.4,"Mw",3.41,-82.86,33,FALSE,0
1519,1985,8,13,12,54,38,"1985-08-13 12:54:38",4.7,"Mw",-1.99,-77.18,159.5,TRUE,0
1520,1985,8,27,14,52,13,"1985-08-27 14:52:13",4.4,"Mw",-1.5,-77.93,175.5,TRUE,0
1521,1985,8,28,18,44,2,"1985-08-28 18:44:02",4.9,"Mw",-0.85,-79.2,55.4,TRUE,0
1522,1985,9,10,4,53,36,"1985-09-10 04:53:36",4.8,"Mw",-4.8,-76.75,133.1,TRUE,0
1523,1985,9,27,8,54,44,"1985-09-27 08:54:44",4.7,"Mw",-5.2,-77.35,123.5,TRUE,0
1524,1985,10,3,3,15,44,"1985-10-03 03:15:44",4.3,"Mw",1.9,-79.88,33,TRUE,0
1525,1985,10,3,4,50,2,"1985-10-03 04:50:02",4.7,"Mw",1.57,-79.65,10,TRUE,0
1526,1985,10,9,3,48,35,"1985-10-09 03:48:35",4.5,"Mw",-5.37,-78.48,81.6,FALSE,0
1527,1985,10,21,22,3,31,"1985-10-21 22:03:31",4.2,"Mw",-1.47,-77.62,198.3,TRUE,0
1528,1985,10,24,8,25,5,"1985-10-24 08:25:05",4.3,"Mw",0.22,-79.24,96.7,TRUE,0
1529,1985,11,12,15,12,11,"1985-11-12 15:12:11",4.6,"Mw",-1.43,-77.74,199.5,TRUE,0
1530,1985,11,20,7,11,0,"1985-11-20 07:11:00",4.7,"Mw",3.53,-74.34,33,TRUE,0
1531,1985,11,26,19,2,24,"1985-11-26 19:02:24",4.8,"Mw",-3.09,-76.98,33,TRUE,0
1532,1985,12,3,21,6,7,"1985-12-03 21:06:07",4.7,"Mw",-5.79,-81.83,33,TRUE,0
1533,1985,12,7,0,6,55,"1985-12-07 00:06:55",5,"Mw",-1.95,-80.89,35,TRUE,0
1534,1985,12,12,17,32,36,"1985-12-12 17:32:36",4.8,"Mw",-1.75,-77.82,164.3,TRUE,0
1535,1985,12,15,6,3,30,"1985-12-15 06:03:30",4,"Mw",-1.16,-76.17,33,TRUE,0
1536,1985,12,20,2,33,3,"1985-12-20 02:33:03",4.3,"Mw",-2.46,-78.81,112,TRUE,0
1537,1985,12,29,13,11,40,"1985-12-29 13:11:40",4.3,"Mw",2.39,-79.24,39.2,TRUE,0
1538,1986,1,12,6,38,22,"1986-01-12 06:38:22",5.3,"Mw",-4.03,-79.42,98.7,TRUE,0
1539,1986,1,19,8,3,31,"1986-01-19 08:03:31",5,"Mw",0.61,-79.89,54.7,TRUE,0
1540,1986,1,28,6,51,46,"1986-01-28 06:51:46",5.4,"Mw",-1.81,-77.43,163.6,TRUE,0
1541,1986,1,30,19,24,52,"1986-01-30 19:24:52",4.5,"Mw",-5.8,-81.09,33,TRUE,0
1542,1986,2,22,18,47,21,"1986-02-22 18:47:21",4.8,"Mw",-2.13,-78.37,33,TRUE,0
1543,1986,3,24,21,38,5,"1986-03-24 21:38:05",4.8,"Mw",-1.91,-78.28,33,TRUE,0
1544,1986,3,27,4,4,55,"1986-03-27 04:04:55",4.1,"Mw",3.93,-76.16,134.8,TRUE,0
1545,1986,3,27,6,5,33,"1986-03-27 06:05:33",4.6,"Mw",3.53,-76.5,146.1,TRUE,0
1546,1986,3,28,21,19,24,"1986-03-28 21:19:24",4.8,"Mw",-1.51,-78.03,159.8,TRUE,0
1547,1986,4,2,6,49,32,"1986-04-02 06:49:32",4.8,"Mw",-4.13,-80.78,51.7,TRUE,0
1548,1986,4,16,18,59,55,"1986-04-16 18:59:55",4.8,"Mw",3.32,-78.45,33,TRUE,1
1549,1986,4,16,22,1,58,"1986-04-16 22:01:58",4.4,"Mw",3.42,-78.32,55.5,FALSE,0
1550,1986,4,18,2,3,53,"1986-04-18 02:03:53",4.4,"Mw",-2.64,-78.46,118.5,TRUE,0
1551,1986,4,23,20,27,14,"1986-04-23 20:27:14",5.3,"Mw",-3.92,-81,47.1,TRUE,0
1552,1986,5,13,23,10,56,"1986-05-13 23:10:56",4.2,"Mw",-1.96,-78.49,132.9,TRUE,0
1553,1986,5,16,5,40,10,"1986-05-16 05:40:10",4.4,"Mw",-2.22,-76.56,212,TRUE,0
1554,1986,5,17,5,1,38,"1986-05-17 05:01:38",4.5,"Mw",1.99,-80.09,10,TRUE,0
1555,1986,5,21,3,56,56,"1986-05-21 03:56:56",4.9,"Mw",-3.44,-76.69,126.1,TRUE,0
1556,1986,5,24,17,1,17,"1986-05-24 17:01:17",4.6,"Mw",-1.41,-77.74,182.3,TRUE,0
1557,1986,6,7,12,26,27,"1986-06-07 12:26:27",4.8,"Mw",-5.39,-76.9,134.9,TRUE,0
1558,1986,6,12,18,16,21,"1986-06-12 18:16:21",4.5,"Mw",-2.29,-79.82,96.9,TRUE,0
1559,1986,6,21,9,41,21,"1986-06-21 09:41:21",4.2,"Mw",-6.73,-74.98,140.1,TRUE,0
1560,1986,6,27,21,7,57,"1986-06-27 21:07:57",4.3,"Mw",0.05,-77.38,37.7,TRUE,0
1561,1986,7,11,2,39,59,"1986-07-11 02:39:59",4.5,"Mw",-5.04,-81.69,119.1,TRUE,0
1562,1986,7,13,10,26,6,"1986-07-13 10:26:06",4.8,"Mw",-0.59,-77.96,0.7,TRUE,0
1563,1986,7,13,19,2,42,"1986-07-13 19:02:42",4.5,"Mw",-3.08,-77.59,122.4,TRUE,0
1564,1986,7,29,9,56,24,"1986-07-29 09:56:24",4.4,"Mw",-2.25,-77.91,189,TRUE,0
1565,1986,8,18,1,0,37,"1986-08-18 01:00:37",4.6,"Mw",-1.59,-77.35,221.4,TRUE,0
1566,1986,8,21,11,46,8,"1986-08-21 11:46:08",4.3,"Mw",-1.59,-77.94,132,TRUE,0
1567,1986,8,27,23,44,17,"1986-08-27 23:44:17",4.6,"Mw",-4.59,-76.16,134.8,TRUE,0
1568,1986,9,3,23,58,50,"1986-09-03 23:58:50",4.5,"Mw",-1.78,-77.75,167,TRUE,0
1569,1986,9,7,18,34,8,"1986-09-07 18:34:08",4.4,"Mw",-2.21,-78.1,33,TRUE,0
1570,1986,9,13,4,25,43,"1986-09-13 04:25:43",4.2,"Mw",1.93,-79.34,33,TRUE,0
1571,1986,9,20,7,1,35,"1986-09-20 07:01:35",4.4,"Mw",-5.05,-76.9,138.6,TRUE,0
1572,1986,10,12,8,7,12,"1986-10-12 08:07:12",4.2,"Mw",-4.91,-77.28,140.9,TRUE,0
1573,1986,10,28,18,42,24,"1986-10-28 18:42:24",4.9,"Mw",-2.58,-79.75,35.5,TRUE,0
1574,1986,10,31,1,11,15,"1986-10-31 01:11:15",4.3,"Mw",-2.2,-76.46,176.6,TRUE,0
1575,1986,11,1,1,12,38,"1986-11-01 01:12:38",4.5,"Mw",-1.55,-77.43,227.9,TRUE,0
1576,1986,11,6,3,34,31,"1986-11-06 03:34:31",4.5,"Mw",-1.08,-78.55,33,TRUE,0
1577,1986,11,19,1,14,53,"1986-11-19 01:14:53",4.6,"Mw",-1.55,-77.43,206.7,TRUE,0
1578,1986,11,19,1,48,9,"1986-11-19 01:48:09",4.9,"Mw",-6.19,-76.52,33,TRUE,0
1579,1986,11,22,15,0,35,"1986-11-22 15:00:35",4.8,"Mw",0.15,-79.51,100.5,TRUE,0
1580,1986,11,23,1,39,25,"1986-11-23 01:39:25",6.8,"Mw",-3.41,-77.38,109.4,TRUE,0
1581,1986,11,23,16,30,5,"1986-11-23 16:30:05",5.3,"Mw",-0.24,-78.48,33,TRUE,0
1582,1986,12,12,16,56,39,"1986-12-12 16:56:39",4.7,"Mw",-6.11,-75.07,53,TRUE,0
1583,1986,12,16,6,7,34,"1986-12-16 06:07:34",4.1,"Mw",2.75,-79.81,33,TRUE,0
1584,1986,12,25,21,2,54,"1986-12-25 21:02:54",4.8,"Mw",-4.87,-76.37,121.6,TRUE,0
1585,1986,12,28,5,27,18,"1986-12-28 05:27:18",4.6,"Mw",-4.4,-77,148.8,TRUE,0
1586,1987,1,1,1,58,22,"1987-01-01 01:58:22",4.6,"Mw",-6.69,-76.51,33,TRUE,0
1587,1987,1,8,8,52,16,"1987-01-08 08:52:16",4.4,"Mw",-2.72,-78.07,106.1,TRUE,0
1588,1987,1,15,22,37,46,"1987-01-15 22:37:46",4.5,"Mw",-4.57,-81.7,33,TRUE,0
1589,1987,1,21,16,35,12,"1987-01-21 16:35:12",4.2,"Mw",-1.05,-77.54,138,TRUE,0
1590,1987,1,25,10,31,24,"1987-01-25 10:31:24",5.7,"Mw",3.04,-79.29,15.8,TRUE,2
1591,1987,1,28,15,4,25,"1987-01-28 15:04:25",4.7,"Mw",2.67,-79.79,22.7,TRUE,0
1592,1987,2,10,2,48,59,"1987-02-10 02:48:59",5.1,"Mw",3.04,-79.22,30.2,FALSE,0
1593,1987,2,11,22,22,0,"1987-02-11 22:22:00",4.4,"Mw",3.21,-79.16,10,FALSE,0
1594,1987,3,5,11,8,22,"1987-03-05 11:08:22",4.9,"Mw",-5.9,-78.99,33,TRUE,0
1595,1987,3,6,1,54,51,"1987-03-06 01:54:51",6.4,"Mw",0.03,-77.66,12.9,TRUE,0
1596,1987,3,6,4,10,45,"1987-03-06 04:10:45",7.1,"Mw",-0.08,-77.81,12,TRUE,16
1597,1987,3,6,4,17,31,"1987-03-06 04:17:31",5.5,"Mw",-0.33,-77.56,10,FALSE,0
1598,1987,3,6,5,17,12,"1987-03-06 05:17:12",4.1,"Mw",-0.48,-77.06,225.8,FALSE,0
1599,1987,3,6,6,33,6,"1987-03-06 06:33:06",5.1,"Mw",-0.03,-77.64,24.8,FALSE,0
1600,1987,3,6,6,48,47,"1987-03-06 06:48:47",4.7,"Mw",-0.24,-78.05,33,FALSE,0
1601,1987,3,6,8,14,49,"1987-03-06 08:14:49",6,"Mw",0.1,-77.86,6,FALSE,0
1602,1987,3,6,12,40,10,"1987-03-06 12:40:10",4.9,"Mw",-0.18,-77.63,56.9,FALSE,0
1603,1987,3,6,13,49,58,"1987-03-06 13:49:58",4.8,"Mw",0.07,-77.39,63.2,FALSE,0
1604,1987,3,7,19,16,35,"1987-03-07 19:16:35",4.3,"Mw",-0.24,-77.82,33,FALSE,0
1605,1987,3,7,22,58,20,"1987-03-07 22:58:20",4.7,"Mw",-0.15,-77.55,59.4,FALSE,0
1606,1987,3,8,22,41,8,"1987-03-08 22:41:08",4.4,"Mw",-5.51,-81.29,155.1,TRUE,0
1607,1987,3,9,9,25,33,"1987-03-09 09:25:33",4.7,"Mw",-0.53,-78.62,46.3,TRUE,0
1608,1987,3,10,1,35,36,"1987-03-10 01:35:36",4.7,"Mw",-0.13,-77.75,78.7,FALSE,0
1609,1987,3,10,6,38,59,"1987-03-10 06:38:59",4.5,"Mw",-0.23,-77.83,33,FALSE,0
1610,1987,3,10,14,59,28,"1987-03-10 14:59:28",4.6,"Mw",-0.31,-77.77,35,FALSE,0
1611,1987,3,12,11,2,30,"1987-03-12 11:02:30",5.1,"Mw",-3.91,-81.49,39.5,TRUE,0
1612,1987,3,16,7,31,52,"1987-03-16 07:31:52",4.3,"Mw",-0.09,-77.71,34.6,FALSE,0
1613,1987,3,20,9,15,30,"1987-03-20 09:15:30",4,"Mw",3.96,-76.24,126,TRUE,0
1614,1987,4,13,12,15,25,"1987-04-13 12:15:25",4.5,"Mw",-4.89,-78.75,33,TRUE,0
1615,1987,4,21,21,31,21,"1987-04-21 21:31:21",4.6,"Mw",3.61,-77.43,55.9,TRUE,0
1616,1987,4,26,10,7,18,"1987-04-26 10:07:18",4,"Mw",-0.92,-80.86,33,TRUE,0
1617,1987,4,27,6,3,52,"1987-04-27 06:03:52",4.9,"Mw",3.41,-83.16,10,TRUE,0
1618,1987,5,11,1,32,30,"1987-05-11 01:32:30",4.4,"Mw",-2.1,-77.51,170.3,TRUE,0
1619,1987,5,14,16,4,28,"1987-05-14 16:04:28",5.9,"Mw",-5.71,-81.36,31.1,TRUE,0
1620,1987,5,20,23,41,24,"1987-05-20 23:41:24",4.9,"Mw",-1.88,-77.42,161.6,TRUE,1
1621,1987,6,6,6,25,10,"1987-06-06 06:25:10",4.6,"Mw",-3.14,-80.78,62.2,TRUE,0
1622,1987,6,7,15,18,4,"1987-06-07 15:18:04",4.3,"Mw",-1.69,-77.72,184.6,FALSE,0
1623,1987,6,11,18,52,20,"1987-06-11 18:52:20",4.7,"Mw",-2.8,-76.58,132.8,TRUE,0
1624,1987,7,17,2,34,33,"1987-07-17 02:34:33",4.7,"Mw",-2.94,-80.64,33,TRUE,0
1625,1987,7,31,19,5,47,"1987-07-31 19:05:47",4.8,"Mw",-1.23,-80.48,25,TRUE,0
1626,1987,8,15,13,46,38,"1987-08-15 13:46:38",4.8,"Mw",-1.15,-78.07,57,TRUE,0
1627,1987,9,6,6,54,0,"1987-09-06 06:54:00",4.2,"Mw",-1.41,-77.39,201.3,TRUE,0
1628,1987,9,7,20,59,6,"1987-09-07 20:59:06",4.6,"Mw",-2.87,-81.81,10,TRUE,0
1629,1987,9,19,19,33,31,"1987-09-19 19:33:31",4.9,"Mw",-3.87,-82.95,33,TRUE,0
1630,1987,9,22,13,43,38,"1987-09-22 13:43:38",6.3,"Mw",-1,-78.03,4.3,TRUE,3
1631,1987,9,22,16,21,41,"1987-09-22 16:21:41",6,"Mw",-1.07,-78.08,47.8,FALSE,0
1632,1987,9,23,6,40,9,"1987-09-23 06:40:09",4,"Mw",-1.13,-79.19,33,TRUE,0
1633,1987,9,23,9,43,47,"1987-09-23 09:43:47",5.2,"Mw",-1,-80.79,33,TRUE,3
1634,1987,9,26,14,58,43,"1987-09-26 14:58:43",4.2,"Mw",-1.01,-78.08,55.8,FALSE,0
1635,1987,9,27,4,6,54,"1987-09-27 04:06:54",5.5,"Mw",-6.66,-81.14,30.2,TRUE,0
1636,1987,10,19,12,34,31,"1987-10-19 12:34:31",4.6,"Mw",-2.78,-80.2,33,TRUE,0
1637,1987,10,23,15,49,57,"1987-10-23 15:49:57",5,"Mw",-1.1,-78.03,33,FALSE,0
1638,1987,10,31,8,52,31,"1987-10-31 08:52:31",5.9,"Mw",-6.97,-80.55,29.7,TRUE,0
1639,1987,12,2,4,14,33,"1987-12-02 04:14:33",4.8,"Mw",-5.88,-81.92,33,TRUE,0
1640,1987,12,3,3,11,47,"1987-12-03 03:11:47",4.2,"Mw",2.27,-78.8,33,TRUE,0
1641,1987,12,7,1,34,18,"1987-12-07 01:34:18",4.6,"Mw",2.39,-79.16,10,TRUE,0
1642,1987,12,15,14,20,49,"1987-12-15 14:20:49",4.8,"Mw",-1.09,-80.75,63.1,FALSE,0
1643,1987,12,18,5,1,24,"1987-12-18 05:01:24",5.5,"Mw",-1.37,-77.76,178.2,TRUE,0
1644,1987,12,18,7,45,31,"1987-12-18 07:45:31",4.5,"Mw",-1.09,-80.84,33,FALSE,0
1645,1987,12,19,13,26,40,"1987-12-19 13:26:40",4.9,"Mw",-0.68,-80.54,54.3,FALSE,0
1646,1987,12,21,7,56,46,"1987-12-21 07:56:46",4.6,"Mw",-2.61,-76.92,124.7,TRUE,0
1647,1987,12,23,6,25,30,"1987-12-23 06:25:30",4.6,"Mw",3.58,-82.54,33,TRUE,0
1648,1987,12,23,8,26,38,"1987-12-23 08:26:38",4.2,"Mw",-5.13,-76.59,33,TRUE,0
1649,1987,12,25,19,29,13,"1987-12-25 19:29:13",4.7,"Mw",-3.68,-80.97,33,TRUE,0
1650,1988,1,17,10,58,7,"1988-01-17 10:58:07",4.3,"Mw",-3.06,-75.51,142.1,TRUE,0
1651,1988,1,18,13,48,13,"1988-01-18 13:48:13",4.8,"Mw",-2.39,-76.55,139.4,TRUE,0
1652,1988,2,3,21,55,38,"1988-02-03 21:55:38",4.3,"Mw",-3.64,-77.59,102.6,TRUE,0
1653,1988,3,17,12,2,43,"1988-03-17 12:02:43",4.9,"Mw",-6.01,-76.73,28.1,TRUE,0
1654,1988,3,21,17,8,13,"1988-03-21 17:08:13",4.1,"Mw",3.48,-82.49,33,TRUE,0
1655,1988,3,27,9,9,35,"1988-03-27 09:09:35",4.8,"Mw",3.89,-77.12,76.8,TRUE,0
1656,1988,4,2,19,45,5,"1988-04-02 19:45:05",5.3,"Mw",-5.81,-80.99,34,TRUE,0
1657,1988,4,12,3,41,55,"1988-04-12 03:41:55",4,"Mw",-0.3,-78.56,33,FALSE,0
1658,1988,4,12,15,26,20,"1988-04-12 15:26:20",5.2,"Mw",-2.74,-77.57,18.8,TRUE,0
1659,1988,4,13,22,6,25,"1988-04-13 22:06:25",4.8,"Mw",-3.11,-75.65,154.4,TRUE,0
1660,1988,4,14,10,43,43,"1988-04-14 10:43:43",4.9,"Mw",-3.77,-77.55,131.1,TRUE,0
1661,1988,4,28,21,3,9,"1988-04-28 21:03:09",4.8,"Mw",3.76,-82.7,33,TRUE,1
1662,1988,4,28,22,1,37,"1988-04-28 22:01:37",4.5,"Mw",3.75,-82.74,10,FALSE,0
1663,1988,5,19,9,54,19,"1988-05-19 09:54:19",4.4,"Mw",2.54,-82.83,10,TRUE,0
1664,1988,5,19,10,46,6,"1988-05-19 10:46:06",5.1,"Mw",2.48,-82.91,15,TRUE,1
1665,1988,6,3,23,22,13,"1988-06-03 23:22:13",4.7,"Mw",2.81,-79.54,33,TRUE,0
1666,1988,6,5,8,39,32,"1988-06-05 08:39:32",4.1,"Mw",2.67,-82.68,33,FALSE,0
1667,1988,6,6,12,34,53,"1988-06-06 12:34:53",4.4,"Mw",-2.17,-79.35,33,TRUE,0
1668,1988,6,16,16,33,4,"1988-06-16 16:33:04",4.8,"Mw",-0.15,-77.71,36.9,FALSE,0
1669,1988,6,25,5,49,11,"1988-06-25 05:49:11",4.7,"Mw",-4.05,-80.43,44.9,TRUE,0
1670,1988,6,27,9,54,36,"1988-06-27 09:54:36",4.4,"Mw",3.45,-82.59,33,TRUE,0
1671,1988,7,11,1,53,2,"1988-07-11 01:53:02",4.9,"Mw",-4.75,-81.21,33,TRUE,0
1672,1988,7,29,14,10,6,"1988-07-29 14:10:06",5.3,"Mw",-6,-80.89,87.4,TRUE,1
1673,1988,8,2,8,54,44,"1988-08-02 08:54:44",4.7,"Mw",-5.79,-80.9,43.9,FALSE,0
1674,1988,8,4,11,38,10,"1988-08-04 11:38:10",4.5,"Mw",-2.4,-80.15,33,TRUE,0
1675,1988,8,20,3,6,33,"1988-08-20 03:06:33",5,"Mw",-2.46,-79.53,63.8,TRUE,0
1676,1988,8,22,8,57,1,"1988-08-22 08:57:01",4.7,"Mw",-1.95,-77.66,59,TRUE,0
1677,1988,8,29,21,33,24,"1988-08-29 21:33:24",4.9,"Mw",-6.03,-79.96,67.6,TRUE,0
1678,1988,9,15,18,48,2,"1988-09-15 18:48:02",6.2,"Mw",-1.43,-77.84,175,TRUE,1
1679,1988,9,21,13,57,45,"1988-09-21 13:57:45",4.8,"Mw",-1.44,-77.91,171,FALSE,0
1680,1988,10,30,0,48,49,"1988-10-30 00:48:49",4.4,"Mw",2.99,-77.57,88.7,TRUE,0
1681,1988,11,10,15,42,21,"1988-11-10 15:42:21",4.1,"Mw",3.92,-75.43,33,TRUE,0
1682,1988,11,14,10,6,1,"1988-11-14 10:06:01",4.4,"Mw",-4.78,-77.44,92,TRUE,0
1683,1988,11,17,3,29,24,"1988-11-17 03:29:24",4.6,"Mw",-2.91,-80.46,77.2,TRUE,0
1684,1988,11,22,21,45,59,"1988-11-22 21:45:59",4.5,"Mw",-3.87,-80.04,33,TRUE,0
1685,1988,12,9,20,29,32,"1988-12-09 20:29:32",5.4,"Mw",-2.78,-77.63,36,TRUE,3
1686,1988,12,11,8,49,34,"1988-12-11 08:49:34",5.2,"Mw",-2.59,-77.69,60.7,FALSE,0
1687,1988,12,11,9,5,23,"1988-12-11 09:05:23",4.7,"Mw",-2.45,-77.57,86.5,FALSE,0
1688,1988,12,13,2,47,42,"1988-12-13 02:47:42",4.3,"Mw",-2.79,-78.04,33,FALSE,0
1689,1989,1,18,17,32,13,"1989-01-18 17:32:13",5.4,"Mw",-6.99,-74.54,146.8,TRUE,0
1690,1989,2,8,11,34,25,"1989-02-08 11:34:25",4.4,"Mw",-1.51,-77.39,198.4,TRUE,0
1691,1989,2,12,20,3,13,"1989-02-12 20:03:13",5.1,"Mw",2.74,-79.78,2.8,TRUE,0
1692,1989,2,23,3,5,39,"1989-02-23 03:05:39",4.8,"Mw",3.12,-78.55,17.4,TRUE,0
1693,1989,2,26,10,12,30,"1989-02-26 10:12:30",4.7,"Mw",-4.82,-76.74,42.8,TRUE,0
1694,1989,3,1,13,31,22,"1989-03-01 13:31:22",4.8,"Mw",-4.39,-80.54,41.4,TRUE,0
1695,1989,3,2,11,32,58,"1989-03-02 11:32:58",4.7,"Mw",-4.12,-77.92,73.9,TRUE,0
1696,1989,3,2,14,10,29,"1989-03-02 14:10:29",5,"Mw",-0.59,-77.45,47.4,FALSE,0
1697,1989,3,6,11,44,7,"1989-03-06 11:44:07",4.8,"Mw",-3.05,-80.41,54.4,TRUE,0
1698,1989,3,23,17,50,4,"1989-03-23 17:50:04",4.8,"Mw",-5.51,-80.61,66,TRUE,0
1699,1989,4,15,8,4,3,"1989-04-15 08:04:03",4.6,"Mw",3.78,-82.72,33,TRUE,0
1700,1989,4,29,22,1,54,"1989-04-29 22:01:54",4.8,"Mw",-1,-80.42,118.9,TRUE,0
1701,1989,5,2,5,49,37,"1989-05-02 05:49:37",4.4,"Mw",0.47,-80.42,33,TRUE,0
1702,1989,5,3,3,40,48,"1989-05-03 03:40:48",4.6,"Mw",-1.1,-78.23,10,TRUE,0
1703,1989,5,4,10,30,7,"1989-05-04 10:30:07",5.1,"Mw",-6.61,-75.71,29.3,TRUE,1
1704,1989,5,4,20,22,2,"1989-05-04 20:22:02",4.9,"Mw",-2.37,-80.69,33,TRUE,0
1705,1989,5,19,2,46,48,"1989-05-19 02:46:48",4.7,"Mw",-1.69,-77.83,168.4,TRUE,1
1706,1989,5,20,15,35,42,"1989-05-20 15:35:42",5,"Mw",-6.75,-75.74,41.7,FALSE,0
1707,1989,5,23,17,52,21,"1989-05-23 17:52:21",4.6,"Mw",-2.73,-77.43,124.8,TRUE,0
1708,1989,5,25,15,30,22,"1989-05-25 15:30:22",4.9,"Mw",-1.38,-79.29,38.3,TRUE,0
1709,1989,6,3,19,54,36,"1989-06-03 19:54:36",4.2,"Mw",-5.17,-76.76,150.8,TRUE,0
1710,1989,6,10,9,9,54,"1989-06-10 09:09:54",4,"Mw",-1.68,-77.71,184.8,FALSE,0
1711,1989,6,18,21,11,59,"1989-06-18 21:11:59",4.7,"Mw",2.06,-78.99,33,TRUE,0
1712,1989,6,22,15,8,45,"1989-06-22 15:08:45",4.9,"Mw",-6.75,-81.72,16.5,TRUE,0
1713,1989,6,24,15,2,9,"1989-06-24 15:02:09",5.2,"Mw",1.92,-79.04,26.2,TRUE,0
1714,1989,6,25,20,37,33,"1989-06-25 20:37:33",6.3,"Mw",1.13,-79.58,15,TRUE,1
1715,1989,6,26,14,1,14,"1989-06-26 14:01:14",4.8,"Mw",-2.37,-79.41,110,TRUE,0
1716,1989,7,2,14,7,27,"1989-07-02 14:07:27",4.4,"Mw",-1.24,-77.64,191.8,TRUE,0
1717,1989,7,6,5,55,40,"1989-07-06 05:55:40",4,"Mw",-4.57,-80.26,112,TRUE,0
1718,1989,7,17,21,53,54,"1989-07-17 21:53:54",4.4,"Mw",2.47,-79.52,16,TRUE,1
1719,1989,7,18,6,38,40,"1989-07-18 06:38:40",4.2,"Mw",2.44,-79.73,10,FALSE,0
1720,1989,7,21,2,52,58,"1989-07-21 02:52:58",4.5,"Mw",-1.33,-77.63,182.6,TRUE,1
1721,1989,7,23,19,19,46,"1989-07-23 19:19:46",4.7,"Mw",0.86,-79.92,65.6,FALSE,0
1722,1989,7,29,11,28,30,"1989-07-29 11:28:30",4.4,"Mw",1.51,-79.85,44,TRUE,0
1723,1989,8,12,3,55,43,"1989-08-12 03:55:43",4.4,"Mw",-1.4,-77.86,173.7,FALSE,0
1724,1989,8,16,0,17,22,"1989-08-16 00:17:22",4.9,"Mw",-2.25,-77.65,52,TRUE,0
1725,1989,8,22,18,7,28,"1989-08-22 18:07:28",4.3,"Mw",-2.41,-79.89,33,TRUE,0
1726,1989,8,31,16,2,10,"1989-08-31 16:02:10",4.5,"Mw",3.89,-76.04,131.3,TRUE,0
1727,1989,9,9,1,40,38,"1989-09-09 01:40:38",5.7,"Mw",2.43,-79.74,14,TRUE,4
1728,1989,9,9,2,19,2,"1989-09-09 02:19:02",4.6,"Mw",2.45,-79.63,18.6,FALSE,0
1729,1989,9,9,4,11,25,"1989-09-09 04:11:25",4.3,"Mw",2.43,-79.64,10,FALSE,0
1730,1989,9,16,1,49,18,"1989-09-16 01:49:18",5.4,"Mw",-0.57,-77.51,16.8,TRUE,1
1731,1989,9,22,5,43,18,"1989-09-22 05:43:18",4.5,"Mw",-3.78,-80.68,71.7,TRUE,0
1732,1989,10,5,15,39,32,"1989-10-05 15:39:32",4.4,"Mw",-4.33,-80.9,33,TRUE,0
1733,1989,10,6,21,15,41,"1989-10-06 21:15:41",4.6,"Mw",-0.64,-77.51,10,FALSE,0
1734,1989,10,7,1,17,58,"1989-10-07 01:17:58",4.9,"Mw",-4.99,-78.17,65.3,TRUE,0
1735,1989,10,9,10,3,21,"1989-10-09 10:03:21",5.4,"Mw",-4.26,-77.67,34.7,TRUE,0
1736,1989,10,12,18,33,8,"1989-10-12 18:33:08",4.7,"Mw",-2.09,-79.59,102.9,TRUE,0
1737,1989,10,24,4,27,19,"1989-10-24 04:27:19",4.6,"Mw",0.94,-78.94,56,TRUE,0
1738,1989,10,24,17,29,43,"1989-10-24 17:29:43",4.9,"Mw",-2.72,-77.71,44.9,TRUE,0
1739,1989,10,25,5,56,13,"1989-10-25 05:56:13",4.7,"Mw",-4.84,-81.08,42.7,TRUE,1
1740,1989,10,29,4,56,16,"1989-10-29 04:56:16",4.5,"Mw",-2.67,-79.74,77.8,TRUE,0
1741,1989,11,4,15,39,17,"1989-11-04 15:39:17",4.9,"Mw",-3.48,-80.25,35.7,TRUE,0
1742,1989,11,6,21,0,42,"1989-11-06 21:00:42",5,"Mw",-3.06,-80.43,72.3,TRUE,1
1743,1989,11,7,11,39,5,"1989-11-07 11:39:05",4.2,"Mw",-3.24,-80.63,55.9,FALSE,0
1744,1989,11,8,10,15,8,"1989-11-08 10:15:08",4.3,"Mw",-5.56,-76.15,33,TRUE,0
1745,1989,11,19,3,13,22,"1989-11-19 03:13:22",4.5,"Mw",3.75,-83.2,33,TRUE,0
1746,1989,11,27,8,7,51,"1989-11-27 08:07:51",4.5,"Mw",-4.72,-81.11,82.7,FALSE,0
1747,1989,12,3,19,27,11,"1989-12-03 19:27:11",4.7,"Mw",-1.78,-77.77,104,TRUE,0
1748,1989,12,7,16,38,33,"1989-12-07 16:38:33",4.8,"Mw",-4.27,-76.54,130.5,TRUE,0
1749,1989,12,17,7,32,33,"1989-12-17 07:32:33",4.8,"Mw",-1.13,-78.16,67.7,TRUE,0
1750,1990,1,5,15,18,46,"1990-01-05 15:18:46",5,"Mw",-4.09,-80.92,39.2,TRUE,0
1751,1990,1,20,16,59,4,"1990-01-20 16:59:04",5.4,"Mw",-5.91,-81.08,27.8,TRUE,0
1752,1990,1,21,13,10,9,"1990-01-21 13:10:09",4.9,"Mw",2.6,-79.81,26.1,FALSE,0
1753,1990,1,22,2,31,45,"1990-01-22 02:31:45",4.2,"Mw",-0.64,-80.79,33,TRUE,0
1754,1990,2,9,22,29,5,"1990-02-09 22:29:05",4.9,"Mw",3.5,-82.87,33,TRUE,0
1755,1990,2,10,6,45,12,"1990-02-10 06:45:12",5,"Mw",3.46,-82.82,23.8,TRUE,0
1756,1990,2,10,6,56,13,"1990-02-10 06:56:13",5.1,"Mw",3.5,-82.84,10,TRUE,2
1757,1990,2,10,7,52,39,"1990-02-10 07:52:39",4.3,"Mw",3.46,-82.94,10,FALSE,0
1758,1990,2,10,8,3,29,"1990-02-10 08:03:29",4.8,"Mw",3.58,-82.74,10,FALSE,0
1759,1990,2,10,17,12,11,"1990-02-10 17:12:11",5.5,"Mw",-3.18,-80.79,53.5,TRUE,1
1760,1990,2,10,18,40,29,"1990-02-10 18:40:29",5.1,"Mw",-3.22,-81.75,33,TRUE,0
1761,1990,2,11,11,23,53,"1990-02-11 11:23:53",5.1,"Mw",-3.84,-81.72,33,TRUE,0
1762,1990,2,16,15,12,48,"1990-02-16 15:12:48",5.3,"Mw",-3.07,-80.71,71.4,FALSE,0
1763,1990,2,21,21,33,32,"1990-02-21 21:33:32",4.8,"Mw",0.18,-80.21,61.9,TRUE,0
1764,1990,2,28,21,13,33,"1990-02-28 21:13:33",4.7,"Mw",2.74,-79.7,20.8,FALSE,0
1765,1990,3,1,4,28,50,"1990-03-01 04:28:50",4.3,"Mw",-2.83,-79.71,48.5,TRUE,0
1766,1990,3,13,19,40,35,"1990-03-13 19:40:35",5.6,"Mw",-3.37,-76.87,117.2,TRUE,0
1767,1990,3,16,4,51,29,"1990-03-16 04:51:29",4.6,"Mw",-6.59,-75.7,33,TRUE,0
1768,1990,3,16,8,51,0,"1990-03-16 08:51:00",4.9,"Mw",-6.54,-75.62,10,TRUE,0
1769,1990,3,19,1,12,20,"1990-03-19 01:12:20",4.2,"Mw",-1.67,-77.9,164.4,TRUE,0
1770,1990,3,19,13,15,2,"1990-03-19 13:15:02",4.7,"Mw",2.69,-79.72,33,TRUE,0
1771,1990,3,25,3,37,35,"1990-03-25 03:37:35",4.1,"Mw",-2.36,-80.04,33,TRUE,0
1772,1990,3,31,10,2,15,"1990-03-31 10:02:15",4.3,"Mw",-2.77,-79.43,84.4,TRUE,0
1773,1990,4,13,15,25,4,"1990-04-13 15:25:04",4.6,"Mw",3.87,-76.3,167.7,TRUE,0
1774,1990,4,18,3,31,56,"1990-04-18 03:31:56",4.3,"Mw",-3.27,-75.82,142,TRUE,0
1775,1990,4,21,19,26,42,"1990-04-21 19:26:42",4.4,"Mw",-2.99,-77.62,34,TRUE,0
1776,1990,4,28,9,44,50,"1990-04-28 09:44:50",4.5,"Mw",-5.48,-79.2,61.6,TRUE,0
1777,1990,5,5,17,10,11,"1990-05-05 17:10:11",4.7,"Mw",-2.71,-79.58,41.5,TRUE,0
1778,1990,5,9,8,5,32,"1990-05-09 08:05:32",4.5,"Mw",-2.17,-80.65,21.1,TRUE,0
1779,1990,5,15,5,7,6,"1990-05-15 05:07:06",5,"Mw",-4.96,-81.02,37.3,TRUE,0
1780,1990,5,18,16,42,58,"1990-05-18 16:42:58",4.6,"Mw",2.63,-79.7,32.1,TRUE,0
1781,1990,5,30,2,34,7,"1990-05-30 02:34:07",6.5,"Mw",-6.02,-77.2,24,TRUE,20
1782,1990,5,30,5,36,22,"1990-05-30 05:36:22",4.6,"Mw",-6,-77.12,42.7,FALSE,0
1783,1990,5,30,7,3,47,"1990-05-30 07:03:47",4.3,"Mw",-6,-76.97,51.3,FALSE,0
1784,1990,5,30,9,53,16,"1990-05-30 09:53:16",4.7,"Mw",-6.04,-77.08,42,FALSE,0
1785,1990,5,30,15,12,45,"1990-05-30 15:12:45",4.5,"Mw",-5.89,-76.9,33,FALSE,0
1786,1990,5,30,16,49,29,"1990-05-30 16:49:29",5.6,"Mw",-6.05,-77.16,26.9,FALSE,0
1787,1990,6,1,10,59,26,"1990-06-01 10:59:26",5.1,"Mw",-6.02,-76.88,29,FALSE,0
1788,1990,6,3,0,55,19,"1990-06-03 00:55:19",4.8,"Mw",-5.93,-77.21,44.7,FALSE,0
1789,1990,6,3,7,57,28,"1990-06-03 07:57:28",4.7,"Mw",-6.05,-77.09,45.3,FALSE,0
1790,1990,6,4,23,0,9,"1990-06-04 23:00:09",4.7,"Mw",-6.25,-77.23,10,FALSE,0
1791,1990,6,6,2,1,9,"1990-06-06 02:01:09",5.3,"Mw",-6.19,-77.26,23.9,FALSE,0
1792,1990,6,8,21,30,45,"1990-06-08 21:30:45",5.1,"Mw",-6.13,-77.1,46.9,FALSE,0
1793,1990,6,9,1,14,35,"1990-06-09 01:14:35",5.5,"Mw",-6.09,-77.12,23.2,FALSE,0
1794,1990,6,15,7,21,59,"1990-06-15 07:21:59",4.8,"Mw",-6.18,-77.13,41.7,FALSE,0
1795,1990,6,21,13,9,12,"1990-06-21 13:09:12",4.7,"Mw",-6.12,-77.36,33,FALSE,0
1796,1990,6,25,2,52,19,"1990-06-25 02:52:19",4.8,"Mw",-6.21,-76.1,33,TRUE,0
1797,1990,6,25,4,12,6,"1990-06-25 04:12:06",4.5,"Mw",-5.29,-79.17,42.1,TRUE,0
1798,1990,6,25,18,34,59,"1990-06-25 18:34:59",4.5,"Mw",-1.45,-77.93,193,TRUE,0
1799,1990,7,15,10,10,20,"1990-07-15 10:10:20",4.6,"Mw",-2.45,-78.92,113.3,TRUE,0
1800,1990,7,29,15,29,14,"1990-07-29 15:29:14",5.2,"Mw",-4.87,-80.89,41.2,TRUE,0
1801,1990,8,11,2,59,57,"1990-08-11 02:59:57",5.3,"Mw",-0.03,-78.42,5,TRUE,0
1802,1990,8,12,5,35,19,"1990-08-12 05:35:19",4.4,"Mw",-0.38,-80.29,39.1,TRUE,0
1803,1990,8,15,21,24,48,"1990-08-15 21:24:48",4.8,"Mw",-4.2,-80.51,68.6,TRUE,0
1804,1990,8,18,11,7,33,"1990-08-18 11:07:33",4.9,"Mw",-2.45,-76.61,144.2,TRUE,0
1805,1990,9,2,4,26,49,"1990-09-02 04:26:49",6.2,"Mw",-0.13,-80.23,14,TRUE,1
1806,1990,9,2,5,7,16,"1990-09-02 05:07:16",4.9,"Mw",-0.15,-80.34,30.7,FALSE,0
1807,1990,9,5,5,49,23,"1990-09-05 05:49:23",4.9,"Mw",-2.14,-80.22,79.9,TRUE,0
1808,1990,9,8,4,11,2,"1990-09-08 04:11:02",4.6,"Mw",-5.86,-76.94,10,FALSE,0
1809,1990,9,24,8,49,36,"1990-09-24 08:49:36",4.1,"Mw",0.04,-77.96,1.6,TRUE,0
1810,1990,9,26,7,55,47,"1990-09-26 07:55:47",4.3,"Mw",-1.91,-77.15,174.6,TRUE,0
1811,1990,10,13,11,14,35,"1990-10-13 11:14:35",4.9,"Mw",-2.14,-79.91,97.2,TRUE,0
1812,1990,10,21,15,10,45,"1990-10-21 15:10:45",5.4,"Mw",-3.96,-77.26,118.2,TRUE,0
1813,1990,10,23,9,13,4,"1990-10-23 09:13:04",4.1,"Mw",3.12,-75.24,33,TRUE,0
1814,1990,10,28,2,27,44,"1990-10-28 02:27:44",4.8,"Mw",-4.81,-76.89,33,TRUE,1
1815,1990,11,6,15,39,8,"1990-11-06 15:39:08",4.1,"Mw",-0.95,-79.13,108.2,TRUE,0
1816,1990,11,10,17,20,30,"1990-11-10 17:20:30",4.8,"Mw",-6.82,-80.02,33,TRUE,0
1817,1990,11,14,18,34,7,"1990-11-14 18:34:07",4.5,"Mw",2.34,-79.78,10,TRUE,0
1818,1990,11,17,14,16,47,"1990-11-17 14:16:47",4.2,"Mw",-4.58,-76.74,125.1,FALSE,0
1819,1990,11,23,7,27,35,"1990-11-23 07:27:35",4.9,"Mw",-3.61,-80.82,33,TRUE,0
1820,1990,11,23,22,15,0,"1990-11-23 22:15:00",4.6,"Mw",-1.77,-78.05,159.5,TRUE,0
1821,1990,11,25,12,32,46,"1990-11-25 12:32:46",5.3,"Mw",-2.67,-77.71,25.1,TRUE,0
1822,1990,12,26,5,58,31,"1990-12-26 05:58:31",4.7,"Mw",-5.1,-78.29,45.1,TRUE,0
1823,1990,12,29,1,55,13,"1990-12-29 01:55:13",4.3,"Mw",3.27,-77.45,92,TRUE,0
1824,1990,12,30,7,33,35,"1990-12-30 07:33:35",4.5,"Mw",2.77,-79.68,33,TRUE,0
1825,1990,12,31,17,58,3,"1990-12-31 17:58:03",4.4,"Mw",2.69,-79.21,31,TRUE,0
1826,1991,1,3,9,56,5,"1991-01-03 09:56:05",4.3,"Mw",-4.2,-79.7,10,TRUE,0
1827,1991,1,6,1,47,43,"1991-01-06 01:47:43",4.5,"Mw",-3.83,-79.72,103,TRUE,0
1828,1991,1,10,13,7,24,"1991-01-10 13:07:24",4.4,"Mw",-4.82,-76.5,42.5,TRUE,0
1829,1991,1,13,9,19,36,"1991-01-13 09:19:36",4.4,"Mw",-1.83,-78.57,144.8,TRUE,0
1830,1991,1,28,10,19,54,"1991-01-28 10:19:54",4.4,"Mw",3.6,-82.83,33,TRUE,0
1831,1991,2,11,9,40,6,"1991-02-11 09:40:06",4.1,"Mw",2.27,-78.8,152,TRUE,0
1832,1991,2,14,12,10,44,"1991-02-14 12:10:44",4.8,"Mw",-4.42,-80.62,64.5,TRUE,0
1833,1991,2,17,4,37,37,"1991-02-17 04:37:37",4.7,"Mw",-1.43,-77.96,48.4,TRUE,1
1834,1991,2,20,23,17,4,"1991-02-20 23:17:04",4.4,"Mw",-1.59,-77.95,176,FALSE,0
1835,1991,2,22,18,39,12,"1991-02-22 18:39:12",5.1,"Mw",-6.59,-74.84,142.5,TRUE,0
1836,1991,3,5,13,49,7,"1991-03-05 13:49:07",5.6,"Mw",3.16,-83.38,15,TRUE,0
1837,1991,3,6,23,7,58,"1991-03-06 23:07:58",4.3,"Mw",3.38,-75.88,174.9,TRUE,0
1838,1991,3,12,13,41,30,"1991-03-12 13:41:30",4.6,"Mw",-3.36,-75.66,138.7,TRUE,0
1839,1991,3,20,13,8,58,"1991-03-20 13:08:58",6,"Mw",-5.81,-80.93,26.4,TRUE,0
1840,1991,3,25,23,51,0,"1991-03-25 23:51:00",4.9,"Mw",2.08,-79.06,32.3,TRUE,0
1841,1991,3,27,8,29,7,"1991-03-27 08:29:07",4.4,"Mw",2.39,-83.12,10,TRUE,0
1842,1991,3,29,20,13,49,"1991-03-29 20:13:49",5.6,"Mw",-3.98,-80.91,37.6,TRUE,2
1843,1991,3,30,1,53,22,"1991-03-30 01:53:22",4.5,"Mw",-3.83,-80.79,67.8,FALSE,0
1844,1991,4,1,13,1,7,"1991-04-01 13:01:07",4.6,"Mw",-0.23,-78.52,20.2,TRUE,0
1845,1991,4,4,15,23,22,"1991-04-04 15:23:22",6.4,"Mw",-6.05,-77.13,21,FALSE,0
1846,1991,4,4,16,8,20,"1991-04-04 16:08:20",5.2,"Mw",-5.99,-77.08,29.9,FALSE,0
1847,1991,4,4,20,9,4,"1991-04-04 20:09:04",4.5,"Mw",-6.08,-76.95,51,FALSE,0
1848,1991,4,4,22,54,41,"1991-04-04 22:54:41",4.4,"Mw",-6.07,-77.34,44.9,FALSE,0
1849,1991,4,5,4,19,50,"1991-04-05 04:19:50",6.9,"Mw",-5.97,-77.08,20,TRUE,51
1850,1991,4,5,5,1,11,"1991-04-05 05:01:11",5.4,"Mw",-5.82,-77.3,23.4,FALSE,0
1851,1991,4,5,5,20,28,"1991-04-05 05:20:28",4.9,"Mw",-5.77,-77.18,56,FALSE,0
1852,1991,4,5,5,29,56,"1991-04-05 05:29:56",5,"Mw",-5.9,-77.14,56.9,FALSE,0
1853,1991,4,5,5,46,45,"1991-04-05 05:46:45",4.7,"Mw",-5.74,-77.65,33,FALSE,0
1854,1991,4,5,5,53,39,"1991-04-05 05:53:39",4.8,"Mw",-5.69,-77.04,33,FALSE,0
1855,1991,4,5,6,1,52,"1991-04-05 06:01:52",4.4,"Mw",-5.31,-76.65,33,TRUE,0
1856,1991,4,5,6,45,55,"1991-04-05 06:45:55",4.8,"Mw",-5.52,-77.43,33,FALSE,0
1857,1991,4,5,6,54,12,"1991-04-05 06:54:12",4.7,"Mw",-5.36,-77.01,33,FALSE,0
1858,1991,4,5,11,12,25,"1991-04-05 11:12:25",4.4,"Mw",-5.6,-76.84,33,FALSE,0
1859,1991,4,5,13,40,25,"1991-04-05 13:40:25",4.7,"Mw",-5.7,-76.96,46.9,FALSE,0
1860,1991,4,5,17,13,0,"1991-04-05 17:13:00",5.2,"Mw",-6.07,-77.01,54.9,FALSE,0
1861,1991,4,5,17,50,8,"1991-04-05 17:50:08",4.4,"Mw",-5.87,-77.46,33,FALSE,0
1862,1991,4,5,20,18,44,"1991-04-05 20:18:44",4.4,"Mw",-5.79,-77.07,33,FALSE,0
1863,1991,4,5,20,37,30,"1991-04-05 20:37:30",4.7,"Mw",-6.05,-76.88,38.2,FALSE,0
1864,1991,4,5,21,38,31,"1991-04-05 21:38:31",4.8,"Mw",-5.67,-77.01,46.7,FALSE,0
1865,1991,4,5,23,9,44,"1991-04-05 23:09:44",4.2,"Mw",-5.77,-77.5,25.3,FALSE,0
1866,1991,4,5,23,55,29,"1991-04-05 23:55:29",4.7,"Mw",-5.83,-77.55,33,FALSE,0
1867,1991,4,6,3,57,45,"1991-04-06 03:57:45",4.6,"Mw",-5.69,-77.13,52,FALSE,0
1868,1991,4,6,4,20,23,"1991-04-06 04:20:23",4.3,"Mw",-5.67,-76.99,51.9,FALSE,0
1869,1991,4,6,14,21,49,"1991-04-06 14:21:49",5.2,"Mw",-6.07,-77.1,46,FALSE,0
1870,1991,4,6,14,48,37,"1991-04-06 14:48:37",4.9,"Mw",-5.54,-77.29,53.1,FALSE,0
1871,1991,4,6,16,30,33,"1991-04-06 16:30:33",4.7,"Mw",-5.92,-76.96,67.8,FALSE,0
1872,1991,4,6,18,13,24,"1991-04-06 18:13:24",4.6,"Mw",-5.87,-77.11,53,FALSE,0
1873,1991,4,6,20,46,57,"1991-04-06 20:46:57",4.2,"Mw",-5.85,-77.16,33,FALSE,0
1874,1991,4,6,20,53,59,"1991-04-06 20:53:59",4.4,"Mw",-5.79,-77.83,33,FALSE,0
1875,1991,4,6,23,19,32,"1991-04-06 23:19:32",4.2,"Mw",-5.87,-77.12,53.5,FALSE,0
1876,1991,4,7,0,40,57,"1991-04-07 00:40:57",4.6,"Mw",-5.96,-77,46.9,FALSE,0
1877,1991,4,7,13,44,32,"1991-04-07 13:44:32",4.6,"Mw",-5.79,-77.06,50.7,FALSE,0
1878,1991,4,7,23,16,29,"1991-04-07 23:16:29",5,"Mw",-6,-77.17,35.9,FALSE,0
1879,1991,4,8,10,40,21,"1991-04-08 10:40:21",4.8,"Mw",-6.05,-77,33,FALSE,0
1880,1991,4,8,19,53,3,"1991-04-08 19:53:03",4.7,"Mw",-5.82,-77.93,33,TRUE,0
1881,1991,4,9,0,9,13,"1991-04-09 00:09:13",4.8,"Mw",-5.93,-76.89,55.5,FALSE,0
1882,1991,4,9,15,35,24,"1991-04-09 15:35:24",4.8,"Mw",-5.96,-77.12,47.6,FALSE,0
1883,1991,4,9,17,41,33,"1991-04-09 17:41:33",4.7,"Mw",-6.01,-77.04,34.7,FALSE,0
1884,1991,4,10,5,55,17,"1991-04-10 05:55:17",4.4,"Mw",-5.77,-77.15,63,FALSE,0
1885,1991,4,11,6,39,57,"1991-04-11 06:39:57",4.2,"Mw",-5.89,-76.89,54.7,FALSE,0
1886,1991,4,12,3,50,9,"1991-04-12 03:50:09",5.2,"Mw",-5.72,-77.04,39.5,FALSE,0
1887,1991,4,12,17,0,5,"1991-04-12 17:00:05",5,"Mw",-5.89,-77.08,30.3,FALSE,0
1888,1991,4,13,0,59,36,"1991-04-13 00:59:36",4.9,"Mw",-5.73,-77.15,24.9,FALSE,0
1889,1991,4,13,3,35,33,"1991-04-13 03:35:33",4.5,"Mw",-5.75,-77.01,51.4,FALSE,0
1890,1991,4,14,8,18,33,"1991-04-14 08:18:33",4.7,"Mw",-5.49,-76.78,14.9,FALSE,0
1891,1991,4,15,14,15,38,"1991-04-15 14:15:38",4.7,"Mw",-5.75,-76.9,52.6,FALSE,0
1892,1991,4,15,22,54,49,"1991-04-15 22:54:49",4.7,"Mw",-5.8,-76.9,39.9,FALSE,0
1893,1991,4,21,18,11,5,"1991-04-21 18:11:05",4.9,"Mw",-6.01,-77.19,31.6,FALSE,0
1894,1991,4,22,11,3,10,"1991-04-22 11:03:10",4.7,"Mw",-0.31,-78.91,29.1,TRUE,0
1895,1991,4,24,5,13,11,"1991-04-24 05:13:11",6.1,"Mw",2.54,-79.7,26.6,TRUE,1
1896,1991,4,24,5,50,44,"1991-04-24 05:50:44",4,"Mw",2.65,-79.8,10,FALSE,0
1897,1991,4,28,8,9,45,"1991-04-28 08:09:45",4.7,"Mw",-6.08,-76.93,38.3,FALSE,0
1898,1991,5,2,7,26,3,"1991-05-02 07:26:03",4.6,"Mw",-5.5,-76.98,101.2,FALSE,0
1899,1991,5,4,13,0,52,"1991-05-04 13:00:52",5,"Mw",-6.05,-77.12,33,FALSE,0
1900,1991,5,7,1,57,22,"1991-05-07 01:57:22",4.2,"Mw",-5.95,-76.89,72.8,FALSE,0
1901,1991,5,7,6,59,3,"1991-05-07 06:59:03",4.1,"Mw",-3.74,-80.57,102.5,FALSE,0
1902,1991,5,11,17,58,14,"1991-05-11 17:58:14",4,"Mw",0.007,-77.36,67,TRUE,0
1903,1991,5,13,17,42,24,"1991-05-13 17:42:24",4.8,"Mw",-6.08,-76.76,35,FALSE,0
1904,1991,5,17,8,5,18,"1991-05-17 08:05:18",4.1,"Mw",-2.17,-79.83,90,TRUE,0
1905,1991,5,18,8,47,48,"1991-05-18 08:47:48",4.8,"Mw",-5.58,-77.03,46.2,FALSE,0
1906,1991,5,21,19,44,56,"1991-05-21 19:44:56",4.1,"Mw",-1.71,-77.87,139,TRUE,0
1907,1991,5,25,22,25,10,"1991-05-25 22:25:10",4.5,"Mw",-5.92,-77.52,33,FALSE,0
1908,1991,5,28,3,22,23,"1991-05-28 03:22:23",4.8,"Mw",-5.81,-77.04,37.5,FALSE,0
1909,1991,5,29,23,52,27,"1991-05-29 23:52:27",4.2,"Mw",-3.6,-75.63,66.7,TRUE,0
1910,1991,6,12,0,45,41,"1991-06-12 00:45:41",5.7,"Mw",-2.23,-78.87,94,TRUE,0
1911,1991,6,20,5,14,56,"1991-06-20 05:14:56",4,"Mw",3.2,-78.65,33,TRUE,0
1912,1991,6,25,7,25,28,"1991-06-25 07:25:28",4.5,"Mw",3.18,-79.35,33,TRUE,0
1913,1991,7,1,4,23,14,"1991-07-01 04:23:14",4.4,"Mw",3.94,-82.18,10,TRUE,0
1914,1991,7,25,1,45,15,"1991-07-25 01:45:15",4.4,"Mw",-4.86,-80.89,66.3,TRUE,0
1915,1991,8,4,7,45,34,"1991-08-04 07:45:34",5.4,"Mw",-0.89,-80.81,32.1,TRUE,0
1916,1991,8,4,22,0,11,"1991-08-04 22:00:11",4.8,"Mw",-2.32,-77.11,33,TRUE,0
1917,1991,8,19,0,46,14,"1991-08-19 00:46:14",4.6,"Mw",-2.33,-79.36,106.6,TRUE,0
1918,1991,8,24,8,35,6,"1991-08-24 08:35:06",4.9,"Mw",-6.31,-81.06,33,TRUE,0
1919,1991,8,30,0,16,22,"1991-08-30 00:16:22",5.2,"Mw",-4.35,-81.53,23.4,TRUE,0
1920,1991,9,1,17,48,19,"1991-09-01 17:48:19",4.2,"Mw",-5.89,-77.12,44.2,FALSE,0
1921,1991,9,19,15,18,41,"1991-09-19 15:18:41",4.5,"Mw",0.53,-78.67,33,TRUE,0
1922,1991,10,4,20,45,50,"1991-10-04 20:45:50",4.6,"Mw",3.05,-76.43,152.8,TRUE,0
1923,1991,10,6,16,7,53,"1991-10-06 16:07:53",4.6,"Mw",-1.86,-77.07,179.3,TRUE,0
1924,1991,10,10,23,20,12,"1991-10-10 23:20:12",5,"Mw",3.43,-83.37,35,TRUE,2
1925,1991,10,10,23,34,14,"1991-10-10 23:34:14",4.4,"Mw",3.61,-83.29,10,FALSE,0
1926,1991,10,12,0,6,57,"1991-10-12 00:06:57",4.6,"Mw",3.54,-83.26,10,FALSE,0
1927,1991,11,13,13,21,47,"1991-11-13 13:21:47",4.9,"Mw",2.97,-76.39,148.6,TRUE,0
1928,1991,11,13,20,27,35,"1991-11-13 20:27:35",5.1,"Mw",3.16,-78.58,18,TRUE,0
1929,1991,11,13,22,41,41,"1991-11-13 22:41:41",4.4,"Mw",2.51,-79.21,33,TRUE,0
1930,1991,11,21,7,47,13,"1991-11-21 07:47:13",4.2,"Mw",-2.32,-80.18,69.2,TRUE,0
1931,1991,11,23,6,58,57,"1991-11-23 06:58:57",4.2,"Mw",-6.94,-75.88,114.1,TRUE,0
1932,1991,11,24,15,35,39,"1991-11-24 15:35:39",4.2,"Mw",1.79,-80.8,33,TRUE,0
1933,1991,11,24,18,51,33,"1991-11-24 18:51:33",4.1,"Mw",2.37,-79.55,33,TRUE,0
1934,1991,11,24,19,12,6,"1991-11-24 19:12:06",4.8,"Mw",2.55,-78.96,41.4,TRUE,0
1935,1991,12,10,5,28,27,"1991-12-10 05:28:27",4.1,"Mw",-5.93,-77.42,106.8,FALSE,0
1936,1991,12,12,7,12,57,"1991-12-12 07:12:57",4.2,"Mw",-1.53,-77.81,204.4,TRUE,0
1937,1991,12,15,21,43,12,"1991-12-15 21:43:12",4.6,"Mw",-1.46,-80.76,33,TRUE,0
1938,1991,12,17,8,43,40,"1991-12-17 08:43:40",4.6,"Mw",-3.16,-75.67,150.4,TRUE,0
1939,1991,12,27,6,33,42,"1991-12-27 06:33:42",4.4,"Mw",-4.29,-81.21,33,TRUE,0
1940,1992,1,15,1,18,14,"1992-01-15 01:18:14",5.5,"Mw",-2.13,-76.96,148.4,TRUE,0
1941,1992,2,6,9,42,57,"1992-02-06 09:42:57",4.5,"Mw",-3.52,-77.56,87.9,TRUE,0
1942,1992,3,1,6,15,21,"1992-03-01 06:15:21",4.9,"Mw",-6.79,-75.88,34.1,TRUE,0
1943,1992,3,1,12,0,25,"1992-03-01 12:00:25",4.5,"Mw",0.04,-80.05,33,TRUE,0
1944,1992,3,10,19,2,50,"1992-03-10 19:02:50",4.1,"Mw",3.19,-83.68,33,TRUE,0
1945,1992,3,28,9,26,43,"1992-03-28 09:26:43",4.2,"Mw",-1.39,-77.72,178.5,TRUE,0
1946,1992,4,8,5,30,4,"1992-04-08 05:30:04",4.2,"Mw",3.24,-76.42,59.8,TRUE,0
1947,1992,4,22,23,41,22,"1992-04-22 23:41:22",4.5,"Mw",-4.87,-75.89,131.5,TRUE,0
1948,1992,4,30,0,1,51,"1992-04-30 00:01:51",4.4,"Mw",2.74,-79.75,33,TRUE,0
1949,1992,6,28,2,17,48,"1992-06-28 02:17:48",4.6,"Mw",3.95,-83.41,10,TRUE,0
1950,1992,7,5,6,0,13,"1992-07-05 06:00:13",5,"Mw",2.65,-79.82,13.4,TRUE,1
1951,1992,7,13,18,11,34,"1992-07-13 18:11:34",6.3,"Mw",-3.91,-76.56,97,TRUE,0
1952,1992,8,3,14,19,6,"1992-08-03 14:19:06",4.5,"Mw",-4.89,-80.71,80,TRUE,0
1953,1992,8,12,21,12,16,"1992-08-12 21:12:16",4.7,"Mw",2.61,-79.81,33.4,FALSE,0
1954,1992,8,17,0,52,9,"1992-08-17 00:52:09",5.2,"Mw",-4.68,-77.9,47,TRUE,0
1955,1992,8,18,12,53,57,"1992-08-18 12:53:57",5.2,"Mw",-2.95,-79.92,32,TRUE,0
1956,1992,8,26,21,52,51,"1992-08-26 21:52:51",4.3,"Mw",-2.37,-76.32,173.3,TRUE,0
1957,1992,9,8,5,41,44,"1992-09-08 05:41:44",5.2,"Mw",3.97,-82.57,14,TRUE,2
1958,1992,9,16,9,11,57,"1992-09-16 09:11:57",4.7,"Mw",3.66,-82.74,33,FALSE,0
1959,1992,9,18,1,14,59,"1992-09-18 01:14:59",4.6,"Mw",3.39,-82.97,33,TRUE,0
1960,1992,9,18,6,58,31,"1992-09-18 06:58:31",4.6,"Mw",3.85,-82.37,33,FALSE,0
1961,1992,9,18,9,30,42,"1992-09-18 09:30:42",5.1,"Mw",3.32,-83.08,13.6,TRUE,3
1962,1992,9,18,10,50,36,"1992-09-18 10:50:36",5.1,"Mw",3.4,-82.94,24.3,TRUE,1
1963,1992,9,18,13,40,36,"1992-09-18 13:40:36",4.8,"Mw",3.58,-83.03,8.3,FALSE,0
1964,1992,9,20,10,6,15,"1992-09-20 10:06:15",4.5,"Mw",3.56,-82.77,33,FALSE,0
1965,1992,9,22,6,49,1,"1992-09-22 06:49:01",4.5,"Mw",-4.42,-76.37,49.7,TRUE,0
1966,1992,9,26,18,26,3,"1992-09-26 18:26:03",4.3,"Mw",2.45,-83.61,81.6,TRUE,0
1967,1992,10,18,5,12,53,"1992-10-18 05:12:53",4.7,"Mw",3.21,-82.73,33.9,FALSE,0
1968,1992,10,19,10,11,12,"1992-10-19 10:11:12",5.6,"Mw",3.1,-82.92,10,TRUE,0
1969,1992,10,20,13,23,54,"1992-10-20 13:23:54",4.6,"Mw",3.52,-82.62,10,FALSE,0
1970,1992,10,23,4,52,45,"1992-10-23 04:52:45",4.9,"Mw",2.97,-79.74,10,TRUE,1
1971,1992,10,23,6,55,12,"1992-10-23 06:55:12",4.5,"Mw",2.73,-79.72,33,FALSE,0
1972,1992,11,20,10,4,52,"1992-11-20 10:04:52",4.6,"Mw",2.86,-84,33,TRUE,0
1973,1992,11,30,5,1,37,"1992-11-30 05:01:37",4.6,"Mw",-3.16,-75.66,142.6,TRUE,0
1974,1992,12,3,10,28,2,"1992-12-03 10:28:02",4.7,"Mw",-4.27,-81.23,24.9,TRUE,0
1975,1992,12,6,0,40,36,"1992-12-06 00:40:36",4.9,"Mw",1.81,-75.61,18.4,TRUE,0
1976,1992,12,17,13,9,46,"1992-12-17 13:09:46",4.4,"Mw",-6.77,-75.6,51.2,TRUE,0
1977,1992,12,26,14,57,40,"1992-12-26 14:57:40",5.8,"Mw",-1.02,-78.03,12,TRUE,1
1978,1992,12,27,1,18,22,"1992-12-27 01:18:22",4.6,"Mw",-0.88,-77.79,65.7,FALSE,0
1979,1993,1,7,23,15,24,"1993-01-07 23:15:24",4.3,"Mw",-4.35,-78.05,33,TRUE,0
1980,1993,1,11,14,1,52,"1993-01-11 14:01:52",4,"Mw",3.75,-77.06,59.7,TRUE,0
1981,1993,1,14,8,41,33,"1993-01-14 08:41:33",4.6,"Mw",-1.55,-80.82,35.5,TRUE,0
1982,1993,1,25,1,15,28,"1993-01-25 01:15:28",4.5,"Mw",-5.77,-79.3,33,TRUE,0
1983,1993,2,12,23,38,20,"1993-02-12 23:38:20",4.6,"Mw",-1.74,-81.05,41.8,TRUE,1
1984,1993,2,13,0,19,48,"1993-02-13 00:19:48",5,"Mw",2.64,-79.88,9.6,TRUE,1
1985,1993,2,15,16,0,43,"1993-02-15 16:00:43",4.1,"Mw",-1.65,-81.26,33,FALSE,0
1986,1993,2,26,21,52,53,"1993-02-26 21:52:53",4.7,"Mw",2.76,-79.66,10,FALSE,0
1987,1993,3,16,10,37,43,"1993-03-16 10:37:43",4.3,"Mw",-6.52,-75.6,33,TRUE,0
1988,1993,4,3,8,29,3,"1993-04-03 08:29:03",4.5,"Mw",-6.01,-74.94,22.8,TRUE,0
1989,1993,4,5,21,0,14,"1993-04-05 21:00:14",4.8,"Mw",2.77,-78.92,42.9,TRUE,0
1990,1993,4,17,1,53,43,"1993-04-17 01:53:43",4.3,"Mw",-2.27,-79.74,23,TRUE,0
1991,1993,4,27,3,21,10,"1993-04-27 03:21:10",4.4,"Mw",-1.99,-79.83,87.9,TRUE,0
1992,1993,5,8,14,42,0,"1993-05-08 14:42:00",4.7,"Mw",-4.42,-79.32,101.7,TRUE,0
1993,1993,5,16,14,59,51,"1993-05-16 14:59:51",4.5,"Mw",-4.47,-81.01,40.7,TRUE,0
1994,1993,5,24,11,10,58,"1993-05-24 11:10:58",4.8,"Mw",-1.49,-77.26,203.4,TRUE,0
1995,1993,6,6,2,10,38,"1993-06-06 02:10:38",5.2,"Mw",2.6,-79.76,24,TRUE,3
1996,1993,6,9,7,45,57,"1993-06-09 07:45:57",4.5,"Mw",2.64,-79.68,7.2,FALSE,0
1997,1993,6,24,13,56,6,"1993-06-24 13:56:06",4.4,"Mw",-2.62,-79.65,70.1,TRUE,0
1998,1993,7,30,6,20,25,"1993-07-30 06:20:25",4.4,"Mw",2.69,-79.76,19.1,FALSE,0
1999,1993,7,30,9,10,46,"1993-07-30 09:10:46",4.6,"Mw",2.54,-79.97,10,FALSE,0
2000,1993,8,20,6,35,13,"1993-08-20 06:35:13",4.7,"Mw",-1.16,-80.38,42.6,TRUE,0
2001,1993,9,4,3,43,59,"1993-09-04 03:43:59",4.5,"Mw",-3.19,-78.94,23,TRUE,0
2002,1993,9,6,6,27,34,"1993-09-06 06:27:34",4.6,"Mw",2.55,-79.1,18,TRUE,0
2003,1993,9,7,8,28,22,"1993-09-07 08:28:22",4.7,"Mw",1.8,-80.56,33,TRUE,0
2004,1993,9,11,6,14,28,"1993-09-11 06:14:28",5.7,"Mw",-4.69,-76.25,120.2,TRUE,0
2005,1993,9,21,17,1,54,"1993-09-21 17:01:54",4.4,"Mw",-0.15,-79.02,7.9,TRUE,0
2006,1993,10,4,4,34,38,"1993-10-04 04:34:38",4.9,"Mw",-1.87,-78.08,50.7,TRUE,1
2007,1993,10,8,8,21,54,"1993-10-08 08:21:54",4.6,"Mw",-2,-78.3,35.4,FALSE,0
2008,1993,10,29,0,8,32,"1993-10-29 00:08:32",4.4,"Mw",-6.74,-75.97,135.1,TRUE,0
2009,1993,11,21,21,33,7,"1993-11-21 21:33:07",4.7,"Mw",-4.91,-78.07,23.3,TRUE,0
2010,1993,11,25,6,44,54,"1993-11-25 06:44:54",4.2,"Mw",-5.65,-77.63,57.1,TRUE,0
2011,1993,12,8,2,52,23,"1993-12-08 02:52:23",5,"Mw",-4.62,-77.23,121.9,TRUE,0
2012,1993,12,17,5,8,3,"1993-12-17 05:08:03",4.6,"Mw",2.63,-79.61,28.4,TRUE,0
2013,1993,12,26,5,33,49,"1993-12-26 05:33:49",4.6,"Mw",-2.38,-80.86,46,TRUE,0
2014,1994,1,7,7,19,25,"1994-01-07 07:19:25",4.9,"Mw",2.52,-79.79,29.5,TRUE,0
2015,1994,1,14,6,53,35,"1994-01-14 06:53:35",4.4,"Mw",2.22,-78.81,33,TRUE,0
2016,1994,1,16,20,46,54,"1994-01-16 20:46:54",4.2,"Mw",0.34,-79.51,66,TRUE,0
2017,1994,1,20,9,6,53,"1994-01-20 09:06:53",5.7,"Mw",-6.04,-77.02,122,TRUE,0
2018,1994,1,20,13,13,58,"1994-01-20 13:13:58",4.2,"Mw",-3,-80.51,35,TRUE,0
2019,1994,1,25,5,41,14,"1994-01-25 05:41:14",5.4,"Mw",-1.45,-78.31,153.3,TRUE,0
2020,1994,2,25,12,9,1,"1994-02-25 12:09:01",4,"Mw",-1.9,-79.72,31.4,TRUE,0
2021,1994,3,8,18,48,59,"1994-03-08 18:48:59",4,"Mw",3.48,-82.84,31.9,TRUE,0
2022,1994,4,11,8,0,40,"1994-04-11 08:00:40",4.5,"Mw",2.39,-79.49,10.8,TRUE,2
2023,1994,4,11,18,5,57,"1994-04-11 18:05:57",4.1,"Mw",2.43,-79.73,21,FALSE,0
2024,1994,4,11,23,50,22,"1994-04-11 23:50:22",4,"Mw",2.48,-79.67,15,FALSE,0
2025,1994,4,23,21,32,51,"1994-04-23 21:32:51",4.5,"Mw",3.99,-74.28,33,TRUE,0
2026,1994,4,27,12,16,6,"1994-04-27 12:16:06",4.6,"Mw",-5.73,-76.62,153.3,TRUE,0
2027,1994,5,8,8,42,12,"1994-05-08 08:42:12",4.4,"Mw",-1.33,-78.09,147,TRUE,0
2028,1994,5,11,4,17,16,"1994-05-11 04:17:16",4.4,"Mw",-3.98,-79.05,98.5,TRUE,0
2029,1994,5,11,11,53,26,"1994-05-11 11:53:26",5.2,"Mw",0.37,-78.72,9.5,TRUE,0
2030,1994,5,12,11,27,51,"1994-05-12 11:27:51",4.8,"Mw",-2.52,-79.25,107,TRUE,0
2031,1994,6,3,11,25,7,"1994-06-03 11:25:07",5.8,"Mw",3.46,-78.78,9,TRUE,1
2032,1994,6,4,7,33,26,"1994-06-04 07:33:26",4.2,"Mw",3.65,-82.79,33,TRUE,0
2033,1994,6,6,20,47,41,"1994-06-06 20:47:41",6.8,"Mw",2.91,-75.97,12,TRUE,4
2034,1994,6,6,21,16,16,"1994-06-06 21:16:16",4.5,"Mw",3.3,-76.09,33,FALSE,0
2035,1994,6,8,6,54,59,"1994-06-08 06:54:59",4,"Mw",3.28,-76.8,14.5,TRUE,0
2036,1994,6,8,8,55,2,"1994-06-08 08:55:02",4.4,"Mw",2.82,-75.84,59.5,FALSE,0
2037,1994,6,20,10,2,8,"1994-06-20 10:02:08",4.3,"Mw",-6.96,-78.22,134.3,TRUE,0
2038,1994,7,2,10,18,9,"1994-07-02 10:18:09",4.1,"Mw",-2,-78.5,133,TRUE,0
2039,1994,7,7,22,54,10,"1994-07-07 22:54:10",5,"Mw",-1.01,-78.25,9,TRUE,2
2040,1994,7,18,18,15,36,"1994-07-18 18:15:36",4.5,"Mw",-1.36,-78.2,150.8,FALSE,0
2041,1994,7,30,4,27,45,"1994-07-30 04:27:45",4.6,"Mw",-5.47,-80.22,33,TRUE,0
2042,1994,8,4,2,50,53,"1994-08-04 02:50:53",4.3,"Mw",3.11,-76.27,10,FALSE,0
2043,1994,8,11,22,28,34,"1994-08-11 22:28:34",4.7,"Mw",-1.91,-80.79,56.8,TRUE,0
2044,1994,8,29,7,43,0,"1994-08-29 07:43:00",4.4,"Mw",3,-76.01,54.3,FALSE,0
2045,1994,9,1,11,32,29,"1994-09-01 11:32:29",4.1,"Mw",-1.11,-78.25,7.52,FALSE,0
2046,1994,9,16,21,19,30,"1994-09-16 21:19:30",4.5,"Mw",-2.81,-77.43,110.8,TRUE,0
2047,1994,9,29,8,27,45,"1994-09-29 08:27:45",4.2,"Mw",-4.44,-78.34,127.7,TRUE,0
2048,1994,10,1,7,32,52,"1994-10-01 07:32:52",4.7,"Mw",-5.7,-77.01,44.3,TRUE,0
2049,1994,10,1,20,40,12,"1994-10-01 20:40:12",4.7,"Mw",0.74,-80.76,31.2,TRUE,0
2050,1994,10,10,18,49,15,"1994-10-10 18:49:15",4.9,"Mw",-3.84,-77.95,32.5,TRUE,0
2051,1994,11,7,5,17,41,"1994-11-07 05:17:41",4.9,"Mw",-6.92,-80.6,24.2,TRUE,0
2052,1994,11,13,5,5,22,"1994-11-13 05:05:22",4.6,"Mw",3.46,-79.12,33,FALSE,0
2053,1994,11,14,18,29,36,"1994-11-14 18:29:36",4.9,"Mw",-3.84,-79.18,33,TRUE,0
2054,1994,11,26,2,12,45,"1994-11-26 02:12:45",5,"Mw",-4.65,-80.77,57.4,TRUE,0
2055,1994,11,26,4,48,4,"1994-11-26 04:48:04",5.2,"Mw",2.75,-79.52,14.3,TRUE,1
2056,1994,11,27,8,40,38,"1994-11-27 08:40:38",4.5,"Mw",2.85,-79.45,33,FALSE,0
2057,1994,12,16,4,31,39,"1994-12-16 04:31:39",4.7,"Mw",3.52,-78.78,29.5,TRUE,0
2058,1994,12,16,8,12,9,"1994-12-16 08:12:09",4.4,"Mw",-1.69,-78.13,152.3,TRUE,0
2059,1994,12,17,21,6,1,"1994-12-17 21:06:01",4.5,"Mw",3.53,-82.7,33,TRUE,0
2060,1995,1,7,2,13,23,"1995-01-07 02:13:23",5.4,"Mw",-1.53,-78.2,145.4,TRUE,0
2061,1995,1,9,19,13,34,"1995-01-09 19:13:34",4.4,"Mw",1.01,-78.74,30,TRUE,0
2062,1995,1,13,19,13,2,"1995-01-13 19:13:02",4.4,"Mw",-0.08,-78.38,7.7,TRUE,1
2063,1995,1,13,23,56,35,"1995-01-13 23:56:35",4.3,"Mw",-0.07,-78.37,0.7,FALSE,0
2064,1995,2,2,22,9,7,"1995-02-02 22:09:07",4.3,"Mw",-3.01,-78.4,109.6,TRUE,0
2065,1995,2,9,15,22,36,"1995-02-09 15:22:36",4.2,"Mw",-2.48,-77.99,49.4,TRUE,0
2066,1995,2,12,1,2,8,"1995-02-12 01:02:08",5.5,"Mw",-5.76,-76.12,21.1,TRUE,1
2067,1995,2,14,12,25,36,"1995-02-14 12:25:36",4.3,"Mw",-1.49,-80.57,14.63,TRUE,0
2068,1995,2,16,9,35,19,"1995-02-16 09:35:19",5,"Mw",-5.81,-76.16,16.8,FALSE,0
2069,1995,3,4,23,22,43,"1995-03-04 23:22:43",4.3,"Mw",1.07,-77.3,0.5,TRUE,0
2070,1995,3,13,3,54,32,"1995-03-13 03:54:32",4.5,"Mw",-3.64,-80.91,37.9,TRUE,0
2071,1995,3,13,7,54,47,"1995-03-13 07:54:47",4,"Mw",3.43,-83.18,10,TRUE,0
2072,1995,3,26,15,12,31,"1995-03-26 15:12:31",5.6,"Mw",-2.05,-79.75,19.26,TRUE,0
2073,1995,3,28,9,9,58,"1995-03-28 09:09:58",4.7,"Mw",-2.01,-78.09,4.46,TRUE,0
2074,1995,4,12,18,22,34,"1995-04-12 18:22:34",5,"Mw",2.72,-78.31,49.3,TRUE,0
2075,1995,4,14,9,15,59,"1995-04-14 09:15:59",4,"Mw",0.59,-79.06,17.8,TRUE,0
2076,1995,4,14,14,12,53,"1995-04-14 14:12:53",5.4,"Mw",-1.68,-77.84,149.9,TRUE,2
2077,1995,5,1,16,55,44,"1995-05-01 16:55:44",4.5,"Mw",-3.86,-76.31,113.4,TRUE,0
2078,1995,5,2,6,6,6,"1995-05-02 06:06:06",6.7,"Mw",-3.85,-76.88,97,TRUE,3
2079,1995,5,4,6,18,33,"1995-05-04 06:18:33",4.2,"Mw",3.43,-76.89,100,TRUE,0
2080,1995,5,9,14,31,53,"1995-05-09 14:31:53",4.5,"Mw",3.4,-83.97,94.5,TRUE,0
2081,1995,5,31,0,6,37,"1995-05-31 00:06:37",4.2,"Mw",-1.71,-78.24,162.2,FALSE,0
2082,1995,5,31,6,21,55,"1995-05-31 06:21:55",4.1,"Mw",-3.5,-77.64,63.9,TRUE,0
2083,1995,6,9,20,46,16,"1995-06-09 20:46:16",4.3,"Mw",-4.89,-80.77,66.5,TRUE,0
2084,1995,6,11,7,48,8,"1995-06-11 07:48:08",4.7,"Mw",-6.64,-81.01,34,TRUE,0
2085,1995,6,14,17,31,7,"1995-06-14 17:31:07",4.9,"Mw",-3.02,-80.09,69.5,TRUE,0
2086,1995,6,21,1,18,16,"1995-06-21 01:18:16",4.3,"Mw",-5.76,-78.37,33,TRUE,0
2087,1995,6,21,17,7,41,"1995-06-21 17:07:41",4.4,"Mw",3.67,-82.71,12,TRUE,0
2088,1995,7,2,3,2,36,"1995-07-02 03:02:36",4.2,"Mw",-4.13,-77.33,137.2,FALSE,0
2089,1995,7,6,13,41,19,"1995-07-06 13:41:19",4,"Mw",-1.44,-78.21,159.6,FALSE,0
2090,1995,7,17,14,9,56,"1995-07-17 14:09:56",4.4,"Mw",3.48,-77.46,33,TRUE,0
2091,1995,7,17,15,51,44,"1995-07-17 15:51:44",4.3,"Mw",-4.02,-80.92,54.4,TRUE,0
2092,1995,7,20,11,13,31,"1995-07-20 11:13:31",4.9,"Mw",0.59,-80.16,23.8,TRUE,0
2093,1995,7,25,1,12,2,"1995-07-25 01:12:02",4.1,"Mw",-1.47,-77.59,15.3,TRUE,0
2094,1995,7,26,15,11,58,"1995-07-26 15:11:58",4.3,"Mw",2.63,-80,10,TRUE,0
2095,1995,8,2,10,34,55,"1995-08-02 10:34:55",4.6,"Mw",-3.85,-77.25,106,FALSE,0
2096,1995,8,7,0,31,35,"1995-08-07 00:31:35",4,"Mw",-3.39,-82.89,29.1,TRUE,0
2097,1995,8,12,5,4,12,"1995-08-12 05:04:12",4.1,"Mw",-1.37,-78.12,161.5,TRUE,0
2098,1995,8,13,15,53,1,"1995-08-13 15:53:01",4.5,"Mw",-2.62,-80.49,61,TRUE,0
2099,1995,8,17,4,3,20,"1995-08-17 04:03:20",4,"Mw",-5.76,-76.43,25.9,TRUE,0
2100,1995,9,15,3,54,15,"1995-09-15 03:54:15",4.1,"Mw",-1.07,-77.61,51.3,TRUE,0
2101,1995,9,26,6,43,13,"1995-09-26 06:43:13",4.4,"Mw",2.96,-77.83,75,TRUE,0
2102,1995,10,2,2,33,22,"1995-10-02 02:33:22",4.2,"Mw",-2.58,-78.24,108.2,TRUE,0
2103,1995,10,3,1,51,24,"1995-10-03 01:51:24",7,"Mw",-2.77,-78,12.6,TRUE,117
2104,1995,10,3,1,57,5,"1995-10-03 01:57:05",5.5,"Mw",-2.65,-77.78,40.5,FALSE,0
2105,1995,10,3,2,10,46,"1995-10-03 02:10:46",4.8,"Mw",-2.71,-78.03,33,FALSE,0
2106,1995,10,3,2,33,35,"1995-10-03 02:33:35",4.1,"Mw",-2.88,-77.97,6.2,FALSE,0
2107,1995,10,3,2,53,23,"1995-10-03 02:53:23",5.3,"Mw",-2.87,-78.44,23,FALSE,0
2108,1995,10,3,3,3,39,"1995-10-03 03:03:39",4.7,"Mw",-3.07,-78.45,33,FALSE,0
2109,1995,10,3,4,15,10,"1995-10-03 04:15:10",4.7,"Mw",-3.04,-78.42,33,FALSE,0
2110,1995,10,3,4,26,24,"1995-10-03 04:26:24",4.4,"Mw",-3.11,-78.19,33,FALSE,0
2111,1995,10,3,4,46,34,"1995-10-03 04:46:34",4.2,"Mw",-2.68,-78.07,5.2,FALSE,0
2112,1995,10,3,4,58,21,"1995-10-03 04:58:21",4.4,"Mw",-2.75,-77.89,35.8,FALSE,0
2113,1995,10,3,5,20,29,"1995-10-03 05:20:29",4.8,"Mw",-2.74,-77.81,44.3,FALSE,0
2114,1995,10,3,6,27,27,"1995-10-03 06:27:27",5.1,"Mw",-2.74,-77.97,7.1,FALSE,0
2115,1995,10,3,6,31,49,"1995-10-03 06:31:49",4.6,"Mw",-2.74,-77.94,35,FALSE,0
2116,1995,10,3,6,43,31,"1995-10-03 06:43:31",4.3,"Mw",-2.73,-78.16,50.5,FALSE,0
2117,1995,10,3,7,5,13,"1995-10-03 07:05:13",4.2,"Mw",-2.48,-78.11,33,FALSE,0
2118,1995,10,3,7,10,22,"1995-10-03 07:10:22",4.1,"Mw",-2.64,-77.82,65.4,FALSE,0
2119,1995,10,3,7,38,18,"1995-10-03 07:38:18",4.1,"Mw",-2.35,-77.57,33,FALSE,0
2120,1995,10,3,9,30,53,"1995-10-03 09:30:53",4.6,"Mw",-2.91,-78.02,25.1,FALSE,0
2121,1995,10,3,10,6,1,"1995-10-03 10:06:01",4.7,"Mw",-2.63,-78.03,3.4,FALSE,0
2122,1995,10,3,10,16,30,"1995-10-03 10:16:30",4.4,"Mw",-2.59,-77.78,12,FALSE,0
2123,1995,10,3,11,9,55,"1995-10-03 11:09:55",4.2,"Mw",-2.8,-78.3,0,FALSE,0
2124,1995,10,3,11,12,19,"1995-10-03 11:12:19",4.3,"Mw",-2.71,-78.01,3.9,FALSE,0
2125,1995,10,3,11,39,52,"1995-10-03 11:39:52",4.6,"Mw",-2.73,-77.98,8.6,FALSE,0
2126,1995,10,3,12,44,59,"1995-10-03 12:44:59",6.4,"Mw",-2.74,-78,0.8,FALSE,0
2127,1995,10,3,13,12,34,"1995-10-03 13:12:34",4,"Mw",-2.7,-77.59,69.6,FALSE,0
2128,1995,10,3,13,21,11,"1995-10-03 13:21:11",4.3,"Mw",-2.49,-77.59,15.2,FALSE,0
2129,1995,10,3,14,17,35,"1995-10-03 14:17:35",4,"Mw",-2.87,-78.03,68,FALSE,0
2130,1995,10,3,14,29,30,"1995-10-03 14:29:30",4.6,"Mw",-2.7,-78.04,5.8,FALSE,0
2131,1995,10,3,14,54,24,"1995-10-03 14:54:24",4.4,"Mw",-2.99,-77.86,16,FALSE,0
2132,1995,10,3,15,7,55,"1995-10-03 15:07:55",4.3,"Mw",-2.85,-77.98,56.1,FALSE,0
2133,1995,10,3,17,1,0,"1995-10-03 17:01:00",5.6,"Mw",-2.77,-77.9,6,FALSE,0
2134,1995,10,3,18,4,30,"1995-10-03 18:04:30",4.5,"Mw",-2.91,-77.73,55.3,FALSE,0
2135,1995,10,3,18,13,58,"1995-10-03 18:13:58",4.4,"Mw",-2.72,-77.9,39.9,FALSE,0
2136,1995,10,3,19,59,4,"1995-10-03 19:59:04",4.5,"Mw",-2.52,-78.23,16,FALSE,0
2137,1995,10,3,20,8,2,"1995-10-03 20:08:02",4.5,"Mw",-2.53,-78.16,16,FALSE,0
2138,1995,10,3,20,43,24,"1995-10-03 20:43:24",4.1,"Mw",-2.57,-77.39,133.2,FALSE,0
2139,1995,10,3,23,22,42,"1995-10-03 23:22:42",4.3,"Mw",-2.65,-78.04,2.3,FALSE,0
2140,1995,10,4,1,57,33,"1995-10-04 01:57:33",4,"Mw",-3.18,-78.29,33,FALSE,0
2141,1995,10,4,5,8,30,"1995-10-04 05:08:30",4.2,"Mw",-2.88,-78.12,47.1,FALSE,0
2142,1995,10,4,6,18,56,"1995-10-04 06:18:56",4.4,"Mw",-2.73,-77.84,15,FALSE,0
2143,1995,10,4,6,33,47,"1995-10-04 06:33:47",4,"Mw",-2.88,-77.88,16.7,FALSE,0
2144,1995,10,4,7,23,16,"1995-10-04 07:23:16",4.2,"Mw",-2.3,-77.41,44.3,FALSE,0
2145,1995,10,4,8,38,8,"1995-10-04 08:38:08",5.3,"Mw",-2.71,-77.8,15,FALSE,0
2146,1995,10,4,11,33,47,"1995-10-04 11:33:47",4.3,"Mw",-3.31,-78.09,33,FALSE,0
2147,1995,10,4,12,56,43,"1995-10-04 12:56:43",4.6,"Mw",-2.6,-77.62,60.8,FALSE,0
2148,1995,10,4,22,45,19,"1995-10-04 22:45:19",4.5,"Mw",-2.66,-77.91,3.49,FALSE,0
2149,1995,10,4,23,59,54,"1995-10-04 23:59:54",4.3,"Mw",-3.16,-78.01,84.2,FALSE,0
2150,1995,10,5,0,16,53,"1995-10-05 00:16:53",4.4,"Mw",-2.94,-78.03,55.9,FALSE,0
2151,1995,10,5,1,12,17,"1995-10-05 01:12:17",4.2,"Mw",-2.68,-78.17,16,FALSE,0
2152,1995,10,5,1,36,59,"1995-10-05 01:36:59",5.2,"Mw",-2.72,-77.84,54.1,FALSE,0
2153,1995,10,5,2,44,19,"1995-10-05 02:44:19",4.8,"Mw",-2.67,-78,6,FALSE,0
2154,1995,10,5,4,33,22,"1995-10-05 04:33:22",4.2,"Mw",-2.67,-78.05,2.7,FALSE,0
2155,1995,10,5,12,3,25,"1995-10-05 12:03:25",4.5,"Mw",-2.7,-78.01,11.1,FALSE,0
2156,1995,10,6,0,13,48,"1995-10-06 00:13:48",4.5,"Mw",-2.83,-78.02,36.8,FALSE,0
2157,1995,10,6,18,4,55,"1995-10-06 18:04:55",4.8,"Mw",-2.72,-78,1.7,FALSE,0
2158,1995,10,6,23,12,25,"1995-10-06 23:12:25",4.4,"Mw",-2.78,-77.97,4.8,FALSE,0
2159,1995,10,6,23,16,28,"1995-10-06 23:16:28",4.1,"Mw",-2.8,-77.92,0.7,FALSE,0
2160,1995,10,7,5,52,52,"1995-10-07 05:52:52",4.5,"Mw",-2.77,-78.01,2.2,FALSE,0
2161,1995,10,7,9,14,25,"1995-10-07 09:14:25",4.6,"Mw",-2.62,-78.04,1,FALSE,0
2162,1995,10,7,9,57,53,"1995-10-07 09:57:53",4.3,"Mw",-2.61,-78.04,2.5,FALSE,0
2163,1995,10,7,11,2,15,"1995-10-07 11:02:15",4.3,"Mw",-2.69,-77.56,33,FALSE,0
2164,1995,10,7,14,15,36,"1995-10-07 14:15:36",4.6,"Mw",-2.84,-77.96,30.8,FALSE,0
2165,1995,10,7,21,19,53,"1995-10-07 21:19:53",4.7,"Mw",-2.8,-77.73,53.2,FALSE,0
2166,1995,10,7,21,27,6,"1995-10-07 21:27:06",5.7,"Mw",-2.8,-77.97,8.3,FALSE,0
2167,1995,10,7,21,37,15,"1995-10-07 21:37:15",4.5,"Mw",-2.65,-77.67,33,FALSE,0
2168,1995,10,8,0,0,8,"1995-10-08 00:00:08",4.2,"Mw",-2.83,-77.88,47,FALSE,0
2169,1995,10,8,10,26,37,"1995-10-08 10:26:37",5.4,"Mw",-2.62,-78,0.7,FALSE,0
2170,1995,10,8,10,38,46,"1995-10-08 10:38:46",4.3,"Mw",-2.63,-78.06,1.5,FALSE,0
2171,1995,10,8,11,6,2,"1995-10-08 11:06:02",4.3,"Mw",-2.81,-78.11,52.1,FALSE,0
2172,1995,10,10,14,49,45,"1995-10-10 14:49:45",4.4,"Mw",-2.94,-77.79,12.83,FALSE,0
2173,1995,10,10,17,7,45,"1995-10-10 17:07:45",4.4,"Mw",-2.98,-77.82,0,FALSE,0
2174,1995,10,10,17,29,25,"1995-10-10 17:29:25",5.1,"Mw",0.96,-79.13,27.61,TRUE,0
2175,1995,10,11,9,52,51,"1995-10-11 09:52:51",4.4,"Mw",-2.89,-78.35,33,FALSE,0
2176,1995,10,12,2,37,28,"1995-10-12 02:37:28",4.3,"Mw",-3.25,-77.65,8,FALSE,0
2177,1995,10,13,20,39,15,"1995-10-13 20:39:15",4.1,"Mw",-2.82,-78,0,FALSE,0
2178,1995,10,14,8,18,57,"1995-10-14 08:18:57",4.4,"Mw",-2.76,-77.98,5.5,FALSE,0
2179,1995,10,15,3,46,34,"1995-10-15 03:46:34",4.2,"Mw",-2.83,-77.98,4.5,FALSE,0
2180,1995,10,18,2,24,35,"1995-10-18 02:24:35",4.7,"Mw",-2.69,-78.07,5.4,FALSE,0
2181,1995,10,19,8,51,18,"1995-10-19 08:51:18",4.5,"Mw",-3.08,-78.01,52.3,FALSE,0
2182,1995,10,19,9,13,40,"1995-10-19 09:13:40",4.6,"Mw",-2.82,-78.02,7.6,FALSE,0
2183,1995,10,19,15,31,51,"1995-10-19 15:31:51",4.1,"Mw",-3.59,-77.55,8,TRUE,0
2184,1995,10,20,12,30,8,"1995-10-20 12:30:08",4.3,"Mw",-2.76,-77.97,0.4,FALSE,0
2185,1995,10,20,20,18,56,"1995-10-20 20:18:56",5.5,"Mw",-2.71,-77.93,8.9,FALSE,0
2186,1995,10,21,15,31,25,"1995-10-21 15:31:25",4.2,"Mw",-2.65,-77.89,6.8,FALSE,0
2187,1995,10,21,15,36,15,"1995-10-21 15:36:15",4.9,"Mw",-2.57,-78.09,8.8,FALSE,0
2188,1995,10,23,0,42,11,"1995-10-23 00:42:11",4.7,"Mw",-2.73,-77.9,4.9,FALSE,0
2189,1995,10,23,3,46,18,"1995-10-23 03:46:18",4.2,"Mw",-2.86,-78.36,2.93,FALSE,0
2190,1995,10,23,17,49,54,"1995-10-23 17:49:54",4.5,"Mw",-2.87,-77.93,2.9,FALSE,0
2191,1995,10,25,4,54,58,"1995-10-25 04:54:58",4.4,"Mw",-2.76,-78.02,5.9,FALSE,0
2192,1995,10,26,22,47,17,"1995-10-26 22:47:17",4.1,"Mw",-2.63,-78.02,17.3,FALSE,0
2193,1995,10,27,0,21,49,"1995-10-27 00:21:49",4.2,"Mw",-3.15,-77.71,5.6,FALSE,0
2194,1995,10,27,17,3,54,"1995-10-27 17:03:54",4.3,"Mw",-2.67,-78.02,0.7,FALSE,0
2195,1995,10,28,0,12,3,"1995-10-28 00:12:03",4.7,"Mw",-4.69,-80.38,66.3,TRUE,0
2196,1995,10,28,1,26,55,"1995-10-28 01:26:55",4.5,"Mw",2.67,-79.66,18.5,TRUE,0
2197,1995,10,28,6,9,55,"1995-10-28 06:09:55",4.4,"Mw",-2.08,-80.24,68,TRUE,0
2198,1995,10,29,5,28,46,"1995-10-29 05:28:46",5,"Mw",-2.77,-77.83,5.8,FALSE,0
2199,1995,10,29,5,50,21,"1995-10-29 05:50:21",4.2,"Mw",-2.68,-77.95,1.6,FALSE,0
2200,1995,11,5,9,24,30,"1995-11-05 09:24:30",5.2,"Mw",-2.91,-78.93,86.6,TRUE,0
2201,1995,11,7,4,4,21,"1995-11-07 04:04:21",5.1,"Mw",-2.45,-77.85,5.22,FALSE,0
2202,1995,11,13,12,36,57,"1995-11-13 12:36:57",5.3,"Mw",2.88,-79.39,29.2,TRUE,1
2203,1995,11,22,18,58,8,"1995-11-22 18:58:08",4.2,"Mw",3.93,-82.5,10,TRUE,0
2204,1995,11,30,18,0,31,"1995-11-30 18:00:31",5.5,"Mw",-6.08,-81.82,35,TRUE,0
2205,1995,12,6,15,38,25,"1995-12-06 15:38:25",4.8,"Mw",-6.46,-75.74,28.6,TRUE,0
2206,1995,12,7,4,55,26,"1995-12-07 04:55:26",4.8,"Mw",-4.28,-79.53,89.8,TRUE,0
2207,1995,12,16,10,35,38,"1995-12-16 10:35:38",4.4,"Mw",-5.51,-78.64,2.8,TRUE,0
2208,1995,12,16,19,55,9,"1995-12-16 19:55:09",4.2,"Mw",-2.62,-78.07,3.6,FALSE,0
2209,1995,12,19,9,35,33,"1995-12-19 09:35:33",4,"Mw",2.6,-79.8,11.6,TRUE,0
2210,1995,12,24,6,57,4,"1995-12-24 06:57:04",4.3,"Mw",-4.86,-80.92,54,TRUE,0
2211,1995,12,28,13,44,4,"1995-12-28 13:44:04",4.2,"Mw",-4.03,-77.26,114.4,FALSE,0
2212,1995,12,30,15,22,5,"1995-12-30 15:22:05",4.3,"Mw",-5.38,-77.53,49.3,TRUE,0
2213,1996,1,4,11,17,25,"1996-01-04 11:17:25",4.2,"Mw",-5.5,-75.55,32.4,TRUE,0
2214,1996,1,9,23,45,5,"1996-01-09 23:45:05",4,"Mw",-2.95,-77.93,54.8,FALSE,0
2215,1996,1,11,1,55,24,"1996-01-11 01:55:24",4,"Mw",-1.99,-79.91,69,TRUE,0
2216,1996,1,12,10,51,42,"1996-01-12 10:51:42",4.4,"Mw",-5.66,-80.75,33,TRUE,0
2217,1996,1,17,19,46,0,"1996-01-17 19:46:00",4.7,"Mw",-0.008,-78.98,14.1,TRUE,0
2218,1996,1,21,11,7,53,"1996-01-21 11:07:53",4,"Mw",-2.52,-77.94,3,FALSE,0
2219,1996,1,24,0,30,12,"1996-01-24 00:30:12",4.2,"Mw",-6.89,-80.41,48.5,TRUE,0
2220,1996,1,26,10,55,48,"1996-01-26 10:55:48",4,"Mw",-4.3,-78.78,33,TRUE,0
2221,1996,1,27,0,36,55,"1996-01-27 00:36:55",4.4,"Mw",-2.65,-78.03,9,FALSE,0
2222,1996,1,27,22,49,19,"1996-01-27 22:49:19",4.1,"Mw",3.66,-82.77,33,TRUE,0
2223,1996,1,28,0,28,28,"1996-01-28 00:28:28",5.3,"Mw",-2.13,-77.77,179.2,FALSE,0
2224,1996,2,3,12,26,48,"1996-02-03 12:26:48",5,"Mw",2.64,-79.87,15.7,TRUE,0
2225,1996,2,3,12,44,31,"1996-02-03 12:44:31",4.7,"Mw",2.85,-79.75,30.8,FALSE,0
2226,1996,2,5,8,46,13,"1996-02-05 08:46:13",5.5,"Mw",-2.47,-77.76,43.3,FALSE,0
2227,1996,2,21,14,0,59,"1996-02-21 14:00:59",4,"Mw",-5.05,-77.12,33,TRUE,0
2228,1996,2,21,22,16,15,"1996-02-21 22:16:15",4.6,"Mw",-1.88,-81.08,4.1,TRUE,0
2229,1996,3,18,5,53,23,"1996-03-18 05:53:23",4.4,"Mw",-6.73,-75.29,16.3,TRUE,0
2230,1996,3,26,13,1,19,"1996-03-26 13:01:19",4,"Mw",-1.76,-78.11,161,TRUE,0
2231,1996,3,28,23,2,46,"1996-03-28 23:02:46",5.9,"Mw",-1.04,-78.72,14.36,TRUE,1
2232,1996,4,1,21,37,54,"1996-04-01 21:37:54",4.5,"Mw",-2.69,-77.91,36.1,FALSE,0
2233,1996,4,7,20,23,50,"1996-04-07 20:23:50",4.7,"Mw",2.27,-80.34,10.8,TRUE,0
2234,1996,4,19,2,12,59,"1996-04-19 02:12:59",4,"Mw",-3.83,-80.23,63.3,TRUE,0
2235,1996,4,27,8,40,44,"1996-04-27 08:40:44",6.1,"Mw",2.34,-79.38,15,TRUE,2
2236,1996,5,2,10,21,45,"1996-05-02 10:21:45",4.4,"Mw",2.38,-79.34,1.6,FALSE,0
2237,1996,5,6,5,4,33,"1996-05-06 05:04:33",4,"Mw",-6.89,-75.12,104,TRUE,0
2238,1996,5,6,18,30,59,"1996-05-06 18:30:59",4.3,"Mw",-5.74,-77.25,21.2,TRUE,0
2239,1996,5,8,9,0,53,"1996-05-08 09:00:53",4,"Mw",-5.69,-77.61,33,TRUE,0
2240,1996,5,8,13,27,51,"1996-05-08 13:27:51",4.3,"Mw",-2.85,-78.04,5,FALSE,0
2241,1996,5,10,4,35,28,"1996-05-10 04:35:28",4.3,"Mw",-2.73,-77.87,40.4,FALSE,0
2242,1996,5,20,19,4,56,"1996-05-20 19:04:56",4,"Mw",-5.34,-74.45,33,TRUE,0
2243,1996,5,22,23,30,34,"1996-05-22 23:30:34",4.3,"Mw",1.97,-79.58,31.6,FALSE,0
2244,1996,5,28,11,3,13,"1996-05-28 11:03:13",4.2,"Mw",3.15,-79.2,25,TRUE,0
2245,1996,5,29,11,41,26,"1996-05-29 11:41:26",4.3,"Mw",-3.98,-80.98,48.4,TRUE,0
2246,1996,6,1,22,34,29,"1996-06-01 22:34:29",4,"Mw",2.88,-79.63,22,TRUE,0
2247,1996,6,2,0,45,21,"1996-06-02 00:45:21",4.4,"Mw",-5.76,-80.9,31.2,TRUE,0
2248,1996,6,3,19,38,48,"1996-06-03 19:38:48",4.3,"Mw",3,-79.21,60.2,TRUE,0
2249,1996,6,14,10,4,26,"1996-06-14 10:04:26",4.2,"Mw",-3.61,-76.92,109.7,TRUE,0
2250,1996,6,15,12,31,59,"1996-06-15 12:31:59",4,"Mw",-2.74,-81.25,8.5,TRUE,0
2251,1996,6,18,4,49,48,"1996-06-18 04:49:48",4,"Mw",0.76,-80.35,19.4,TRUE,0
2252,1996,6,18,8,1,25,"1996-06-18 08:01:25",4.2,"Mw",0.66,-80.22,12.4,TRUE,0
2253,1996,6,21,1,40,4,"1996-06-21 01:40:04",4,"Mw",-4.39,-81.39,52,TRUE,0
2254,1996,6,22,12,50,25,"1996-06-22 12:50:25",4.1,"Mw",-5.59,-77.24,55.1,TRUE,0
2255,1996,6,30,11,44,43,"1996-06-30 11:44:43",4,"Mw",-1.39,-77.64,206,TRUE,0
2256,1996,7,4,17,7,2,"1996-07-04 17:07:02",4,"Mw",-6.03,-80.12,82.1,TRUE,0
2257,1996,7,19,14,22,2,"1996-07-19 14:22:02",4,"Mw",-6.23,-80.94,44.6,TRUE,0
2258,1996,7,23,14,52,48,"1996-07-23 14:52:48",4.6,"Mw",-2.48,-77.8,8.8,FALSE,0
2259,1996,7,29,0,28,11,"1996-07-29 00:28:11",4,"Mw",2.43,-79.98,9.9,TRUE,0
2260,1996,8,3,6,8,33,"1996-08-03 06:08:33",4.4,"Mw",-2.78,-78.02,12.5,FALSE,0
2261,1996,8,5,21,39,10,"1996-08-05 21:39:10",6.3,"Mw",-1.96,-81.05,12,TRUE,0
2262,1996,8,8,2,15,34,"1996-08-08 02:15:34",4.4,"Mw",-2.27,-79.49,142.3,TRUE,0
2263,1996,8,12,21,17,18,"1996-08-12 21:17:18",4.2,"Mw",-5.61,-77.11,23.6,TRUE,0
2264,1996,8,25,14,8,57,"1996-08-25 14:08:57",5.4,"Mw",-1.05,-78.74,9,FALSE,0
2265,1996,8,27,15,1,14,"1996-08-27 15:01:14",4.1,"Mw",-2.92,-78.17,9,FALSE,0
2266,1996,8,31,9,15,36,"1996-08-31 09:15:36",4.3,"Mw",0.75,-78.63,3,TRUE,0
2267,1996,9,14,1,41,32,"1996-09-14 01:41:32",4,"Mw",-5.36,-75.13,63.3,TRUE,0
2268,1996,9,25,17,30,34,"1996-09-25 17:30:34",4.6,"Mw",-4.07,-79.22,99.6,TRUE,0
2269,1996,10,1,21,57,38,"1996-10-01 21:57:38",4.1,"Mw",-2.16,-77.09,182.1,TRUE,0
2270,1996,10,6,15,25,15,"1996-10-06 15:25:15",4.4,"Mw",-5.87,-81.02,42.7,TRUE,0
2271,1996,10,7,15,8,58,"1996-10-07 15:08:58",4,"Mw",-1.48,-78.54,39,TRUE,0
2272,1996,11,9,9,5,3,"1996-11-09 09:05:03",4.5,"Mw",-0.53,-81.06,27.5,TRUE,1
2273,1996,11,11,0,23,34,"1996-11-11 00:23:34",4.1,"Mw",3.28,-82.78,33,TRUE,0
2274,1996,11,16,11,12,56,"1996-11-16 11:12:56",4,"Mw",-1.47,-78.19,166.1,TRUE,0
2275,1996,12,6,22,50,31,"1996-12-06 22:50:31",4,"Mw",-4.41,-80.84,49.3,TRUE,0
2276,1996,12,9,11,0,52,"1996-12-09 11:00:52",4,"Mw",-5.87,-76.31,33,TRUE,0
2277,1996,12,9,13,5,47,"1996-12-09 13:05:47",4.3,"Mw",-0.31,-80.97,9.5,FALSE,0
2278,1996,12,9,13,24,21,"1996-12-09 13:24:21",4.2,"Mw",-1.68,-77.78,154.5,TRUE,0
2279,1996,12,14,22,18,19,"1996-12-14 22:18:19",4.2,"Mw",-5.51,-79.89,95.4,TRUE,0
2280,1996,12,14,23,25,40,"1996-12-14 23:25:40",4.1,"Mw",-2.65,-78.16,12,FALSE,0
2281,1996,12,15,23,30,3,"1996-12-15 23:30:03",4.4,"Mw",-0.12,-80.79,7.5,TRUE,0
2282,1996,12,16,1,46,32,"1996-12-16 01:46:32",5.5,"Mw",-0.12,-80.8,5,TRUE,5
2283,1996,12,17,7,31,53,"1996-12-17 07:31:53",4.4,"Mw",-0.38,-80.89,13.5,FALSE,0
2284,1996,12,19,13,46,43,"1996-12-19 13:46:43",4,"Mw",2.67,-79.43,46.4,TRUE,0
2285,1996,12,22,12,49,22,"1996-12-22 12:49:22",4.1,"Mw",-0.19,-80.65,8.4,FALSE,0
2286,1996,12,27,15,7,57,"1996-12-27 15:07:57",4.6,"Mw",-5.9,-77.24,41,TRUE,0
2287,1996,12,31,9,25,42,"1996-12-31 09:25:42",4.1,"Mw",-1.11,-80.88,12,TRUE,0
2288,1997,1,1,22,47,13,"1997-01-01 22:47:13",4,"Mw",-0.1,-80.75,12.5,FALSE,0
2289,1997,1,10,11,47,51,"1997-01-10 11:47:51",4.6,"Mw",-5.88,-81.02,35,TRUE,0
2290,1997,1,11,10,27,31,"1997-01-11 10:27:31",4.1,"Mw",-0.09,-80.61,9.1,FALSE,0
2291,1997,1,16,20,18,55,"1997-01-16 20:18:55",4.3,"Mw",3.35,-83.96,10,TRUE,0
2292,1997,2,1,23,43,13,"1997-02-01 23:43:13",4.1,"Mw",2.63,-79.64,33,TRUE,0
2293,1997,2,5,1,27,47,"1997-02-05 01:27:47",4.3,"Mw",-2.46,-78.12,9,FALSE,0
2294,1997,2,14,6,16,21,"1997-02-14 06:16:21",4.3,"Mw",-1.94,-78.26,33,FALSE,0
2295,1997,2,15,11,29,1,"1997-02-15 11:29:01",5,"Mw",-2.76,-80.82,12,TRUE,0
2296,1997,2,17,8,50,18,"1997-02-17 08:50:18",4.2,"Mw",-1.88,-78.14,150.4,TRUE,1
2297,1997,2,18,5,40,8,"1997-02-18 05:40:08",4.1,"Mw",-1.73,-78.1,162,FALSE,0
2298,1997,3,5,2,28,57,"1997-03-05 02:28:57",4.7,"Mw",-3.64,-80.5,35.9,TRUE,0
2299,1997,3,7,17,28,17,"1997-03-07 17:28:17",4.9,"Mw",1.12,-77.09,99.3,TRUE,0
2300,1997,3,15,18,11,23,"1997-03-15 18:11:23",4.2,"Mw",-2.42,-78.07,9.7,FALSE,0
2301,1997,3,17,0,26,51,"1997-03-17 00:26:51",4.3,"Mw",-2.66,-77.94,11.7,FALSE,0
2302,1997,3,17,19,57,38,"1997-03-17 19:57:38",4.3,"Mw",-4.49,-75.75,100,TRUE,0
2303,1997,3,20,9,24,27,"1997-03-20 09:24:27",4.3,"Mw",-1.97,-78.16,20.4,FALSE,0
2304,1997,3,21,23,55,15,"1997-03-21 23:55:15",4.1,"Mw",3.61,-82.64,33,TRUE,1
2305,1997,3,22,1,11,15,"1997-03-22 01:11:15",4,"Mw",3.69,-82.73,85.2,FALSE,0
2306,1997,3,27,10,2,18,"1997-03-27 10:02:18",4.8,"Mw",3.98,-82.51,15,TRUE,0
2307,1997,4,2,13,12,48,"1997-04-02 13:12:48",4,"Mw",0.89,-78.06,13.12,TRUE,0
2308,1997,4,2,14,55,17,"1997-04-02 14:55:17",4,"Mw",-5.41,-78.49,35,TRUE,0
2309,1997,4,6,17,24,1,"1997-04-06 17:24:01",5,"Mw",-2.73,-77.77,55.6,FALSE,0
2310,1997,4,27,0,17,32,"1997-04-27 00:17:32",4.1,"Mw",-0.32,-80.46,15.73,FALSE,0
2311,1997,5,2,7,30,34,"1997-05-02 07:30:34",4.8,"Mw",-1.54,-78,189.8,TRUE,1
2312,1997,5,21,20,42,24,"1997-05-21 20:42:24",4.1,"Mw",-2.72,-77.96,12,FALSE,0
2313,1997,5,25,22,22,45,"1997-05-25 22:22:45",4.4,"Mw",-1.81,-79.74,60.7,TRUE,0
2314,1997,5,26,5,52,25,"1997-05-26 05:52:25",4,"Mw",-2.71,-78.04,5,FALSE,0
2315,1997,6,5,16,14,34,"1997-06-05 16:14:34",4.3,"Mw",3.42,-83.99,33,TRUE,0
2316,1997,6,8,10,35,37,"1997-06-08 10:35:37",4,"Mw",-0.59,-80.88,50,TRUE,0
2317,1997,6,12,11,35,28,"1997-06-12 11:35:28",4.2,"Mw",1.21,-78.5,25.9,TRUE,0
2318,1997,6,16,9,25,18,"1997-06-16 09:25:18",4.5,"Mw",-1.24,-78.04,171.8,FALSE,0
2319,1997,6,16,9,37,16,"1997-06-16 09:37:16",4,"Mw",-1.39,-80.37,14.7,TRUE,0
2320,1997,6,17,9,35,4,"1997-06-17 09:35:04",4.2,"Mw",-0.13,-77.41,16.3,TRUE,0
2321,1997,6,18,22,36,6,"1997-06-18 22:36:06",4.3,"Mw",1.22,-77.79,39,TRUE,0
2322,1997,6,19,17,48,5,"1997-06-19 17:48:05",4,"Mw",-2.43,-78.13,13.9,FALSE,0
2323,1997,6,26,1,31,9,"1997-06-26 01:31:09",4.2,"Mw",2.01,-79.9,15,TRUE,0
2324,1997,6,26,18,21,45,"1997-06-26 18:21:45",4,"Mw",-2.4,-79.88,65.7,TRUE,0
2325,1997,6,27,7,10,12,"1997-06-27 07:10:12",4.3,"Mw",-2.77,-77.88,10,FALSE,0
2326,1997,6,30,18,56,30,"1997-06-30 18:56:30",5.8,"Mw",-4.12,-80.84,44.5,TRUE,0
2327,1997,7,3,4,47,19,"1997-07-03 04:47:19",4.3,"Mw",2.94,-79.36,41.8,TRUE,0
2328,1997,7,11,6,14,54,"1997-07-11 06:14:54",4.1,"Mw",2.53,-79.53,30,TRUE,0
2329,1997,7,13,23,51,16,"1997-07-13 23:51:16",4,"Mw",-1.16,-80.24,76.1,TRUE,0
2330,1997,7,15,7,18,57,"1997-07-15 07:18:57",4,"Mw",1.59,-77.59,33,TRUE,0
2331,1997,7,17,12,45,38,"1997-07-17 12:45:38",4.7,"Mw",3.8,-74.03,38.8,TRUE,0
2332,1997,7,23,14,3,31,"1997-07-23 14:03:31",5.2,"Mw",-6.06,-75.91,29.4,TRUE,1
2333,1997,7,31,4,43,22,"1997-07-31 04:43:22",4.1,"Mw",-5.83,-75.36,50,TRUE,0
2334,1997,8,7,13,12,38,"1997-08-07 13:12:38",4,"Mw",3.56,-76.77,103.9,TRUE,0
2335,1997,8,9,21,19,54,"1997-08-09 21:19:54",4.2,"Mw",-5.44,-76.8,116.1,TRUE,0
2336,1997,8,10,13,55,38,"1997-08-10 13:55:38",4.3,"Mw",-1.15,-78.42,17.61,TRUE,0
2337,1997,8,11,12,55,6,"1997-08-11 12:55:06",4.8,"Mw",-2.71,-77.68,35.4,FALSE,0
2338,1997,8,15,22,53,31,"1997-08-15 22:53:31",5.7,"Mw",-5.92,-81.02,20,TRUE,0
2339,1997,8,18,8,32,39,"1997-08-18 08:32:39",4,"Mw",-1.19,-81.22,12,TRUE,0
2340,1997,8,23,17,37,29,"1997-08-23 17:37:29",4.5,"Mw",-2.81,-77.96,5,FALSE,0
2341,1997,8,26,14,27,2,"1997-08-26 14:27:02",4.5,"Mw",-5.55,-81.32,30,TRUE,0
2342,1997,8,30,6,49,26,"1997-08-30 06:49:26",4.3,"Mw",-2.77,-80.66,5,TRUE,0
2343,1997,9,2,12,13,24,"1997-09-02 12:13:24",6.7,"Mw",3.8,-75.71,206,TRUE,1
2344,1997,9,7,2,45,2,"1997-09-07 02:45:02",4.9,"Mw",2.73,-79.7,13.2,TRUE,1
2345,1997,9,8,14,23,57,"1997-09-08 14:23:57",4.1,"Mw",-3.45,-81.63,34.8,TRUE,0
2346,1997,9,8,20,48,28,"1997-09-08 20:48:28",4.7,"Mw",2.66,-79.77,15,FALSE,0
2347,1997,9,9,16,17,39,"1997-09-09 16:17:39",4.1,"Mw",0.71,-80.43,33,TRUE,0
2348,1997,9,9,18,54,18,"1997-09-09 18:54:18",4.4,"Mw",-5.74,-76.18,123.6,FALSE,0
2349,1997,10,5,0,54,59,"1997-10-05 00:54:59",5.3,"Mw",2.57,-79.79,15,TRUE,1
2350,1997,10,18,11,6,32,"1997-10-18 11:06:32",4.4,"Mw",2.78,-79.64,20.8,FALSE,0
2351,1997,10,28,6,15,18,"1997-10-28 06:15:18",7.2,"Mw",-4.35,-76.6,112,TRUE,5
2352,1997,11,5,10,37,52,"1997-11-05 10:37:52",4.6,"Mw",-2.37,-78.94,101.8,TRUE,0
2353,1997,11,10,21,7,43,"1997-11-10 21:07:43",4.3,"Mw",-1.84,-77.73,12,TRUE,0
2354,1997,11,11,10,15,3,"1997-11-11 10:15:03",4.4,"Mw",-1.48,-80.97,7,TRUE,0
2355,1997,11,12,21,57,40,"1997-11-12 21:57:40",4.6,"Mw",-4.9,-80.31,33,TRUE,0
2356,1997,11,16,10,19,30,"1997-11-16 10:19:30",4.3,"Mw",1.96,-83.79,33,TRUE,0
2357,1997,11,19,10,34,17,"1997-11-19 10:34:17",4.4,"Mw",3.29,-76.46,86.2,TRUE,0
2358,1997,11,27,18,33,24,"1997-11-27 18:33:24",4,"Mw",-1.02,-78.3,6,TRUE,0
2359,1997,12,8,8,20,39,"1997-12-08 08:20:39",4.1,"Mw",0.24,-79.92,25.9,TRUE,0
2360,1997,12,10,20,15,34,"1997-12-10 20:15:34",4,"Mw",2.61,-83.34,33,TRUE,0
2361,1997,12,11,7,56,30,"1997-12-11 07:56:30",6.4,"Mw",3.91,-75.76,178,FALSE,0
2362,1997,12,14,20,1,39,"1997-12-14 20:01:39",4,"Mw",-2.36,-79.74,33.22,TRUE,0
2363,1997,12,19,21,41,35,"1997-12-19 21:41:35",4.2,"Mw",-1.11,-81.25,4.27,TRUE,0
2364,1997,12,25,14,16,55,"1997-12-25 14:16:55",4.4,"Mw",-1.07,-78.29,7.5,TRUE,0
2365,1997,12,25,23,11,32,"1997-12-25 23:11:32",4.4,"Mw",-1.08,-78.28,4.5,TRUE,0
2366,1997,12,26,9,1,57,"1997-12-26 09:01:57",4.2,"Mw",-1.86,-78.13,12,TRUE,0
2367,1998,1,1,21,45,56,"1998-01-01 21:45:56",4.3,"Mw",-2.29,-78.03,14.4,TRUE,0
2368,1998,1,17,3,17,29,"1998-01-17 03:17:29",4.4,"Mw",-1.84,-80.01,14.6,TRUE,0
2369,1998,1,31,19,20,6,"1998-01-31 19:20:06",4.4,"Mw",3.3,-83,2.8,TRUE,0
2370,1998,3,3,13,16,39,"1998-03-03 13:16:39",4.4,"Mw",-2.15,-78.04,14.8,TRUE,0
2371,1998,3,8,8,6,46,"1998-03-08 08:06:46",4.1,"Mw",1.35,-78.68,18.2,TRUE,0
2372,1998,3,17,10,3,28,"1998-03-17 10:03:28",4,"Mw",-3.9,-77.14,100,FALSE,0
2373,1998,3,21,2,18,56,"1998-03-21 02:18:56",5,"Mw",-4.34,-80.7,40.9,TRUE,0
2374,1998,3,28,19,59,16,"1998-03-28 19:59:16",4.5,"Mw",-5.76,-80.78,60.7,TRUE,0
2375,1998,3,31,16,12,46,"1998-03-31 16:12:46",4.8,"Mw",-6.72,-74.27,163.3,TRUE,0
2376,1998,4,4,14,42,54,"1998-04-04 14:42:54",5.1,"Mw",-3.7,-77.36,114.4,TRUE,0
2377,1998,4,10,14,50,35,"1998-04-10 14:50:35",4,"Mw",0.92,-78.12,1.8,TRUE,0
2378,1998,4,12,1,33,6,"1998-04-12 01:33:06",4,"Mw",-2.48,-78.01,9.3,TRUE,0
2379,1998,4,13,9,42,13,"1998-04-13 09:42:13",4,"Mw",-2.69,-77.92,11.94,TRUE,0
2380,1998,4,21,9,8,19,"1998-04-21 09:08:19",4.2,"Mw",-0.84,-81.16,12,TRUE,0
2381,1998,4,22,0,57,33,"1998-04-22 00:57:33",4,"Mw",3.25,-74.36,68,TRUE,0
2382,1998,4,28,8,40,10,"1998-04-28 08:40:10",4.4,"Mw",-6.52,-80.63,47.8,TRUE,0
2383,1998,5,14,19,3,35,"1998-05-14 19:03:35",4.5,"Mw",3.33,-79.53,11.8,TRUE,0
2384,1998,5,21,18,12,36,"1998-05-21 18:12:36",4,"Mw",-1.17,-78.35,7.3,TRUE,0
2385,1998,5,24,22,48,2,"1998-05-24 22:48:02",4,"Mw",-0.87,-80.87,3,TRUE,0
2386,1998,5,26,23,29,3,"1998-05-26 23:29:03",4.3,"Mw",-0.85,-80.85,8.3,TRUE,1
2387,1998,5,29,3,51,29,"1998-05-29 03:51:29",4.6,"Mw",-3.62,-78.91,98.9,TRUE,0
2388,1998,5,31,0,39,25,"1998-05-31 00:39:25",4,"Mw",-0.88,-80.87,25.86,FALSE,0
2389,1998,6,12,6,53,3,"1998-06-12 06:53:03",4,"Mw",-1.02,-78.18,12,TRUE,0
2390,1998,6,13,6,12,36,"1998-06-13 06:12:36",4.1,"Mw",-1.42,-81.03,13.3,TRUE,0
2391,1998,6,21,8,19,14,"1998-06-21 08:19:14",4.4,"Mw",3.67,-82.75,33,TRUE,0
2392,1998,6,22,7,3,14,"1998-06-22 07:03:14",4.4,"Mw",2.77,-76.76,138.3,TRUE,0
2393,1998,6,29,7,33,7,"1998-06-29 07:33:07",4.1,"Mw",-1.36,-80.92,9.8,TRUE,0
2394,1998,6,29,10,22,53,"1998-06-29 10:22:53",4.1,"Mw",-1.34,-80.98,8.4,TRUE,0
2395,1998,7,1,14,57,14,"1998-07-01 14:57:14",5.1,"Mw",-0.98,-81,21.94,TRUE,3
2396,1998,7,2,14,57,46,"1998-07-02 14:57:46",4,"Mw",-1.29,-80.94,6.4,FALSE,0
2397,1998,7,3,6,41,58,"1998-07-03 06:41:58",4.6,"Mw",-1.86,-77.1,244,TRUE,0
2398,1998,7,3,16,41,48,"1998-07-03 16:41:48",4.4,"Mw",-3.98,-80.31,75.5,TRUE,0
2399,1998,7,6,8,59,55,"1998-07-06 08:59:55",4.2,"Mw",-1.42,-80.72,62.3,TRUE,1
2400,1998,7,6,9,31,27,"1998-07-06 09:31:27",4.3,"Mw",-1.54,-80.97,5.7,TRUE,0
2401,1998,7,6,10,33,59,"1998-07-06 10:33:59",4,"Mw",-1.02,-80.67,14,FALSE,0
2402,1998,7,9,9,55,5,"1998-07-09 09:55:05",4.2,"Mw",-0.99,-80.85,11.2,FALSE,0
2403,1998,7,10,20,56,29,"1998-07-10 20:56:29",4.7,"Mw",-6.08,-77.05,45,TRUE,1
2404,1998,7,12,8,2,15,"1998-07-12 08:02:15",4,"Mw",-4.94,-80.28,76.8,TRUE,0
2405,1998,7,18,3,9,52,"1998-07-18 03:09:52",4.2,"Mw",-2.66,-77.97,1.6,TRUE,1
2406,1998,7,18,21,39,1,"1998-07-18 21:39:01",4,"Mw",-1.75,-80.59,62.1,FALSE,0
2407,1998,7,18,23,51,27,"1998-07-18 23:51:27",4.4,"Mw",1.2,-77.89,2.7,TRUE,0
2408,1998,7,19,18,15,12,"1998-07-19 18:15:12",4.1,"Mw",-6.01,-76.89,47.5,FALSE,0
2409,1998,7,23,13,19,58,"1998-07-23 13:19:58",4,"Mw",-2.5,-77.86,30.58,FALSE,0
2410,1998,7,31,12,31,56,"1998-07-31 12:31:56",4,"Mw",0.13,-80.24,18.4,TRUE,0
2411,1998,8,4,17,35,2,"1998-08-04 17:35:02",5.2,"Mw",-0.53,-80.48,37.03,TRUE,0
2412,1998,8,4,18,59,17,"1998-08-04 18:59:17",7.1,"Mw",-0.49,-80.66,34.6,TRUE,27
2413,1998,8,4,20,4,12,"1998-08-04 20:04:12",4.1,"Mw",-0.92,-79.92,52.8,FALSE,0
2414,1998,8,4,20,12,46,"1998-08-04 20:12:46",4,"Mw",-0.71,-80.55,21.5,FALSE,0
2415,1998,8,4,21,9,49,"1998-08-04 21:09:49",4,"Mw",-0.36,-80.45,38.6,FALSE,0
2416,1998,8,4,22,55,27,"1998-08-04 22:55:27",4.2,"Mw",-0.34,-80.43,25.3,FALSE,0
2417,1998,8,5,4,1,29,"1998-08-05 04:01:29",4,"Mw",-0.61,-80.6,39.9,FALSE,0
2418,1998,8,5,18,30,34,"1998-08-05 18:30:34",4.1,"Mw",-0.24,-81.02,12,FALSE,0
2419,1998,8,5,21,33,54,"1998-08-05 21:33:54",4.2,"Mw",-0.38,-80.44,42,FALSE,0
2420,1998,8,5,21,40,35,"1998-08-05 21:40:35",4.1,"Mw",-0.75,-81.06,20.57,FALSE,0
2421,1998,8,5,22,16,46,"1998-08-05 22:16:46",4,"Mw",-0.48,-80.63,9,FALSE,0
2422,1998,8,7,0,2,22,"1998-08-07 00:02:22",4,"Mw",-0.91,-80.57,16.9,FALSE,0
2423,1998,8,7,2,59,28,"1998-08-07 02:59:28",4,"Mw",-0.77,-80.91,2.7,FALSE,0
2424,1998,8,7,3,6,33,"1998-08-07 03:06:33",4,"Mw",-0.78,-80.94,4,FALSE,0
2425,1998,8,7,4,35,0,"1998-08-07 04:35:00",4,"Mw",-0.83,-80.84,2.4,FALSE,0
2426,1998,8,7,5,50,41,"1998-08-07 05:50:41",4.4,"Mw",-0.59,-80.61,42,FALSE,0
2427,1998,8,8,1,33,28,"1998-08-08 01:33:28",4.1,"Mw",-0.82,-80.87,0.5,FALSE,0
2428,1998,8,8,6,26,23,"1998-08-08 06:26:23",4.3,"Mw",-0.8,-80.88,2,FALSE,0
2429,1998,8,9,22,35,16,"1998-08-09 22:35:16",4.1,"Mw",-0.79,-80.99,3.2,FALSE,0
2430,1998,8,11,20,53,2,"1998-08-11 20:53:02",4.2,"Mw",-0.73,-80.61,18.3,FALSE,0
2431,1998,8,17,4,25,46,"1998-08-17 04:25:46",4,"Mw",-1.15,-78.41,12.1,TRUE,0
2432,1998,8,20,20,46,24,"1998-08-20 20:46:24",4.1,"Mw",-5.54,-77.58,33,TRUE,0
2433,1998,8,20,22,22,14,"1998-08-20 22:22:14",4.2,"Mw",-2.61,-77.98,3.4,TRUE,0
2434,1998,8,22,0,27,26,"1998-08-22 00:27:26",4.1,"Mw",0.94,-78.8,6.4,TRUE,0
2435,1998,8,25,21,46,30,"1998-08-25 21:46:30",4,"Mw",-0.68,-80.47,25.61,FALSE,0
2436,1998,9,7,20,55,21,"1998-09-07 20:55:21",4.4,"Mw",-4.08,-76.99,106.8,FALSE,0
2437,1998,9,12,22,40,2,"1998-09-12 22:40:02",4.1,"Mw",-0.9,-81.1,6.5,FALSE,0
2438,1998,9,13,5,12,33,"1998-09-13 05:12:33",4.2,"Mw",-0.82,-81.06,25,FALSE,0
2439,1998,9,16,11,28,56,"1998-09-16 11:28:56",4.7,"Mw",-3.22,-79.4,91.5,TRUE,0
2440,1998,9,23,9,35,44,"1998-09-23 09:35:44",4.6,"Mw",-5.36,-76.79,37.8,TRUE,0
2441,1998,9,28,17,40,56,"1998-09-28 17:40:56",4.3,"Mw",-6.22,-81,123,TRUE,0
2442,1998,10,7,22,46,43,"1998-10-07 22:46:43",4.5,"Mw",-4.95,-77.81,44.6,TRUE,0
2443,1998,10,16,4,17,15,"1998-10-16 04:17:15",4,"Mw",-1.05,-78.81,20.4,TRUE,0
2444,1998,10,19,23,5,16,"1998-10-19 23:05:16",4.5,"Mw",3.5,-79.2,46.9,TRUE,0
2445,1998,10,21,16,12,41,"1998-10-21 16:12:41",4,"Mw",-6.36,-76.99,133.8,TRUE,0
2446,1998,10,23,1,48,53,"1998-10-23 01:48:53",5.4,"Mw",-2.39,-76.25,146.5,TRUE,0
2447,1998,11,1,23,37,5,"1998-11-01 23:37:05",4,"Mw",-0.76,-80.6,39.77,FALSE,0
2448,1998,11,6,7,14,24,"1998-11-06 07:14:24",4.1,"Mw",2.41,-79.83,33,TRUE,0
2449,1998,11,15,23,54,50,"1998-11-15 23:54:50",4.1,"Mw",-3.9,-76.67,115.9,FALSE,0
2450,1998,11,29,5,36,2,"1998-11-29 05:36:02",4.3,"Mw",2.15,-83.3,33,TRUE,0
2451,1998,12,1,14,55,20,"1998-12-01 14:55:20",4.4,"Mw",-6.21,-78.46,35,TRUE,0
2452,1998,12,4,14,57,53,"1998-12-04 14:57:53",4.1,"Mw",-1.58,-77.97,179.2,TRUE,1
2453,1998,12,6,10,4,49,"1998-12-06 10:04:49",4,"Mw",-1.88,-78.05,165.7,FALSE,0
2454,1998,12,11,14,9,44,"1998-12-11 14:09:44",4.1,"Mw",-0.73,-77.35,11.9,TRUE,0
2455,1998,12,11,20,36,42,"1998-12-11 20:36:42",4.3,"Mw",-1.89,-77.4,6.9,TRUE,0
2456,1998,12,21,18,13,24,"1998-12-21 18:13:24",4,"Mw",0.54,-79.96,21.8,TRUE,0
2457,1998,12,30,3,32,35,"1998-12-30 03:32:35",5.3,"Mw",-1.65,-78.13,163.8,TRUE,0
2458,1998,12,31,21,41,36,"1998-12-31 21:41:36",4.6,"Mw",1.93,-83.19,15,TRUE,0
2459,1999,2,8,18,10,6,"1999-02-08 18:10:06",4.2,"Mw",3.68,-78.19,33,TRUE,0
2460,1999,2,9,11,33,31,"1999-02-09 11:33:31",4.1,"Mw",-4.36,-77.35,33,FALSE,0
2461,1999,2,18,12,2,0,"1999-02-18 12:02:00",4.8,"Mw",-2.36,-79.75,68.5,TRUE,0
2462,1999,2,24,20,34,27,"1999-02-24 20:34:27",4.1,"Mw",-1.3,-79.22,33,TRUE,0
2463,1999,3,3,15,19,35,"1999-03-03 15:19:35",4.7,"Mw",-2.7,-77.92,12.5,TRUE,0
2464,1999,3,11,16,56,34,"1999-03-11 16:56:34",4.9,"Mw",2.81,-79.68,16.2,TRUE,1
2465,1999,4,6,2,9,16,"1999-04-06 02:09:16",4,"Mw",3.89,-77.93,169,TRUE,0
2466,1999,4,6,3,58,46,"1999-04-06 03:58:46",4.8,"Mw",3.89,-78.06,33,TRUE,0
2467,1999,4,7,18,13,42,"1999-04-07 18:13:42",4.3,"Mw",-6.44,-80.78,28,TRUE,0
2468,1999,4,18,5,49,50,"1999-04-18 05:49:50",4,"Mw",2.66,-79.63,132,FALSE,0
2469,1999,4,21,11,29,20,"1999-04-21 11:29:20",4.1,"Mw",-0.28,-77.42,7.1,TRUE,0
2470,1999,4,26,18,17,25,"1999-04-26 18:17:25",6,"Mw",-1.7,-77.92,171.7,TRUE,1
2471,1999,4,29,9,10,9,"1999-04-29 09:10:09",4,"Mw",-6.59,-81.44,29.9,TRUE,0
2472,1999,5,9,13,26,34,"1999-05-09 13:26:34",4.2,"Mw",-4.79,-76.36,58.8,FALSE,0
2473,1999,5,17,7,14,22,"1999-05-17 07:14:22",4.1,"Mw",2.87,-79.7,46.3,TRUE,0
2474,1999,5,23,10,26,49,"1999-05-23 10:26:49",4,"Mw",-1.41,-78.01,153.8,FALSE,0
2475,1999,5,25,2,15,51,"1999-05-25 02:15:51",4.3,"Mw",-0.68,-80.45,39.4,FALSE,0
2476,1999,5,25,2,18,12,"1999-05-25 02:18:12",4.6,"Mw",-4.32,-80.62,32.4,TRUE,0
2477,1999,6,17,17,6,16,"1999-06-17 17:06:16",4,"Mw",-0.16,-79.83,100,FALSE,0
2478,1999,6,20,15,22,3,"1999-06-20 15:22:03",4,"Mw",-2.26,-79.91,10,TRUE,0
2479,1999,6,27,0,31,8,"1999-06-27 00:31:08",4.1,"Mw",-4.98,-81.02,33,TRUE,0
2480,1999,7,7,23,37,58,"1999-07-07 23:37:58",4,"Mw",-3.54,-81.82,28,TRUE,0
2481,1999,7,14,20,11,0,"1999-07-14 20:11:00",4,"Mw",-2.65,-79.71,31.65,TRUE,0
2482,1999,7,22,19,59,52,"1999-07-22 19:59:52",4,"Mw",3.93,-75.78,53.9,TRUE,0
2483,1999,7,31,7,12,53,"1999-07-31 07:12:53",4,"Mw",0.81,-78.84,33.65,TRUE,0
2484,1999,8,3,15,58,58,"1999-08-03 15:58:58",5.8,"Mw",-3.4,-79.08,85.9,TRUE,0
2485,1999,8,6,0,53,14,"1999-08-06 00:53:14",4.2,"Mw",0.66,-79.23,45.2,TRUE,0
2486,1999,8,17,7,44,17,"1999-08-17 07:44:17",4.2,"Mw",-6.12,-80.99,57.1,TRUE,0
2487,1999,8,19,2,21,29,"1999-08-19 02:21:29",4.4,"Mw",-2.52,-78.04,3.6,TRUE,0
2488,1999,8,28,2,52,8,"1999-08-28 02:52:08",4.5,"Mw",0.71,-80.39,12.5,TRUE,0
2489,1999,8,28,12,40,1,"1999-08-28 12:40:01",6.2,"Mw",-1.37,-77.91,195.3,TRUE,1
2490,1999,8,30,7,13,33,"1999-08-30 07:13:33",4,"Mw",0.24,-80.4,5,FALSE,0
2491,1999,9,1,2,54,20,"1999-09-01 02:54:20",4.7,"Mw",2.53,-79.8,15,TRUE,0
2492,1999,9,10,13,48,46,"1999-09-10 13:48:46",4.3,"Mw",-5.47,-77.98,65.6,TRUE,0
2493,1999,9,17,3,45,19,"1999-09-17 03:45:19",4.3,"Mw",-6.32,-74.91,96.1,TRUE,0
2494,1999,9,17,8,54,21,"1999-09-17 08:54:21",4.7,"Mw",-1.15,-78.34,15.1,TRUE,0
2495,1999,10,7,6,53,16,"1999-10-07 06:53:16",4.2,"Mw",-0.42,-77.87,0,TRUE,0
2496,1999,10,12,13,9,12,"1999-10-12 13:09:12",4.5,"Mw",-3.57,-79.51,76,TRUE,0
2497,1999,10,21,4,47,46,"1999-10-21 04:47:46",4,"Mw",-2.43,-79.48,23.51,TRUE,0
2498,1999,10,21,6,36,16,"1999-10-21 06:36:16",4.6,"Mw",-1.49,-78.29,156.1,FALSE,0
2499,1999,10,22,14,29,26,"1999-10-22 14:29:26",4,"Mw",-2.31,-78.74,10,TRUE,0
2500,1999,10,29,14,5,48,"1999-10-29 14:05:48",4,"Mw",3.58,-75.78,202,TRUE,0
2501,1999,11,6,16,45,2,"1999-11-06 16:45:02",4.6,"Mw",-5.16,-80.76,43.3,TRUE,0
2502,1999,11,13,4,2,42,"1999-11-13 04:02:42",4.1,"Mw",2.72,-79.7,43,TRUE,0
2503,1999,12,6,0,26,27,"1999-12-06 00:26:27",4.2,"Mw",-0.2,-80.44,17.9,FALSE,0
2504,1999,12,25,18,19,31,"1999-12-25 18:19:31",5.5,"Mw",-6.16,-75.24,26,TRUE,1
2505,2000,1,15,19,51,28,"2000-01-15 19:51:28",4.4,"Mw",-5.23,-78.9,105,TRUE,0
2506,2000,1,28,8,50,53,"2000-01-28 08:50:53",4.4,"Mw",1.49,-78.35,16,TRUE,0
2507,2000,1,31,7,55,13,"2000-01-31 07:55:13",4.2,"Mw",0.31,-80.32,10,FALSE,0
2508,2000,1,31,10,32,12,"2000-01-31 10:32:12",4.6,"Mw",-0.06,-79.75,2,TRUE,0
2509,2000,2,2,23,40,20,"2000-02-02 23:40:20",4.3,"Mw",2.08,-76.52,60.6,TRUE,0
2510,2000,2,6,7,12,39,"2000-02-06 07:12:39",4.6,"Mw",-4.33,-80.4,75.1,TRUE,0
2511,2000,2,8,7,9,14,"2000-02-08 07:09:14",4.7,"Mw",-4.29,-80.38,73,TRUE,0
2512,2000,2,9,12,2,15,"2000-02-09 12:02:15",4.3,"Mw",-6.2,-75.6,43.5,FALSE,0
2513,2000,2,14,17,51,57,"2000-02-14 17:51:57",4.6,"Mw",-5.7,-77.26,35.6,TRUE,0
2514,2000,2,27,22,20,13,"2000-02-27 22:20:13",4.2,"Mw",-5.55,-80.93,66.6,TRUE,0
2515,2000,3,27,9,54,21,"2000-03-27 09:54:21",4.1,"Mw",-5.48,-79.79,82.5,TRUE,0
2516,2000,3,28,23,28,49,"2000-03-28 23:28:49",4.2,"Mw",-2.61,-75.34,28.4,TRUE,0
2517,2000,4,3,9,52,46,"2000-04-03 09:52:46",4.8,"Mw",3.59,-75.84,184.1,TRUE,0
2518,2000,4,7,19,14,19,"2000-04-07 19:14:19",4,"Mw",2.14,-79.73,10,TRUE,0
2519,2000,4,14,11,59,51,"2000-04-14 11:59:51",4.1,"Mw",-2.99,-79.57,54,TRUE,0
2520,2000,4,16,18,29,2,"2000-04-16 18:29:02",4,"Mw",-3.92,-81.08,63.2,TRUE,0
2521,2000,4,29,19,52,23,"2000-04-29 19:52:23",5.7,"Mw",-6.4,-76.93,128,TRUE,0
2522,2000,5,8,18,12,6,"2000-05-08 18:12:06",4.3,"Mw",-6.41,-80.76,46,TRUE,0
2523,2000,5,15,22,58,1,"2000-05-15 22:58:01",4.1,"Mw",-0.87,-78.81,20.9,TRUE,0
2524,2000,5,22,13,15,11,"2000-05-22 13:15:11",5.8,"Mw",-4.08,-81,40.1,TRUE,0
2525,2000,5,23,16,36,48,"2000-05-23 16:36:48",5.2,"Mw",2.13,-78.35,41.4,TRUE,0
2526,2000,5,24,10,36,5,"2000-05-24 10:36:05",4.2,"Mw",1.94,-79.92,45.1,TRUE,0
2527,2000,6,9,15,9,9,"2000-06-09 15:09:09",4.6,"Mw",2.35,-79.53,17.4,TRUE,0
2528,2000,6,10,14,9,23,"2000-06-10 14:09:23",4.3,"Mw",-6.76,-79.67,68,TRUE,0
2529,2000,6,27,7,10,30,"2000-06-27 07:10:30",5,"Mw",1.42,-77.44,138.2,TRUE,0
2530,2000,7,17,3,19,26,"2000-07-17 03:19:26",4,"Mw",3.91,-82.3,33,TRUE,0
2531,2000,8,2,2,4,59,"2000-08-02 02:04:59",4.2,"Mw",-2.73,-77.52,12,TRUE,0
2532,2000,8,5,19,25,0,"2000-08-05 19:25:00",4.6,"Mw",-5.26,-77.76,29.4,TRUE,1
2533,2000,8,6,5,15,44,"2000-08-06 05:15:44",4.5,"Mw",-5.25,-77.72,46.8,FALSE,0
2534,2000,8,7,19,49,27,"2000-08-07 19:49:27",4,"Mw",3.06,-78.51,33,TRUE,0
2535,2000,8,12,2,52,48,"2000-08-12 02:52:48",4.3,"Mw",2.25,-78.95,21.6,TRUE,0
2536,2000,8,13,4,19,3,"2000-08-13 04:19:03",5,"Mw",-5.19,-77.67,29.2,TRUE,0
2537,2000,8,14,4,4,56,"2000-08-14 04:04:56",4.3,"Mw",-2.15,-80.28,12,TRUE,0
2538,2000,8,19,0,50,50,"2000-08-19 00:50:50",4.1,"Mw",-5.1,-80.85,33,TRUE,0
2539,2000,8,22,1,17,28,"2000-08-22 01:17:28",5.1,"Mw",1.31,-82.18,46.4,TRUE,0
2540,2000,9,2,4,5,11,"2000-09-02 04:05:11",4.4,"Mw",-5.95,-78.23,100,TRUE,0
2541,2000,9,3,7,4,20,"2000-09-03 07:04:20",4.2,"Mw",-5.41,-77.27,63.8,TRUE,0
2542,2000,9,4,5,33,45,"2000-09-04 05:33:45",4.2,"Mw",2.04,-79.98,33,TRUE,0
2543,2000,9,8,10,26,23,"2000-09-08 10:26:23",4.5,"Mw",-4.55,-80.98,27.8,TRUE,0
2544,2000,9,10,0,44,50,"2000-09-10 00:44:50",4.4,"Mw",3.49,-83.08,33,TRUE,0
2545,2000,9,10,4,37,32,"2000-09-10 04:37:32",4.4,"Mw",-3.26,-77.61,38.3,TRUE,0
2546,2000,9,14,12,46,21,"2000-09-14 12:46:21",4,"Mw",-0.83,-79.94,74.5,TRUE,0
2547,2000,9,20,8,37,12,"2000-09-20 08:37:12",5.5,"Mw",-1.88,-80.71,16.41,TRUE,1
2548,2000,9,23,2,31,56,"2000-09-23 02:31:56",5.6,"Mw",-5.13,-76.59,31.9,TRUE,0
2549,2000,9,26,1,40,14,"2000-09-26 01:40:14",4,"Mw",1.58,-78.35,94.9,TRUE,0
2550,2000,9,28,23,23,39,"2000-09-28 23:23:39",6.4,"Mw",-0.22,-80.61,11.3,TRUE,5
2551,2000,9,29,0,15,19,"2000-09-29 00:15:19",4,"Mw",-0.2,-80.6,12,FALSE,0
2552,2000,9,29,5,27,46,"2000-09-29 05:27:46",4,"Mw",-2.93,-76.98,158,TRUE,0
2553,2000,9,29,23,38,35,"2000-09-29 23:38:35",4.2,"Mw",-0.42,-80.72,40.2,FALSE,0
2554,2000,10,1,7,12,28,"2000-10-01 07:12:28",4.3,"Mw",-0.34,-80.92,16.5,FALSE,0
2555,2000,10,3,1,7,17,"2000-10-03 01:07:17",4.4,"Mw",3.57,-82.56,10,TRUE,0
2556,2000,10,7,0,0,7,"2000-10-07 00:00:07",4.4,"Mw",-3.19,-78.79,92.2,TRUE,0
2557,2000,10,7,0,40,20,"2000-10-07 00:40:20",4.1,"Mw",-5.63,-82.14,33,TRUE,0
2558,2000,10,8,11,20,59,"2000-10-08 11:20:59",4.2,"Mw",-0.42,-81.05,33,TRUE,0
2559,2000,10,8,20,12,29,"2000-10-08 20:12:29",5.1,"Mw",0.34,-78.09,3.9,TRUE,0
2560,2000,10,11,23,8,54,"2000-10-11 23:08:54",4.5,"Mw",-6.28,-80.63,46.4,TRUE,0
2561,2000,10,12,11,0,59,"2000-10-12 11:00:59",4.8,"Mw",-0.06,-80.4,23.49,FALSE,0
2562,2000,10,17,19,27,49,"2000-10-17 19:27:49",4.8,"Mw",-0.33,-80.92,4.6,FALSE,0
2563,2000,11,1,9,43,39,"2000-11-01 09:43:39",4,"Mw",-1.95,-77.54,160.9,TRUE,0
2564,2000,11,3,15,5,26,"2000-11-03 15:05:26",4.1,"Mw",-1.21,-79.69,87.4,TRUE,0
2565,2000,11,5,17,49,19,"2000-11-05 17:49:19",4.2,"Mw",-3.37,-77.43,33,TRUE,0
2566,2000,11,5,23,54,29,"2000-11-05 23:54:29",4,"Mw",-1.28,-78.56,119,TRUE,0
2567,2000,11,18,6,59,59,"2000-11-18 06:59:59",4.2,"Mw",-0.19,-80.16,11.2,TRUE,0
2568,2000,11,19,15,5,19,"2000-11-19 15:05:19",4.4,"Mw",-2.13,-76.31,41,TRUE,0
2569,2000,11,19,23,23,0,"2000-11-19 23:23:00",4.5,"Mw",0.01,-77.45,16,TRUE,0
2570,2000,11,24,11,29,27,"2000-11-24 11:29:27",4.9,"Mw",-1.47,-78.03,172,TRUE,0
2571,2000,11,28,17,36,45,"2000-11-28 17:36:45",4.5,"Mw",3.82,-83.02,33,TRUE,2
2572,2000,11,28,18,28,34,"2000-11-28 18:28:34",4,"Mw",3.9,-82.89,33,FALSE,0
2573,2000,11,28,18,41,20,"2000-11-28 18:41:20",4.1,"Mw",3.67,-83.32,10,FALSE,0
2574,2000,11,30,12,8,45,"2000-11-30 12:08:45",4.4,"Mw",2.56,-79.76,15.4,TRUE,0
2575,2000,12,4,2,11,25,"2000-12-04 02:11:25",4.2,"Mw",3.71,-75.97,191.9,TRUE,0
2576,2000,12,24,17,7,3,"2000-12-24 17:07:03",4.7,"Mw",-4.22,-77.91,62.1,TRUE,0
2577,2000,12,24,19,9,56,"2000-12-24 19:09:56",4.5,"Mw",2.25,-79.7,25.3,TRUE,0
2578,2000,12,25,4,7,59,"2000-12-25 04:07:59",4.4,"Mw",-4.53,-80.41,62.7,TRUE,0
2579,2001,1,4,9,44,9,"2001-01-04 09:44:09",4.1,"Mw",-2.05,-77.87,6.3,TRUE,0
2580,2001,1,14,2,58,49,"2001-01-14 02:58:49",4.1,"Mw",-3.26,-80.15,33,TRUE,0
2581,2001,1,21,19,42,6,"2001-01-21 19:42:06",4.1,"Mw",-1.05,-78.25,0.6,TRUE,0
2582,2001,1,27,23,56,3,"2001-01-27 23:56:03",5.5,"Mw",-4.34,-76.76,116.7,TRUE,1
2583,2001,1,31,17,14,0,"2001-01-31 17:14:00",4.2,"Mw",3.93,-76.05,166.1,TRUE,0
2584,2001,2,2,1,52,18,"2001-02-02 01:52:18",4.1,"Mw",-5.96,-76.17,117,TRUE,0
2585,2001,2,6,9,28,51,"2001-02-06 09:28:51",4,"Mw",-6.49,-76.72,33,TRUE,0
2586,2001,2,6,12,34,47,"2001-02-06 12:34:47",4.5,"Mw",-1.44,-80.77,16,FALSE,0
2587,2001,2,19,3,10,20,"2001-02-19 03:10:20",4,"Mw",-2.61,-78.99,115.4,TRUE,0
2588,2001,2,21,11,54,51,"2001-02-21 11:54:51",4.7,"Mw",0.91,-79.68,13,TRUE,0
2589,2001,2,21,12,23,6,"2001-02-21 12:23:06",4.3,"Mw",1.19,-79.98,23,TRUE,0
2590,2001,2,28,0,45,40,"2001-02-28 00:45:40",4,"Mw",-1.61,-81.12,43.9,TRUE,0
2591,2001,2,28,2,57,43,"2001-02-28 02:57:43",4.6,"Mw",-6.98,-81.48,36.3,TRUE,0
2592,2001,3,15,8,10,55,"2001-03-15 08:10:55",4.8,"Mw",-5.69,-76.6,29.6,TRUE,3
2593,2001,3,15,11,35,59,"2001-03-15 11:35:59",4.2,"Mw",-5.74,-76.42,33,FALSE,0
2594,2001,3,16,9,14,19,"2001-03-16 09:14:19",4.5,"Mw",-5.74,-76.56,35,FALSE,0
2595,2001,3,17,3,22,4,"2001-03-17 03:22:04",4.4,"Mw",-5.71,-76.49,25.7,FALSE,0
2596,2001,3,21,3,2,11,"2001-03-21 03:02:11",4.3,"Mw",-3.63,-74.37,58.4,TRUE,0
2597,2001,3,21,11,5,8,"2001-03-21 11:05:08",4,"Mw",-3,-79.04,91.5,TRUE,0
2598,2001,3,30,23,33,35,"2001-03-30 23:33:35",4.2,"Mw",3.51,-79,33,TRUE,1
2599,2001,3,30,23,48,54,"2001-03-30 23:48:54",4.2,"Mw",3.36,-78.86,33,TRUE,0
2600,2001,4,4,8,56,37,"2001-04-04 08:56:37",4.4,"Mw",-2.38,-79.41,53.1,TRUE,0
2601,2001,4,4,19,31,49,"2001-04-04 19:31:49",4.2,"Mw",-1.18,-78.33,10.8,TRUE,0
2602,2001,4,4,23,55,1,"2001-04-04 23:55:01",4,"Mw",3.46,-78.88,11,FALSE,0
2603,2001,4,5,23,39,15,"2001-04-05 23:39:15",4.5,"Mw",-3.85,-75.42,140.4,TRUE,0
2604,2001,4,7,18,40,59,"2001-04-07 18:40:59",4.4,"Mw",3.38,-78.93,33,TRUE,0
2605,2001,4,7,18,41,0,"2001-04-07 18:41:00",4.6,"Mw",3.62,-78.84,33,TRUE,1
2606,2001,4,9,10,32,0,"2001-04-09 10:32:00",4.1,"Mw",3.47,-78.59,33,FALSE,0
2607,2001,4,9,22,28,19,"2001-04-09 22:28:19",4.2,"Mw",-2.67,-80.69,12,TRUE,0
2608,2001,4,10,6,34,19,"2001-04-10 06:34:19",4.2,"Mw",-1.52,-77.72,180.1,TRUE,0
2609,2001,4,10,20,32,12,"2001-04-10 20:32:12",4.3,"Mw",2.87,-78.65,21.1,TRUE,0
2610,2001,4,15,16,42,44,"2001-04-15 16:42:44",4.1,"Mw",-3.04,-77.2,33,TRUE,0
2611,2001,4,17,6,57,45,"2001-04-17 06:57:45",4.3,"Mw",-3.88,-81,33,TRUE,0
2612,2001,4,20,19,28,0,"2001-04-20 19:28:00",4,"Mw",-4.37,-80.57,72.4,TRUE,0
2613,2001,4,21,23,28,50,"2001-04-21 23:28:50",4.2,"Mw",3.91,-76.52,101.7,TRUE,0
2614,2001,5,4,15,42,56,"2001-05-04 15:42:56",4.2,"Mw",-2.4,-78.75,71.27,TRUE,0
2615,2001,5,9,10,36,37,"2001-05-09 10:36:37",4.1,"Mw",-5.08,-77.98,33,TRUE,0
2616,2001,5,22,1,45,41,"2001-05-22 01:45:41",4.3,"Mw",-4.29,-80.71,33,TRUE,0
2617,2001,6,2,3,12,9,"2001-06-02 03:12:09",4,"Mw",-2.27,-78.86,79.6,TRUE,0
2618,2001,6,24,0,23,59,"2001-06-24 00:23:59",4.3,"Mw",-4.24,-81.25,33,TRUE,0
2619,2001,6,24,0,28,34,"2001-06-24 00:28:34",4.8,"Mw",-4.04,-80.93,24.7,TRUE,0
2620,2001,6,24,0,49,35,"2001-06-24 00:49:35",4.8,"Mw",-4.02,-80.87,30.9,TRUE,0
2621,2001,6,26,22,15,11,"2001-06-26 22:15:11",4,"Mw",-4.48,-77.18,124.8,FALSE,0
2622,2001,6,27,8,54,45,"2001-06-27 08:54:45",4.2,"Mw",2.69,-79.87,33,TRUE,0
2623,2001,6,29,3,11,30,"2001-06-29 03:11:30",5.3,"Mw",-4,-80.84,38,TRUE,1
2624,2001,7,17,13,8,31,"2001-07-17 13:08:31",4,"Mw",3.02,-78.95,33,TRUE,0
2625,2001,7,17,23,35,33,"2001-07-17 23:35:33",4,"Mw",-2.34,-79.8,50.77,TRUE,0
2626,2001,7,19,5,15,23,"2001-07-19 05:15:23",4.1,"Mw",2.79,-79.43,10,TRUE,0
2627,2001,8,7,9,10,3,"2001-08-07 09:10:03",4.1,"Mw",0.72,-80.2,53.38,TRUE,0
2628,2001,8,9,17,42,2,"2001-08-09 17:42:02",4,"Mw",-0.19,-80.43,16.4,TRUE,0
2629,2001,8,12,2,42,45,"2001-08-12 02:42:45",4.3,"Mw",-5.5,-80.66,48.5,TRUE,0
2630,2001,8,18,5,35,39,"2001-08-18 05:35:39",4.6,"Mw",-3.05,-77.64,18.6,TRUE,0
2631,2001,8,29,11,36,34,"2001-08-29 11:36:34",4.2,"Mw",-1.69,-77.75,174.2,TRUE,0
2632,2001,8,29,21,50,36,"2001-08-29 21:50:36",4.2,"Mw",-4.03,-81.22,20.1,FALSE,0
2633,2001,9,14,16,3,40,"2001-09-14 16:03:40",4.1,"Mw",1.39,-79.53,6.3,TRUE,0
2634,2001,9,22,3,23,38,"2001-09-22 03:23:38",5.9,"Mw",3.85,-75.88,168,TRUE,0
2635,2001,9,23,4,6,38,"2001-09-23 04:06:38",4.6,"Mw",-1.94,-79.71,40.49,TRUE,0
2636,2001,10,1,3,10,53,"2001-10-01 03:10:53",4.2,"Mw",-1.84,-80.26,11.85,TRUE,0
2637,2001,10,19,18,25,2,"2001-10-19 18:25:02",4.3,"Mw",-1.93,-77.84,151,TRUE,0
2638,2001,10,21,13,29,16,"2001-10-21 13:29:16",4.1,"Mw",2.58,-79.65,33,TRUE,0
2639,2001,10,31,4,14,11,"2001-10-31 04:14:11",4.2,"Mw",-5.1,-77.35,37.7,TRUE,0
2640,2001,10,31,11,30,18,"2001-10-31 11:30:18",4.6,"Mw",3.99,-82.54,10,TRUE,0
2641,2001,11,15,7,22,48,"2001-11-15 07:22:48",4,"Mw",-4.19,-80.99,32.6,TRUE,0
2642,2001,11,15,21,33,46,"2001-11-15 21:33:46",4.1,"Mw",-1.3,-79.72,19.08,TRUE,0
2643,2001,11,17,16,30,56,"2001-11-17 16:30:56",5.1,"Mw",-3.39,-77.7,104.6,TRUE,0
2644,2001,11,23,7,44,50,"2001-11-23 07:44:50",4,"Mw",-0.09,-80.83,30.4,TRUE,0
2645,2001,11,28,14,22,53,"2001-11-28 14:22:53",4,"Mw",3.48,-82.36,10,TRUE,0
2646,2002,1,6,9,53,25,"2002-01-06 09:53:25",4,"Mw",3.5,-78.36,33,TRUE,0
2647,2002,1,7,7,44,47,"2002-01-07 07:44:47",4.1,"Mw",-2.3,-79.71,36,TRUE,0
2648,2002,1,11,20,16,19,"2002-01-11 20:16:19",4.1,"Mw",-6.98,-80.65,43.3,TRUE,0
2649,2002,1,12,2,21,31,"2002-01-12 02:21:31",4,"Mw",-4.89,-81.13,33,TRUE,0
2650,2002,1,14,6,21,23,"2002-01-14 06:21:23",4.6,"Mw",-1.08,-78.29,8.9,TRUE,0
2651,2002,1,22,13,4,56,"2002-01-22 13:04:56",4.3,"Mw",-6.91,-80.15,38.3,TRUE,0
2652,2002,1,29,20,1,52,"2002-01-29 20:01:52",4.1,"Mw",-6.11,-80.61,52.2,TRUE,0
2653,2002,2,3,18,0,57,"2002-02-03 18:00:57",4,"Mw",-4.05,-80.92,33,TRUE,0
2654,2002,2,10,0,50,52,"2002-02-10 00:50:52",4.4,"Mw",-5.62,-77.14,49,TRUE,0
2655,2002,2,19,12,44,12,"2002-02-19 12:44:12",4,"Mw",-1.26,-77.49,47.96,TRUE,0
2656,2002,3,17,12,9,33,"2002-03-17 12:09:33",4.7,"Mw",2.73,-79.71,15,TRUE,0
2657,2002,3,17,15,50,16,"2002-03-17 15:50:16",4.1,"Mw",-4.37,-80.84,37.6,TRUE,0
2658,2002,3,17,20,22,11,"2002-03-17 20:22:11",4.9,"Mw",-3.12,-79.7,69.5,TRUE,1
2659,2002,3,18,18,43,21,"2002-03-18 18:43:21",4.1,"Mw",-6.9,-80.34,60,TRUE,0
2660,2002,3,31,12,53,13,"2002-03-31 12:53:13",4.2,"Mw",-1.09,-80.94,8.7,TRUE,0
2661,2002,4,6,14,40,25,"2002-04-06 14:40:25",4.3,"Mw",-3.15,-79.96,42.4,FALSE,0
2662,2002,4,16,6,33,29,"2002-04-16 06:33:29",4.2,"Mw",-0.83,-80.93,2,TRUE,0
2663,2002,4,21,22,24,7,"2002-04-21 22:24:07",5.8,"Mw",-5.8,-81.01,25.5,TRUE,1
2664,2002,4,22,4,12,37,"2002-04-22 04:12:37",4.5,"Mw",-5.9,-81.1,29.4,FALSE,0
2665,2002,4,27,3,41,35,"2002-04-27 03:41:35",4.6,"Mw",1.12,-79.75,6.6,TRUE,1
2666,2002,4,27,3,45,26,"2002-04-27 03:45:26",4.3,"Mw",1.12,-79.74,6,FALSE,0
2667,2002,5,5,11,35,4,"2002-05-05 11:35:04",4.6,"Mw",-1.13,-78.3,7.3,TRUE,0
2668,2002,5,20,0,55,39,"2002-05-20 00:55:39",4,"Mw",3.02,-83.88,10,TRUE,0
2669,2002,5,22,2,30,40,"2002-05-22 02:30:40",4.2,"Mw",-6.6,-76.05,36.1,TRUE,0
2670,2002,6,13,16,18,5,"2002-06-13 16:18:05",4.1,"Mw",-1.62,-77.59,171.5,TRUE,0
2671,2002,6,15,10,26,14,"2002-06-15 10:26:14",4.1,"Mw",-0.96,-80.97,3.2,TRUE,0
2672,2002,6,29,19,17,53,"2002-06-29 19:17:53",4.8,"Mw",-5.47,-76.67,24.5,TRUE,3
2673,2002,6,30,6,23,50,"2002-06-30 06:23:50",4.7,"Mw",-5.56,-76.89,39.9,FALSE,0
2674,2002,7,1,18,32,34,"2002-07-01 18:32:34",4.5,"Mw",-5.6,-76.59,45.8,FALSE,0
2675,2002,7,6,2,10,39,"2002-07-06 02:10:39",4.1,"Mw",-5.27,-76.64,65.2,FALSE,0
2676,2002,7,10,16,32,36,"2002-07-10 16:32:36",4.1,"Mw",-5.37,-78.02,33,TRUE,0
2677,2002,7,11,4,12,35,"2002-07-11 04:12:35",4,"Mw",-1.51,-81.23,12,TRUE,0
2678,2002,7,14,14,43,47,"2002-07-14 14:43:47",4.8,"Mw",-5.33,-78.79,73.9,TRUE,0
2679,2002,7,19,3,10,27,"2002-07-19 03:10:27",4.3,"Mw",-5.69,-77.13,37.1,TRUE,0
2680,2002,7,27,5,3,35,"2002-07-27 05:03:35",4,"Mw",-1.5,-80.84,35.09,TRUE,0
2681,2002,7,29,23,40,9,"2002-07-29 23:40:09",5.2,"Mw",-6.97,-76.75,61.9,TRUE,0
2682,2002,8,6,14,26,14,"2002-08-06 14:26:14",5.2,"Mw",-5.35,-76.59,111.3,TRUE,2
2683,2002,9,5,9,19,41,"2002-09-05 09:19:41",4.4,"Mw",-2.19,-78.99,16,TRUE,0
2684,2002,9,13,10,23,4,"2002-09-13 10:23:04",4.9,"Mw",-4.97,-80.62,42.1,TRUE,1
2685,2002,9,24,0,28,20,"2002-09-24 00:28:20",4.3,"Mw",2.97,-83.03,10,TRUE,0
2686,2002,9,28,17,40,24,"2002-09-28 17:40:24",4,"Mw",3.89,-75.57,168.7,TRUE,0
2687,2002,9,29,2,52,36,"2002-09-29 02:52:36",4.8,"Mw",-4.93,-80.62,39.7,FALSE,0
2688,2002,10,2,21,37,28,"2002-10-02 21:37:28",4,"Mw",-1.36,-80.95,3.2,TRUE,0
2689,2002,10,4,21,34,34,"2002-10-04 21:34:34",4.3,"Mw",-5.35,-76.6,30.6,FALSE,0
2690,2002,10,5,5,52,22,"2002-10-05 05:52:22",4.7,"Mw",-5.75,-76.6,112.5,FALSE,0
2691,2002,10,8,2,2,0,"2002-10-08 02:02:00",4,"Mw",-2.09,-80.53,24.4,TRUE,0
2692,2002,11,1,7,2,22,"2002-11-01 07:02:22",4.1,"Mw",-5.37,-77.74,66.8,TRUE,0
2693,2002,11,9,21,51,36,"2002-11-09 21:51:36",4.4,"Mw",-3.92,-80.58,62.4,TRUE,0
2694,2002,11,11,5,16,56,"2002-11-11 05:16:56",4,"Mw",2.96,-78.85,10,TRUE,0
2695,2002,11,11,23,53,11,"2002-11-11 23:53:11",4.8,"Mw",-2.51,-80.29,16,TRUE,0
2696,2002,11,13,3,19,0,"2002-11-13 03:19:00",4.8,"Mw",-4.68,-78.15,7.5,TRUE,0
2697,2002,11,20,1,14,54,"2002-11-20 01:14:54",4.1,"Mw",-1.47,-78.31,147.6,TRUE,0
2698,2002,11,23,23,56,45,"2002-11-23 23:56:45",5.1,"Mw",3.12,-74.53,76.2,TRUE,0
2699,2002,11,28,19,40,43,"2002-11-28 19:40:43",4.4,"Mw",-6.75,-80.44,61.3,TRUE,0
2700,2002,11,28,23,53,24,"2002-11-28 23:53:24",4.2,"Mw",-2.43,-79.83,129,TRUE,0
2701,2002,12,3,18,48,28,"2002-12-03 18:48:28",4.1,"Mw",-4.6,-77.75,24.3,TRUE,0
2702,2002,12,15,4,5,22,"2002-12-15 04:05:22",4.2,"Mw",-5.48,-81.04,33,TRUE,0
2703,2002,12,21,0,46,10,"2002-12-21 00:46:10",5.2,"Mw",3.64,-78.97,19.1,TRUE,1
2704,2002,12,23,11,31,33,"2002-12-23 11:31:33",4.1,"Mw",3.82,-78.75,35,FALSE,0
2705,2002,12,24,10,8,32,"2002-12-24 10:08:32",4.3,"Mw",0.72,-79.52,26.9,TRUE,0
2706,2003,1,17,6,1,54,"2003-01-17 06:01:54",4.1,"Mw",-5.19,-81.17,44.7,TRUE,0
2707,2003,1,18,11,2,22,"2003-01-18 11:02:22",4,"Mw",-3.82,-76.85,108.6,TRUE,0
2708,2003,1,22,15,55,36,"2003-01-22 15:55:36",4.5,"Mw",3.58,-74.5,37.8,TRUE,0
2709,2003,1,31,16,54,34,"2003-01-31 16:54:34",5.2,"Mw",-2.79,-77.04,113.1,TRUE,1
2710,2003,2,2,6,32,35,"2003-02-02 06:32:35",4.9,"Mw",-0.98,-80.83,12,TRUE,0
2711,2003,2,2,11,34,19,"2003-02-02 11:34:19",4.1,"Mw",1.29,-83.74,41.4,TRUE,0
2712,2003,2,7,21,46,45,"2003-02-07 21:46:45",4.5,"Mw",-3.24,-77.13,105.2,TRUE,0
2713,2003,3,9,20,29,44,"2003-03-09 20:29:44",4.3,"Mw",-2.47,-78.11,11.1,TRUE,0
2714,2003,3,17,11,15,35,"2003-03-17 11:15:35",4,"Mw",-2.02,-79.21,20,TRUE,0
2715,2003,3,27,12,58,30,"2003-03-27 12:58:30",4.9,"Mw",-3.13,-76.76,110.9,FALSE,0
2716,2003,4,18,12,47,44,"2003-04-18 12:47:44",4.3,"Mw",-6.51,-80.91,46.4,TRUE,0
2717,2003,4,26,2,5,27,"2003-04-26 02:05:27",4.4,"Mw",-5.54,-77.18,35,TRUE,0
2718,2003,5,24,3,56,45,"2003-05-24 03:56:45",4.2,"Mw",-0.8,-78.72,15.5,TRUE,0
2719,2003,5,25,4,24,37,"2003-05-25 04:24:37",4.3,"Mw",-2.57,-78.12,12,TRUE,1
2720,2003,5,25,6,45,22,"2003-05-25 06:45:22",4.2,"Mw",2.82,-79.16,10,TRUE,0
2721,2003,5,25,19,0,14,"2003-05-25 19:00:14",4.1,"Mw",-2.4,-78.08,8,FALSE,0
2722,2003,5,29,3,12,42,"2003-05-29 03:12:42",4.1,"Mw",-2.15,-76.26,160,TRUE,0
2723,2003,6,3,12,18,38,"2003-06-03 12:18:38",4.4,"Mw",-2.45,-79.12,45.09,TRUE,1
2724,2003,6,8,20,52,19,"2003-06-08 20:52:19",4.1,"Mw",-6.29,-76.04,150,TRUE,0
2725,2003,6,13,10,32,59,"2003-06-13 10:32:59",4,"Mw",-6.42,-79.67,63.4,TRUE,0
2726,2003,6,19,22,50,5,"2003-06-19 22:50:05",4.2,"Mw",-2.23,-79.34,106.3,FALSE,0
2727,2003,7,13,21,59,25,"2003-07-13 21:59:25",4.4,"Mw",-2.94,-78.02,12,TRUE,0
2728,2003,7,28,9,32,12,"2003-07-28 09:32:12",4.3,"Mw",-3.13,-77.43,50.7,TRUE,0
2729,2003,8,12,5,37,4,"2003-08-12 05:37:04",4.3,"Mw",2.81,-74.94,32.4,TRUE,0
2730,2003,8,15,10,26,52,"2003-08-15 10:26:52",4.2,"Mw",-1.05,-80.63,19.8,TRUE,0
2731,2003,8,16,4,59,52,"2003-08-16 04:59:52",4.1,"Mw",0.35,-79.85,12.9,TRUE,0
2732,2003,8,20,10,5,51,"2003-08-20 10:05:51",4.4,"Mw",-1.25,-78.18,2,TRUE,0
2733,2003,8,22,5,29,15,"2003-08-22 05:29:15",5,"Mw",3.07,-77.85,30.7,TRUE,0
2734,2003,8,30,13,7,41,"2003-08-30 13:07:41",4.2,"Mw",-4.72,-80.14,100,TRUE,0
2735,2003,9,1,23,20,45,"2003-09-01 23:20:45",5,"Mw",-3.4,-78.83,89.8,TRUE,0
2736,2003,9,6,12,12,19,"2003-09-06 12:12:19",4.5,"Mw",-4.21,-80.41,69.6,TRUE,0
2737,2003,9,13,18,33,8,"2003-09-13 18:33:08",5.3,"Mw",-1.1,-78.26,2.9,TRUE,2
2738,2003,9,20,5,19,15,"2003-09-20 05:19:15",4.2,"Mw",-2.63,-79.73,12,TRUE,0
2739,2003,9,27,7,48,56,"2003-09-27 07:48:56",4.3,"Mw",-1.64,-78.16,158.4,TRUE,0
2740,2003,10,2,6,11,46,"2003-10-02 06:11:46",4.2,"Mw",-2.94,-81.03,13.45,TRUE,0
2741,2003,10,3,22,9,3,"2003-10-03 22:09:03",4,"Mw",-1.3,-80.78,13.5,TRUE,0
2742,2003,10,5,12,29,31,"2003-10-05 12:29:31",4.7,"Mw",-3.05,-77.95,95.8,TRUE,0
2743,2003,10,26,18,29,4,"2003-10-26 18:29:04",4.2,"Mw",-1.14,-78.3,2.1,FALSE,0
2744,2003,11,8,22,2,56,"2003-11-08 22:02:56",4.1,"Mw",0.54,-77.27,10,TRUE,0
2745,2003,11,13,5,55,53,"2003-11-13 05:55:53",4.3,"Mw",-1.42,-78.11,163.6,FALSE,0
2746,2003,11,22,4,44,47,"2003-11-22 04:44:47",4.3,"Mw",-5.85,-80.88,73.6,TRUE,0
2747,2003,11,26,7,42,32,"2003-11-26 07:42:32",5.5,"Mw",-1.93,-75.62,182.5,TRUE,0
2748,2003,11,30,2,31,29,"2003-11-30 02:31:29",4.2,"Mw",3.6,-82.78,33,TRUE,0
2749,2003,12,9,8,38,52,"2003-12-09 08:38:52",4.4,"Mw",-6.06,-80.49,55.1,TRUE,0
2750,2003,12,14,18,43,39,"2003-12-14 18:43:39",4.4,"Mw",-1.75,-77.7,196.6,TRUE,0
2751,2003,12,16,0,55,4,"2003-12-16 00:55:04",4,"Mw",-4.96,-81.09,39.9,TRUE,0
2752,2003,12,16,6,24,54,"2003-12-16 06:24:54",4,"Mw",-0.37,-77.53,6.9,TRUE,0
2753,2003,12,25,14,22,54,"2003-12-25 14:22:54",4,"Mw",-3.77,-77.37,101.6,TRUE,0
2754,2004,1,1,12,6,56,"2004-01-01 12:06:56",4.3,"Mw",2.95,-79.09,27.7,TRUE,0
2755,2004,1,4,16,13,1,"2004-01-04 16:13:01",5,"Mw",-3.57,-77.51,39,TRUE,1
2756,2004,1,8,21,19,39,"2004-01-08 21:19:39",4.8,"Mw",-4,-80.31,74.4,TRUE,0
2757,2004,1,16,10,38,9,"2004-01-16 10:38:09",4.2,"Mw",-3.53,-77.68,110,FALSE,0
2758,2004,1,29,9,14,35,"2004-01-29 09:14:35",4.4,"Mw",-4.75,-80.59,33,TRUE,0
2759,2004,1,29,21,17,41,"2004-01-29 21:17:41",4.3,"Mw",-4.5,-79.64,84.4,TRUE,0
2760,2004,2,1,21,50,52,"2004-02-01 21:50:52",4.4,"Mw",-2.32,-76.53,148.6,TRUE,0
2761,2004,3,8,2,29,24,"2004-03-08 02:29:24",4.1,"Mw",-3.88,-76.15,143.7,TRUE,0
2762,2004,3,20,23,15,18,"2004-03-20 23:15:18",4,"Mw",-0.55,-81.01,14.6,TRUE,0
2763,2004,3,28,8,41,11,"2004-03-28 08:41:11",5.2,"Mw",-1.02,-78.45,6.2,TRUE,3
2764,2004,3,28,8,48,12,"2004-03-28 08:48:12",4.7,"Mw",-1.05,-78.41,5.5,FALSE,0
2765,2004,3,29,6,27,21,"2004-03-29 06:27:21",4.5,"Mw",3.95,-75.71,66.1,TRUE,0
2766,2004,4,5,12,59,2,"2004-04-05 12:59:02",4.3,"Mw",-4.37,-76.67,124,TRUE,0
2767,2004,4,13,0,1,28,"2004-04-13 00:01:28",4,"Mw",3.2,-79.11,36.7,TRUE,0
2768,2004,4,13,2,44,24,"2004-04-13 02:44:24",4.1,"Mw",3.41,-83.97,25,TRUE,0
2769,2004,4,15,19,6,28,"2004-04-15 19:06:28",4.9,"Mw",-1.02,-78.45,1.6,FALSE,0
2770,2004,4,19,16,26,39,"2004-04-19 16:26:39",4.3,"Mw",-6.21,-75.63,33,TRUE,0
2771,2004,4,21,13,49,43,"2004-04-21 13:49:43",4,"Mw",-6.86,-75.55,25.1,TRUE,0
2772,2004,4,22,9,40,22,"2004-04-22 09:40:22",4,"Mw",-1.64,-80.19,6.71,TRUE,0
2773,2004,4,26,18,37,55,"2004-04-26 18:37:55",4.3,"Mw",-4.3,-75.56,7.9,TRUE,0
2774,2004,4,30,3,6,31,"2004-04-30 03:06:31",4.2,"Mw",3.48,-82.75,25.6,TRUE,0
2775,2004,5,7,19,0,8,"2004-05-07 19:00:08",4.2,"Mw",1.68,-78.6,48.7,TRUE,0
2776,2004,5,8,13,5,6,"2004-05-08 13:05:06",4.1,"Mw",-5.12,-78.44,127.9,TRUE,0
2777,2004,5,25,10,4,20,"2004-05-25 10:04:20",4.9,"Mw",-4.55,-80.23,64,TRUE,0
2778,2004,6,1,15,52,40,"2004-06-01 15:52:40",5.3,"Mw",0.75,-79.84,20.9,TRUE,0
2779,2004,6,1,18,45,25,"2004-06-01 18:45:25",4.3,"Mw",3.98,-82.6,10,TRUE,1
2780,2004,6,15,11,55,48,"2004-06-15 11:55:48",4.7,"Mw",-3.71,-76.64,111.3,TRUE,0
2781,2004,6,17,4,23,21,"2004-06-17 04:23:21",4,"Mw",-0.99,-78.04,8.8,FALSE,0
2782,2004,6,18,2,8,49,"2004-06-18 02:08:49",4.2,"Mw",3.67,-82.77,33,FALSE,0
2783,2004,6,23,3,31,13,"2004-06-23 03:31:13",4.2,"Mw",2.17,-78.27,104,TRUE,0
2784,2004,6,24,4,8,12,"2004-06-24 04:08:12",4.1,"Mw",-2.19,-77.37,164.5,TRUE,0
2785,2004,7,18,7,38,48,"2004-07-18 07:38:48",4.1,"Mw",-1.49,-77.47,225.7,TRUE,0
2786,2004,7,18,7,54,58,"2004-07-18 07:54:58",4.3,"Mw",-1.9,-77.93,185,TRUE,0
2787,2004,7,20,5,22,17,"2004-07-20 05:22:17",4.4,"Mw",2.59,-79.54,10,TRUE,0
2788,2004,7,25,6,51,53,"2004-07-25 06:51:53",4.2,"Mw",-3.87,-80.9,44.3,TRUE,0
2789,2004,7,27,14,24,48,"2004-07-27 14:24:48",4.2,"Mw",-5.19,-78.71,91.5,TRUE,0
2790,2004,7,30,4,30,46,"2004-07-30 04:30:46",4.1,"Mw",-1.2,-78.17,5.2,TRUE,0
2791,2004,8,11,23,2,24,"2004-08-11 23:02:24",5.2,"Mw",-3.09,-80.81,40.3,TRUE,0
2792,2004,8,12,22,52,44,"2004-08-12 22:52:44",4,"Mw",-2.21,-75.99,170,TRUE,0
2793,2004,8,17,2,51,59,"2004-08-17 02:51:59",4.1,"Mw",-2.9,-77.52,12,TRUE,0
2794,2004,8,18,7,6,51,"2004-08-18 07:06:51",5.1,"Mw",2.21,-76.61,22.9,TRUE,0
2795,2004,8,19,8,5,16,"2004-08-19 08:05:16",4.3,"Mw",-2.19,-77.59,10.2,TRUE,0
2796,2004,9,16,6,53,18,"2004-09-16 06:53:18",4.3,"Mw",3.91,-76.89,110.4,TRUE,0
2797,2004,9,18,14,29,18,"2004-09-18 14:29:18",4.2,"Mw",3.12,-74.38,33,TRUE,0
2798,2004,9,29,18,38,10,"2004-09-29 18:38:10",5.1,"Mw",-5.59,-77.09,26.1,TRUE,0
2799,2004,10,31,0,29,7,"2004-10-31 00:29:07",4.6,"Mw",3.55,-83.49,26,TRUE,0
2800,2004,11,20,13,53,58,"2004-11-20 13:53:58",4,"Mw",-5.35,-78.57,36.4,TRUE,0
2801,2004,11,21,6,11,37,"2004-11-21 06:11:37",4.2,"Mw",2.26,-79.67,10,TRUE,0
2802,2004,11,21,12,48,59,"2004-11-21 12:48:59",4.2,"Mw",-3.8,-76.57,102,TRUE,0
2803,2004,11,24,16,19,47,"2004-11-24 16:19:47",5.1,"Mw",-0.72,-80.59,20,TRUE,0
2804,2004,12,2,10,23,54,"2004-12-02 10:23:54",4,"Mw",3.74,-82.84,33,TRUE,0
2805,2004,12,2,14,52,59,"2004-12-02 14:52:59",4.4,"Mw",3.76,-82.8,33,TRUE,1
2806,2004,12,4,20,5,42,"2004-12-04 20:05:42",4.2,"Mw",3.79,-82.83,12.6,FALSE,0
2807,2004,12,6,23,44,23,"2004-12-06 23:44:23",4.7,"Mw",-6.71,-76.63,123.8,TRUE,0
2808,2004,12,13,20,16,20,"2004-12-13 20:16:20",4.2,"Mw",-6.51,-76.1,17.9,TRUE,0
2809,2004,12,19,2,30,6,"2004-12-19 02:30:06",4.8,"Mw",-4.18,-76.3,47.3,TRUE,0
2810,2005,1,15,11,40,37,"2005-01-15 11:40:37",5,"Mw",-3.64,-80.81,41.1,TRUE,2
2811,2005,1,15,14,2,15,"2005-01-15 14:02:15",4.9,"Mw",-3.71,-80.88,40,FALSE,0
2812,2005,1,15,17,22,30,"2005-01-15 17:22:30",4.1,"Mw",-3.8,-81.05,12,FALSE,0
2813,2005,1,20,16,45,28,"2005-01-20 16:45:28",4,"Mw",-1.15,-81.18,33,TRUE,0
2814,2005,1,20,19,7,18,"2005-01-20 19:07:18",4.4,"Mw",-1.16,-81.02,39.4,TRUE,0
2815,2005,1,21,4,30,29,"2005-01-21 04:30:29",5.4,"Mw",-1.22,-80.94,12,TRUE,2
2816,2005,1,21,10,18,10,"2005-01-21 10:18:10",4.3,"Mw",-1.14,-80.95,42.4,FALSE,0
2817,2005,1,21,13,44,14,"2005-01-21 13:44:14",6,"Mw",-1.16,-80.89,12,TRUE,13
2818,2005,1,21,15,26,37,"2005-01-21 15:26:37",4.7,"Mw",-1.12,-80.88,49.5,FALSE,0
2819,2005,1,21,16,14,10,"2005-01-21 16:14:10",4.4,"Mw",-1.28,-80.81,48.4,FALSE,0
2820,2005,1,21,16,46,1,"2005-01-21 16:46:01",5,"Mw",-1.14,-81.03,13.7,FALSE,0
2821,2005,1,22,0,16,45,"2005-01-22 00:16:45",4.6,"Mw",-1.09,-80.75,46,FALSE,0
2822,2005,1,22,1,12,13,"2005-01-22 01:12:13",5.1,"Mw",-1.17,-80.88,18.5,FALSE,0
2823,2005,1,22,5,54,31,"2005-01-22 05:54:31",4.1,"Mw",-1.27,-81.18,12,FALSE,0
2824,2005,1,22,17,15,40,"2005-01-22 17:15:40",4.7,"Mw",0.66,-80.33,24.8,TRUE,2
2825,2005,1,22,18,52,36,"2005-01-22 18:52:36",4.3,"Mw",0.58,-80.43,5.6,FALSE,0
2826,2005,1,23,10,0,0,"2005-01-23 10:00:00",4,"Mw",-0.98,-80.99,4,FALSE,0
2827,2005,1,23,10,6,1,"2005-01-23 10:06:01",5,"Mw",-1.15,-80.98,11,FALSE,0
2828,2005,1,23,17,6,8,"2005-01-23 17:06:08",4,"Mw",-1.15,-81,5.5,FALSE,0
2829,2005,1,24,4,48,59,"2005-01-24 04:48:59",4,"Mw",-1.46,-80.88,12,FALSE,0
2830,2005,1,24,6,11,48,"2005-01-24 06:11:48",5.6,"Mw",-2.45,-80.86,16,TRUE,0
2831,2005,1,24,12,59,4,"2005-01-24 12:59:04",4,"Mw",-0.98,-80.81,4.6,FALSE,0
2832,2005,1,24,15,1,56,"2005-01-24 15:01:56",4.4,"Mw",-3.45,-77.76,114.1,TRUE,0
2833,2005,1,24,23,23,12,"2005-01-24 23:23:12",6.1,"Mw",-1.28,-80.85,6.6,TRUE,28
2834,2005,1,24,23,26,53,"2005-01-24 23:26:53",5.8,"Mw",-1.39,-80.92,31.4,FALSE,0
2835,2005,1,24,23,38,27,"2005-01-24 23:38:27",4,"Mw",-3.66,-80.09,33,TRUE,0
2836,2005,1,24,23,59,27,"2005-01-24 23:59:27",5.1,"Mw",-1.47,-81.27,22.03,FALSE,0
2837,2005,1,25,1,20,54,"2005-01-25 01:20:54",4.1,"Mw",-1.37,-80.89,5.9,FALSE,0
2838,2005,1,25,2,45,37,"2005-01-25 02:45:37",4.1,"Mw",-1.47,-81.05,7.5,FALSE,0
2839,2005,1,25,2,51,12,"2005-01-25 02:51:12",4,"Mw",-1.37,-80.74,8.4,FALSE,0
2840,2005,1,25,3,7,6,"2005-01-25 03:07:06",4.1,"Mw",-1.63,-81.23,5,TRUE,0
2841,2005,1,25,6,11,58,"2005-01-25 06:11:58",4,"Mw",-1.47,-80.81,33,FALSE,0
2842,2005,1,25,10,28,1,"2005-01-25 10:28:01",4,"Mw",-1.37,-81,6.3,FALSE,0
2843,2005,1,25,11,52,54,"2005-01-25 11:52:54",4,"Mw",-1.34,-80.68,6.5,FALSE,0
2844,2005,1,25,22,0,32,"2005-01-25 22:00:32",4,"Mw",-1.39,-80.78,3,FALSE,0
2845,2005,1,26,9,7,1,"2005-01-26 09:07:01",4,"Mw",-1.14,-80.88,7.6,FALSE,0
2846,2005,1,27,18,14,10,"2005-01-27 18:14:10",4,"Mw",-1.06,-80.83,8.1,FALSE,0
2847,2005,1,28,9,26,18,"2005-01-28 09:26:18",6,"Mw",-1.19,-81.33,12,TRUE,1
2848,2005,1,28,15,46,40,"2005-01-28 15:46:40",5.9,"Mw",-0.87,-80.88,7.1,FALSE,0
2849,2005,1,30,6,49,23,"2005-01-30 06:49:23",4.5,"Mw",-0.8,-80.98,3.2,FALSE,0
2850,2005,1,30,7,6,42,"2005-01-30 07:06:42",5.7,"Mw",-0.81,-80.81,3.4,FALSE,0
2851,2005,1,30,11,37,36,"2005-01-30 11:37:36",4.4,"Mw",-0.95,-80.79,12.2,FALSE,0
2852,2005,1,30,18,19,59,"2005-01-30 18:19:59",4.6,"Mw",-0.84,-80.79,5.4,FALSE,0
2853,2005,1,30,20,58,49,"2005-01-30 20:58:49",4,"Mw",-0.86,-80.87,5.4,FALSE,0
2854,2005,1,31,4,26,52,"2005-01-31 04:26:52",4,"Mw",0.74,-80.58,19.32,FALSE,0
2855,2005,1,31,5,3,11,"2005-01-31 05:03:11",4.1,"Mw",-1.11,-80.56,14,FALSE,0
2856,2005,2,1,1,27,29,"2005-02-01 01:27:29",4.1,"Mw",-1.22,-80.8,11.6,FALSE,0
2857,2005,2,1,1,56,26,"2005-02-01 01:56:26",4,"Mw",-1.3,-80.8,12.4,FALSE,0
2858,2005,2,1,6,39,57,"2005-02-01 06:39:57",4.4,"Mw",-0.87,-80.83,3.3,FALSE,0
2859,2005,2,3,2,43,28,"2005-02-03 02:43:28",4.2,"Mw",-0.86,-80.77,6.5,FALSE,0
2860,2005,2,3,7,58,26,"2005-02-03 07:58:26",4.1,"Mw",-1.37,-81.16,12,FALSE,0
2861,2005,2,16,9,0,2,"2005-02-16 09:00:02",4.3,"Mw",-1.16,-81.15,10.3,FALSE,0
2862,2005,2,16,18,16,44,"2005-02-16 18:16:44",4.1,"Mw",-1.19,-81.22,13.98,FALSE,0
2863,2005,2,17,2,34,25,"2005-02-17 02:34:25",4.2,"Mw",-1.16,-81.13,3.4,FALSE,0
2864,2005,2,17,8,12,17,"2005-02-17 08:12:17",4.3,"Mw",-1.16,-81.09,10,FALSE,0
2865,2005,2,17,20,42,58,"2005-02-17 20:42:58",5.5,"Mw",-1.76,-81.14,14,TRUE,0
2866,2005,2,17,23,40,28,"2005-02-17 23:40:28",4.2,"Mw",-0.9,-81.3,8.7,FALSE,0
2867,2005,2,24,1,23,23,"2005-02-24 01:23:23",4.4,"Mw",-4.74,-76.95,115.7,TRUE,0
2868,2005,3,9,0,53,52,"2005-03-09 00:53:52",4,"Mw",-6.23,-75.81,33,TRUE,0
2869,2005,3,26,6,31,22,"2005-03-26 06:31:22",4.2,"Mw",-2.34,-76.6,138.1,TRUE,0
2870,2005,3,27,8,3,34,"2005-03-27 08:03:34",5.1,"Mw",-1.19,-80.68,6.66,FALSE,0
2871,2005,4,9,13,32,21,"2005-04-09 13:32:21",4.4,"Mw",-4.27,-80.47,67.7,TRUE,1
2872,2005,4,10,3,53,28,"2005-04-10 03:53:28",4.2,"Mw",-4.12,-80.32,38,FALSE,0
2873,2005,4,25,20,26,32,"2005-04-25 20:26:32",4.3,"Mw",-2.72,-75.06,25.4,TRUE,0
2874,2005,4,29,10,21,47,"2005-04-29 10:21:47",4.2,"Mw",-5.9,-77.24,124,TRUE,0
2875,2005,5,11,17,43,50,"2005-05-11 17:43:50",4.1,"Mw",-2.11,-78.83,49.3,TRUE,0
2876,2005,5,13,19,17,59,"2005-05-13 19:17:59",5,"Mw",-3.82,-80.61,42.7,TRUE,0
2877,2005,5,15,7,16,48,"2005-05-15 07:16:48",4.5,"Mw",-2.97,-79.52,85,TRUE,0
2878,2005,5,18,21,37,24,"2005-05-18 21:37:24",4.1,"Mw",1.7,-76.17,23.1,TRUE,0
2879,2005,5,19,1,25,46,"2005-05-19 01:25:46",4.3,"Mw",-1.25,-80.95,7.7,FALSE,0
2880,2005,5,21,5,11,35,"2005-05-21 05:11:35",6.3,"Mw",-3.26,-80.94,40.7,TRUE,3
2881,2005,5,21,11,59,28,"2005-05-21 11:59:28",4.2,"Mw",-3.21,-81.1,39.1,FALSE,0
2882,2005,5,22,18,8,27,"2005-05-22 18:08:27",4,"Mw",-4.32,-80.56,73.2,TRUE,0
2883,2005,5,25,12,57,12,"2005-05-25 12:57:12",4,"Mw",-2.88,-81.01,37.43,FALSE,0
2884,2005,5,27,20,41,45,"2005-05-27 20:41:45",4,"Mw",-6.06,-74.39,61.9,TRUE,0
2885,2005,5,29,17,52,17,"2005-05-29 17:52:17",5,"Mw",-3.26,-80.94,32.3,FALSE,0
2886,2005,6,2,8,24,29,"2005-06-02 08:24:29",4,"Mw",-2.44,-79.25,43.16,TRUE,0
2887,2005,6,4,23,49,48,"2005-06-04 23:49:48",4.3,"Mw",-4.55,-80.12,81.2,TRUE,0
2888,2005,6,13,16,42,17,"2005-06-13 16:42:17",4.2,"Mw",-5.21,-80.27,66.4,TRUE,0
2889,2005,6,17,4,51,50,"2005-06-17 04:51:50",4,"Mw",-0.98,-80.91,3.1,FALSE,0
2890,2005,6,21,10,3,46,"2005-06-21 10:03:46",5,"Mw",-1.95,-78.01,190.4,TRUE,1
2891,2005,6,24,13,11,48,"2005-06-24 13:11:48",5.3,"Mw",-5.92,-81.1,25.4,TRUE,0
2892,2005,6,30,11,27,35,"2005-06-30 11:27:35",4.4,"Mw",-1.59,-78.02,170.5,FALSE,0
2893,2005,7,15,17,34,52,"2005-07-15 17:34:52",4.1,"Mw",-1.46,-80.69,76.6,FALSE,0
2894,2005,8,3,21,20,49,"2005-08-03 21:20:49",4.9,"Mw",2.61,-79.41,19.1,TRUE,0
2895,2005,8,8,21,11,18,"2005-08-08 21:11:18",4.2,"Mw",-2.63,-78.97,44.27,TRUE,0
2896,2005,8,23,6,32,25,"2005-08-23 06:32:25",4.6,"Mw",-4.95,-80.4,58.4,TRUE,1
2897,2005,8,25,8,47,10,"2005-08-25 08:47:10",4.1,"Mw",-5.16,-80.15,74,FALSE,0
2898,2005,9,3,15,50,43,"2005-09-03 15:50:43",4.1,"Mw",-4.18,-77.73,109.6,TRUE,0
2899,2005,9,10,7,11,12,"2005-09-10 07:11:12",4.1,"Mw",-2.75,-77.49,12,TRUE,0
2900,2005,9,17,16,51,0,"2005-09-17 16:51:00",5.2,"Mw",3.94,-82.63,21,TRUE,0
2901,2005,9,18,1,24,54,"2005-09-18 01:24:54",5.4,"Mw",3.93,-82.62,23.7,TRUE,0
2902,2005,9,18,6,13,1,"2005-09-18 06:13:01",5.5,"Mw",3.87,-82.7,15,TRUE,4
2903,2005,9,21,0,9,8,"2005-09-21 00:09:08",4.3,"Mw",-3.33,-77.71,31.6,TRUE,0
2904,2005,9,26,1,55,39,"2005-09-26 01:55:39",7.5,"Mw",-5.71,-76.4,130.8,TRUE,20
2905,2005,9,26,6,16,13,"2005-09-26 06:16:13",4.1,"Mw",-6.35,-76.75,35,FALSE,0
2906,2005,9,26,11,56,14,"2005-09-26 11:56:14",4.4,"Mw",3.56,-78.78,15,TRUE,0
2907,2005,10,12,19,33,40,"2005-10-12 19:33:40",4,"Mw",-2.16,-78.34,12,TRUE,0
2908,2005,10,13,22,4,1,"2005-10-13 22:04:01",4.1,"Mw",-1.76,-77.68,177.6,TRUE,0
2909,2005,10,31,2,10,27,"2005-10-31 02:10:27",5.3,"Mw",-5.88,-78.74,33.7,TRUE,1
2910,2005,10,31,9,27,8,"2005-10-31 09:27:08",4.3,"Mw",-5.91,-78.61,28.4,FALSE,0
2911,2005,11,5,9,10,59,"2005-11-05 09:10:59",5.1,"Mw",-1.92,-80.52,26.55,TRUE,0
2912,2005,11,9,11,33,9,"2005-11-09 11:33:09",5.9,"Mw",-1.11,-77.29,276.7,TRUE,0
2913,2005,11,11,19,10,31,"2005-11-11 19:10:31",4.8,"Mw",-3.75,-77,87.8,TRUE,0
2914,2005,11,12,23,4,22,"2005-11-12 23:04:22",4.1,"Mw",-2.47,-80.79,12,TRUE,0
2915,2005,11,13,19,58,7,"2005-11-13 19:58:07",4.6,"Mw",-6.78,-76.45,136,FALSE,0
2916,2005,11,14,22,16,27,"2005-11-14 22:16:27",4.7,"Mw",-5.27,-76.66,19.7,FALSE,0
2917,2005,11,14,23,43,44,"2005-11-14 23:43:44",4,"Mw",-5.19,-76.43,33,FALSE,0
2918,2005,11,30,19,3,48,"2005-11-30 19:03:48",4.3,"Mw",-3.05,-75.43,150,TRUE,0
2919,2005,12,12,21,7,35,"2005-12-12 21:07:35",4.3,"Mw",-1.59,-80.01,10,TRUE,0
2920,2005,12,19,2,9,55,"2005-12-19 02:09:55",4.1,"Mw",-3.54,-80.91,35,TRUE,0
2921,2005,12,20,16,34,52,"2005-12-20 16:34:52",5.3,"Mw",-1.99,-80.97,37.6,TRUE,0
2922,2005,12,23,10,8,16,"2005-12-23 10:08:16",4,"Mw",-5.4,-77.38,16,FALSE,0
2923,2005,12,23,21,47,22,"2005-12-23 21:47:22",6.1,"Mw",-1.56,-77.77,225,TRUE,2
2924,2006,1,1,3,37,8,"2006-01-01 03:37:08",4,"Mw",0.77,-79.54,12,TRUE,0
2925,2006,1,3,16,0,25,"2006-01-03 16:00:25",4.1,"Mw",-5.77,-76.17,19.4,FALSE,0
2926,2006,1,8,6,23,16,"2006-01-08 06:23:16",4.5,"Mw",-1.81,-77.97,188.5,FALSE,0
2927,2006,1,21,21,10,45,"2006-01-21 21:10:45",4.1,"Mw",3.69,-74.03,57.9,TRUE,0
2928,2006,1,22,6,18,16,"2006-01-22 06:18:16",4,"Mw",-1.52,-78.01,169.5,FALSE,0
2929,2006,2,5,1,20,5,"2006-02-05 01:20:05",4.3,"Mw",-6.31,-75.55,34.5,FALSE,0
2930,2006,2,18,21,7,27,"2006-02-18 21:07:27",4.3,"Mw",-4.32,-79.48,94.2,TRUE,0
2931,2006,2,25,9,26,7,"2006-02-25 09:26:07",4.5,"Mw",3.48,-82.91,10.7,FALSE,0
2932,2006,2,25,12,26,37,"2006-02-25 12:26:37",4.3,"Mw",3.66,-82.76,35,FALSE,0
2933,2006,2,25,13,30,29,"2006-02-25 13:30:29",4.2,"Mw",3.51,-82.89,10,FALSE,0
2934,2006,2,25,14,2,48,"2006-02-25 14:02:48",4.2,"Mw",3.72,-82.88,10,FALSE,0
2935,2006,3,5,5,28,31,"2006-03-05 05:28:31",5.1,"Mw",-3.37,-76.91,112.2,TRUE,0
2936,2006,3,10,12,57,6,"2006-03-10 12:57:06",4.2,"Mw",-5.5,-81.05,44.1,TRUE,0
2937,2006,3,10,22,8,49,"2006-03-10 22:08:49",4,"Mw",-5.02,-78.72,132.7,TRUE,0
2938,2006,3,22,18,42,57,"2006-03-22 18:42:57",4,"Mw",2.59,-79.64,14.1,TRUE,0
2939,2006,5,1,21,10,42,"2006-05-01 21:10:42",4.3,"Mw",-6.17,-77.09,128.3,FALSE,0
2940,2006,5,4,5,49,4,"2006-05-04 05:49:04",4.2,"Mw",-0.15,-79.72,22.16,TRUE,0
2941,2006,5,19,17,53,46,"2006-05-19 17:53:46",4.2,"Mw",-4.55,-80.83,43.1,TRUE,0
2942,2006,5,24,19,52,43,"2006-05-24 19:52:43",4.1,"Mw",-6.16,-74.7,27,TRUE,0
2943,2006,5,29,8,35,46,"2006-05-29 08:35:46",4,"Mw",-1.74,-80.38,5.39,TRUE,0
2944,2006,6,21,12,40,54,"2006-06-21 12:40:54",5.3,"Mw",-2.14,-77.41,179.9,TRUE,2
2945,2006,6,26,19,37,47,"2006-06-26 19:37:47",4.9,"Mw",-2.93,-79.39,21,TRUE,1
2946,2006,6,27,8,13,53,"2006-06-27 08:13:53",4,"Mw",-2.85,-79.42,21,FALSE,0
2947,2006,6,27,13,40,16,"2006-06-27 13:40:16",4.8,"Mw",-2.87,-79.75,29.7,TRUE,0
2948,2006,7,13,15,3,21,"2006-07-13 15:03:21",4.9,"Mw",-1.76,-81.05,34,TRUE,0
2949,2006,7,21,22,31,48,"2006-07-21 22:31:48",4.1,"Mw",-6.71,-81.05,46.8,TRUE,0
2950,2006,7,24,15,2,40,"2006-07-24 15:02:40",4,"Mw",-5.4,-81.98,35,TRUE,0
2951,2006,7,26,18,6,23,"2006-07-26 18:06:23",4,"Mw",-3.47,-80.32,97.5,TRUE,0
2952,2006,7,28,7,18,45,"2006-07-28 07:18:45",4,"Mw",0.68,-76.98,3.34,TRUE,0
2953,2006,8,2,18,41,37,"2006-08-02 18:41:37",4.3,"Mw",-4,-79.88,30,TRUE,0
2954,2006,8,3,3,22,20,"2006-08-03 03:22:20",4.1,"Mw",-5.8,-78.58,14.4,TRUE,0
2955,2006,8,6,5,32,2,"2006-08-06 05:32:02",4.6,"Mw",-3.06,-80.31,51.1,TRUE,0
2956,2006,8,9,13,54,10,"2006-08-09 13:54:10",4,"Mw",-1.75,-80.39,12,TRUE,0
2957,2006,8,16,5,16,20,"2006-08-16 05:16:20",4.3,"Mw",-1.72,-78.12,12,TRUE,0
2958,2006,8,30,15,57,18,"2006-08-30 15:57:18",4,"Mw",-2.45,-77.27,12,FALSE,0
2959,2006,9,2,18,54,47,"2006-09-02 18:54:47",4.3,"Mw",-2.14,-77.71,12,FALSE,0
2960,2006,9,8,18,51,46,"2006-09-08 18:51:46",4.6,"Mw",2.71,-83.86,10,TRUE,0
2961,2006,9,11,15,27,53,"2006-09-11 15:27:53",4.7,"Mw",-5.17,-76.51,19.3,FALSE,0
2962,2006,9,12,4,42,43,"2006-09-12 04:42:43",4.6,"Mw",-5.23,-76.44,49.6,FALSE,0
2963,2006,9,13,15,48,59,"2006-09-13 15:48:59",4,"Mw",-6.42,-80.13,92.1,TRUE,0
2964,2006,9,13,16,30,11,"2006-09-13 16:30:11",4.2,"Mw",-6.38,-80.92,16.7,TRUE,0
2965,2006,9,14,6,1,31,"2006-09-14 06:01:31",4.4,"Mw",-6.58,-80.86,58.4,TRUE,0
2966,2006,9,19,2,33,44,"2006-09-19 02:33:44",4.4,"Mw",2.49,-79.79,35,TRUE,0
2967,2006,9,24,21,54,56,"2006-09-24 21:54:56",4.3,"Mw",-6.53,-74.91,45.9,TRUE,0
2968,2006,10,6,23,42,8,"2006-10-06 23:42:08",4.6,"Mw",-2.92,-78.08,18,TRUE,0
2969,2006,10,15,18,59,57,"2006-10-15 18:59:57",4,"Mw",-4.6,-79.92,10,TRUE,0
2970,2006,10,16,10,11,7,"2006-10-16 10:11:07",4.3,"Mw",1.18,-77.94,130.5,TRUE,0
2971,2006,10,22,16,2,16,"2006-10-22 16:02:16",4,"Mw",-5.85,-78.47,57.9,TRUE,0
2972,2006,10,31,9,55,24,"2006-10-31 09:55:24",5.4,"Mw",-1.36,-78.12,153.1,TRUE,6
2973,2006,11,7,7,49,59,"2006-11-07 07:49:59",4.2,"Mw",-4.45,-80.8,60.9,TRUE,0
2974,2006,11,9,9,23,18,"2006-11-09 09:23:18",4.9,"Mw",-5.55,-76.83,38.4,FALSE,0
2975,2006,11,23,22,26,56,"2006-11-23 22:26:56",4.2,"Mw",-1.51,-78.24,152,FALSE,0
2976,2006,11,24,9,33,49,"2006-11-24 09:33:49",4,"Mw",-1.03,-78.26,11.9,FALSE,0
2977,2006,11,25,13,50,8,"2006-11-25 13:50:08",4.6,"Mw",1.29,-77.97,46.5,TRUE,0
2978,2006,12,3,14,16,26,"2006-12-03 14:16:26",4.1,"Mw",-1.46,-78.23,148.3,FALSE,0
2979,2006,12,18,19,7,0,"2006-12-18 19:07:00",4.1,"Mw",-2.27,-77.03,10,TRUE,0
2980,2006,12,20,15,10,57,"2006-12-20 15:10:57",4.6,"Mw",-4.78,-75.3,55.4,TRUE,0
2981,2006,12,31,9,55,51,"2006-12-31 09:55:51",4,"Mw",-1.31,-77.9,224.4,FALSE,0
2982,2007,1,2,2,0,7,"2007-01-02 02:00:07",4.5,"Mw",-5.64,-76.8,35,FALSE,0
2983,2007,1,6,6,27,17,"2007-01-06 06:27:17",5,"Mw",-1.46,-78.13,156.5,FALSE,0
2984,2007,1,26,19,26,37,"2007-01-26 19:26:37",4.4,"Mw",-1.46,-78.24,150.6,FALSE,0
2985,2007,2,13,14,56,40,"2007-02-13 14:56:40",5.6,"Mw",-1.38,-78.12,165,TRUE,2
2986,2007,2,14,19,37,57,"2007-02-14 19:37:57",4.7,"Mw",-5.32,-77.22,45.7,FALSE,0
2987,2007,2,16,22,39,55,"2007-02-16 22:39:55",4.3,"Mw",2.66,-76.87,146,TRUE,0
2988,2007,2,20,16,12,26,"2007-02-20 16:12:26",4,"Mw",3.09,-79.32,44.1,TRUE,0
2989,2007,2,20,22,24,43,"2007-02-20 22:24:43",4.1,"Mw",-5.14,-77.28,35,FALSE,0
2990,2007,2,23,14,12,22,"2007-02-23 14:12:22",5,"Mw",-1.52,-78.31,156.3,FALSE,0
2991,2007,2,24,2,36,22,"2007-02-24 02:36:22",6.1,"Mw",-6.96,-80.44,9.9,TRUE,1
2992,2007,2,26,3,59,48,"2007-02-26 03:59:48",4.2,"Mw",-4.73,-81.16,58.8,TRUE,0
2993,2007,3,6,13,5,8,"2007-03-06 13:05:08",5.2,"Mw",2.1,-76.51,12,TRUE,0
2994,2007,3,7,11,37,22,"2007-03-07 11:37:22",4,"Mw",-2.45,-76.46,160,TRUE,0
2995,2007,3,12,9,17,19,"2007-03-12 09:17:19",4.2,"Mw",3.93,-74.71,55.7,TRUE,0
2996,2007,3,13,14,50,50,"2007-03-13 14:50:50",4.8,"Mw",-5.47,-77.04,32.4,FALSE,0
2997,2007,3,17,3,37,9,"2007-03-17 03:37:09",4.1,"Mw",3.94,-82.72,10,TRUE,0
2998,2007,3,28,20,57,25,"2007-03-28 20:57:25",5.3,"Mw",-1.43,-77.53,182.5,TRUE,0
2999,2007,4,14,11,9,33,"2007-04-14 11:09:33",4.3,"Mw",-0.75,-79.8,10.04,TRUE,0
3000,2007,4,22,11,57,41,"2007-04-22 11:57:41",5.4,"Mw",-3.75,-81.25,40.6,TRUE,0
3001,2007,4,26,2,33,23,"2007-04-26 02:33:23",4,"Mw",-2.68,-80.86,10,TRUE,0
3002,2007,5,5,8,19,27,"2007-05-05 08:19:27",4.6,"Mw",-0.05,-80.37,10,TRUE,0
3003,2007,5,5,18,18,41,"2007-05-05 18:18:41",4.3,"Mw",-2.03,-77.92,179.5,TRUE,0
3004,2007,5,12,4,58,42,"2007-05-12 04:58:42",4,"Mw",-5.42,-80.36,34,TRUE,0
3005,2007,5,18,0,59,34,"2007-05-18 00:59:34",4.1,"Mw",3.59,-82.4,10,TRUE,0
3006,2007,5,27,7,55,58,"2007-05-27 07:55:58",4.6,"Mw",3.71,-75.56,13.9,TRUE,1
3007,2007,6,9,18,33,47,"2007-06-09 18:33:47",4.8,"Mw",3.36,-82.97,21,TRUE,0
3008,2007,6,11,0,19,39,"2007-06-11 00:19:39",5.1,"Mw",-3.2,-79.01,78.1,TRUE,0
3009,2007,6,11,3,57,14,"2007-06-11 03:57:14",5.1,"Mw",-2.14,-77.09,143.3,TRUE,0
3010,2007,6,15,21,29,38,"2007-06-15 21:29:38",4,"Mw",-1.23,-81.06,10.4,TRUE,0
3011,2007,6,24,10,44,6,"2007-06-24 10:44:06",4.1,"Mw",3.39,-78.9,47,TRUE,0
3012,2007,6,27,6,36,27,"2007-06-27 06:36:27",4.6,"Mw",-6.95,-80.22,36.1,FALSE,0
3013,2007,7,5,21,54,55,"2007-07-05 21:54:55",4.1,"Mw",0.86,-79.7,12,TRUE,0
3014,2007,7,10,5,25,37,"2007-07-10 05:25:37",4.3,"Mw",3.85,-75.6,27.7,FALSE,0
3015,2007,7,13,7,20,26,"2007-07-13 07:20:26",4.2,"Mw",-4.03,-79.92,56,TRUE,0
3016,2007,7,15,19,30,1,"2007-07-15 19:30:01",4.6,"Mw",3.78,-75.58,45.5,TRUE,0
3017,2007,7,21,18,58,9,"2007-07-21 18:58:09",5.2,"Mw",-1.49,-78.31,150.3,FALSE,0
3018,2007,7,22,6,31,15,"2007-07-22 06:31:15",4.3,"Mw",3.24,-79.13,10,TRUE,0
3019,2007,7,23,1,21,25,"2007-07-23 01:21:25",4.4,"Mw",-6.81,-76.7,60,FALSE,0
3020,2007,7,26,4,12,13,"2007-07-26 04:12:13",4.1,"Mw",-6.1,-80.18,69.9,TRUE,0
3021,2007,8,2,5,26,40,"2007-08-02 05:26:40",4.8,"Mw",-3.49,-77.36,20,TRUE,0
3022,2007,8,15,12,38,49,"2007-08-15 12:38:49",4.6,"Mw",-3.11,-80.38,58.5,TRUE,0
3023,2007,8,18,8,12,20,"2007-08-18 08:12:20",4.6,"Mw",-5.88,-77.27,10,FALSE,0
3024,2007,8,22,3,38,49,"2007-08-22 03:38:49",4.1,"Mw",-2.64,-79.79,15.6,TRUE,0
3025,2007,8,28,2,17,58,"2007-08-28 02:17:58",4.6,"Mw",1.27,-79.24,12,TRUE,0
3026,2007,8,30,0,39,57,"2007-08-30 00:39:57",4.2,"Mw",0.34,-80.05,18.3,TRUE,0
3027,2007,9,10,1,49,14,"2007-09-10 01:49:14",6.7,"Mw",2.97,-77.92,31,TRUE,1
3028,2007,9,15,13,52,47,"2007-09-15 13:52:47",4,"Mw",3.04,-78.11,36.7,FALSE,0
3029,2007,9,26,4,43,17,"2007-09-26 04:43:17",5.9,"Mw",-3.95,-79.23,99.8,TRUE,0
3030,2007,9,28,2,42,38,"2007-09-28 02:42:38",4.6,"Mw",-5.74,-80.91,69.9,TRUE,0
3031,2007,10,3,0,30,26,"2007-10-03 00:30:26",4.2,"Mw",-5.23,-76.44,32.6,FALSE,0
3032,2007,10,13,1,34,59,"2007-10-13 01:34:59",4.4,"Mw",-5.67,-80.05,76,TRUE,0
3033,2007,10,18,13,7,54,"2007-10-18 13:07:54",4.4,"Mw",3.81,-82.64,10,TRUE,0
3034,2007,10,22,22,43,4,"2007-10-22 22:43:04",4.3,"Mw",3.83,-76.85,65,TRUE,0
3035,2007,10,24,8,21,43,"2007-10-24 08:21:43",4.5,"Mw",-2.21,-77.43,180,TRUE,0
3036,2007,10,27,20,38,20,"2007-10-27 20:38:20",4.8,"Mw",-0.54,-77.93,1.6,TRUE,0
3037,2007,10,29,9,22,59,"2007-10-29 09:22:59",4.2,"Mw",-1.37,-78,166.2,TRUE,0
3038,2007,10,30,4,27,36,"2007-10-30 04:27:36",4.1,"Mw",-4.95,-81.03,62.8,TRUE,0
3039,2007,11,4,18,10,16,"2007-11-04 18:10:16",4.4,"Mw",0.22,-79.24,9.7,TRUE,0
3040,2007,11,16,3,12,59,"2007-11-16 03:12:59",6.8,"Mw",-2.35,-77.84,122.9,TRUE,3
3041,2007,11,21,4,24,14,"2007-11-21 04:24:14",4,"Mw",-4.56,-77.11,137,TRUE,0
3042,2007,12,2,5,27,53,"2007-12-02 05:27:53",4.3,"Mw",-4.11,-76.11,27,TRUE,0
3043,2007,12,3,3,9,22,"2007-12-03 03:09:22",4.5,"Mw",-1.35,-78,165.3,TRUE,1
3044,2007,12,4,13,13,51,"2007-12-04 13:13:51",4.1,"Mw",-6.6,-75.72,25,FALSE,0
3045,2007,12,4,23,5,39,"2007-12-04 23:05:39",4.2,"Mw",0.84,-80.39,11.18,TRUE,0
3046,2007,12,6,3,11,56,"2007-12-06 03:11:56",4,"Mw",-0.17,-80.42,18,TRUE,0
3047,2007,12,10,18,18,58,"2007-12-10 18:18:58",5.1,"Mw",0.66,-80.1,3.1,TRUE,2
3048,2007,12,11,5,15,46,"2007-12-11 05:15:46",4,"Mw",0.39,-79.86,20,FALSE,0
3049,2007,12,11,6,54,20,"2007-12-11 06:54:20",4,"Mw",0.62,-79.98,20,FALSE,0
3050,2007,12,12,13,21,37,"2007-12-12 13:21:37",4.2,"Mw",3.38,-82.82,15,TRUE,0
3051,2007,12,12,13,26,0,"2007-12-12 13:26:00",4.2,"Mw",3.49,-82.8,15,TRUE,0
3052,2007,12,14,1,3,54,"2007-12-14 01:03:54",4,"Mw",0.9,-78.37,15.5,TRUE,0
3053,2007,12,24,14,27,1,"2007-12-24 14:27:01",4.4,"Mw",-1.37,-77.95,165.2,FALSE,0
3054,2007,12,24,21,48,0,"2007-12-24 21:48:00",4.1,"Mw",1.86,-83.41,18.5,TRUE,0
3055,2007,12,25,4,31,19,"2007-12-25 04:31:19",4,"Mw",-3.79,-79.92,81,TRUE,0
3056,2008,1,9,23,15,38,"2008-01-09 23:15:38",4.4,"Mw",-1.11,-80.81,10.9,TRUE,0
3057,2008,1,12,3,48,13,"2008-01-12 03:48:13",4.4,"Mw",-6.98,-79.36,68.2,TRUE,0
3058,2008,1,23,21,49,11,"2008-01-23 21:49:11",4.1,"Mw",-2.3,-79.86,12,TRUE,0
3059,2008,1,26,17,59,42,"2008-01-26 17:59:42",5.2,"Mw",-2.94,-80.69,12,TRUE,1
3060,2008,2,2,13,49,30,"2008-02-02 13:49:30",4,"Mw",-6.62,-75.77,127.4,FALSE,0
3061,2008,2,8,15,26,52,"2008-02-08 15:26:52",4.7,"Mw",-3.72,-81.68,29.2,TRUE,0
3062,2008,2,17,21,29,35,"2008-02-17 21:29:35",4.3,"Mw",-6.31,-75.11,132.9,TRUE,0
3063,2008,2,21,2,55,9,"2008-02-21 02:55:09",4.5,"Mw",-2.39,-79.18,86.91,TRUE,0
3064,2008,2,23,3,23,6,"2008-02-23 03:23:06",4.9,"Mw",3.97,-78.74,10,TRUE,0
3065,2008,2,25,21,37,6,"2008-02-25 21:37:06",4,"Mw",-2.23,-81.17,35,TRUE,0
3066,2008,3,16,12,37,56,"2008-03-16 12:37:56",4.3,"Mw",-6.17,-79.61,75.6,TRUE,0
3067,2008,3,21,5,32,18,"2008-03-21 05:32:18",4,"Mw",-3.18,-79.15,86.1,TRUE,0
3068,2008,3,28,15,47,29,"2008-03-28 15:47:29",4.3,"Mw",-1.81,-78.12,7.47,FALSE,0
3069,2008,4,1,20,57,7,"2008-04-01 20:57:07",4.5,"Mw",-2.99,-80.48,42.68,FALSE,0
3070,2008,4,23,14,41,5,"2008-04-23 14:41:05",4.6,"Mw",3.2,-83.01,10,TRUE,0
3071,2008,5,5,17,7,1,"2008-05-05 17:07:01",4.3,"Mw",-3.88,-77.14,123,TRUE,0
3072,2008,5,10,11,43,31,"2008-05-10 11:43:31",4.5,"Mw",-5.48,-76.62,114,TRUE,0
3073,2008,5,15,1,54,41,"2008-05-15 01:54:41",4.5,"Mw",-2.84,-78.03,12,FALSE,0
3074,2008,5,27,6,48,33,"2008-05-27 06:48:33",4,"Mw",-0.42,-80.83,44.89,TRUE,0
3075,2008,5,27,23,40,3,"2008-05-27 23:40:03",4.4,"Mw",3.41,-83.99,35,TRUE,0
3076,2008,5,31,6,13,53,"2008-05-31 06:13:53",4.4,"Mw",0.71,-78.92,15.11,TRUE,0
3077,2008,6,9,7,31,47,"2008-06-09 07:31:47",4.6,"Mw",-1.38,-77.48,239.2,TRUE,0
3078,2008,7,4,6,2,46,"2008-07-04 06:02:46",5.2,"Mw",-1.47,-77.83,211.3,TRUE,0
3079,2008,7,8,5,8,17,"2008-07-08 05:08:17",4.5,"Mw",-3.34,-76.9,110,TRUE,0
3080,2008,7,10,9,24,17,"2008-07-10 09:24:17",4,"Mw",-1.03,-78.32,8.47,TRUE,0
3081,2008,7,18,5,41,50,"2008-07-18 05:41:50",5,"Mw",-2.04,-80.58,74.03,TRUE,0
3082,2008,7,20,10,20,24,"2008-07-20 10:20:24",4.1,"Mw",-2.14,-79.99,10,TRUE,0
3083,2008,8,1,14,40,34,"2008-08-01 14:40:34",4.2,"Mw",-6.65,-79.97,88,TRUE,0
3084,2008,8,18,0,41,26,"2008-08-18 00:41:26",4.6,"Mw",-1.07,-78.16,6.42,TRUE,0
3085,2008,8,18,15,38,8,"2008-08-18 15:38:08",5.1,"Mw",-5.84,-80.92,48,TRUE,0
3086,2008,8,30,19,57,56,"2008-08-30 19:57:56",4.1,"Mw",-2.05,-81.38,10,TRUE,0
3087,2008,9,2,17,21,0,"2008-09-02 17:21:00",4.9,"Mw",2.95,-75.98,23,TRUE,2
3088,2008,9,2,21,37,40,"2008-09-02 21:37:40",4.2,"Mw",-6.07,-75.15,24,TRUE,0
3089,2008,9,5,15,30,34,"2008-09-05 15:30:34",4.4,"Mw",2.91,-75.9,25,FALSE,0
3090,2008,9,14,18,29,28,"2008-09-14 18:29:28",4.1,"Mw",2.88,-76,31,FALSE,0
3091,2008,9,21,23,34,47,"2008-09-21 23:34:47",4.5,"Mw",-2.16,-77.74,173.5,FALSE,0
3092,2008,10,18,9,41,59,"2008-10-18 09:41:59",4.4,"Mw",-2.13,-77.16,169.2,TRUE,0
3093,2008,10,18,19,22,26,"2008-10-18 19:22:26",4.3,"Mw",-3.81,-76.52,103,TRUE,0
3094,2008,10,19,10,2,29,"2008-10-19 10:02:29",4,"Mw",-6.97,-80.61,48,TRUE,0
3095,2008,10,22,17,10,27,"2008-10-22 17:10:27",4,"Mw",-0.95,-80.5,20,TRUE,0
3096,2008,10,31,20,7,45,"2008-10-31 20:07:45",4.6,"Mw",3.99,-76.29,53,TRUE,0
3097,2008,11,18,16,22,44,"2008-11-18 16:22:44",4.6,"Mw",-3.83,-80.89,79,TRUE,0
3098,2008,11,26,0,57,12,"2008-11-26 00:57:12",4,"Mw",-2.4,-76.22,145,TRUE,0
3099,2008,12,12,20,25,3,"2008-12-12 20:25:03",4.5,"Mw",-3.66,-79.23,99,TRUE,0
3100,2008,12,21,15,49,18,"2008-12-21 15:49:18",4.4,"Mw",-5.46,-81.24,74,TRUE,0
3101,2008,12,24,20,47,10,"2008-12-24 20:47:10",4.6,"Mw",-3.76,-76.22,95,TRUE,0
3102,2009,1,7,15,35,23,"2009-01-07 15:35:23",4.5,"Mw",-2.56,-78.39,116.6,TRUE,1
3103,2009,1,28,11,53,50,"2009-01-28 11:53:50",4.2,"Mw",-2.21,-79.77,33.24,TRUE,0
3104,2009,2,8,20,49,24,"2009-02-08 20:49:24",5,"Mw",-2.56,-79.18,88.41,TRUE,1
3105,2009,2,8,21,23,17,"2009-02-08 21:23:17",5.1,"Mw",-6.75,-80.89,75,TRUE,0
3106,2009,2,9,14,9,2,"2009-02-09 14:09:02",5.9,"Mw",-6.56,-81.15,15,TRUE,1
3107,2009,2,11,3,15,49,"2009-02-11 03:15:49",4,"Mw",-6.54,-81.12,45,FALSE,0
3108,2009,2,14,5,24,59,"2009-02-14 05:24:59",4.6,"Mw",-5.86,-80.75,56,TRUE,0
3109,2009,2,15,10,4,49,"2009-02-15 10:04:49",6,"Mw",-5.85,-80.89,21,TRUE,0
3110,2009,2,15,14,18,21,"2009-02-15 14:18:21",4,"Mw",-2.42,-78.15,141.5,FALSE,0
3111,2009,2,18,23,26,35,"2009-02-18 23:26:35",4.1,"Mw",-2.79,-78.07,12,TRUE,0
3112,2009,2,19,4,27,38,"2009-02-19 04:27:38",4.8,"Mw",-2.74,-78.09,12,TRUE,0
3113,2009,2,21,22,47,26,"2009-02-21 22:47:26",5,"Mw",-2.77,-78.13,12,TRUE,0
3114,2009,2,23,18,23,34,"2009-02-23 18:23:34",4.7,"Mw",3.73,-77.89,25,TRUE,0
3115,2009,2,26,0,8,14,"2009-02-26 00:08:14",4,"Mw",-1.34,-81.26,12.83,TRUE,0
3116,2009,3,2,0,39,19,"2009-03-02 00:39:19",4.8,"Mw",-4.08,-80.91,40,TRUE,0
3117,2009,3,10,21,47,3,"2009-03-10 21:47:03",4.7,"Mw",3.73,-82.84,10,TRUE,0
3118,2009,3,10,21,58,26,"2009-03-10 21:58:26",4.5,"Mw",-0.83,-79.87,105.1,TRUE,0
3119,2009,3,11,0,17,4,"2009-03-11 00:17:04",4.9,"Mw",3.67,-82.81,10,TRUE,0
3120,2009,3,14,14,18,31,"2009-03-14 14:18:31",4.9,"Mw",2.65,-79.7,15,TRUE,1
3121,2009,3,26,17,35,14,"2009-03-26 17:35:14",5.8,"Mw",-5.72,-81.33,10,TRUE,1
3122,2009,4,3,15,46,43,"2009-04-03 15:46:43",4.8,"Mw",0.72,-77.95,5,TRUE,0
3123,2009,4,16,4,15,3,"2009-04-16 04:15:03",4,"Mw",-2.47,-79.61,11.38,FALSE,0
3124,2009,4,18,17,4,55,"2009-04-18 17:04:55",4.8,"Mw",3.88,-82.5,10,TRUE,0
3125,2009,4,24,8,37,54,"2009-04-24 08:37:54",4.5,"Mw",2.53,-79.78,10,FALSE,0
3126,2009,4,30,11,45,39,"2009-04-30 11:45:39",4.6,"Mw",-4.73,-77.19,119,TRUE,0
3127,2009,4,30,13,54,16,"2009-04-30 13:54:16",4.1,"Mw",-1.45,-81.12,10,TRUE,0
3128,2009,5,1,0,34,6,"2009-05-01 00:34:06",5.1,"Mw",-1.69,-77.6,216,TRUE,1
3129,2009,5,4,2,3,14,"2009-05-04 02:03:14",4.6,"Mw",-4.23,-78.03,47,TRUE,0
3130,2009,5,5,16,11,2,"2009-05-05 16:11:02",4.5,"Mw",-3.21,-81.75,27,TRUE,0
3131,2009,5,6,10,8,5,"2009-05-06 10:08:05",4.5,"Mw",-2.69,-80.28,27.02,TRUE,0
3132,2009,5,14,1,28,7,"2009-05-14 01:28:07",4.3,"Mw",3.61,-82.76,10,TRUE,0
3133,2009,5,25,4,12,36,"2009-05-25 04:12:36",4.8,"Mw",-2.04,-81.26,6,TRUE,0
3134,2009,5,27,12,1,56,"2009-05-27 12:01:56",4.3,"Mw",-5.9,-75.77,36,TRUE,0
3135,2009,6,11,16,40,48,"2009-06-11 16:40:48",4.3,"Mw",-3.31,-80.48,77,TRUE,0
3136,2009,6,24,3,38,38,"2009-06-24 03:38:38",4.6,"Mw",-1.66,-77.6,218.5,FALSE,0
3137,2009,6,30,20,5,30,"2009-06-30 20:05:30",4.1,"Mw",-2.19,-79.85,33.61,TRUE,0
3138,2009,7,3,10,4,57,"2009-07-03 10:04:57",5.2,"Mw",3.73,-75.64,51,TRUE,0
3139,2009,7,11,0,59,20,"2009-07-11 00:59:20",4,"Mw",0.55,-80.66,14.36,TRUE,0
3140,2009,7,16,11,7,36,"2009-07-16 11:07:36",4.1,"Mw",2.6,-79.68,24,TRUE,0
3141,2009,7,17,9,18,45,"2009-07-17 09:18:45",4.6,"Mw",1.02,-79.14,11,TRUE,0
3142,2009,7,19,8,35,40,"2009-07-19 08:35:40",5.4,"Mw",-1.66,-80.4,4.06,TRUE,0
3143,2009,7,24,9,19,11,"2009-07-24 09:19:11",4.8,"Mw",-3.67,-81.74,35,TRUE,0
3144,2009,8,4,7,13,31,"2009-08-04 07:13:31",4.2,"Mw",-5.63,-77.59,41,TRUE,0
3145,2009,8,18,8,24,7,"2009-08-18 08:24:07",4.2,"Mw",-1.22,-77.5,167,TRUE,0
3146,2009,8,22,18,46,50,"2009-08-22 18:46:50",4.5,"Mw",-3.84,-80.74,35,TRUE,0
3147,2009,8,27,14,56,41,"2009-08-27 14:56:41",5.3,"Mw",-5.48,-81.22,37,FALSE,0
3148,2009,8,28,16,33,29,"2009-08-28 16:33:29",4,"Mw",-2.32,-79.76,16.46,TRUE,0
3149,2009,9,16,6,44,46,"2009-09-16 06:44:46",4.6,"Mw",-2.81,-77.59,40,TRUE,0
3150,2009,9,16,7,40,53,"2009-09-16 07:40:53",4.5,"Mw",-1.27,-80.76,41.66,TRUE,0
3151,2009,10,9,18,11,34,"2009-10-09 18:11:34",5.2,"Mw",-0.99,-77.96,17.52,TRUE,3
3152,2009,10,15,1,43,0,"2009-10-15 01:43:00",5,"Mw",-4.6,-80.21,62,TRUE,0
3153,2009,10,22,15,56,48,"2009-10-22 15:56:48",4.6,"Mw",3.71,-76.51,134,TRUE,0
3154,2009,10,27,21,26,55,"2009-10-27 21:26:55",4.4,"Mw",-6.69,-76.71,153,TRUE,0
3155,2009,11,1,8,9,49,"2009-11-01 08:09:49",4.5,"Mw",-3.72,-77.44,97,TRUE,0
3156,2009,11,7,19,39,20,"2009-11-07 19:39:20",4.6,"Mw",-4.14,-81.61,37,TRUE,0
3157,2009,11,15,17,36,48,"2009-11-15 17:36:48",5.2,"Mw",3.28,-82.86,25,TRUE,0
3158,2009,11,26,12,18,13,"2009-11-26 12:18:13",4.7,"Mw",-3.15,-80.4,68,TRUE,0
3159,2009,11,29,11,36,3,"2009-11-29 11:36:03",4.1,"Mw",-1.27,-78.02,7,FALSE,0
3160,2009,12,10,16,20,32,"2009-12-10 16:20:32",4.7,"Mw",-2.01,-78.39,156.6,TRUE,2
3161,2009,12,18,14,30,3,"2009-12-18 14:30:03",5.2,"Mw",3.04,-76.23,165,TRUE,0
3162,2009,12,18,21,25,22,"2009-12-18 21:25:22",4.5,"Mw",-1.58,-81.48,35,TRUE,2
3163,2009,12,26,9,39,9,"2009-12-26 09:39:09",4.4,"Mw",-1.67,-81.52,43,FALSE,0
3164,2009,12,26,10,54,2,"2009-12-26 10:54:02",4.2,"Mw",-1.63,-81.58,35,FALSE,0
3165,2009,12,28,23,25,8,"2009-12-28 23:25:08",4.3,"Mw",-1.91,-81.77,35,TRUE,0
3166,2009,12,28,23,30,21,"2009-12-28 23:30:21",4.7,"Mw",-1.57,-81.77,35,TRUE,1
3167,2010,1,1,14,31,31,"2010-01-01 14:31:31",4.041,"Mw",-1.8029,-78.1065,179.22,FALSE,0
3168,2010,1,1,15,24,8,"2010-01-01 15:24:08",4.134,"Mw",-0.9562,-78.1565,17.02,FALSE,0
3169,2010,1,2,8,26,12,"2010-01-02 08:26:12",4.692,"Mw",-1.7556,-81.8406,11.66,FALSE,0
3170,2010,1,2,8,31,44,"2010-01-02 08:31:44",4.134,"Mw",0.6534,-79.2827,21.94,TRUE,0
3171,2010,1,3,16,28,9,"2010-01-03 16:28:09",4.041,"Mw",-2.3095,-78.7617,10.74,TRUE,0
3172,2010,1,4,1,58,12,"2010-01-04 01:58:12",4.041,"Mw",-2.3256,-79.8491,7.47,TRUE,0
3173,2010,1,4,2,33,37,"2010-01-04 02:33:37",5.064,"Mw",-1.6695,-81.8497,24.76,TRUE,0
3174,2010,1,4,17,0,9,"2010-01-04 17:00:09",4.227,"Mw",0.1738,-78.8465,11.77,TRUE,0
3175,2010,1,5,1,45,35,"2010-01-05 01:45:35",4.32,"Mw",-2.8918,-78.3015,12,TRUE,0
3176,2010,1,5,15,8,28,"2010-01-05 15:08:28",4.041,"Mw",-1.5612,-80.3492,12,TRUE,0
3177,2010,1,5,19,7,13,"2010-01-05 19:07:13",4.32,"Mw",-1.2038,-77.7839,9.7,FALSE,0
3178,2010,1,6,9,35,0,"2010-01-06 09:35:00",4.041,"Mw",-2.365,-78.8714,20.73,TRUE,0
3179,2010,1,10,4,12,36,"2010-01-10 04:12:36",4.413,"Mw",-1.7405,-78.1699,172.55,FALSE,0
3180,2010,1,10,9,11,41,"2010-01-10 09:11:41",4.32,"Mw",1.2135,-79.4445,12,TRUE,0
3181,2010,1,11,0,22,2,"2010-01-11 00:22:02",4.32,"Mw",-2.7525,-78.1657,314.81,TRUE,1
3182,2010,1,11,18,19,27,"2010-01-11 18:19:27",4.32,"Mw",0.2017,-80.3594,37.93,TRUE,1
3183,2010,1,12,0,21,49,"2010-01-12 00:21:49",4.227,"Mw",-0.3567,-78.5378,11.72,TRUE,0
3184,2010,1,13,11,6,26,"2010-01-13 11:06:26",4.506,"Mw",-3.6816,-78.0225,17.96,TRUE,0
3185,2010,1,14,0,44,19,"2010-01-14 00:44:19",4.32,"Mw",-1.768,-77.2787,12,TRUE,0
3186,2010,1,14,12,50,55,"2010-01-14 12:50:55",4.041,"Mw",-2.4543,-77.773,174.96,TRUE,0
3187,2010,1,14,18,11,54,"2010-01-14 18:11:54",4.041,"Mw",0.3441,-77.4954,97.79,TRUE,0
3188,2010,1,17,3,4,3,"2010-01-17 03:04:03",4.506,"Mw",-2.7496,-78.8252,36.58,TRUE,1
3189,2010,1,18,19,11,53,"2010-01-18 19:11:53",4.413,"Mw",-2.7904,-76.3143,103.13,TRUE,0
3190,2010,1,20,3,32,32,"2010-01-20 03:32:32",4.599,"Mw",-1.2414,-80.9048,49.34,TRUE,0
3191,2010,1,22,15,48,37,"2010-01-22 15:48:37",4.32,"Mw",-0.7998,-77.3178,10.5,TRUE,0
3192,2010,1,23,2,56,29,"2010-01-23 02:56:29",4.134,"Mw",-2.7066,-77.8463,12,FALSE,0
3193,2010,1,24,0,33,30,"2010-01-24 00:33:30",4.134,"Mw",0.4508,-79.3739,34.1,TRUE,0
3194,2010,1,26,0,49,41,"2010-01-26 00:49:41",4.227,"Mw",0.4353,-80.154,10.8,FALSE,0
3195,2010,1,27,23,38,26,"2010-01-27 23:38:26",4.599,"Mw",-2.8575,-78.6582,79.01,TRUE,0
3196,2010,1,28,9,47,16,"2010-01-28 09:47:16",4.041,"Mw",-1.7008,-77.7427,257.5,TRUE,0
3197,2010,1,29,1,23,57,"2010-01-29 01:23:57",4.227,"Mw",-1.0518,-80.3681,45,TRUE,0
3198,2010,1,29,5,59,43,"2010-01-29 05:59:43",4.134,"Mw",0.3208,-78.3164,12.67,TRUE,0
3199,2010,1,29,19,25,22,"2010-01-29 19:25:22",4.041,"Mw",-0.936,-79.1693,135.39,TRUE,0
3200,2010,1,30,9,56,28,"2010-01-30 09:56:28",4.227,"Mw",0.4334,-79.9382,24.06,TRUE,0
3201,2010,1,30,13,46,59,"2010-01-30 13:46:59",4.134,"Mw",-1.9105,-80.131,14.28,TRUE,0
3202,2010,2,1,18,48,59,"2010-02-01 18:48:59",4.32,"Mw",-3.4089,-79.3123,53.63,TRUE,0
3203,2010,2,2,9,6,18,"2010-02-02 09:06:18",4.041,"Mw",-1.7008,-77.7638,131.46,TRUE,0
3204,2010,2,6,8,56,55,"2010-02-06 08:56:55",4.692,"Mw",-1.163,-77.5174,241.84,TRUE,1
3205,2010,2,7,16,55,11,"2010-02-07 16:55:11",4.227,"Mw",-2.2875,-77.2146,138.9,TRUE,0
3206,2010,2,9,18,32,15,"2010-02-09 18:32:15",4.971,"Mw",-2.2434,-77.1734,12,TRUE,0
3207,2010,2,10,5,11,7,"2010-02-10 05:11:07",4.32,"Mw",-0.9586,-79.2185,116.65,TRUE,2
3208,2010,2,12,7,55,45,"2010-02-12 07:55:45",4.227,"Mw",-0.7746,-79.3834,44.47,FALSE,0
3209,2010,2,14,0,39,14,"2010-02-14 00:39:14",4.599,"Mw",-1.3196,-77.7903,217.79,FALSE,0
3210,2010,2,17,18,53,44,"2010-02-17 18:53:44",4.599,"Mw",-3.9207,-79.4996,98.8,TRUE,0
3211,2010,2,19,11,37,26,"2010-02-19 11:37:26",4.878,"Mw",-1.1077,-79.5365,103.48,TRUE,1
3212,2010,2,21,0,43,7,"2010-02-21 00:43:07",4.413,"Mw",-0.7461,-79.7304,37.15,TRUE,0
3213,2010,2,21,7,47,21,"2010-02-21 07:47:21",4.134,"Mw",-0.5278,-80.3715,12,TRUE,0
3214,2010,2,21,20,54,41,"2010-02-21 20:54:41",4.32,"Mw",-2.7403,-79.0325,44.32,FALSE,0
3215,2010,2,23,0,36,35,"2010-02-23 00:36:35",4.041,"Mw",-0.9459,-79.2087,116.41,FALSE,0
3216,2010,2,23,15,58,28,"2010-02-23 15:58:28",4.134,"Mw",-2.6965,-77.9001,12,TRUE,0
3217,2010,2,24,10,50,29,"2010-02-24 10:50:29",4.134,"Mw",-2.1824,-80.0106,12,TRUE,0
3218,2010,2,24,14,31,32,"2010-02-24 14:31:32",4.599,"Mw",-2.4178,-81.0186,6,TRUE,0
3219,2010,2,25,3,34,22,"2010-02-25 03:34:22",4.785,"Mw",-2.595,-80.65,10,TRUE,0
3220,2010,2,26,20,6,15,"2010-02-26 20:06:15",4.878,"Mw",-1.547,-78.1687,169.05,TRUE,4
3221,2010,2,28,10,26,49,"2010-02-28 10:26:49",5.343,"Mw",-1.0866,-80.5603,43.16,TRUE,3
3222,2010,3,2,5,32,1,"2010-03-02 05:32:01",4.134,"Mw",-0.5947,-78.2696,12,TRUE,1
3223,2010,3,3,11,11,2,"2010-03-03 11:11:02",4.506,"Mw",-1.0956,-78.4401,14.92,TRUE,3
3224,2010,3,5,6,12,29,"2010-03-05 06:12:29",4.32,"Mw",-1.513,-78.0949,14.82,FALSE,0
3225,2010,3,5,11,42,41,"2010-03-05 11:42:41",4.041,"Mw",-0.9136,-78.158,12.93,FALSE,0
3226,2010,3,5,23,0,23,"2010-03-05 23:00:23",4.227,"Mw",0.024,-78.3434,9.41,TRUE,0
3227,2010,3,9,7,53,30,"2010-03-09 07:53:30",4.227,"Mw",-1.6457,-80.7441,20.05,TRUE,0
3228,2010,3,11,22,12,58,"2010-03-11 22:12:58",4.134,"Mw",-1.0324,-78.6247,13.98,FALSE,0
3229,2010,3,12,2,29,7,"2010-03-12 02:29:07",4.413,"Mw",-1.8049,-77.6953,17.3,TRUE,0
3230,2010,3,12,5,31,25,"2010-03-12 05:31:25",4.041,"Mw",-1.0464,-79.393,119.18,FALSE,0
3231,2010,3,12,9,20,54,"2010-03-12 09:20:54",4.134,"Mw",-1.067,-78.2686,12.83,FALSE,0
3232,2010,3,12,14,31,15,"2010-03-12 14:31:15",4.32,"Mw",-2.3273,-78.9733,7.65,TRUE,0
3233,2010,3,12,15,18,17,"2010-03-12 15:18:17",4.506,"Mw",0.09,-80.963,16.69,TRUE,0
3234,2010,3,14,22,12,33,"2010-03-14 22:12:33",4.413,"Mw",-1.9396,-77.8418,161.36,TRUE,0
3235,2010,3,15,12,9,8,"2010-03-15 12:09:08",4.32,"Mw",2.3313,-79.8299,8.4,TRUE,0
3236,2010,3,15,12,22,51,"2010-03-15 12:22:51",4.227,"Mw",-0.5744,-80.3273,65.48,TRUE,0
3237,2010,3,16,22,21,43,"2010-03-16 22:21:43",4.227,"Mw",-1.7575,-78.0744,175.78,FALSE,0
3238,2010,3,17,21,52,1,"2010-03-17 21:52:01",4.041,"Mw",-0.8588,-78.1349,18.93,FALSE,0
3239,2010,3,19,19,57,1,"2010-03-19 19:57:01",4.692,"Mw",-2.6245,-78.5938,104.14,TRUE,0
3240,2010,3,19,22,16,31,"2010-03-19 22:16:31",4.32,"Mw",-1.8826,-78.203,215.19,FALSE,0
3241,2010,3,20,2,36,36,"2010-03-20 02:36:36",4.134,"Mw",-0.4332,-78.7031,20.27,TRUE,0
3242,2010,3,20,15,45,44,"2010-03-20 15:45:44",4.32,"Mw",-2.4758,-79.7855,12,TRUE,0
3243,2010,3,22,6,15,44,"2010-03-22 06:15:44",4.227,"Mw",-3.0258,-78.5246,103.3,TRUE,0
3244,2010,3,22,7,33,26,"2010-03-22 07:33:26",4.413,"Mw",0.4288,-77.0815,7.42,TRUE,2
3245,2010,3,22,8,24,59,"2010-03-22 08:24:59",4.32,"Mw",0.394,-77.146,10,FALSE,0
3246,2010,3,22,19,6,40,"2010-03-22 19:06:40",4.878,"Mw",-1.728,-80.5417,20,TRUE,0
3247,2010,3,23,4,12,10,"2010-03-23 04:12:10",4.599,"Mw",-2.7988,-78.2727,12,TRUE,0
3248,2010,3,23,17,12,16,"2010-03-23 17:12:16",4.785,"Mw",-2.7398,-78.1262,126.41,TRUE,2
3249,2010,3,23,22,18,15,"2010-03-23 22:18:15",4.32,"Mw",-2.2852,-79.6522,18.41,TRUE,0
3250,2010,3,26,1,56,33,"2010-03-26 01:56:33",5.157,"Mw",-1.1449,-78.4689,13.17,TRUE,15
3251,2010,3,26,2,43,4,"2010-03-26 02:43:04",4.878,"Mw",-1.9676,-78.7617,12.92,TRUE,2
3252,2010,3,26,9,24,56,"2010-03-26 09:24:56",4.785,"Mw",-1.1,-78.4125,12.71,FALSE,0
3253,2010,3,29,2,3,9,"2010-03-29 02:03:09",4.692,"Mw",-1.1623,-78.3494,9.78,FALSE,0
3254,2010,3,29,5,42,7,"2010-03-29 05:42:07",4.041,"Mw",-1.1481,-78.3046,19.74,FALSE,0
3255,2010,3,29,6,28,31,"2010-03-29 06:28:31",4.32,"Mw",-1.137,-78.3777,14.8,FALSE,0
3256,2010,3,30,21,10,21,"2010-03-30 21:10:21",4.227,"Mw",-1.5353,-78.0976,181.2,FALSE,0
3257,2010,3,31,7,48,45,"2010-03-31 07:48:45",4.134,"Mw",-1.1342,-78.3964,19.31,FALSE,0
3258,2010,4,2,11,17,35,"2010-04-02 11:17:35",4.134,"Mw",0.7591,-79.0844,26.81,TRUE,0
3259,2010,4,2,23,3,16,"2010-04-02 23:03:16",4.134,"Mw",-1.1749,-78.4198,8.4,FALSE,0
3260,2010,4,3,16,46,16,"2010-04-03 16:46:16",4.32,"Mw",-1.1793,-78.3375,6.62,FALSE,0
3261,2010,4,6,17,41,3,"2010-04-06 17:41:03",4.227,"Mw",-1.7559,-78.4988,7.32,FALSE,0
3262,2010,4,7,9,7,22,"2010-04-07 09:07:22",4.041,"Mw",-2.6868,-77.8948,8.45,FALSE,0
3263,2010,4,7,10,25,31,"2010-04-07 10:25:31",4.413,"Mw",0.3017,-80.075,24.34,TRUE,1
3264,2010,4,7,12,55,11,"2010-04-07 12:55:11",4.041,"Mw",-1.9796,-77.2047,12,TRUE,0
3265,2010,4,9,22,7,18,"2010-04-09 22:07:18",4.041,"Mw",-1.0453,-78.2879,7.79,FALSE,0
3266,2010,4,12,5,51,18,"2010-04-12 05:51:18",5.436,"Mw",-4.8844,-77.2322,12,TRUE,1
3267,2010,4,13,13,42,57,"2010-04-13 13:42:57",4.227,"Mw",0.6984,-77.0373,5.28,FALSE,0
3268,2010,4,13,14,55,37,"2010-04-13 14:55:37",4.227,"Mw",0.2608,-79.9279,8.89,FALSE,0
3269,2010,4,13,17,33,48,"2010-04-13 17:33:48",4.506,"Mw",-1.0329,-80.6821,47.53,FALSE,0
3270,2010,4,14,6,34,12,"2010-04-14 06:34:12",4.413,"Mw",-0.2118,-81.4702,13.27,TRUE,0
3271,2010,4,14,11,1,26,"2010-04-14 11:01:26",4.32,"Mw",-2.2552,-77.0877,160.46,TRUE,0
3272,2010,4,14,22,55,37,"2010-04-14 22:55:37",4.227,"Mw",-2.1404,-79.0172,11.85,FALSE,0
3273,2010,4,15,0,4,30,"2010-04-15 00:04:30",4.32,"Mw",-1.1331,-80.5129,47.1,FALSE,0
3274,2010,4,16,12,52,21,"2010-04-16 12:52:21",4.041,"Mw",0.9604,-78.4749,21.62,TRUE,0
3275,2010,4,16,14,50,58,"2010-04-16 14:50:58",4.413,"Mw",-1.5707,-80.9332,10,TRUE,0
3276,2010,4,17,23,55,36,"2010-04-17 23:55:36",4.041,"Mw",-2.3812,-79.6307,29.96,TRUE,0
3277,2010,4,18,7,12,10,"2010-04-18 07:12:10",4.413,"Mw",0.3272,-78.3944,12.89,TRUE,1
3278,2010,4,18,8,25,37,"2010-04-18 08:25:37",4.134,"Mw",0.319,-78.3731,11.03,FALSE,0
3279,2010,4,18,8,35,1,"2010-04-18 08:35:01",4.785,"Mw",0.2832,-78.3784,12.2,TRUE,0
3280,2010,4,18,21,53,41,"2010-04-18 21:53:41",4.041,"Mw",-1.7108,-77.8539,153.4,TRUE,0
3281,2010,4,19,0,33,6,"2010-04-19 00:33:06",4.878,"Mw",1.1079,-79.5672,10,TRUE,3
3282,2010,4,19,1,10,35,"2010-04-19 01:10:35",4.506,"Mw",1.1251,-79.5288,10,FALSE,0
3283,2010,4,19,14,20,16,"2010-04-19 14:20:16",4.227,"Mw",1.0152,-79.5062,12,FALSE,0
3284,2010,4,21,18,17,21,"2010-04-21 18:17:21",4.413,"Mw",0.0878,-77.8839,7.94,TRUE,0
3285,2010,4,23,19,50,52,"2010-04-23 19:50:52",4.041,"Mw",-1.6879,-77.7818,12.73,TRUE,0
3286,2010,4,24,3,37,40,"2010-04-24 03:37:40",4.041,"Mw",-2.0629,-77.6404,20.15,TRUE,0
3287,2010,4,25,22,8,32,"2010-04-25 22:08:32",4.227,"Mw",-1.7103,-77.7262,200.6,TRUE,0
3288,2010,4,27,14,0,21,"2010-04-27 14:00:21",4.599,"Mw",-0.9457,-79.2406,109.1,TRUE,2
3289,2010,4,29,8,48,32,"2010-04-29 08:48:32",4.971,"Mw",0.0643,-77.408,15.22,TRUE,2
3290,2010,4,30,5,30,10,"2010-04-30 05:30:10",4.32,"Mw",-1.7212,-77.728,13.94,TRUE,2
3291,2010,4,30,8,25,17,"2010-04-30 08:25:17",4.227,"Mw",-1.5211,-79.9715,22.49,TRUE,0
3292,2010,5,1,10,21,26,"2010-05-01 10:21:26",4.134,"Mw",0.8055,-79.1252,16.86,TRUE,0
3293,2010,5,1,19,18,30,"2010-05-01 19:18:30",4.041,"Mw",-0.4488,-78.5949,20.53,TRUE,0
3294,2010,5,2,2,19,7,"2010-05-02 02:19:07",4.32,"Mw",-3.8555,-77.5929,14.45,TRUE,0
3295,2010,5,2,10,34,15,"2010-05-02 10:34:15",4.134,"Mw",-1.7512,-77.6109,13.46,FALSE,0
3296,2010,5,2,18,32,51,"2010-05-02 18:32:51",4.227,"Mw",-2.5837,-77.7909,12,TRUE,1
3297,2010,5,3,0,22,31,"2010-05-03 00:22:31",4.32,"Mw",-0.9382,-80.4748,10,FALSE,0
3298,2010,5,3,1,0,0,"2010-05-03 01:00:00",4.413,"Mw",-2.8996,-77.8258,12,FALSE,0
3299,2010,5,3,7,45,50,"2010-05-03 07:45:50",4.041,"Mw",-1.0198,-79.4053,115.35,FALSE,0
3300,2010,5,4,1,4,10,"2010-05-04 01:04:10",4.134,"Mw",-2.4675,-77.73,12,FALSE,0
3301,2010,5,5,12,0,50,"2010-05-05 12:00:50",4.413,"Mw",0.5143,-80.1603,13.19,TRUE,0
3302,2010,5,5,17,11,36,"2010-05-05 17:11:36",4.134,"Mw",-2.1931,-79.9279,27.18,TRUE,0
3303,2010,5,7,7,32,14,"2010-05-07 07:32:14",4.413,"Mw",-2.0379,-80.121,6.95,TRUE,2
3304,2010,5,8,18,33,59,"2010-05-08 18:33:59",4.041,"Mw",0.0745,-77.4912,10.73,FALSE,0
3305,2010,5,8,23,48,49,"2010-05-08 23:48:49",4.041,"Mw",-1.6304,-79.1207,142.55,TRUE,0
3306,2010,5,9,22,9,55,"2010-05-09 22:09:55",4.041,"Mw",-0.5574,-78.6994,24.71,TRUE,0
3307,2010,5,9,22,48,51,"2010-05-09 22:48:51",4.506,"Mw",-3.6402,-77.8989,31.32,TRUE,0
3308,2010,5,12,1,54,34,"2010-05-12 01:54:34",4.134,"Mw",-2.7833,-78.315,12,TRUE,0
3309,2010,5,12,2,37,34,"2010-05-12 02:37:34",4.32,"Mw",-0.8874,-79.436,42.02,FALSE,0
3310,2010,5,12,16,25,43,"2010-05-12 16:25:43",4.413,"Mw",-1.8737,-78.8762,121.99,TRUE,1
3311,2010,5,12,18,32,40,"2010-05-12 18:32:40",4.227,"Mw",-1.0226,-78.329,13.24,FALSE,0
3312,2010,5,12,18,43,0,"2010-05-12 18:43:00",4.227,"Mw",-1.0208,-78.3008,12.11,FALSE,0
3313,2010,5,13,14,54,4,"2010-05-13 14:54:04",4.134,"Mw",1.0177,-79.6066,12,FALSE,0
3314,2010,5,16,7,28,32,"2010-05-16 07:28:32",4.506,"Mw",-2.6408,-78.1018,12,TRUE,0
3315,2010,5,16,19,59,8,"2010-05-16 19:59:08",4.134,"Mw",-2.7691,-77.4039,93.42,TRUE,0
3316,2010,5,17,17,59,3,"2010-05-17 17:59:03",4.32,"Mw",-2.6483,-79.0724,76.35,TRUE,0
3317,2010,5,18,7,22,53,"2010-05-18 07:22:53",4.227,"Mw",-2.1595,-79.9346,13.62,FALSE,0
3318,2010,5,19,4,15,38,"2010-05-19 04:15:38",6,"Mw",-5.3932,-77.5984,121.15,TRUE,0
3319,2010,5,19,13,1,13,"2010-05-19 13:01:13",4.32,"Mw",-2.0813,-79.7808,14.59,FALSE,0
3320,2010,5,20,17,38,49,"2010-05-20 17:38:49",4.971,"Mw",-2.0253,-78.383,156.29,TRUE,2
3321,2010,5,21,21,50,25,"2010-05-21 21:50:25",4.227,"Mw",-1.4772,-77.9332,24.94,FALSE,0
3322,2010,5,22,0,27,41,"2010-05-22 00:27:41",4.506,"Mw",-1.0586,-78.7448,5.13,FALSE,0
3323,2010,5,22,7,16,3,"2010-05-22 07:16:03",4.413,"Mw",-1.6763,-80.3389,8.37,TRUE,0
3324,2010,5,22,11,23,23,"2010-05-22 11:23:23",4.227,"Mw",-2.2617,-77.2568,26.88,TRUE,1
3325,2010,5,22,14,2,3,"2010-05-22 14:02:03",4.134,"Mw",0.5894,-77.0499,10.8,TRUE,0
3326,2010,5,22,20,7,55,"2010-05-22 20:07:55",4.041,"Mw",-1.1633,-78.3306,14.8,FALSE,0
3327,2010,5,23,0,0,16,"2010-05-23 00:00:16",4.227,"Mw",-2.1268,-78.0968,161.75,FALSE,0
3328,2010,5,23,2,56,4,"2010-05-23 02:56:04",4.227,"Mw",-1.0739,-78.7061,19.5,FALSE,0
3329,2010,5,23,16,47,0,"2010-05-23 16:47:00",4.134,"Mw",-2.0067,-77.3562,17.34,FALSE,0
3330,2010,5,25,10,22,40,"2010-05-25 10:22:40",4.599,"Mw",-0.4546,-77.389,8.93,TRUE,2
3331,2010,5,25,10,36,20,"2010-05-25 10:36:20",4.134,"Mw",-1.7512,-78.8335,13.46,FALSE,0
3332,2010,5,25,11,7,16,"2010-05-25 11:07:16",4.041,"Mw",-0.3965,-77.3892,24.33,FALSE,0
3333,2010,5,25,11,21,23,"2010-05-25 11:21:23",4.599,"Mw",-1.761,-78.8839,8.75,TRUE,2
3334,2010,5,25,11,24,38,"2010-05-25 11:24:38",4.227,"Mw",-1.7449,-78.7495,27.03,FALSE,0
3335,2010,5,25,22,57,10,"2010-05-25 22:57:10",4.041,"Mw",-1.675,-77.4195,223.79,TRUE,0
3336,2010,5,26,22,34,9,"2010-05-26 22:34:09",4.041,"Mw",-0.4294,-77.385,21.86,FALSE,0
3337,2010,5,27,1,18,27,"2010-05-27 01:18:27",4.413,"Mw",-1.999,-77.9518,167.56,TRUE,3
3338,2010,5,27,15,26,34,"2010-05-27 15:26:34",4.134,"Mw",-3.1424,-78.1122,12,TRUE,1
3339,2010,5,29,0,50,53,"2010-05-29 00:50:53",4.041,"Mw",-1.693,-77.9171,163.41,FALSE,0
3340,2010,5,30,18,18,53,"2010-05-30 18:18:53",4.227,"Mw",-2.0405,-77.6147,12,FALSE,0
3341,2010,5,30,18,22,34,"2010-05-30 18:22:34",4.32,"Mw",-3.1935,-77.7631,91.36,TRUE,0
3342,2010,6,1,11,12,12,"2010-06-01 11:12:12",4.599,"Mw",-1.097,-78.3315,7.06,FALSE,0
3343,2010,6,2,4,27,4,"2010-06-02 04:27:04",4.227,"Mw",-2.3161,-80.067,47.93,TRUE,0
3344,2010,6,3,10,59,23,"2010-06-03 10:59:23",4.227,"Mw",-1.8131,-77.9454,186.91,FALSE,0
3345,2010,6,3,23,25,54,"2010-06-03 23:25:54",4.413,"Mw",-1.4822,-81.3831,21.5,TRUE,0
3346,2010,6,8,13,15,16,"2010-06-08 13:15:16",4.041,"Mw",0.2937,-77.2348,7.54,FALSE,0
3347,2010,6,9,5,55,47,"2010-06-09 05:55:47",4.599,"Mw",-2.0271,-79.7462,36.52,TRUE,9
3348,2010,6,10,23,33,27,"2010-06-10 23:33:27",4.041,"Mw",-0.9048,-79.783,30.43,TRUE,0
3349,2010,6,13,6,34,19,"2010-06-13 06:34:19",4.134,"Mw",0.5025,-78.6814,6.88,TRUE,0
3350,2010,6,15,3,20,50,"2010-06-15 03:20:50",4.134,"Mw",-1.6692,-78.3445,169.65,FALSE,0
3351,2010,6,16,1,0,39,"2010-06-16 01:00:39",4.227,"Mw",-0.14,-78.5741,5.23,TRUE,0
3352,2010,6,16,6,40,48,"2010-06-16 06:40:48",4.227,"Mw",-1.6111,-78.0217,196.13,TRUE,0
3353,2010,6,17,7,3,11,"2010-06-17 07:03:11",4.134,"Mw",-1.1827,-79.1437,124.39,TRUE,1
3354,2010,6,18,5,47,22,"2010-06-18 05:47:22",4.041,"Mw",-2.9574,-78.3591,33.74,FALSE,0
3355,2010,6,21,11,39,47,"2010-06-21 11:39:47",4.041,"Mw",-0.7421,-80.5645,12,TRUE,0
3356,2010,6,22,9,25,11,"2010-06-22 09:25:11",4.041,"Mw",-3.0222,-78.4559,12,TRUE,0
3357,2010,6,22,12,49,43,"2010-06-22 12:49:43",4.134,"Mw",0.3185,-80.2711,12,TRUE,0
3358,2010,6,23,23,9,48,"2010-06-23 23:09:48",4.134,"Mw",-1.2179,-78.4193,9.82,FALSE,0
3359,2010,6,24,13,22,33,"2010-06-24 13:22:33",4.413,"Mw",-2.6447,-78.5071,103.65,TRUE,0
3360,2010,6,24,14,45,6,"2010-06-24 14:45:06",4.32,"Mw",0.6539,-80.3059,19.37,TRUE,1
3361,2010,6,24,23,46,43,"2010-06-24 23:46:43",4.134,"Mw",0.4516,-80.0935,12,FALSE,0
3362,2010,6,26,10,59,30,"2010-06-26 10:59:30",4.413,"Mw",-2.0766,-79.8553,23.77,FALSE,0
3363,2010,6,26,11,35,21,"2010-06-26 11:35:21",4.413,"Mw",-0.6791,-79.0648,27.96,TRUE,1
3364,2010,6,26,18,40,11,"2010-06-26 18:40:11",5.343,"Mw",-4.9616,-77.4525,127.67,FALSE,0
3365,2010,6,29,4,15,53,"2010-06-29 04:15:53",4.041,"Mw",-2.1708,-79.6233,26.28,FALSE,0
3366,2010,6,30,4,52,49,"2010-06-30 04:52:49",4.041,"Mw",-1.2891,-79.2551,94.23,FALSE,0
3367,2010,6,30,9,6,36,"2010-06-30 09:06:36",4.692,"Mw",-1.3067,-80.8721,10,TRUE,1
3368,2010,6,30,22,58,14,"2010-06-30 22:58:14",4.041,"Mw",-1.2906,-78.5868,9.75,TRUE,0
3369,2010,7,5,9,3,57,"2010-07-05 09:03:57",4.506,"Mw",-2.012,-81.303,7,TRUE,0
3370,2010,7,6,10,3,21,"2010-07-06 10:03:21",4.041,"Mw",-1.1471,-77.8168,18.43,TRUE,0
3371,2010,7,6,18,57,59,"2010-07-06 18:57:59",4.134,"Mw",-2.5756,-79.4834,16.37,TRUE,0
3372,2010,7,8,11,24,41,"2010-07-08 11:24:41",4.041,"Mw",-2.0782,-78.7895,177.41,FALSE,0
3373,2010,7,8,13,21,33,"2010-07-08 13:21:33",4.041,"Mw",-2.1877,-79.8105,12,FALSE,0
3374,2010,7,9,21,1,41,"2010-07-09 21:01:41",4.041,"Mw",-1.9511,-79.7439,38.85,FALSE,0
3375,2010,7,10,0,48,24,"2010-07-10 00:48:24",4.134,"Mw",-2.1179,-79.9309,11.98,FALSE,0
3376,2010,7,10,2,53,26,"2010-07-10 02:53:26",4.134,"Mw",-2.2007,-79.8163,10.05,FALSE,0
3377,2010,7,12,17,9,2,"2010-07-12 17:09:02",4.041,"Mw",-1.69,-78.2784,156.1,TRUE,0
3378,2010,7,12,18,58,57,"2010-07-12 18:58:57",4.041,"Mw",-1.202,-78.4133,13.94,TRUE,0
3379,2010,7,13,13,10,17,"2010-07-13 13:10:17",4.32,"Mw",-3.2066,-77.212,32.12,TRUE,0
3380,2010,7,13,19,27,50,"2010-07-13 19:27:50",4.785,"Mw",-4.1421,-78.3937,130.09,TRUE,0
3381,2010,7,15,21,50,5,"2010-07-15 21:50:05",4.041,"Mw",-2.81,-77.365,60.39,TRUE,0
3382,2010,7,17,4,40,20,"2010-07-17 04:40:20",4.041,"Mw",-0.9413,-79.608,85.48,TRUE,0
3383,2010,7,17,6,31,42,"2010-07-17 06:31:42",4.134,"Mw",-1.9891,-80.0392,12,FALSE,0
3384,2010,7,17,16,46,14,"2010-07-17 16:46:14",4.041,"Mw",-0.8423,-79.3694,29.68,FALSE,0
3385,2010,7,17,19,13,48,"2010-07-17 19:13:48",4.134,"Mw",-0.1216,-78.7626,21.77,TRUE,0
3386,2010,7,17,22,55,2,"2010-07-17 22:55:02",4.227,"Mw",-1.5822,-80.3705,12,TRUE,0
3387,2010,7,19,8,20,58,"2010-07-19 08:20:58",4.32,"Mw",-1.8736,-79.6075,36.42,FALSE,0
3388,2010,7,20,13,1,39,"2010-07-20 13:01:39",4.134,"Mw",-2.0593,-79.8068,8.3,FALSE,0
3389,2010,7,21,21,28,54,"2010-07-21 21:28:54",4.227,"Mw",-1.9418,-77.1957,7.16,TRUE,1
3390,2010,7,22,0,15,6,"2010-07-22 00:15:06",4.413,"Mw",-2.3484,-77.0241,142.19,TRUE,1
3391,2010,7,22,21,39,19,"2010-07-22 21:39:19",4.227,"Mw",0.7036,-78.3528,11.43,TRUE,0
3392,2010,7,24,4,23,32,"2010-07-24 04:23:32",4.134,"Mw",1.1855,-79.5271,12,TRUE,0
3393,2010,7,24,9,8,49,"2010-07-24 09:08:49",4.413,"Mw",-0.8352,-81.5397,12,TRUE,1
3394,2010,7,25,20,22,28,"2010-07-25 20:22:28",4.32,"Mw",-0.7252,-81.2055,12,FALSE,0
3395,2010,7,25,21,30,20,"2010-07-25 21:30:20",4.041,"Mw",-1.4752,-79.9146,12,TRUE,0
3396,2010,7,26,9,16,38,"2010-07-26 09:16:38",4.32,"Mw",-0.6076,-81.1351,19.72,TRUE,1
3397,2010,7,26,18,18,48,"2010-07-26 18:18:48",4.227,"Mw",-1.0349,-79.6827,29.07,TRUE,1
3398,2010,7,28,5,11,36,"2010-07-28 05:11:36",4.041,"Mw",-2.5729,-78.3342,5.69,TRUE,0
3399,2010,7,29,14,45,48,"2010-07-29 14:45:48",4.506,"Mw",-2.5133,-81.6869,9.23,TRUE,0
3400,2010,7,30,8,20,32,"2010-07-30 08:20:32",4.041,"Mw",-0.755,-79.6737,40.31,FALSE,0
3401,2010,7,30,10,51,10,"2010-07-30 10:51:10",4.506,"Mw",-0.4722,-81.3641,12.4,TRUE,1
3402,2010,7,31,3,28,20,"2010-07-31 03:28:20",4.041,"Mw",-0.5496,-81.0351,12,FALSE,0
3403,2010,8,2,20,50,16,"2010-08-02 20:50:16",4.227,"Mw",-1.3436,-81.1777,14.98,FALSE,0
3404,2010,8,3,5,32,56,"2010-08-03 05:32:56",4.692,"Mw",-2.261,-79.8388,18.33,TRUE,2
3405,2010,8,5,4,34,6,"2010-08-05 04:34:06",4.041,"Mw",-1.605,-77.9494,187.25,TRUE,0
3406,2010,8,6,7,31,25,"2010-08-06 07:31:25",4.785,"Mw",-0.4366,-81.5474,14.78,TRUE,3
3407,2010,8,6,10,45,52,"2010-08-06 10:45:52",4.785,"Mw",-1.577,-81.2825,10,TRUE,3
3408,2010,8,6,12,7,32,"2010-08-06 12:07:32",4.041,"Mw",-2.0817,-77.346,16.42,FALSE,0
3409,2010,8,6,19,22,24,"2010-08-06 19:22:24",4.413,"Mw",-1.5504,-81.3013,10,FALSE,0
3410,2010,8,8,15,39,4,"2010-08-08 15:39:04",4.227,"Mw",-0.8852,-81.142,18.41,FALSE,0
3411,2010,8,9,0,10,1,"2010-08-09 00:10:01",4.506,"Mw",-0.8007,-81.4862,8.31,TRUE,0
3412,2010,8,9,22,47,57,"2010-08-09 22:47:57",4.413,"Mw",-0.7328,-81.4053,8.06,FALSE,0
3413,2010,8,10,0,30,25,"2010-08-10 00:30:25",4.041,"Mw",-0.5921,-78.7029,20.62,TRUE,0
3414,2010,8,10,16,7,34,"2010-08-10 16:07:34",4.413,"Mw",-0.4997,-81.2994,10,FALSE,0
3415,2010,8,10,22,38,0,"2010-08-10 22:38:00",4.506,"Mw",-1.0382,-79.7383,40.57,TRUE,3
3416,2010,8,11,9,44,3,"2010-08-11 09:44:03",4.134,"Mw",-1.5897,-78.1604,183.44,TRUE,0
3417,2010,8,11,13,57,8,"2010-08-11 13:57:08",4.32,"Mw",-2.3285,-77.0704,16.04,FALSE,0
3418,2010,8,12,11,58,8,"2010-08-12 11:58:08",7.2,"Mw",-1.4525,-77.4682,248.67,TRUE,36
3419,2010,8,17,9,31,8,"2010-08-17 09:31:08",4.32,"Mw",-1.2892,-77.6096,223.41,FALSE,0
3420,2010,8,18,22,7,21,"2010-08-18 22:07:21",4.32,"Mw",-1.7192,-78.1256,178.51,FALSE,0
3421,2010,8,19,22,23,51,"2010-08-19 22:23:51",4.692,"Mw",-0.384,-81.4127,13.54,FALSE,0
3422,2010,8,21,18,59,53,"2010-08-21 18:59:53",4.227,"Mw",-1.392,-81.2441,9.82,FALSE,0
3423,2010,8,24,12,32,31,"2010-08-24 12:32:31",4.041,"Mw",-2.4003,-77.8738,12,TRUE,0
3424,2010,8,24,13,27,48,"2010-08-24 13:27:48",4.041,"Mw",-1.405,-79.233,113.53,TRUE,0
3425,2010,8,24,16,51,46,"2010-08-24 16:51:46",4.413,"Mw",-2.2314,-78.3539,157.79,TRUE,0
3426,2010,8,25,1,5,0,"2010-08-25 01:05:00",4.134,"Mw",-1.6354,-77.7662,204.63,FALSE,0
3427,2010,8,25,2,12,12,"2010-08-25 02:12:12",4.134,"Mw",-0.8396,-79.6678,38.93,FALSE,0
3428,2010,8,25,2,14,19,"2010-08-25 02:14:19",4.227,"Mw",-0.8632,-79.6369,32.63,FALSE,0
3429,2010,8,25,20,31,7,"2010-08-25 20:31:07",4.413,"Mw",-3.3368,-79.9162,12,TRUE,0
3430,2010,8,27,5,15,27,"2010-08-27 05:15:27",4.041,"Mw",-1.1962,-80.5133,34.73,TRUE,0
3431,2010,8,28,3,37,29,"2010-08-28 03:37:29",4.32,"Mw",-1.1478,-80.9521,19.4,TRUE,3
3432,2010,8,28,13,38,36,"2010-08-28 13:38:36",4.134,"Mw",-1.042,-81.0406,16.33,FALSE,0
3433,2010,8,28,20,12,17,"2010-08-28 20:12:17",4.32,"Mw",-2.9015,-79.8695,12,TRUE,0
3434,2010,8,29,9,12,57,"2010-08-29 09:12:57",4.227,"Mw",-1.2045,-81.3322,9.65,TRUE,0
3435,2010,8,29,10,33,5,"2010-08-29 10:33:05",4.134,"Mw",-1.4223,-80.9155,10,FALSE,0
3436,2010,8,29,12,21,49,"2010-08-29 12:21:49",4.692,"Mw",-1.124,-81.4754,7.51,TRUE,1
3437,2010,8,29,18,8,46,"2010-08-29 18:08:46",4.413,"Mw",-1.2211,-81.2443,12.03,FALSE,0
3438,2010,8,29,23,28,25,"2010-08-29 23:28:25",4.041,"Mw",-1.0414,-78.2925,13.12,TRUE,0
3439,2010,8,30,22,57,26,"2010-08-30 22:57:26",4.134,"Mw",1.079,-79.4762,7.99,TRUE,0
3440,2010,8,31,18,11,55,"2010-08-31 18:11:55",4.413,"Mw",-1.1463,-81.374,9.06,FALSE,0
3441,2010,9,2,2,4,45,"2010-09-02 02:04:45",4.134,"Mw",1.1069,-79.5543,12,TRUE,0
3442,2010,9,2,10,46,12,"2010-09-02 10:46:12",4.32,"Mw",-1.3287,-81.9331,10,TRUE,0
3443,2010,9,4,21,30,39,"2010-09-04 21:30:39",4.134,"Mw",-0.8139,-80.5704,10,TRUE,0
3444,2010,9,5,16,10,39,"2010-09-05 16:10:39",4.134,"Mw",-2.1227,-77.9968,145.96,FALSE,0
3445,2010,9,5,19,3,46,"2010-09-05 19:03:46",4.041,"Mw",-1.1946,-80.7175,47.17,FALSE,0
3446,2010,9,5,22,25,0,"2010-09-05 22:25:00",4.134,"Mw",-2.6286,-77.4387,12,TRUE,0
3447,2010,9,6,1,4,50,"2010-09-06 01:04:50",4.413,"Mw",-2.793,-79.8813,12,TRUE,0
3448,2010,9,7,4,23,34,"2010-09-07 04:23:34",4.599,"Mw",-2.8563,-76.1866,100.86,TRUE,0
3449,2010,9,7,17,55,34,"2010-09-07 17:55:34",4.413,"Mw",-1.9691,-77.7976,167.97,FALSE,0
3450,2010,9,9,2,21,13,"2010-09-09 02:21:13",4.134,"Mw",-2.8835,-78.611,16,TRUE,0
3451,2010,9,9,8,35,23,"2010-09-09 08:35:23",4.32,"Mw",-1.5742,-75.8473,43.53,TRUE,0
3452,2010,9,10,13,21,35,"2010-09-10 13:21:35",4.413,"Mw",-1.7642,-78.1646,173.21,FALSE,0
3453,2010,9,11,4,57,26,"2010-09-11 04:57:26",4.227,"Mw",-0.9857,-78.7514,22.45,TRUE,0
3454,2010,9,15,8,57,13,"2010-09-15 08:57:13",4.134,"Mw",-2.0759,-79.5789,26.36,FALSE,0
3455,2010,9,16,7,55,12,"2010-09-16 07:55:12",4.599,"Mw",-2.9308,-80.4064,12,TRUE,0
3456,2010,9,16,16,34,15,"2010-09-16 16:34:15",4.134,"Mw",-2.1173,-79.7534,22.67,FALSE,0
3457,2010,9,18,8,28,29,"2010-09-18 08:28:29",4.041,"Mw",-1.7082,-78.8645,5.09,TRUE,0
3458,2010,9,19,2,30,45,"2010-09-19 02:30:45",4.134,"Mw",-1.3716,-79.655,44.64,FALSE,0
3459,2010,9,19,3,40,25,"2010-09-19 03:40:25",4.413,"Mw",-2.8565,-77.5754,27.64,TRUE,0
3460,2010,9,19,9,33,37,"2010-09-19 09:33:37",4.041,"Mw",-1.0479,-78.2849,10.62,TRUE,0
3461,2010,9,19,17,54,39,"2010-09-19 17:54:39",4.413,"Mw",-2.2751,-80.584,49.92,TRUE,0
3462,2010,9,21,6,30,5,"2010-09-21 06:30:05",4.413,"Mw",-3.1482,-79.0224,12,TRUE,0
3463,2010,9,21,13,8,18,"2010-09-21 13:08:18",4.041,"Mw",-2.1947,-79.0318,16.63,TRUE,0
3464,2010,9,22,19,1,39,"2010-09-22 19:01:39",4.599,"Mw",-2.808,-77.9255,12,TRUE,1
3465,2010,9,22,23,35,29,"2010-09-22 23:35:29",4.413,"Mw",0.4905,-80.109,19.19,TRUE,2
3466,2010,9,23,3,55,42,"2010-09-23 03:55:42",4.041,"Mw",0.584,-80.1163,12.77,FALSE,0
3467,2010,9,23,22,40,0,"2010-09-23 22:40:00",4.32,"Mw",-0.9231,-80.7137,36.04,TRUE,0
3468,2010,9,24,9,26,32,"2010-09-24 09:26:32",4.134,"Mw",-1.9334,-79.6574,90.94,TRUE,0
3469,2010,9,25,9,46,22,"2010-09-25 09:46:22",4.041,"Mw",-0.4343,-78.61,22.73,TRUE,0
3470,2010,9,27,2,32,51,"2010-09-27 02:32:51",4.134,"Mw",-0.8074,-79.2758,101.86,TRUE,0
3471,2010,9,28,5,53,19,"2010-09-28 05:53:19",4.599,"Mw",-1.6639,-81.8497,10,TRUE,0
3472,2010,9,29,18,53,38,"2010-09-29 18:53:38",4.413,"Mw",-0.5483,-77.4478,23.21,TRUE,0
3473,2010,10,3,3,49,35,"2010-10-03 03:49:35",4.134,"Mw",-2.5693,-79.0148,112.23,TRUE,0
3474,2010,10,3,5,7,23,"2010-10-03 05:07:23",4.134,"Mw",1.7465,-78.911,12,TRUE,0
3475,2010,10,4,13,25,49,"2010-10-04 13:25:49",4.041,"Mw",0.7304,-80.0509,10,FALSE,0
3476,2010,10,5,11,43,1,"2010-10-05 11:43:01",4.041,"Mw",-2.2864,-76.5507,12,TRUE,0
3477,2010,10,6,5,39,29,"2010-10-06 05:39:29",4.134,"Mw",-3.1926,-79.9092,12,TRUE,0
3478,2010,10,6,7,18,42,"2010-10-06 07:18:42",4.506,"Mw",-2.6919,-76.5919,112.88,TRUE,0
3479,2010,10,6,9,6,22,"2010-10-06 09:06:22",4.32,"Mw",-1.3954,-77.8042,210.76,FALSE,0
3480,2010,10,7,21,28,43,"2010-10-07 21:28:43",4.413,"Mw",-1.0849,-77.554,20.89,FALSE,0
3481,2010,10,7,21,39,23,"2010-10-07 21:39:23",4.227,"Mw",-1.0935,-77.5475,21.56,FALSE,0
3482,2010,10,8,10,46,46,"2010-10-08 10:46:46",4.413,"Mw",-3.8088,-79.9142,78.24,TRUE,0
3483,2010,10,9,14,4,43,"2010-10-09 14:04:43",5.064,"Mw",-3.1294,-76.8046,108.05,TRUE,1
3484,2010,10,11,15,52,52,"2010-10-11 15:52:52",4.227,"Mw",-0.3293,-80.919,9.13,TRUE,0
3485,2010,10,11,16,5,30,"2010-10-11 16:05:30",4.227,"Mw",-0.3379,-80.9262,10.36,TRUE,0
3486,2010,10,14,17,25,53,"2010-10-14 17:25:53",4.413,"Mw",-1.484,-77.4655,232.64,FALSE,0
3487,2010,10,15,4,50,52,"2010-10-15 04:50:52",4.227,"Mw",-2.5176,-80.666,12,TRUE,0
3488,2010,10,15,21,34,42,"2010-10-15 21:34:42",4.413,"Mw",-0.0595,-81.38,17,TRUE,1
3489,2010,10,16,5,12,24,"2010-10-16 05:12:24",4.599,"Mw",-1.3621,-80.4759,19,TRUE,3
3490,2010,10,16,5,20,59,"2010-10-16 05:20:59",4.134,"Mw",-1.6781,-81.2962,16.59,TRUE,0
3491,2010,10,20,1,0,57,"2010-10-20 01:00:57",4.32,"Mw",-0.2457,-81.2126,18.17,FALSE,0
3492,2010,10,20,1,5,49,"2010-10-20 01:05:49",4.878,"Mw",-0.1344,-81.2874,19.06,TRUE,8
3493,2010,10,20,2,56,27,"2010-10-20 02:56:27",4.227,"Mw",-0.2853,-81.0986,19.51,FALSE,0
3494,2010,10,20,16,5,47,"2010-10-20 16:05:47",4.785,"Mw",-0.189,-81.1848,20.79,FALSE,0
3495,2010,10,20,17,31,34,"2010-10-20 17:31:34",4.506,"Mw",-0.3249,-81.0751,22.95,FALSE,0
3496,2010,10,21,11,30,33,"2010-10-21 11:30:33",4.227,"Mw",0.0544,-81.0103,12,FALSE,0
3497,2010,10,21,21,9,10,"2010-10-21 21:09:10",4.227,"Mw",-2.846,-78.8165,37.97,TRUE,0
3498,2010,10,23,21,51,16,"2010-10-23 21:51:16",4.506,"Mw",0.8909,-78.8726,12,TRUE,0
3499,2010,10,24,9,27,3,"2010-10-24 09:27:03",4.134,"Mw",-1.5716,-80.11,9.07,TRUE,0
3500,2010,10,25,6,0,35,"2010-10-25 06:00:35",4.227,"Mw",-2.3161,-80.2718,12,TRUE,0
3501,2010,10,25,14,22,56,"2010-10-25 14:22:56",4.413,"Mw",-1.5086,-78.1958,10.52,FALSE,0
3502,2010,10,26,1,40,46,"2010-10-26 01:40:46",4.134,"Mw",-2.1529,-79.1953,11.69,TRUE,0
3503,2010,10,26,22,46,46,"2010-10-26 22:46:46",4.413,"Mw",-0.9221,-80.632,35.68,TRUE,0
3504,2010,10,27,3,34,6,"2010-10-27 03:34:06",4.32,"Mw",-2.2457,-80.5704,10.73,TRUE,0
3505,2010,10,27,8,9,44,"2010-10-27 08:09:44",4.134,"Mw",-3.1745,-78.4312,36.56,TRUE,0
3506,2010,10,27,21,10,8,"2010-10-27 21:10:08",4.041,"Mw",-2.6783,-79.3804,43.68,TRUE,0
3507,2010,10,28,17,39,20,"2010-10-28 17:39:20",4.041,"Mw",-2.0312,-76.5304,9.2,TRUE,0
3508,2010,10,28,17,45,3,"2010-10-28 17:45:03",4.227,"Mw",-3.5237,-78.8951,149.1,TRUE,0
3509,2010,10,29,18,45,3,"2010-10-29 18:45:03",4.134,"Mw",-2.438,-76.9788,79.87,TRUE,0
3510,2010,10,29,18,57,23,"2010-10-29 18:57:23",4.227,"Mw",-2.9823,-78.0414,12,FALSE,0
3511,2010,10,29,19,51,49,"2010-10-29 19:51:49",4.227,"Mw",-0.2687,-81.1395,20.65,FALSE,0
3512,2010,10,30,8,11,1,"2010-10-30 08:11:01",4.32,"Mw",-0.2287,-81.2186,21.29,FALSE,0
3513,2010,10,31,2,19,59,"2010-10-31 02:19:59",4.134,"Mw",-0.1166,-81.1133,13.91,FALSE,0
3514,2010,11,5,16,46,42,"2010-11-05 16:46:42",4.227,"Mw",-1.1407,-80.6413,40.59,FALSE,0
3515,2010,11,5,17,2,48,"2010-11-05 17:02:48",4.134,"Mw",-2.1478,-78.6999,36.08,TRUE,1
3516,2010,11,5,23,17,17,"2010-11-05 23:17:17",4.041,"Mw",-1.0644,-80.5146,55.13,FALSE,0
3517,2010,11,6,1,58,28,"2010-11-06 01:58:28",4.041,"Mw",-1.6684,-80.8833,40.3,TRUE,0
3518,2010,11,8,0,55,59,"2010-11-08 00:55:59",4.32,"Mw",-2.6029,-77.2667,31.41,TRUE,0
3519,2010,11,8,3,5,39,"2010-11-08 03:05:39",4.041,"Mw",-2.7121,-79.3713,12.16,TRUE,0
3520,2010,11,8,8,1,33,"2010-11-08 08:01:33",4.227,"Mw",-1.4913,-77.7982,208.41,FALSE,0
3521,2010,11,9,18,57,53,"2010-11-09 18:57:53",4.134,"Mw",-2.4499,-77.7276,32.72,TRUE,0
3522,2010,11,13,20,30,9,"2010-11-13 20:30:09",4.227,"Mw",-0.0305,-80.6014,26.33,TRUE,0
3523,2010,11,14,15,33,8,"2010-11-14 15:33:08",4.32,"Mw",-3.0731,-76.4205,29.72,FALSE,0
3524,2010,11,15,13,47,58,"2010-11-15 13:47:58",4.134,"Mw",-2.8202,-78.4187,12,TRUE,0
3525,2010,11,16,16,9,13,"2010-11-16 16:09:13",4.134,"Mw",-1.545,-77.9557,178.62,FALSE,0
3526,2010,11,19,6,29,1,"2010-11-19 06:29:01",4.041,"Mw",-0.97,-80.6482,38.93,TRUE,0
3527,2010,11,19,7,35,24,"2010-11-19 07:35:24",4.227,"Mw",-0.9739,-80.6723,40.66,TRUE,1
3528,2010,11,20,5,26,32,"2010-11-20 05:26:32",4.413,"Mw",-4.0947,-78.0928,22.94,TRUE,0
3529,2010,11,20,6,49,54,"2010-11-20 06:49:54",4.041,"Mw",-1.0103,-78.4192,10.35,TRUE,0
3530,2010,11,20,8,30,33,"2010-11-20 08:30:33",4.041,"Mw",-1.8519,-78.5042,174.79,FALSE,0
3531,2010,11,20,16,42,24,"2010-11-20 16:42:24",4.599,"Mw",-2.6121,-80.8009,18.85,TRUE,0
3532,2010,11,21,14,16,6,"2010-11-21 14:16:06",4.041,"Mw",-0.8825,-80.6235,24.48,FALSE,0
3533,2010,11,21,17,59,53,"2010-11-21 17:59:53",4.134,"Mw",-2.3065,-79.6389,12,TRUE,0
3534,2010,11,22,10,24,10,"2010-11-22 10:24:10",4.506,"Mw",-2.5808,-79.5488,23.66,TRUE,2
3535,2010,11,22,16,34,53,"2010-11-22 16:34:53",4.134,"Mw",-0.5455,-79.3398,37.9,TRUE,0
3536,2010,11,23,10,40,9,"2010-11-23 10:40:09",4.227,"Mw",-1.0016,-80.5464,20,TRUE,0
3537,2010,11,24,11,12,9,"2010-11-24 11:12:09",4.227,"Mw",-1.0513,-79.3781,117.61,TRUE,0
3538,2010,11,24,16,31,20,"2010-11-24 16:31:20",4.041,"Mw",-2.1067,-79.2615,12,TRUE,0
3539,2010,11,24,22,26,42,"2010-11-24 22:26:42",4.134,"Mw",0.5398,-79.9495,17.47,TRUE,0
3540,2010,11,25,4,11,39,"2010-11-25 04:11:39",4.134,"Mw",0.6669,-80.0192,11.33,TRUE,0
3541,2010,11,25,4,19,33,"2010-11-25 04:19:33",5.157,"Mw",0.6746,-80.0818,19.84,TRUE,6
3542,2010,11,25,6,30,42,"2010-11-25 06:30:42",4.134,"Mw",-2.4463,-79.5327,24,FALSE,0
3543,2010,11,27,7,12,30,"2010-11-27 07:12:30",4.227,"Mw",-2.4999,-77.9929,31.38,TRUE,1
3544,2010,11,27,7,23,42,"2010-11-27 07:23:42",4.041,"Mw",-2.2844,-77.7357,17.77,FALSE,0
3545,2010,11,27,18,37,47,"2010-11-27 18:37:47",4.227,"Mw",-2.5529,-78.042,12,TRUE,0
3546,2010,11,27,21,55,15,"2010-11-27 21:55:15",4.32,"Mw",-1.3111,-80.6427,41.61,FALSE,0
3547,2010,11,28,7,57,33,"2010-11-28 07:57:33",4.878,"Mw",-1.1245,-80.4898,33.84,TRUE,2
3548,2010,11,28,12,41,38,"2010-11-28 12:41:38",4.134,"Mw",0.852,-79.701,9.08,FALSE,0
3549,2010,11,28,15,35,24,"2010-11-28 15:35:24",4.041,"Mw",0.7815,-79.7789,9,FALSE,0
3550,2010,11,29,2,10,25,"2010-11-29 02:10:25",4.041,"Mw",-1.8988,-79.8426,40.26,TRUE,0
3551,2010,11,29,22,18,20,"2010-11-29 22:18:20",4.227,"Mw",-2.191,-80.9218,12,TRUE,0
3552,2010,12,2,0,35,40,"2010-12-02 00:35:40",4.32,"Mw",-0.3029,-81.1212,22.82,FALSE,0
3553,2010,12,2,19,36,27,"2010-12-02 19:36:27",4.32,"Mw",-0.9871,-79.2089,116.43,TRUE,0
3554,2010,12,2,19,56,44,"2010-12-02 19:56:44",4.041,"Mw",-1.5294,-79.3897,45.18,TRUE,0
3555,2010,12,3,2,16,57,"2010-12-03 02:16:57",4.32,"Mw",0.0206,-79.1406,21.99,TRUE,0
3556,2010,12,3,11,55,42,"2010-12-03 11:55:42",4.134,"Mw",0.8107,-79.9635,12,FALSE,0
3557,2010,12,4,7,39,49,"2010-12-04 07:39:49",4.32,"Mw",0.4701,-78.9926,27.29,TRUE,1
3558,2010,12,4,23,3,36,"2010-12-04 23:03:36",4.134,"Mw",-0.4346,-78.0306,13.67,TRUE,1
3559,2010,12,4,23,38,48,"2010-12-04 23:38:48",4.041,"Mw",-1.7346,-77.7266,16.17,FALSE,0
3560,2010,12,8,18,7,21,"2010-12-08 18:07:21",4.041,"Mw",1.373,-78.7486,59.59,TRUE,0
3561,2010,12,10,4,38,1,"2010-12-10 04:38:01",4.041,"Mw",-2.6149,-78.0779,12,FALSE,0
3562,2010,12,13,13,5,30,"2010-12-13 13:05:30",4.971,"Mw",-3.1365,-77.2808,85.55,TRUE,0
3563,2010,12,14,8,29,53,"2010-12-14 08:29:53",4.041,"Mw",-0.4281,-78.0367,16.94,FALSE,0
3564,2010,12,15,4,58,34,"2010-12-15 04:58:34",4.32,"Mw",-0.8101,-78.3822,8.92,TRUE,0
3565,2010,12,17,22,54,17,"2010-12-17 22:54:17",4.134,"Mw",-0.7041,-79.5658,38.08,TRUE,2
3566,2010,12,18,5,58,16,"2010-12-18 05:58:16",4.32,"Mw",-2.1389,-79.6021,116.27,TRUE,0
3567,2010,12,20,13,16,25,"2010-12-20 13:16:25",4.134,"Mw",-2.3349,-79.6699,20.13,FALSE,0
3568,2010,12,20,23,41,47,"2010-12-20 23:41:47",4.227,"Mw",0.8197,-80.373,12,FALSE,0
3569,2010,12,21,0,1,14,"2010-12-21 00:01:14",4.227,"Mw",0.378,-78.968,14.08,FALSE,0
3570,2010,12,22,0,8,17,"2010-12-22 00:08:17",4.32,"Mw",-2.6454,-78.0659,12,TRUE,4
3571,2010,12,23,19,29,39,"2010-12-23 19:29:39",4.134,"Mw",0.4508,-80.2009,6.24,FALSE,0
3572,2010,12,24,12,21,57,"2010-12-24 12:21:57",4.134,"Mw",-2.6909,-78.0585,12,FALSE,0
3573,2010,12,25,22,56,52,"2010-12-25 22:56:52",4.692,"Mw",-1.3745,-81.8864,4.77,TRUE,0
3574,2010,12,26,1,58,22,"2010-12-26 01:58:22",4.506,"Mw",-1.6347,-77.779,214.35,FALSE,0
3575,2010,12,26,3,29,53,"2010-12-26 03:29:53",4.041,"Mw",-0.8905,-79.651,37.47,FALSE,0
3576,2010,12,27,11,9,44,"2010-12-27 11:09:44",4.134,"Mw",-0.8008,-80.6024,22.78,FALSE,0
3577,2010,12,27,16,18,35,"2010-12-27 16:18:35",4.692,"Mw",-1.897,-80.2235,18.1,TRUE,0
3578,2010,12,28,9,48,59,"2010-12-28 09:48:59",4.134,"Mw",-2.1568,-78.9482,101.78,TRUE,1
3579,2010,12,28,21,3,35,"2010-12-28 21:03:35",4.134,"Mw",-2.5271,-77.9087,12,FALSE,0
3580,2010,12,28,21,19,18,"2010-12-28 21:19:18",4.227,"Mw",-3.5035,-79.2861,12,TRUE,0
3581,2010,12,29,20,35,22,"2010-12-29 20:35:22",4.599,"Mw",-2.2272,-79.7279,20.59,TRUE,3
3582,2010,12,30,2,10,57,"2010-12-30 02:10:57",4.32,"Mw",-2.7039,-79.0493,33.24,TRUE,0
3583,2010,12,31,4,22,25,"2010-12-31 04:22:25",4.041,"Mw",-0.7996,-80.5495,36.58,FALSE,0
3584,2011,1,1,0,52,48,"2011-01-01 00:52:48",4.32,"Mw",-0.8142,-78.3895,8.87,TRUE,1
3585,2011,1,1,11,28,55,"2011-01-01 11:28:55",4.692,"Mw",-2.7776,-79.6939,71.73,TRUE,5
3586,2011,1,1,16,38,4,"2011-01-01 16:38:04",4.413,"Mw",1.551,-79.2676,12,TRUE,0
3587,2011,1,3,21,29,46,"2011-01-03 21:29:46",4.227,"Mw",-2.8262,-79.3822,48.81,FALSE,0
3588,2011,1,3,22,36,19,"2011-01-03 22:36:19",4.227,"Mw",-3.9651,-79.5845,5.16,TRUE,0
3589,2011,1,4,18,6,49,"2011-01-04 18:06:49",4.041,"Mw",-0.8451,-79.7839,20.95,FALSE,0
3590,2011,1,6,0,14,8,"2011-01-06 00:14:08",4.32,"Mw",-2.5733,-80.4282,20,TRUE,0
3591,2011,1,6,6,35,35,"2011-01-06 06:35:35",4.692,"Mw",-2.9962,-79.7311,12,TRUE,0
3592,2011,1,6,6,57,34,"2011-01-06 06:57:34",4.506,"Mw",-3.021,-79.8702,12,FALSE,0
3593,2011,1,6,7,27,2,"2011-01-06 07:27:02",4.041,"Mw",-2.6186,-78.0366,7.35,FALSE,0
3594,2011,1,6,18,25,34,"2011-01-06 18:25:34",4.413,"Mw",-1.7208,-78.9885,30.54,TRUE,2
3595,2011,1,7,10,7,37,"2011-01-07 10:07:37",4.134,"Mw",-1.0367,-78.2661,9.99,FALSE,0
3596,2011,1,8,11,59,49,"2011-01-08 11:59:49",4.227,"Mw",-3.1268,-80.1266,21.72,TRUE,0
3597,2011,1,8,18,5,35,"2011-01-08 18:05:35",4.227,"Mw",-2.5618,-77.9869,24.44,FALSE,0
3598,2011,1,11,7,57,32,"2011-01-11 07:57:32",4.041,"Mw",-1.5622,-77.9264,88.02,FALSE,0
3599,2011,1,12,12,20,4,"2011-01-12 12:20:04",4.878,"Mw",-3.2158,-79.8119,28.38,TRUE,0
3600,2011,1,14,6,37,52,"2011-01-14 06:37:52",4.041,"Mw",-1.5455,-78.9939,111.71,FALSE,0
3601,2011,1,15,17,21,17,"2011-01-15 17:21:17",4.134,"Mw",-2.811,-79.5641,12,FALSE,0
3602,2011,1,15,18,51,20,"2011-01-15 18:51:20",4.134,"Mw",-2.1641,-79.7267,24.22,FALSE,0
3603,2011,1,19,0,33,51,"2011-01-19 00:33:51",4.506,"Mw",-1.5963,-77.823,199.67,FALSE,0
3604,2011,1,19,6,46,49,"2011-01-19 06:46:49",4.041,"Mw",-1.5291,-77.7957,181.57,FALSE,0
3605,2011,1,19,9,39,59,"2011-01-19 09:39:59",4.413,"Mw",-2.8189,-80.4757,12,TRUE,1
3606,2011,1,19,10,31,27,"2011-01-19 10:31:27",4.134,"Mw",-2.2261,-79.9809,12,FALSE,0
3607,2011,1,20,0,20,38,"2011-01-20 00:20:38",4.041,"Mw",-2.4691,-79.723,76.21,FALSE,0
3608,2011,1,20,7,48,22,"2011-01-20 07:48:22",4.041,"Mw",-2.2482,-78.8955,100.84,FALSE,0
3609,2011,1,20,11,2,23,"2011-01-20 11:02:23",4.041,"Mw",-2.6494,-77.9372,12,TRUE,0
3610,2011,1,20,12,53,36,"2011-01-20 12:53:36",4.32,"Mw",3.3709,-78.4937,12,TRUE,0
3611,2011,1,21,23,38,15,"2011-01-21 23:38:15",4.041,"Mw",-1.9151,-78.8039,123.74,FALSE,0
3612,2011,1,22,12,14,20,"2011-01-22 12:14:20",4.227,"Mw",-0.273,-79.4202,36.69,TRUE,0
3613,2011,1,23,20,16,3,"2011-01-23 20:16:03",4.785,"Mw",-1.627,-81.8395,14.88,TRUE,0
3614,2011,1,24,6,13,55,"2011-01-24 06:13:55",4.134,"Mw",-3.6362,-78.3885,18.43,TRUE,0
3615,2011,1,24,19,44,57,"2011-01-24 19:44:57",4.041,"Mw",0.192,-79.0654,26.1,TRUE,0
3616,2011,1,26,18,33,26,"2011-01-26 18:33:26",4.227,"Mw",1.9372,-79.5766,23.73,TRUE,0
3617,2011,1,26,21,59,34,"2011-01-26 21:59:34",4.227,"Mw",-2.3396,-78.9143,17.36,TRUE,0
3618,2011,2,1,11,35,8,"2011-02-01 11:35:08",4.599,"Mw",0.7635,-77.0577,12,TRUE,0
3619,2011,2,2,12,4,33,"2011-02-02 12:04:33",4.227,"Mw",-2.3067,-80.5216,34.95,TRUE,0
3620,2011,2,3,5,16,28,"2011-02-03 05:16:28",4.134,"Mw",-1.6717,-78.0183,113.89,FALSE,0
3621,2011,2,4,12,3,10,"2011-02-04 12:03:10",4.32,"Mw",0.4592,-81.1036,12.99,TRUE,0
3622,2011,2,4,16,32,48,"2011-02-04 16:32:48",4.041,"Mw",-2.1004,-79.8369,18.74,FALSE,0
3623,2011,2,6,21,16,34,"2011-02-06 21:16:34",4.506,"Mw",-3.0204,-77.7548,12,TRUE,0
3624,2011,2,8,3,58,39,"2011-02-08 03:58:39",4.041,"Mw",-2.8739,-80.3761,12,FALSE,0
3625,2011,2,9,12,44,25,"2011-02-09 12:44:25",4.32,"Mw",-0.5792,-78.5299,9.62,TRUE,0
3626,2011,2,9,19,43,45,"2011-02-09 19:43:45",4.134,"Mw",-2.4448,-79.6793,29.41,FALSE,0
3627,2011,2,11,0,30,51,"2011-02-11 00:30:51",4.134,"Mw",-3.4344,-78.8638,41.46,TRUE,0
3628,2011,2,11,1,54,43,"2011-02-11 01:54:43",4.134,"Mw",-3.6368,-78.8375,46.51,TRUE,0
3629,2011,2,13,4,13,20,"2011-02-13 04:13:20",4.413,"Mw",-0.7646,-80.2688,12,TRUE,0
3630,2011,2,13,14,21,18,"2011-02-13 14:21:18",4.134,"Mw",-0.9587,-79.2441,107.55,TRUE,0
3631,2011,2,14,14,39,5,"2011-02-14 14:39:05",4.227,"Mw",-2.1384,-79.6388,95.87,TRUE,0
3632,2011,2,15,10,53,42,"2011-02-15 10:53:42",4.227,"Mw",-1.6553,-81.1221,12,TRUE,0
3633,2011,2,16,9,48,39,"2011-02-16 09:48:39",4.506,"Mw",-1.5055,-80.8913,12,TRUE,0
3634,2011,2,17,0,4,44,"2011-02-17 00:04:44",4.413,"Mw",-0.2536,-78.4889,14.89,TRUE,1
3635,2011,2,17,0,46,24,"2011-02-17 00:46:24",4.227,"Mw",-0.2412,-78.4982,11.78,FALSE,0
3636,2011,2,20,18,5,4,"2011-02-20 18:05:04",4.041,"Mw",-0.4076,-78.9975,78.72,TRUE,0
3637,2011,2,21,4,13,30,"2011-02-21 04:13:30",4.041,"Mw",0.359,-80.1949,12,FALSE,0
3638,2011,3,20,11,39,43,"2011-03-20 11:39:43",4.413,"Mw",-0.3588,-77.8498,7.14,TRUE,2
3639,2011,3,20,11,43,30,"2011-03-20 11:43:30",4.32,"Mw",-0.35,-77.8514,7.57,FALSE,0
3640,2011,3,22,20,22,38,"2011-03-22 20:22:38",4.32,"Mw",-0.341,-77.8699,12,FALSE,0
3641,2011,3,26,21,57,49,"2011-03-26 21:57:49",4.227,"Mw",-3.3993,-80.0213,32.45,TRUE,0
3642,2011,3,28,17,8,46,"2011-03-28 17:08:46",4.413,"Mw",-3.0195,-80.589,12,TRUE,0
3643,2011,3,30,19,40,50,"2011-03-30 19:40:50",4.134,"Mw",-2.6718,-80.2468,42.54,TRUE,0
3644,2011,3,31,6,44,30,"2011-03-31 06:44:30",4.413,"Mw",-1.6023,-81.8488,12,TRUE,0
3645,2011,4,2,2,0,7,"2011-04-02 02:00:07",4.041,"Mw",-2.7895,-79.2575,10.38,TRUE,0
3646,2011,4,7,8,4,32,"2011-04-07 08:04:32",4.134,"Mw",-2.084,-77.167,12,FALSE,0
3647,2011,4,14,12,19,42,"2011-04-14 12:19:42",4.227,"Mw",0.2674,-79.9859,22.79,TRUE,0
3648,2011,4,19,23,44,52,"2011-04-19 23:44:52",4.134,"Mw",-2.2534,-79.5813,80.61,TRUE,0
3649,2011,4,20,22,27,54,"2011-04-20 22:27:54",4.413,"Mw",-4.0793,-79.6927,111.37,TRUE,0
3650,2011,4,23,2,49,48,"2011-04-23 02:49:48",4.041,"Mw",-2.0237,-77.5331,198.9,FALSE,0
3651,2011,4,25,22,22,10,"2011-04-25 22:22:10",4.692,"Mw",-2.6635,-78.1218,12,TRUE,1
3652,2011,4,25,22,30,34,"2011-04-25 22:30:34",4.041,"Mw",-2.7535,-78.2618,12,FALSE,0
3653,2011,4,26,14,20,59,"2011-04-26 14:20:59",4.041,"Mw",-2.1628,-79.1454,98.89,TRUE,0
3654,2011,5,12,2,35,59,"2011-05-12 02:35:59",4.692,"Mw",-1.6315,-81.8658,16.59,TRUE,0
3655,2011,5,15,2,24,54,"2011-05-15 02:24:54",4.227,"Mw",-2.4222,-80.0576,70.42,TRUE,0
3656,2011,5,15,12,15,45,"2011-05-15 12:15:45",4.041,"Mw",-1.1452,-80.3416,27.27,TRUE,0
3657,2011,5,17,10,7,32,"2011-05-17 10:07:32",4.227,"Mw",-3.2964,-81.0335,12,TRUE,1
3658,2011,5,20,14,0,50,"2011-05-20 14:00:50",4.227,"Mw",0.4153,-79.8157,10.14,TRUE,0
3659,2011,5,21,4,6,15,"2011-05-21 04:06:15",4.134,"Mw",-0.6401,-77.6234,27.67,FALSE,0
3660,2011,5,22,11,24,38,"2011-05-22 11:24:38",4.041,"Mw",-1.6296,-77.6778,196.14,FALSE,0
3661,2011,5,23,16,33,14,"2011-05-23 16:33:14",4.413,"Mw",0.9216,-79.6313,12,TRUE,0
3662,2011,5,24,0,49,28,"2011-05-24 00:49:28",4.041,"Mw",-1.7553,-77.8739,195.98,FALSE,0
3663,2011,5,28,19,37,1,"2011-05-28 19:37:01",4.134,"Mw",-2.2712,-81.5636,12,TRUE,0
3664,2011,6,9,1,4,31,"2011-06-09 01:04:31",4.134,"Mw",-3.2471,-80.9117,13.47,FALSE,0
3665,2011,6,13,3,37,34,"2011-06-13 03:37:34",4.041,"Mw",-1.7553,-79.911,12,TRUE,0
3666,2011,6,22,9,38,56,"2011-06-22 09:38:56",4.041,"Mw",-2.2079,-76.4126,149.99,TRUE,0
3667,2011,6,22,20,11,35,"2011-06-22 20:11:35",4.041,"Mw",-2.3782,-79.6032,48.98,TRUE,0
3668,2011,7,20,16,15,51,"2011-07-20 16:15:51",4.041,"Mw",0.2916,-78.3002,18.11,TRUE,0
3669,2011,7,21,23,23,44,"2011-07-21 23:23:44",4.134,"Mw",-1.9945,-77.9039,173.11,FALSE,0
3670,2011,7,22,8,20,32,"2011-07-22 08:20:32",4.413,"Mw",-2.3336,-80.3584,56.25,TRUE,0
3671,2011,7,22,16,45,18,"2011-07-22 16:45:18",4.227,"Mw",-1.8865,-80.4454,69.17,TRUE,0
3672,2011,7,22,20,20,19,"2011-07-22 20:20:19",4.041,"Mw",1.5402,-78.3165,30.03,TRUE,0
3673,2011,7,23,10,25,37,"2011-07-23 10:25:37",4.134,"Mw",-1.7794,-79.9143,12,TRUE,2
3674,2011,7,23,17,0,30,"2011-07-23 17:00:30",4.041,"Mw",-2.4171,-79.6654,52.01,TRUE,0
3675,2011,7,26,20,2,43,"2011-07-26 20:02:43",4.041,"Mw",-3.078,-78.3024,37.38,TRUE,0
3676,2011,7,26,20,58,26,"2011-07-26 20:58:26",4.506,"Mw",-2.9297,-76.7292,125,TRUE,0
3677,2011,7,27,17,50,0,"2011-07-27 17:50:00",4.413,"Mw",-1.5214,-80.3481,11.63,TRUE,0
3678,2011,7,28,16,51,54,"2011-07-28 16:51:54",4.32,"Mw",-2.6148,-79.1897,32.01,TRUE,0
3679,2011,7,29,9,21,14,"2011-07-29 09:21:14",4.227,"Mw",-1.023,-78.1434,13.71,FALSE,0
3680,2011,7,31,19,4,54,"2011-07-31 19:04:54",4.041,"Mw",-0.9338,-79.2286,108.59,TRUE,0
3681,2011,8,1,16,32,15,"2011-08-01 16:32:15",4.041,"Mw",-1.9416,-79.5324,22.89,TRUE,0
3682,2011,8,2,7,28,2,"2011-08-02 07:28:02",4.041,"Mw",-1.5521,-79.8644,13.71,FALSE,0
3683,2011,8,4,11,49,48,"2011-08-04 11:49:48",4.041,"Mw",0.6328,-79.2384,21.95,TRUE,0
3684,2011,8,4,16,45,43,"2011-08-04 16:45:43",4.32,"Mw",-1.5636,-81.9446,12.94,TRUE,0
3685,2011,8,6,10,37,21,"2011-08-06 10:37:21",4.227,"Mw",-3.4972,-80.0092,25.31,TRUE,0
3686,2011,8,6,23,18,51,"2011-08-06 23:18:51",4.041,"Mw",-1.4503,-79.7811,20.15,FALSE,0
3687,2011,8,7,0,55,23,"2011-08-07 00:55:23",4.413,"Mw",-3.8506,-80.352,9.83,TRUE,0
3688,2011,8,8,23,6,51,"2011-08-08 23:06:51",4.32,"Mw",-0.914,-80.2985,37.58,TRUE,0
3689,2011,8,9,16,59,29,"2011-08-09 16:59:29",4.041,"Mw",-0.9014,-80.6637,19.78,TRUE,0
3690,2011,8,10,11,20,45,"2011-08-10 11:20:45",4.041,"Mw",-0.8664,-79.689,47.72,TRUE,0
3691,2011,8,10,12,46,12,"2011-08-10 12:46:12",4.041,"Mw",-0.2593,-77.8019,8.4,TRUE,0
3692,2011,8,10,17,49,48,"2011-08-10 17:49:48",4.506,"Mw",-1.2979,-77.1431,305.53,FALSE,0
3693,2011,8,12,9,28,53,"2011-08-12 09:28:53",4.041,"Mw",-1.533,-79.5824,21.79,TRUE,0
3694,2011,8,12,13,7,13,"2011-08-12 13:07:13",4.041,"Mw",-1.7537,-77.2939,12,FALSE,0
3695,2011,8,13,19,17,14,"2011-08-13 19:17:14",4.041,"Mw",-1.1025,-78.3484,6.04,TRUE,0
3696,2011,8,14,5,12,7,"2011-08-14 05:12:07",4.041,"Mw",-2.298,-79.0065,12,TRUE,0
3697,2011,8,15,2,53,14,"2011-08-15 02:53:14",4.878,"Mw",-2.0556,-77.1727,202.55,FALSE,0
3698,2011,8,16,11,19,55,"2011-08-16 11:19:55",4.041,"Mw",-2.4422,-77.8591,19.82,TRUE,0
3699,2011,8,17,6,22,25,"2011-08-17 06:22:25",4.134,"Mw",0.9433,-79.6347,8.22,TRUE,1
3700,2011,8,17,6,58,35,"2011-08-17 06:58:35",4.041,"Mw",1.1026,-79.7216,10,FALSE,0
3701,2011,8,17,9,15,1,"2011-08-17 09:15:01",4.041,"Mw",-0.6667,-78.3665,5.42,TRUE,0
3702,2011,8,17,17,10,26,"2011-08-17 17:10:26",4.32,"Mw",-4.5186,-78.1903,38.94,TRUE,0
3703,2011,8,17,19,46,47,"2011-08-17 19:46:47",4.32,"Mw",-3.094,-79.5179,12,TRUE,1
3704,2011,8,17,22,35,43,"2011-08-17 22:35:43",4.32,"Mw",-2.5681,-77.7177,6.47,TRUE,0
3705,2011,8,18,5,23,45,"2011-08-18 05:23:45",4.413,"Mw",-3.034,-80.0323,34.32,TRUE,0
3706,2011,8,18,6,55,48,"2011-08-18 06:55:48",4.32,"Mw",-2.3064,-79.6739,104.62,TRUE,1
3707,2011,8,18,19,55,15,"2011-08-18 19:55:15",4.413,"Mw",-2.2441,-76.7874,12,TRUE,0
3708,2011,8,21,9,56,48,"2011-08-21 09:56:48",4.413,"Mw",-1.068,-78.3167,7.4,TRUE,0
3709,2011,8,25,12,50,36,"2011-08-25 12:50:36",4.227,"Mw",-2.1452,-79.733,26.31,FALSE,0
3710,2011,8,26,0,44,38,"2011-08-26 00:44:38",4.041,"Mw",-1.006,-79.778,31.8,TRUE,0
3711,2011,8,26,4,29,42,"2011-08-26 04:29:42",4.041,"Mw",1.031,-79.0285,31.27,TRUE,0
3712,2011,8,26,13,35,28,"2011-08-26 13:35:28",4.227,"Mw",-2.0049,-80.1028,14.59,TRUE,0
3713,2011,8,27,18,30,1,"2011-08-27 18:30:01",4.134,"Mw",-3.1429,-79.6393,12,FALSE,0
3714,2011,8,28,15,22,57,"2011-08-28 15:22:57",4.32,"Mw",-1.9864,-80.0679,10,TRUE,0
3715,2012,1,2,13,2,44,"2012-01-02 13:02:44",4.0173,"Mw",-1.519048,-80.999382,10,TRUE,0
3716,2012,1,2,14,10,0,"2012-01-02 14:10:00",4.0173,"Mw",-1.291955,-80.529152,12,TRUE,0
3717,2012,1,5,1,18,17,"2012-01-05 01:18:17",4.0173,"Mw",-1.822281,-81.669304,5,TRUE,0
3718,2012,1,5,8,43,48,"2012-01-05 08:43:48",4.0994,"Mw",-1.65155,-81.5121,10,TRUE,1
3719,2012,1,6,2,16,44,"2012-01-06 02:16:44",4.0173,"Mw",-1.675611,-81.5979,10,FALSE,0
3720,2012,1,6,12,20,20,"2012-01-06 12:20:20",4.0994,"Mw",-0.787565,-79.611374,12.83,TRUE,0
3721,2012,1,10,18,7,9,"2012-01-10 18:07:09",5.0025,"Mw",-0.832822,-80.45047,4.85,TRUE,1
3722,2012,1,12,6,58,55,"2012-01-12 06:58:55",4.4,"Mw",0.622367,-80.110153,6.34,TRUE,0
3723,2012,1,15,23,29,17,"2012-01-15 23:29:17",4.8383,"Mw",-2.270808,-81.35601,22,TRUE,1
3724,2012,1,16,11,53,13,"2012-01-16 11:53:13",4.3457,"Mw",-2.730975,-79.124794,8.9,TRUE,0
3725,2012,1,19,10,18,2,"2012-01-19 10:18:02",5.413,"Mw",-2.684887,-82.864136,30.25,TRUE,0
3726,2012,1,19,10,59,46,"2012-01-19 10:59:46",4.2636,"Mw",-1.726836,-75.61264,12,TRUE,0
3727,2012,1,21,17,11,50,"2012-01-21 17:11:50",4.3457,"Mw",-1.80263,-81.691048,10,TRUE,0
3728,2012,1,26,19,1,8,"2012-01-26 19:01:08",4.1815,"Mw",-2.64302,-77.283661,12,TRUE,0
3729,2012,2,5,6,13,33,"2012-02-05 06:13:33",4.0173,"Mw",-0.68683,-80.366196,3.71,FALSE,0
3730,2012,2,5,18,57,42,"2012-02-05 18:57:42",4.1815,"Mw",-3.095794,-79.605865,12,TRUE,0
3731,2012,2,6,17,59,50,"2012-02-06 17:59:50",4.4278,"Mw",-2.844537,-78.323608,12,TRUE,0
3732,2012,2,7,0,59,48,"2012-02-07 00:59:48",4.3457,"Mw",-1.736335,-81.226662,6,TRUE,0
3733,2012,2,8,10,54,42,"2012-02-08 10:54:42",5.9,"Mw",0.732507,-79.3405,23.21,TRUE,3
3734,2012,2,9,8,2,20,"2012-02-09 08:02:20",4.1815,"Mw",-1.261605,-80.772102,25.76,TRUE,0
3735,2012,2,11,2,36,54,"2012-02-11 02:36:54",4.5099,"Mw",-2.146733,-81.463295,10,FALSE,0
3736,2012,2,18,7,23,27,"2012-02-18 07:23:27",4.4278,"Mw",-3.870405,-78.155922,18.07,TRUE,1
3737,2012,2,18,7,58,53,"2012-02-18 07:58:53",4.2636,"Mw",-3.953399,-78.451248,12,FALSE,0
3738,2012,2,19,21,16,38,"2012-02-19 21:16:38",4.0173,"Mw",-2.664264,-77.997314,35.36,TRUE,0
3739,2012,2,23,22,28,32,"2012-02-23 22:28:32",4.3457,"Mw",-3.430804,-80.079536,12,TRUE,0
3740,2012,2,24,2,56,46,"2012-02-24 02:56:46",4.9204,"Mw",-2.517906,-76.587593,136.2,TRUE,0
3741,2012,3,3,11,10,36,"2012-03-03 11:10:36",4.0173,"Mw",-2.43471,-77.42157,13.04,TRUE,0
3742,2012,3,6,18,14,11,"2012-03-06 18:14:11",4.6741,"Mw",-2.970834,-78.202721,65.42,TRUE,1
3743,2012,3,7,20,37,4,"2012-03-07 20:37:04",4.0173,"Mw",-1.777189,-77.936935,182.87,FALSE,0
3744,2012,3,8,5,18,29,"2012-03-08 05:18:29",4.3457,"Mw",-1.205987,-81.604652,6,TRUE,0
3745,2012,3,18,0,38,10,"2012-03-18 00:38:10",4.3,"Mw",-2.752638,-81.173248,10,TRUE,0
3746,2012,3,20,19,32,11,"2012-03-20 19:32:11",4.1,"Mw",-1.942551,-77.686707,229.27,FALSE,0
3747,2012,3,21,23,50,28,"2012-03-21 23:50:28",4.4278,"Mw",-2.899481,-78.252708,10,FALSE,0
3748,2012,3,25,3,43,55,"2012-03-25 03:43:55",4.4278,"Mw",-3.316063,-80.238907,12,TRUE,0
3749,2012,3,28,18,37,51,"2012-03-28 18:37:51",5.0025,"Mw",-1.515321,-81.706505,10,TRUE,3
3750,2012,3,28,18,44,24,"2012-03-28 18:44:24",4.7562,"Mw",-1.011667,-82.518608,5,TRUE,0
3751,2012,3,29,23,57,13,"2012-03-29 23:57:13",4.5099,"Mw",-2.031089,-78.644775,12,TRUE,0
3752,2012,4,1,8,17,24,"2012-04-01 08:17:24",4.6741,"Mw",-1.675405,-81.544289,10,FALSE,0
3753,2012,4,1,15,41,19,"2012-04-01 15:41:19",4.1815,"Mw",-0.939403,-78.278915,14,TRUE,0
3754,2012,4,3,14,19,17,"2012-04-03 14:19:17",4.1815,"Mw",-2.849367,-79.607719,12,TRUE,0
3755,2012,4,13,18,16,2,"2012-04-13 18:16:02",4.0173,"Mw",-1.780557,-80.527046,66.16,TRUE,0
3756,2012,4,25,11,18,57,"2012-04-25 11:18:57",4.1815,"Mw",-2.453556,-79.698219,29.38,TRUE,0
3757,2012,4,29,0,43,22,"2012-04-29 00:43:22",4.9204,"Mw",-2.389206,-79.852417,49.47,TRUE,2
3758,2012,4,29,23,42,31,"2012-04-29 23:42:31",4.3457,"Mw",-2.087147,-79.729095,25.89,FALSE,0
3759,2012,4,30,17,22,34,"2012-04-30 17:22:34",4.6741,"Mw",-1.994247,-77.757599,12,FALSE,0
3760,2012,5,3,3,22,47,"2012-05-03 03:22:47",4.0173,"Mw",-2.648643,-78.237854,12,TRUE,0
3761,2012,5,4,7,12,18,"2012-05-04 07:12:18",4.0173,"Mw",-3.430648,-78.904724,12,TRUE,0
3762,2012,5,4,10,11,51,"2012-05-04 10:11:51",4.2636,"Mw",-1.443008,-81.01973,12,TRUE,0
3763,2012,5,9,4,8,58,"2012-05-09 04:08:58",4.0173,"Mw",-3.805808,-78.527519,12,TRUE,0
3764,2012,5,12,3,31,16,"2012-05-12 03:31:16",4.1815,"Mw",-1.342487,-81.853752,12,FALSE,0
3765,2012,5,14,12,19,51,"2012-05-14 12:19:51",4,"Mw",0.282455,-80.055649,8,TRUE,0
3766,2012,5,16,12,41,12,"2012-05-16 12:41:12",4.2636,"Mw",-2.44372,-79.406067,6.79,TRUE,0
3767,2012,5,20,8,47,4,"2012-05-20 08:47:04",4.0994,"Mw",-0.246324,-77.510861,30.25,TRUE,0
3768,2012,5,20,11,34,15,"2012-05-20 11:34:15",4.1815,"Mw",-3.109898,-78.484108,12,TRUE,0
3769,2012,5,21,13,29,34,"2012-05-21 13:29:34",4.6741,"Mw",-0.913966,-82.672226,10,TRUE,0
3770,2012,5,23,10,24,7,"2012-05-23 10:24:07",4.592,"Mw",-1.871344,-78.197205,145.97,FALSE,0
3771,2012,5,25,6,58,58,"2012-05-25 06:58:58",4.4,"Mw",0.579413,-79.254189,6.34,FALSE,0
3772,2012,5,25,9,53,20,"2012-05-25 09:53:20",4.0994,"Mw",-2.592721,-77.56237,93.31,TRUE,0
3773,2012,5,27,16,31,44,"2012-05-27 16:31:44",4.3457,"Mw",-2.979764,-80.232651,4.8,TRUE,0
3774,2012,6,3,15,43,25,"2012-06-03 15:43:25",4.3457,"Mw",-2.259379,-79.736595,75.24,FALSE,0
3775,2012,6,5,9,26,30,"2012-06-05 09:26:30",4.0173,"Mw",-3.41262,-80.532295,12,TRUE,0
3776,2012,6,8,4,18,59,"2012-06-08 04:18:59",5.3309,"Mw",-1.915964,-81.615837,12,TRUE,5
3777,2012,6,8,4,47,57,"2012-06-08 04:47:57",4.0173,"Mw",-1.772799,-81.257172,10,FALSE,0
3778,2012,6,8,20,22,2,"2012-06-08 20:22:02",4.592,"Mw",-2.707688,-78.155991,12,TRUE,0
3779,2012,6,12,13,31,36,"2012-06-12 13:31:36",4.1815,"Mw",-2.497643,-77.46312,12,TRUE,0
3780,2012,6,13,12,2,47,"2012-06-13 12:02:47",4.3457,"Mw",-3.289292,-79.779968,12,TRUE,0
3781,2012,6,15,5,33,46,"2012-06-15 05:33:46",4.0173,"Mw",-1.417972,-81.472389,10,FALSE,0
3782,2012,6,15,15,47,59,"2012-06-15 15:47:59",4.4278,"Mw",-1.848189,-81.389931,10,FALSE,0
3783,2012,6,16,0,19,35,"2012-06-16 00:19:35",5.3309,"Mw",-2.486336,-76.521904,12,TRUE,0
3784,2012,6,16,20,35,13,"2012-06-16 20:35:13",4.7562,"Mw",-3.680805,-77.784668,12,TRUE,0
3785,2012,6,16,23,16,8,"2012-06-16 23:16:08",4.0173,"Mw",-3.092985,-78.004997,12,TRUE,0
3786,2012,6,18,13,34,46,"2012-06-18 13:34:46",5.0846,"Mw",-1.065161,-78.815834,5.15,TRUE,0
3787,2012,6,18,18,17,31,"2012-06-18 18:17:31",4.3457,"Mw",-3.168904,-80.592491,12,TRUE,1
3788,2012,6,21,11,38,32,"2012-06-21 11:38:32",4.3457,"Mw",-4.02837,-80.497353,12,TRUE,0
3789,2012,6,21,15,13,59,"2012-06-21 15:13:59",4.0173,"Mw",-3.066084,-77.695114,156.73,TRUE,0
3790,2012,6,24,18,41,50,"2012-06-24 18:41:50",4.2636,"Mw",-3.155826,-80.612541,12,FALSE,0
3791,2012,6,25,6,46,50,"2012-06-25 06:46:50",4.1,"Mw",0.856709,-79.719048,2.06,FALSE,0
3792,2012,6,25,11,49,53,"2012-06-25 11:49:53",4,"Mw",0.815694,-79.764572,5.34,FALSE,0
3793,2012,6,26,16,23,18,"2012-06-26 16:23:18",4.1815,"Mw",-1.852946,-81.029205,10,TRUE,1
3794,2012,6,27,11,54,18,"2012-06-27 11:54:18",4.0994,"Mw",-2.019217,-81.114967,10,FALSE,0
3795,2012,6,27,12,17,24,"2012-06-27 12:17:24",5.1667,"Mw",-1.699537,-81.100304,10,TRUE,4
3796,2012,6,27,14,18,47,"2012-06-27 14:18:47",4.4,"Mw",-1.858758,-81.327538,15,FALSE,0
3797,2012,6,27,14,22,21,"2012-06-27 14:22:21",4.592,"Mw",-1.800901,-81.11496,10,FALSE,0
3798,2012,6,27,15,37,25,"2012-06-27 15:37:25",4.6741,"Mw",-1.769949,-81.017738,10,FALSE,0
3799,2012,6,28,17,40,6,"2012-06-28 17:40:06",4.5099,"Mw",-1.77376,-81.002075,10,FALSE,0
3800,2012,6,28,20,56,41,"2012-06-28 20:56:41",5.0025,"Mw",-1.773166,-81.346451,10,FALSE,0
3801,2012,6,28,23,57,26,"2012-06-28 23:57:26",4.1815,"Mw",-0.772994,-81.188423,10,TRUE,0
3802,2012,7,3,21,58,40,"2012-07-03 21:58:40",4.1815,"Mw",-0.918261,-80.642654,13.44,TRUE,0
3803,2012,7,10,15,21,15,"2012-07-10 15:21:15",4.592,"Mw",-2.322444,-79.899513,49.43,TRUE,0
3804,2012,7,11,8,31,44,"2012-07-11 08:31:44",4.3457,"Mw",-1.866246,-81.254013,10,FALSE,0
3805,2012,7,11,15,15,55,"2012-07-11 15:15:55",4.971,"Mw",1.748413,-90.529305,81.75,TRUE,0
3806,2012,7,15,6,51,23,"2012-07-15 06:51:23",4.1815,"Mw",-1.704626,-77.929848,178.58,FALSE,0
3807,2012,7,19,4,41,0,"2012-07-19 04:41:00",4.0994,"Mw",-3.575974,-79.051155,96.49,TRUE,0
3808,2012,7,22,6,52,51,"2012-07-22 06:52:51",4.0173,"Mw",-2.44699,-79.466522,60.48,TRUE,0
3809,2012,7,24,1,33,0,"2012-07-24 01:33:00",4.1815,"Mw",-0.335792,-77.551056,12,TRUE,0
3810,2012,7,24,15,27,54,"2012-07-24 15:27:54",4.0173,"Mw",-1.624083,-76.561737,12,TRUE,0
3811,2012,7,25,17,55,13,"2012-07-25 17:55:13",4.4278,"Mw",-2.731226,-80.536285,10,TRUE,0
3812,2012,7,30,3,23,13,"2012-07-30 03:23:13",4.7562,"Mw",0.932929,-84.937309,10,TRUE,0
3813,2012,7,30,5,19,44,"2012-07-30 05:19:44",5.2488,"Mw",-1.94461,-80.777,10,TRUE,0
3814,2012,8,4,2,22,47,"2012-08-04 02:22:47",4.8383,"Mw",-4.225094,-81.620361,3.83,TRUE,0
3815,2012,8,9,10,52,0,"2012-08-09 10:52:00",4.4278,"Mw",-1.929222,-77.404808,12,FALSE,0
3816,2012,8,13,4,49,7,"2012-08-13 04:49:07",4.4,"Mw",-1.372823,-80.52729,12,TRUE,0
3817,2012,8,24,16,8,29,"2012-08-24 16:08:29",4.7,"Mw",-0.508959,-80.810616,7,TRUE,0
3818,2012,8,30,23,0,35,"2012-08-30 23:00:35",5,"Mw",-3.145411,-79.778488,9.4,TRUE,0
3819,2012,8,31,5,16,7,"2012-08-31 05:16:07",4.1,"Mw",-1.486724,-80.764359,8.61,FALSE,0
3820,2012,9,2,19,41,45,"2012-09-02 19:41:45",4,"Mw",-1.228161,-79.664078,68.46,TRUE,0
3821,2012,9,5,2,12,8,"2012-09-05 02:12:08",4.2,"Mw",-3.072214,-76.00782,12,TRUE,0
3822,2013,1,9,12,26,27,"2013-01-09 12:26:27",4.2,"Mw",0.975811,-79.006203,4.69,TRUE,0
3823,2013,1,17,13,12,41,"2013-01-17 13:12:41",4.8,"Mw",-1.110897,-80.834602,10,TRUE,0
3824,2013,1,18,21,1,18,"2013-01-18 21:01:18",4.2,"Mw",-1.405877,-81.282555,10,TRUE,0
3825,2013,1,19,5,26,43,"2013-01-19 05:26:43",4,"Mw",-3.465352,-79.219872,44.22,TRUE,0
3826,2013,1,19,11,19,1,"2013-01-19 11:19:01",4.2,"Mw",-1.489702,-81.454567,6,TRUE,0
3827,2013,1,19,14,25,31,"2013-01-19 14:25:31",4,"Mw",-1.758179,-81.160454,6,TRUE,0
3828,2013,1,20,7,2,53,"2013-01-20 07:02:53",4.9,"Mw",-1.463285,-81.358131,23.32,TRUE,0
3829,2013,1,27,22,42,59,"2013-01-27 22:42:59",4.1,"Mw",-3.236909,-80.836205,12.35,TRUE,0
3830,2013,1,27,22,42,59,"2013-01-27 22:42:59",4.2,"Mw",-3.366659,-80.596245,4.2,TRUE,0
3831,2013,2,6,8,4,41,"2013-02-06 08:04:41",4.2,"Mw",0.644667,-77.335953,10,TRUE,0
3832,2013,2,7,7,35,31,"2013-02-07 07:35:31",4.1,"Mw",0.277018,-80.075478,0.63,TRUE,0
3833,2013,2,10,5,19,59,"2013-02-10 05:19:59",4.5,"Mw",0.374871,-82.616531,10,TRUE,0
3834,2013,2,24,8,59,57,"2013-02-24 08:59:57",4.8,"Mw",1.040795,-79.001549,12,TRUE,0
3835,2013,2,27,15,56,9,"2013-02-27 15:56:09",5.1,"Mw",-3.554908,-79.042534,112.07,TRUE,0
3836,2013,3,9,0,47,7,"2013-03-09 00:47:07",4,"Mw",-0.08705,-80.336517,11.3,TRUE,0
3837,2013,3,9,0,55,19,"2013-03-09 00:55:19",4,"Mw",-2.387939,-81.062874,10.19,TRUE,0
3838,2013,3,12,3,46,24,"2013-03-12 03:46:24",4.3,"Mw",-1.350488,-80.420349,12,TRUE,0
3839,2013,3,12,21,24,50,"2013-03-12 21:24:50",4.1,"Mw",-3.031053,-77.696793,6.37,TRUE,0
3840,2013,3,15,12,4,25,"2013-03-15 12:04:25",4.2,"Mw",-1.471829,-81.165993,10,TRUE,2
3841,2013,3,15,12,47,30,"2013-03-15 12:47:30",4,"Mw",-1.494075,-81.169159,10,FALSE,0
3842,2013,3,15,12,56,18,"2013-03-15 12:56:18",4.1,"Mw",-1.516964,-81.052055,10,FALSE,0
3843,2013,3,25,10,41,4,"2013-03-25 10:41:04",4,"Mw",-2.655072,-76.396912,107.06,TRUE,0
3844,2013,3,26,2,58,56,"2013-03-26 02:58:56",4,"Mw",-2.144974,-77.290619,12,TRUE,0
3845,2013,4,3,8,13,47,"2013-04-03 08:13:47",4.4,"Mw",-1.884565,-80.299828,17.61,TRUE,0
3846,2013,4,4,7,30,42,"2013-04-04 07:30:42",4.7,"Mw",-3.869763,-80.341568,24.17,TRUE,0
3847,2013,4,5,2,19,23,"2013-04-05 02:19:23",4.5,"Mw",-0.992904,-80.940758,7,TRUE,2
3848,2013,4,5,7,22,56,"2013-04-05 07:22:56",4.1,"Mw",-1.026646,-80.899467,10,FALSE,0
3849,2013,4,10,0,52,46,"2013-04-10 00:52:46",4.9,"Mw",-2.212117,-79.811203,79,TRUE,2
3850,2013,4,21,15,43,58,"2013-04-21 15:43:58",4.3,"Mw",-1.202074,-81.148766,12,FALSE,0
3851,2013,4,23,11,39,9,"2013-04-23 11:39:09",4,"Mw",-2.262535,-80.027802,28.2,FALSE,0
3852,2013,4,23,21,15,22,"2013-04-23 21:15:22",4.3,"Mw",-2.008281,-77.853065,182.35,TRUE,0
3853,2013,4,27,11,18,40,"2013-04-27 11:18:40",4.2,"Mw",-3.099118,-79.309113,37.38,TRUE,0
3854,2013,4,29,2,32,50,"2013-04-29 02:32:50",5.2,"Mw",-3.350787,-78.880798,80.31,TRUE,0
3855,2013,5,7,20,23,47,"2013-05-07 20:23:47",4,"Mw",-2.344407,-79.825821,44.61,FALSE,0
3856,2013,5,12,13,14,31,"2013-05-12 13:14:31",4.8,"Mw",-3.467066,-77.967247,30.64,TRUE,0
3857,2013,5,14,13,16,35,"2013-05-14 13:16:35",4,"Mw",-1.509377,-77.992409,179.31,TRUE,0
3858,2013,5,15,0,17,30,"2013-05-15 00:17:30",4,"Mw",-4.559807,-79.886124,10.02,TRUE,0
3859,2013,5,17,7,46,57,"2013-05-17 07:46:57",4,"Mw",-1.746022,-78.72377,5,TRUE,0
3860,2013,5,17,11,47,54,"2013-05-17 11:47:54",4.2,"Mw",0.890826,-77.312645,20,TRUE,0
3861,2013,5,24,5,42,4,"2013-05-24 05:42:04",5,"Mw",-1.692482,-78.307625,3.58,TRUE,0
3862,2013,5,26,3,58,58,"2013-05-26 03:58:58",4.3,"Mw",-3.100661,-80.365204,5,TRUE,0
3863,2013,5,29,2,31,50,"2013-05-29 02:31:50",4.3,"Mw",0.537009,-83.778694,6,TRUE,0
3864,2013,5,29,5,46,30,"2013-05-29 05:46:30",4,"Mw",0.647212,-79.23317,3.32,TRUE,0
3865,2013,5,29,6,12,14,"2013-05-29 06:12:14",4.4,"Mw",0.874174,-84.854256,4.54,TRUE,0
3866,2013,6,12,19,58,14,"2013-06-12 19:58:14",4.6,"Mw",-1.409733,-79.008598,100.18,TRUE,0
3867,2013,6,13,18,8,37,"2013-06-13 18:08:37",4.8,"Mw",-3.002777,-77.91478,35,TRUE,0
3868,2013,6,13,20,40,8,"2013-06-13 20:40:08",4,"Mw",-2.432407,-77.774353,113.31,TRUE,0
3869,2013,6,15,14,43,32,"2013-06-15 14:43:32",4,"Mw",-2.323994,-79.756325,50.15,TRUE,0
3870,2013,6,17,16,0,44,"2013-06-17 16:00:44",4.4,"Mw",-1.262639,-80.758652,13.62,TRUE,0
3871,2013,6,18,6,43,6,"2013-06-18 06:43:06",4.5,"Mw",-3.859446,-79.102577,77.51,TRUE,0
3872,2013,6,23,9,1,18,"2013-06-23 09:01:18",4.1,"Mw",-0.589264,-79.450615,10.31,TRUE,0
3873,2013,6,26,10,51,28,"2013-06-26 10:51:28",5.1,"Mw",-2.875982,-80.65699,16.18,TRUE,0
3874,2013,6,29,13,46,24,"2013-06-29 13:46:24",4.6,"Mw",-4.092062,-80.453949,10,TRUE,0
3875,2013,7,1,6,1,29,"2013-07-01 06:01:29",4.3,"Mw",-0.8195,-80.631676,20.43,TRUE,1
3876,2013,7,11,23,8,13,"2013-07-11 23:08:13",4.3,"Mw",-2.358809,-79.126007,10,TRUE,0
3877,2013,7,12,12,37,7,"2013-07-12 12:37:07",4.1,"Mw",-3.693848,-79.845314,10,TRUE,0
3878,2013,7,15,2,36,56,"2013-07-15 02:36:56",4.2,"Mw",-0.776794,-80.497101,10,FALSE,0
3879,2013,7,19,15,3,25,"2013-07-19 15:03:25",4.4,"Mw",-2.400366,-79.806572,40.55,TRUE,0
3880,2013,7,22,21,37,11,"2013-07-22 21:37:11",4,"Mw",-1.634492,-80.910957,10,TRUE,0
3881,2013,8,2,21,29,0,"2013-08-02 21:29:00",4.2,"Mw",-1.967055,-80.06057,42.13,TRUE,0
3882,2013,8,16,5,29,56,"2013-08-16 05:29:56",4.1,"Mw",-2.867465,-78.576973,35,TRUE,0
3883,2013,8,22,15,50,37,"2013-08-22 15:50:37",4.4,"Mw",-2.019571,-77.919044,152.25,TRUE,0
3884,2013,8,25,20,42,7,"2013-08-25 20:42:07",4,"Mw",-2.293074,-80.596817,10.18,TRUE,0
3885,2013,8,29,23,56,0,"2013-08-29 23:56:00",4.1,"Mw",-2.10541,-78.906067,10,TRUE,0
3886,2013,8,30,17,47,45,"2013-08-30 17:47:45",4,"Mw",-3.753658,-79.945396,10,TRUE,0
3887,2013,9,6,16,24,48,"2013-09-06 16:24:48",4.5,"Mw",-2.09566,-80.131912,45.01,TRUE,0
3888,2013,9,11,3,15,0,"2013-09-11 03:15:00",4,"Mw",-2.38307,-79.720428,20.74,TRUE,0
3889,2013,9,14,17,0,8,"2013-09-14 17:00:08",4.5,"Mw",-2.228831,-79.074631,84.81,TRUE,0
3890,2013,9,17,23,3,53,"2013-09-17 23:03:53",4.9,"Mw",-2.485686,-77.176628,24,TRUE,0
3891,2013,9,18,11,51,49,"2013-09-18 11:51:49",4.4,"Mw",-0.665057,-80.646141,20,TRUE,0
3892,2013,9,21,14,4,29,"2013-09-21 14:04:29",4.7,"Mw",-3.507545,-78.099091,30,TRUE,0
3893,2013,9,23,7,55,52,"2013-09-23 07:55:52",4.4,"Mw",-1.748155,-78.109177,146.32,TRUE,0
3894,2013,9,24,12,47,32,"2013-09-24 12:47:32",4.4,"Mw",-3.063028,-79.331711,10,TRUE,0
3895,2013,10,1,10,45,26,"2013-10-01 10:45:26",4.4,"Mw",-2.286565,-79.747116,30.11,TRUE,0
3896,2013,10,2,0,57,56,"2013-10-02 00:57:56",5.1,"Mw",0.735877,-89.778305,10,TRUE,0
3897,2013,10,6,17,58,10,"2013-10-06 17:58:10",4.2,"Mw",-1.639815,-79.849709,25.82,TRUE,0
3898,2013,10,11,12,17,48,"2013-10-11 12:17:48",4,"Mw",-2.918648,-80.239777,34.36,TRUE,0
3899,2013,10,11,17,39,56,"2013-10-11 17:39:56",4.6,"Mw",-1.741335,-80.388725,4.59,TRUE,0
3900,2013,10,18,1,32,32,"2013-10-18 01:32:32",5,"Mw",-1.005866,-81.408897,10,TRUE,1
3901,2013,10,18,3,16,56,"2013-10-18 03:16:56",4.2,"Mw",-2.711376,-79.816292,4.67,TRUE,0
3902,2013,10,18,21,10,41,"2013-10-18 21:10:41",4,"Mw",-1.736833,-81.496544,26.41,TRUE,0
3903,2013,10,19,4,48,24,"2013-10-19 04:48:24",4.7,"Mw",-1.622521,-81.266884,11.84,TRUE,0
3904,2013,10,19,5,32,35,"2013-10-19 05:32:35",4.9,"Mw",-1.606119,-81.251556,10.52,TRUE,0
3905,2013,10,24,0,37,20,"2013-10-24 00:37:20",4.6,"Mw",-2.055781,-79.791267,57.34,TRUE,0
3906,2013,11,1,7,30,4,"2013-11-01 07:30:04",4.5,"Mw",0.263466,-80.044571,3.31,TRUE,0
3907,2013,11,4,10,36,31,"2013-11-04 10:36:31",4.3,"Mw",-5.227706,-81.248688,24.32,TRUE,0
3908,2013,11,6,20,34,6,"2013-11-06 20:34:06",4.2,"Mw",-0.972133,-81.018013,10,FALSE,0
3909,2013,11,10,9,29,17,"2013-11-10 09:29:17",4,"Mw",1.005796,-78.93293,70.02,TRUE,0
3910,2013,11,16,21,51,20,"2013-11-16 21:51:20",4.1,"Mw",-2.590956,-78.620178,81.3,TRUE,0
3911,2013,11,19,1,31,57,"2013-11-19 01:31:57",4,"Mw",-3.928121,-79.997314,37.19,TRUE,0
3912,2013,11,25,16,40,11,"2013-11-25 16:40:11",4.2,"Mw",-2.565354,-78.065384,5,TRUE,0
3913,2013,11,25,19,42,58,"2013-11-25 19:42:58",5.2,"Mw",-3.278933,-80.28688,39,TRUE,1
3914,2013,11,27,9,36,43,"2013-11-27 09:36:43",4.5,"Mw",1.120783,-84.722298,10,TRUE,0
3915,2013,11,28,3,24,3,"2013-11-28 03:24:03",4.1,"Mw",-1.685554,-80.424591,8,TRUE,0
3916,2013,11,30,16,38,53,"2013-11-30 16:38:53",5.2,"Mw",-2.677687,-77.236855,21.73,TRUE,0
3917,2013,12,5,19,42,49,"2013-12-05 19:42:49",4.6,"Mw",-2.240331,-79.847488,43.74,TRUE,1
3918,2013,12,12,3,40,29,"2013-12-12 03:40:29",4.1,"Mw",0.700041,-80.221786,0,TRUE,0
3919,2013,12,12,3,46,22,"2013-12-12 03:46:22",4.7,"Mw",0.827715,-80.392761,12,TRUE,1
3920,2013,12,12,21,18,50,"2013-12-12 21:18:50",4,"Mw",0.767426,-80.286255,12,FALSE,0
3921,2013,12,14,1,41,12,"2013-12-14 01:41:12",5.3,"Mw",-2.927435,-80.818336,12.93,TRUE,0
3922,2013,12,22,4,40,14,"2013-12-22 04:40:14",4,"Mw",-2.051683,-79.839645,61.2,FALSE,0
3923,2013,12,24,21,18,55,"2013-12-24 21:18:55",4,"Mw",-0.340182,-79.254272,10,TRUE,0
3924,2014,1,20,2,40,4,"2014-01-20 02:40:04",4,"Mw",-3.726605,-80.406029,10,TRUE,0
3925,2014,1,20,4,36,16,"2014-01-20 04:36:16",4.3,"Mw",-1.992383,-78.964111,10,TRUE,0
3926,2014,2,6,2,49,17,"2014-02-06 02:49:17",4.2,"Mw",-0.192261,-77.279663,11.24,TRUE,0
3927,2014,2,16,5,10,31,"2014-02-16 05:10:31",4.4,"Mw",-3.268127,-80.153114,5.3,FALSE,0
3928,2014,2,16,16,56,19,"2014-02-16 16:56:19",4,"Mw",-3.107556,-78.906502,37.72,TRUE,0
3929,2014,2,21,12,42,6,"2014-02-21 12:42:06",4.8,"Mw",0.19536,-79.248146,11.42,TRUE,0
3930,2014,3,6,2,31,26,"2014-03-06 02:31:26",4,"Mw",-4.2968,-79.81189,50.32,TRUE,0
3931,2014,3,9,2,10,57,"2014-03-09 02:10:57",4.3,"Mw",0.520615,-77.652512,8,TRUE,0
3932,2014,3,9,20,29,55,"2014-03-09 20:29:55",5.3,"Mw",1.61205,-79.414543,8.2,TRUE,0
3933,2014,3,14,20,53,54,"2014-03-14 20:53:54",5.1,"Mw",-2.091385,-79.871513,52,TRUE,0
3934,2014,3,16,22,10,9,"2014-03-16 22:10:09",4.1,"Mw",-0.724931,-81.056015,8,TRUE,0
3935,2014,3,17,5,0,23,"2014-03-17 05:00:23",4,"Mw",-1.014384,-77.836617,8,TRUE,0
3936,2014,3,21,6,41,43,"2014-03-21 06:41:43",4.1,"Mw",-3.185747,-80.595482,5.18,TRUE,0
3937,2014,3,22,15,47,50,"2014-03-22 15:47:50",4.7,"Mw",-2.713149,-79.64238,8.7,TRUE,0
3938,2014,3,25,9,54,34,"2014-03-25 09:54:34",4.1,"Mw",-2.257904,-79.281319,9.18,TRUE,0
3939,2014,3,25,9,56,27,"2014-03-25 09:56:27",5.5,"Mw",-2.263617,-79.302383,9.14,TRUE,6
3940,2014,3,25,10,4,52,"2014-03-25 10:04:52",4.2,"Mw",-2.252494,-79.233185,4.05,FALSE,0
3941,2014,3,25,10,8,28,"2014-03-25 10:08:28",4.1,"Mw",-2.220463,-79.270844,4.03,FALSE,0
3942,2014,3,25,10,35,55,"2014-03-25 10:35:55",4,"Mw",-2.234662,-79.2687,5.04,FALSE,0
3943,2014,3,25,15,11,38,"2014-03-25 15:11:38",4.2,"Mw",-2.242014,-79.258537,5.37,FALSE,0
3944,2014,3,27,7,34,10,"2014-03-27 07:34:10",4.1,"Mw",-2.04322,-77.242088,6.66,TRUE,0
3945,2014,3,27,11,2,14,"2014-03-27 11:02:14",4.2,"Mw",-2.241107,-79.258301,4.19,FALSE,0
3946,2014,5,12,4,15,27,"2014-05-12 04:15:27",4.7,"Mw",-4.178342,-80.464119,30,TRUE,0
3947,2014,5,20,19,28,8,"2014-05-20 19:28:08",4,"Mw",0.164684,-91.361465,23.29,TRUE,0
3948,2014,5,26,12,46,24,"2014-05-26 12:46:24",4,"Mw",-2.430228,-80.333359,28.04,TRUE,0
3949,2014,5,29,22,15,10,"2014-05-29 22:15:10",4.1,"Mw",-1.701228,-78.15303,157.73,TRUE,0
3950,2014,6,2,6,37,38,"2014-06-02 06:37:38",4.5,"Mw",-1.617122,-77.944328,172.68,TRUE,0
3951,2014,6,9,16,41,47,"2014-06-09 16:41:47",4.1,"Mw",-3.194314,-76.728279,18.82,TRUE,0
3952,2014,6,13,18,10,42,"2014-06-13 18:10:42",4.6,"Mw",-1.160889,-81.156006,3.31,TRUE,0
3953,2014,6,16,6,39,37,"2014-06-16 06:39:37",5.7,"Mw",1.571355,-79.147606,10,TRUE,1
3954,2014,6,20,6,26,31,"2014-06-20 06:26:31",4.2,"Mw",-3.567922,-81.014488,3.44,TRUE,0
3955,2014,7,8,7,28,51,"2014-07-08 07:28:51",4.4278,"Mw",-0.947199,-77.483547,26.21,TRUE,0
3956,2014,7,9,14,22,28,"2014-07-09 14:22:28",4.1,"Mw",-3.671246,-79.996864,67.53,TRUE,0
3957,2014,7,16,23,19,40,"2014-07-16 23:19:40",4.6,"Mw",-4.097424,-77.969246,20.75,TRUE,0
3958,2014,7,18,12,8,36,"2014-07-18 12:08:36",4.1,"Mw",-1.881337,-80.318871,6,TRUE,0
3959,2014,7,20,19,26,38,"2014-07-20 19:26:38",4,"Mw",-2.154169,-79.289177,10,FALSE,0
3960,2014,7,21,16,49,0,"2014-07-21 16:49:00",4,"Mw",-1.724209,-77.864342,160.72,TRUE,0
3961,2014,7,28,15,26,39,"2014-07-28 15:26:39",4.6,"Mw",-4.943874,-79.538521,62.19,TRUE,0
3962,2014,8,3,3,57,0,"2014-08-03 03:57:00",4.9,"Mw",-1.880313,-78.128387,149.81,TRUE,0
3963,2014,8,12,19,57,58,"2014-08-12 19:57:58",5.0846,"Mw",-0.050748,-78.418442,6.08,TRUE,6
3964,2014,8,12,20,2,21,"2014-08-12 20:02:21",4.0994,"Mw",-0.061485,-78.399765,3.46,FALSE,0
3965,2014,8,13,16,23,20,"2014-08-13 16:23:20",4.0994,"Mw",-0.058321,-78.419189,4.61,FALSE,0
3966,2014,8,14,4,16,11,"2014-08-14 04:16:11",4.0173,"Mw",-0.057056,-78.432892,6.63,FALSE,0
3967,2014,8,16,15,8,21,"2014-08-16 15:08:21",4.6741,"Mw",-0.048059,-78.418938,5.44,FALSE,0
3968,2014,8,16,17,27,33,"2014-08-16 17:27:33",4.0173,"Mw",-0.048777,-78.419426,6.04,FALSE,0
3969,2014,8,17,16,30,30,"2014-08-17 16:30:30",4.0994,"Mw",-0.056771,-78.406212,5.4,FALSE,0
3970,2014,8,21,8,9,57,"2014-08-21 08:09:57",4.3,"Mw",-2.853653,-78.049126,79.45,TRUE,0
3971,2014,8,24,11,16,2,"2014-08-24 11:16:02",4.5,"Mw",-4.460872,-80.646255,10,TRUE,0
3972,2014,8,26,21,31,57,"2014-08-26 21:31:57",4.6,"Mw",-3.278649,-81.027107,10,TRUE,0
3973,2014,8,31,5,3,43,"2014-08-31 05:03:43",4.6,"Mw",0.224329,-80.66629,6.73,TRUE,0
3974,2014,9,7,21,57,54,"2014-09-07 21:57:54",4.2,"Mw",-3.591372,-78.170219,10,TRUE,1
3975,2014,9,9,7,12,38,"2014-09-09 07:12:38",5.2,"Mw",-4.202366,-80.404457,49.83,TRUE,1
3976,2014,9,11,3,53,45,"2014-09-11 03:53:45",6,"Mw",0.938068,-78.478226,12,TRUE,0
3977,2014,9,13,4,6,50,"2014-09-13 04:06:50",4,"Mw",-3.72671,-78.140778,10,FALSE,0
3978,2014,9,27,5,44,38,"2014-09-27 05:44:38",4.1,"Mw",-4.092273,-77.062523,10.55,TRUE,0
3979,2014,9,29,5,50,25,"2014-09-29 05:50:25",4.7,"Mw",-0.762276,-81.328201,3.85,TRUE,1
3980,2014,10,3,9,7,10,"2014-10-03 09:07:10",4.2,"Mw",-2.702749,-78.021904,7.49,TRUE,0
3981,2014,10,3,14,53,6,"2014-10-03 14:53:06",4.9,"Mw",-3.563527,-79.918236,47.09,TRUE,0
3982,2014,10,6,1,4,15,"2014-10-06 01:04:15",4.1,"Mw",-3.1826,-78.173492,87.45,TRUE,0
3983,2014,10,11,23,27,7,"2014-10-11 23:27:07",4.6,"Mw",1.576045,-79.54377,14.8,FALSE,0
3984,2014,10,15,1,25,47,"2014-10-15 01:25:47",4.5,"Mw",-2.116376,-79.486176,74.63,TRUE,0
3985,2014,10,18,10,25,25,"2014-10-18 10:25:25",4.1,"Mw",-3.511815,-75.807587,20.52,TRUE,0
3986,2014,10,20,19,45,57,"2014-10-20 19:45:57",4.3,"Mw",0.754589,-77.899101,5.39,TRUE,0
3987,2014,10,20,19,45,57,"2014-10-20 19:45:57",4.3,"Mw",0.757464,-77.895805,7.03,TRUE,0
3988,2014,10,20,20,28,52,"2014-10-20 20:28:52",4.5,"Mw",0.752339,-77.906441,6.54,TRUE,0
3989,2014,10,22,5,18,56,"2014-10-22 05:18:56",4.2,"Mw",-3.402367,-80.888519,10,TRUE,0
3990,2014,10,31,2,37,44,"2014-10-31 02:37:44",4,"Mw",-1.547727,-80.446968,3.57,TRUE,0
3991,2014,11,3,21,42,33,"2014-11-03 21:42:33",4.2,"Mw",-0.664556,-81.062645,6,FALSE,0
3992,2014,11,7,13,25,26,"2014-11-07 13:25:26",4,"Mw",-1.061178,-80.99263,10,TRUE,0
3993,2014,11,9,13,26,40,"2014-11-09 13:26:40",5.3,"Mw",-5.856019,-78.733131,10,TRUE,0
3994,2014,11,9,22,1,49,"2014-11-09 22:01:49",4.5,"Mw",-4.060135,-80.215637,33.83,FALSE,0
3995,2014,11,11,14,2,42,"2014-11-11 14:02:42",4.6,"Mw",-1.838018,-78.454155,141.66,TRUE,0
3996,2014,11,12,22,17,56,"2014-11-12 22:17:56",4.2,"Mw",0.402026,-83.180229,10,TRUE,0
3997,2014,11,14,4,30,56,"2014-11-14 04:30:56",4,"Mw",0.814777,-82.409447,10,TRUE,0
3998,2014,11,15,20,57,21,"2014-11-15 20:57:21",4,"Mw",-2.994386,-81.115028,10,TRUE,0
3999,2014,11,26,11,18,29,"2014-11-26 11:18:29",4.8,"Mw",-2.898881,-79.847786,5.03,TRUE,1
4000,2014,11,28,4,6,15,"2014-11-28 04:06:15",4.4,"Mw",-3.83297,-77.377533,9.32,TRUE,0
4001,2014,11,29,12,25,48,"2014-11-29 12:25:48",4.9,"Mw",-0.167627,-81.321266,2.59,TRUE,0
4002,2014,11,29,18,30,8,"2014-11-29 18:30:08",4.3,"Mw",-1.722181,-77.858452,175.91,TRUE,0
4003,2014,11,30,16,27,6,"2014-11-30 16:27:06",4.1,"Mw",-2.045205,-77.579742,10,TRUE,0
4004,2014,11,30,22,53,10,"2014-11-30 22:53:10",4.8,"Mw",-3.936427,-80.832222,12,TRUE,1
4005,2014,12,3,12,59,27,"2014-12-03 12:59:27",5.4,"Mw",-2.375735,-76.952484,156.6,TRUE,1
4006,2014,12,7,9,7,12,"2014-12-07 09:07:12",4.1,"Mw",0.742877,-77.852539,4.24,TRUE,0
4007,2014,12,9,16,49,16,"2014-12-09 16:49:16",4.8,"Mw",-2.248038,-79.590096,72.31,TRUE,0
4008,2014,12,11,0,31,17,"2014-12-11 00:31:17",4.2,"Mw",-2.025538,-79.000732,10,TRUE,0
4009,2014,12,14,6,57,23,"2014-12-14 06:57:23",4,"Mw",-4.151285,-80.562973,10,FALSE,0
4010,2014,12,21,17,40,35,"2014-12-21 17:40:35",4.7562,"Mw",-0.336395,-77.877532,14.23,TRUE,0
4011,2014,12,26,9,54,15,"2014-12-26 09:54:15",4.0173,"Mw",-0.052327,-78.357933,3.54,TRUE,0
4012,2014,12,28,0,18,38,"2014-12-28 00:18:38",4.3,"Mw",-1.430172,-80.584724,10,TRUE,0
4013,2014,12,31,17,54,52,"2014-12-31 17:54:52",4.5,"Mw",-3.082011,-79.971046,7.49,FALSE,0
4014,2015,1,10,3,5,57,"2015-01-10 03:05:57",4.5,"Mw",-3.306997,-77.322662,10,TRUE,0
4015,2015,1,12,1,54,33,"2015-01-12 01:54:33",4.4,"Mw",0.307818,-80.104309,6.87,TRUE,0
4016,2015,1,12,19,30,21,"2015-01-12 19:30:21",4.1,"Mw",-2.711608,-77.887131,10,TRUE,0
4017,2015,1,14,9,26,51,"2015-01-14 09:26:51",4.5,"Mw",-3.720212,-80.177956,37.88,TRUE,1
4018,2015,1,14,13,5,48,"2015-01-14 13:05:48",4.2,"Mw",-2.27743,-79.999657,29.89,TRUE,0
4019,2015,1,14,23,48,24,"2015-01-14 23:48:24",4.5,"Mw",0.480266,-83.345222,6,TRUE,2
4020,2015,1,15,15,50,0,"2015-01-15 15:50:00",4,"Mw",0.401349,-83.188225,5,FALSE,0
4021,2015,1,16,11,39,21,"2015-01-16 11:39:21",5.6,"Mw",-3.405499,-80.229073,38.55,TRUE,3
4022,2015,1,26,2,46,14,"2015-01-26 02:46:14",4,"Mw",-1.948945,-77.063644,8.37,FALSE,0
4023,2015,1,28,2,51,43,"2015-01-28 02:51:43",4.2,"Mw",-3.944675,-80.250999,45.84,FALSE,0
4024,2015,2,1,8,6,20,"2015-02-01 08:06:20",4,"Mw",0.078641,-77.476219,4.07,TRUE,0
4025,2015,2,1,23,32,59,"2015-02-01 23:32:59",5.6,"Mw",-3.920966,-76.916878,11.96,TRUE,2
4026,2015,2,10,2,14,9,"2015-02-10 02:14:09",4.5,"Mw",-0.82383,-80.992889,10,TRUE,0
4027,2015,2,13,7,37,4,"2015-02-13 07:37:04",4,"Mw",-1.959968,-78.022636,155.42,TRUE,0
4028,2015,2,13,19,38,54,"2015-02-13 19:38:54",4.6,"Mw",-3.069063,-78.757591,59.49,TRUE,0
4029,2015,2,16,14,3,46,"2015-02-16 14:03:46",4.4,"Mw",-2.671237,-79.171989,56.09,TRUE,0
4030,2015,2,21,6,46,51,"2015-02-21 06:46:51",4.4,"Mw",-4.286793,-80.34713,12.13,TRUE,0
4031,2015,2,25,13,41,31,"2015-02-25 13:41:31",4.1,"Mw",-2.128881,-79.49144,13.2,TRUE,0
4032,2015,2,26,4,22,1,"2015-02-26 04:22:01",4,"Mw",0.493945,-83.13929,7,FALSE,0
4033,2015,3,1,8,4,7,"2015-03-01 08:04:07",4.2,"Mw",-2.88813,-79.870628,10,TRUE,0
4034,2015,3,1,13,29,23,"2015-03-01 13:29:23",4.3,"Mw",0.595581,-77.123535,1.38,TRUE,0
4035,2015,3,2,20,3,33,"2015-03-02 20:03:33",4,"Mw",-2.897836,-80.698753,12.67,TRUE,0
4036,2015,3,6,18,4,44,"2015-03-06 18:04:44",4.1,"Mw",-3.151469,-80.675438,4.5,TRUE,0
4037,2015,3,8,7,52,6,"2015-03-08 07:52:06",4.8,"Mw",-4.083985,-82.745789,10,TRUE,0
4038,2015,3,11,14,38,36,"2015-03-11 14:38:36",4,"Mw",-0.902772,-79.488884,10,TRUE,0
4039,2015,3,14,18,41,34,"2015-03-14 18:41:34",4.1,"Mw",-0.158245,-80.688843,6.6,TRUE,1
4040,2015,3,15,23,44,16,"2015-03-15 23:44:16",4,"Mw",-0.117131,-80.659943,3.35,FALSE,0
4041,2015,3,16,1,50,29,"2015-03-16 01:50:29",4.2,"Mw",-0.185053,-80.661858,8.75,TRUE,0
4042,2015,3,19,11,51,55,"2015-03-19 11:51:55",5.4,"Mw",-3.352488,-80.748276,9.12,TRUE,1
4043,2015,3,20,0,54,50,"2015-03-20 00:54:50",4.2,"Mw",-4.119199,-79.839226,52.35,TRUE,0
4044,2015,3,27,21,59,37,"2015-03-27 21:59:37",5.2,"Mw",-1.352126,-77.895744,196.96,TRUE,2
4045,2015,3,29,17,40,24,"2015-03-29 17:40:24",4,"Mw",-3.808749,-76.770279,6.18,FALSE,0
4046,2015,4,6,10,45,40,"2015-04-06 10:45:40",4.3,"Mw",-1.653052,-77.972954,175.6,FALSE,0
4047,2015,4,15,10,12,28,"2015-04-15 10:12:28",4.3,"Mw",-2.345693,-79.797882,49.37,TRUE,0
4048,2015,4,23,0,22,4,"2015-04-23 00:22:04",4.5,"Mw",-4.880908,-80.827995,10,TRUE,0
4049,2015,4,28,11,19,52,"2015-04-28 11:19:52",5.8,"Mw",-2.156254,-79.846703,70.02,TRUE,4
4050,2015,4,29,1,31,30,"2015-04-29 01:31:30",4,"Mw",-2.847132,-79.823959,5.8,TRUE,0
4051,2015,4,29,16,31,47,"2015-04-29 16:31:47",4.4,"Mw",-2.165561,-77.09156,10,TRUE,0
4052,2015,5,1,7,42,34,"2015-05-01 07:42:34",5.2,"Mw",-3.202974,-80.653404,8.49,FALSE,0
4053,2015,5,2,2,17,39,"2015-05-02 02:17:39",4.1,"Mw",-3.726135,-78.300018,65.9,TRUE,0
4054,2015,5,9,20,5,56,"2015-05-09 20:05:56",4.2,"Mw",0.456742,-83.307755,10,TRUE,0
4055,2015,5,10,21,36,8,"2015-05-10 21:36:08",4.7,"Mw",-3.687326,-80.40683,22.27,FALSE,0
4056,2015,5,11,17,22,38,"2015-05-11 17:22:38",4.1,"Mw",-3.750034,-80.335709,24.09,FALSE,0
4057,2015,5,12,14,11,7,"2015-05-12 14:11:07",4.3,"Mw",-1.726271,-77.999268,167.22,FALSE,0
4058,2015,5,13,6,41,16,"2015-05-13 06:41:16",4.1,"Mw",-1.135018,-80.864372,4.82,TRUE,0
4059,2015,5,15,2,0,26,"2015-05-15 02:00:26",4,"Mw",0.290281,-79.146034,19.4,TRUE,0
4060,2015,5,20,22,34,31,"2015-05-20 22:34:31",5.5,"Mw",-3.097631,-77.78878,12,TRUE,2
4061,2015,5,22,6,2,37,"2015-05-22 06:02:37",4.7,"Mw",-1.426632,-81.040398,4.97,TRUE,1
4062,2015,5,22,20,21,33,"2015-05-22 20:21:33",4.1,"Mw",-1.489766,-81.054527,10,FALSE,0
4063,2015,5,24,2,1,44,"2015-05-24 02:01:44",4.9,"Mw",-3.537898,-81.730194,19.73,TRUE,0
4064,2015,5,25,4,12,23,"2015-05-25 04:12:23",4.5,"Mw",-3.167806,-80.53656,8.69,FALSE,0
4065,2015,5,26,14,30,26,"2015-05-26 14:30:26",4.2,"Mw",-4.316308,-80.351051,49.92,TRUE,0
4066,2015,5,27,21,13,29,"2015-05-27 21:13:29",4.1,"Mw",-2.280836,-77.907295,139.38,TRUE,0
4067,2015,5,30,6,26,6,"2015-05-30 06:26:06",5.9,"Mw",1.227043,-79.541428,10,TRUE,0
4068,2015,6,5,13,33,20,"2015-06-05 13:33:20",4.4,"Mw",-0.633464,-75.450729,10,TRUE,0
4069,2015,6,7,18,6,42,"2015-06-07 18:06:42",5,"Mw",1.714647,-91.180153,12.26,TRUE,0
4070,2015,6,7,18,38,36,"2015-06-07 18:38:36",4.1,"Mw",0.626848,-90.582405,9.13,TRUE,0
4071,2015,6,8,11,37,53,"2015-06-08 11:37:53",4.4,"Mw",1.901839,-91.627296,22,TRUE,0
4072,2015,6,9,23,37,29,"2015-06-09 23:37:29",4.4,"Mw",-1.757179,-77.574341,193.1,TRUE,0
4073,2015,6,11,8,29,5,"2015-06-11 08:29:05",5,"Mw",1.686507,-91.157875,22.9,TRUE,0
4074,2015,6,22,20,25,22,"2015-06-22 20:25:22",4.1,"Mw",-2.841826,-78.061409,10,FALSE,0
4075,2015,6,28,14,48,28,"2015-06-28 14:48:28",4.2,"Mw",-4.07836,-80.377731,27.11,TRUE,1
4076,2015,7,3,3,43,23,"2015-07-03 03:43:23",4.5,"Mw",-2.221519,-77.753311,10,TRUE,0
4077,2015,7,4,11,29,24,"2015-07-04 11:29:24",5,"Mw",-3.100573,-79.796669,40.68,TRUE,1
4078,2015,7,10,10,48,58,"2015-07-10 10:48:58",4,"Mw",-0.914593,-79.283516,95.16,TRUE,0
4079,2015,7,11,12,42,44,"2015-07-11 12:42:44",4.1,"Mw",-3.847765,-80.396919,13.52,FALSE,0
4080,2015,7,11,17,22,37,"2015-07-11 17:22:37",4.9,"Mw",-2.350213,-79.422806,75.65,TRUE,0
4081,2015,7,11,22,55,48,"2015-07-11 22:55:48",4.9,"Mw",-3.918779,-80.774841,12,TRUE,0
4082,2015,7,12,7,31,36,"2015-07-12 07:31:36",4.4,"Mw",-3.914808,-76.642342,86.83,FALSE,0
4083,2015,7,12,9,47,5,"2015-07-12 09:47:05",4.7,"Mw",-3.00896,-75.980499,10,TRUE,0
4084,2015,8,1,17,31,22,"2015-08-01 17:31:22",4.9,"Mw",-4.033898,-81.071846,7.85,TRUE,0
4085,2015,8,3,1,3,53,"2015-08-03 01:03:53",4,"Mw",-3.29261,-79.26487,36.05,TRUE,0
4086,2015,8,7,12,18,48,"2015-08-07 12:18:48",5.3,"Mw",0.913457,-85.381706,10,TRUE,1
4087,2015,8,7,13,48,33,"2015-08-07 13:48:33",5.2,"Mw",1.001531,-85.330986,19.33,FALSE,0
4088,2015,8,16,10,24,14,"2015-08-16 10:24:14",4,"Mw",-0.986498,-79.924576,5.28,TRUE,0
4089,2015,8,18,4,48,58,"2015-08-18 04:48:58",4.8,"Mw",-1.110003,-80.897385,9.73,TRUE,2
4090,2015,8,18,11,43,5,"2015-08-18 11:43:05",4.6,"Mw",-0.177442,-80.684128,6.89,TRUE,0
4091,2015,8,19,7,50,21,"2015-08-19 07:50:21",4.8,"Mw",-0.94597,-80.687042,12.84,TRUE,0
4092,2015,8,19,8,0,26,"2015-08-19 08:00:26",4.4,"Mw",-0.950066,-80.630638,9.37,FALSE,0
4093,2015,8,20,23,18,36,"2015-08-20 23:18:36",4.2,"Mw",-0.128053,-81.378174,10,TRUE,0
4094,2015,8,21,1,55,44,"2015-08-21 01:55:44",4,"Mw",-2.437172,-80.202812,3.84,TRUE,0
4095,2015,8,21,23,14,36,"2015-08-21 23:14:36",4,"Mw",-1.078413,-79.753143,5,TRUE,0
4096,2015,8,22,18,14,53,"2015-08-22 18:14:53",4.2,"Mw",-0.28166,-81.352234,10,TRUE,0
4097,2015,8,23,15,7,12,"2015-08-23 15:07:12",6.4,"Mw",-0.48471,-81.403282,24.78,TRUE,11
4098,2015,8,24,22,16,35,"2015-08-24 22:16:35",4.7,"Mw",-1.624212,-76.528191,10,TRUE,0
4099,2015,8,25,1,34,32,"2015-08-25 01:34:32",4,"Mw",-0.383866,-81.380714,5,FALSE,0
4100,2015,8,25,13,44,33,"2015-08-25 13:44:33",4.1,"Mw",-0.425093,-81.381233,10,FALSE,0
4101,2015,8,26,1,30,24,"2015-08-26 01:30:24",4.3,"Mw",-0.073224,-80.067635,162.52,TRUE,0
4102,2015,8,26,10,32,41,"2015-08-26 10:32:41",4.8,"Mw",-0.554356,-79.050316,10,TRUE,0
4103,2015,8,27,7,52,19,"2015-08-27 07:52:19",4.2,"Mw",-4.795437,-78.9618,10,TRUE,0
4104,2015,8,28,0,32,10,"2015-08-28 00:32:10",4.1,"Mw",-3.523751,-79.795898,10,FALSE,0
4105,2015,8,29,13,26,23,"2015-08-29 13:26:23",4,"Mw",-3.514221,-80.351089,41.51,TRUE,0
4106,2015,8,29,18,15,13,"2015-08-29 18:15:13",4.4,"Mw",-0.420545,-81.473473,0,FALSE,0
4107,2015,8,29,18,17,11,"2015-08-29 18:17:11",4.3,"Mw",-0.414091,-81.389565,2.52,FALSE,0
4108,2015,8,29,20,7,46,"2015-08-29 20:07:46",4,"Mw",-0.443056,-81.390244,14.03,FALSE,0
4109,2015,8,29,22,19,57,"2015-08-29 22:19:57",4.1,"Mw",-1.328319,-80.2612,10,TRUE,1
4110,2015,8,30,0,3,48,"2015-08-30 00:03:48",4,"Mw",-1.316687,-80.223404,26.79,FALSE,0
4111,2015,8,30,8,17,38,"2015-08-30 08:17:38",4.1,"Mw",-1.381145,-80.285591,10,TRUE,0
4112,2015,8,30,9,41,24,"2015-08-30 09:41:24",4,"Mw",-0.298097,-81.441368,10,FALSE,0
4113,2015,8,30,9,55,4,"2015-08-30 09:55:04",4,"Mw",-0.531144,-81.313606,10,FALSE,0
4114,2015,8,30,11,6,37,"2015-08-30 11:06:37",4.6,"Mw",-1.335698,-80.279732,37.68,TRUE,1
4115,2015,8,30,11,51,11,"2015-08-30 11:51:11",4,"Mw",-0.471062,-81.429214,6.77,FALSE,0
4116,2015,8,30,12,4,23,"2015-08-30 12:04:23",4.1,"Mw",-0.48093,-81.406601,12,FALSE,0
4117,2015,9,4,16,50,7,"2015-09-04 16:50:07",4.4,"Mw",-2.158331,-76.959915,119.12,TRUE,0
4118,2015,9,7,10,44,47,"2015-09-07 10:44:47",4.1,"Mw",-1.033322,-80.691376,3.91,FALSE,0
4119,2015,9,10,9,57,12,"2015-09-10 09:57:12",4.2,"Mw",-2.485574,-79.593361,43.7,FALSE,0
4120,2015,9,15,15,10,46,"2015-09-15 15:10:46",4.6,"Mw",-0.314333,-81.426743,10,FALSE,0
4121,2015,9,17,22,5,0,"2015-09-17 22:05:00",4.4,"Mw",-1.419476,-80.446609,3.62,FALSE,0
4122,2015,10,3,5,22,50,"2015-10-03 05:22:50",4.5,"Mw",-3.443968,-78.053825,10,FALSE,0
4123,2015,10,4,15,56,35,"2015-10-04 15:56:35",5.4,"Mw",-3.875395,-80.051285,10,TRUE,0
4124,2015,10,7,9,23,27,"2015-10-07 09:23:27",4.5,"Mw",-3.781081,-78.201508,10,TRUE,0
4125,2015,10,9,11,47,0,"2015-10-09 11:47:00",5.3,"Mw",-2.363742,-79.957481,28.52,FALSE,0
4126,2015,10,10,3,31,30,"2015-10-10 03:31:30",4.8,"Mw",-2.216333,-80.167488,31.27,FALSE,0
4127,2015,10,10,12,31,31,"2015-10-10 12:31:31",4.1,"Mw",-3.635497,-77.695473,78.66,TRUE,0
4128,2015,10,10,21,40,8,"2015-10-10 21:40:08",4.3,"Mw",-1.313225,-79.76825,75.91,TRUE,0
4129,2015,10,12,0,0,53,"2015-10-12 00:00:53",4,"Mw",-2.057108,-78.790703,104.36,TRUE,0
4130,2015,10,12,7,52,42,"2015-10-12 07:52:42",4.1,"Mw",-3.080315,-79.102692,33.6,TRUE,0
4131,2015,10,15,10,7,27,"2015-10-15 10:07:27",5.5,"Mw",-2.551669,-79.060852,84.86,TRUE,0
4132,2015,10,20,20,25,40,"2015-10-20 20:25:40",4.1,"Mw",-1.712664,-80.202568,6.01,TRUE,0
4133,2015,10,27,10,17,9,"2015-10-27 10:17:09",4,"Mw",-2.373064,-79.811378,46.76,FALSE,0
4134,2015,10,31,20,32,17,"2015-10-31 20:32:17",4.3,"Mw",-1.991507,-80.035904,39.85,TRUE,0
4135,2015,11,3,16,55,4,"2015-11-03 16:55:04",5.1,"Mw",-1.960494,-80.642273,33.04,TRUE,1
4136,2015,11,5,4,13,48,"2015-11-05 04:13:48",4.6,"Mw",-0.765992,-80.80352,12.97,TRUE,0
4137,2015,11,5,13,23,21,"2015-11-05 13:23:21",4.5,"Mw",1.060994,-82.800224,10,TRUE,0
4138,2015,11,15,15,54,3,"2015-11-15 15:54:03",4.4,"Mw",0.66538,-80.23204,11.51,TRUE,0
4139,2015,11,17,6,16,27,"2015-11-17 06:16:27",5.1,"Mw",-2.253269,-79.670021,52.36,TRUE,3
4140,2015,11,19,5,35,36,"2015-11-19 05:35:36",4.4,"Mw",-2.225207,-79.754013,52.67,FALSE,0
4141,2015,12,2,3,45,23,"2015-12-02 03:45:23",4.5,"Mw",-3.250373,-76.993416,76.37,TRUE,0
4142,2015,12,7,5,33,36,"2015-12-07 05:33:36",4.4,"Mw",-2.189008,-78.223854,10.81,TRUE,0
4143,2015,12,18,9,15,37,"2015-12-18 09:15:37",4,"Mw",-2.991966,-80.051094,4.66,TRUE,0
4144,2015,12,19,12,7,46,"2015-12-19 12:07:46",4.8,"Mw",-2.922718,-79.38176,38.42,TRUE,0
4145,2015,12,22,1,14,0,"2015-12-22 01:14:00",4,"Mw",-0.812132,-75.621048,10,TRUE,0
4146,2015,12,28,15,46,35,"2015-12-28 15:46:35",6,"Mw",-3.786283,-80.610832,8.21,TRUE,0
4147,2015,12,29,6,49,44,"2015-12-29 06:49:44",4.2,"Mw",-0.935789,-79.264977,100.58,TRUE,0
4148,2015,12,29,15,41,21,"2015-12-29 15:41:21",4.2,"Mw",-1.170496,-80.55658,15,TRUE,0
4149,2015,12,30,20,45,57,"2015-12-30 20:45:57",4.1,"Mw",-4.3176,-76.682289,149.57,TRUE,0
4150,2016,1,1,13,57,36,"2016-01-01 13:57:36",4.2,"Mw",-0.557869,-81.367073,10,FALSE,0
4151,2016,1,1,17,15,40,"2016-01-01 17:15:40",5.3,"Mw",0.405163,-78.966232,2.81,TRUE,1
4152,2016,1,2,4,59,19,"2016-01-02 04:59:19",4.1,"Mw",0.358868,-78.949524,4.04,FALSE,0
4153,2016,1,2,15,2,12,"2016-01-02 15:02:12",4.7,"Mw",-1.981699,-79.767975,80.04,FALSE,0
4154,2016,1,4,17,3,52,"2016-01-04 17:03:52",4,"Mw",-2.395324,-79.808365,43.91,FALSE,0
4155,2016,1,11,8,21,12,"2016-01-11 08:21:12",4.1,"Mw",-2.737,-78.207901,15,TRUE,0
4156,2016,1,23,0,19,10,"2016-01-23 00:19:10",4.4,"Mw",-2.091853,-80.329864,5.76,FALSE,0
4157,2016,1,25,22,34,46,"2016-01-25 22:34:46",4.3,"Mw",1.845621,-79.318748,10,TRUE,0
4158,2016,2,2,18,34,38,"2016-02-02 18:34:38",4.2,"Mw",0.025915,-80.345696,8.13,TRUE,0
4159,2016,2,12,12,39,47,"2016-02-12 12:39:47",4.1,"Mw",-2.848742,-78.024261,2.94,TRUE,0
4160,2016,2,13,9,19,16,"2016-02-13 09:19:16",4,"Mw",-1.364265,-80.82634,3.78,TRUE,0
4161,2016,2,15,2,13,25,"2016-02-15 02:13:25",4.4,"Mw",-1.344033,-80.928772,3.64,TRUE,1
4162,2016,2,16,12,16,40,"2016-02-16 12:16:40",4,"Mw",-2.211334,-79.753113,40.08,TRUE,0
4163,2016,2,24,1,28,16,"2016-02-24 01:28:16",4,"Mw",-1.676065,-80.936852,12,FALSE,0
4164,2016,3,4,10,7,36,"2016-03-04 10:07:36",4.2,"Mw",0.242068,-80.055527,4.73,TRUE,0
4165,2016,3,4,11,25,45,"2016-03-04 11:25:45",4.9,"Mw",-1.242118,-80.500282,20.94,TRUE,0
4166,2016,3,6,0,54,42,"2016-03-06 00:54:42",5.5,"Mw",-1.416863,-80.459099,7.98,TRUE,5
4167,2016,3,15,13,2,9,"2016-03-15 13:02:09",4.4278,"Mw",-0.188123,-78.489807,8.29,TRUE,0
4168,2016,3,21,3,18,22,"2016-03-21 03:18:22",4.2,"Mw",-4.633291,-80.21273,27.74,TRUE,0
4169,2016,3,22,4,52,49,"2016-03-22 04:52:49",4.5,"Mw",-3.487964,-80.029961,29.48,TRUE,0
4170,2016,3,26,2,17,48,"2016-03-26 02:17:48",4.1815,"Mw",-2.511748,-79.820267,30.26,TRUE,0
4171,2016,4,1,17,18,43,"2016-04-01 17:18:43",4.2,"Mw",-1.480623,-80.61364,10,FALSE,0
4172,2016,4,9,11,26,47,"2016-04-09 11:26:47",4.8,"Mw",-2.19433,-77.805313,5,TRUE,0
4173,2016,4,16,23,47,40,"2016-04-16 23:47:40",5.5,"Mw",0.305786,-80.128784,22.31,TRUE,0
4174,2016,4,16,23,58,34,"2016-04-16 23:58:34",7.6,"Mw",0.309448,-80.117798,17.4,TRUE,304
4175,2016,4,17,0,11,58,"2016-04-17 00:11:58",4.2,"Mw",-0.047749,-80.232658,5.43,FALSE,0
4176,2016,4,17,0,16,0,"2016-04-17 00:16:00",5.1,"Mw",0.040182,-80.327339,4.41,FALSE,0
4177,2016,4,17,0,19,6,"2016-04-17 00:19:06",4,"Mw",-0.005128,-80.331718,7.72,FALSE,0
4178,2016,4,17,0,29,28,"2016-04-17 00:29:28",5.7,"Mw",-0.214433,-80.663483,6.98,FALSE,0
4179,2016,4,17,0,54,45,"2016-04-17 00:54:45",4.4,"Mw",0.333257,-80.476761,7.6,FALSE,0
4180,2016,4,17,0,57,9,"2016-04-17 00:57:09",4.1,"Mw",-0.058342,-80.202789,8.38,FALSE,0
4181,2016,4,17,0,59,7,"2016-04-17 00:59:07",4.7,"Mw",0.322831,-80.224548,5.97,FALSE,0
4182,2016,4,17,1,4,2,"2016-04-17 01:04:02",4,"Mw",-0.136771,-80.458153,6.84,FALSE,0
4183,2016,4,17,1,9,17,"2016-04-17 01:09:17",4.8,"Mw",-0.029292,-80.19278,7.49,FALSE,0
4184,2016,4,17,1,15,42,"2016-04-17 01:15:42",4.1,"Mw",-0.572802,-80.787338,3.84,FALSE,0
4185,2016,4,17,1,19,3,"2016-04-17 01:19:03",4.7,"Mw",-0.138151,-80.301651,9.47,FALSE,0
4186,2016,4,17,2,0,36,"2016-04-17 02:00:36",4.1,"Mw",0.288166,-80.42598,6.77,FALSE,0
4187,2016,4,17,2,13,59,"2016-04-17 02:13:59",4,"Mw",0.005276,-80.384888,10,FALSE,0
4188,2016,4,17,2,14,24,"2016-04-17 02:14:24",4.3,"Mw",-0.285582,-80.482483,8.62,FALSE,0
4189,2016,4,17,2,17,56,"2016-04-17 02:17:56",5.6,"Mw",-0.139371,-80.72876,4.08,FALSE,0
4190,2016,4,17,2,23,7,"2016-04-17 02:23:07",4.2,"Mw",0.275785,-80.159538,9.6,FALSE,0
4191,2016,4,17,2,23,35,"2016-04-17 02:23:35",4.3,"Mw",0.016448,-80.247551,10,FALSE,0
4192,2016,4,17,2,40,33,"2016-04-17 02:40:33",4.1,"Mw",-1.690977,-80.716118,47.2,FALSE,0
4193,2016,4,17,2,45,2,"2016-04-17 02:45:02",4.3,"Mw",-0.168468,-80.727249,4.34,FALSE,0
4194,2016,4,17,2,48,37,"2016-04-17 02:48:37",4.1,"Mw",-0.173388,-80.755783,10,FALSE,0
4195,2016,4,17,3,5,34,"2016-04-17 03:05:34",5.1,"Mw",0.371321,-80.30851,8.36,FALSE,0
4196,2016,4,17,3,9,35,"2016-04-17 03:09:35",4.3,"Mw",-0.027869,-80.309608,9.22,FALSE,0
4197,2016,4,17,3,16,11,"2016-04-17 03:16:11",4,"Mw",0.387723,-80.531425,6.73,FALSE,0
4198,2016,4,17,4,2,6,"2016-04-17 04:02:06",4.8,"Mw",-0.118497,-80.865662,10,FALSE,0
4199,2016,4,17,4,4,23,"2016-04-17 04:04:23",4.2,"Mw",0.539109,-80.051979,6.4,FALSE,0
4200,2016,4,17,4,25,34,"2016-04-17 04:25:34",4,"Mw",-0.454394,-80.380104,8.44,FALSE,0
4201,2016,4,17,4,30,42,"2016-04-17 04:30:42",4,"Mw",-0.102121,-80.444489,5.36,FALSE,0
4202,2016,4,17,5,28,30,"2016-04-17 05:28:30",4.1,"Mw",-0.150572,-80.586899,5.41,FALSE,0
4203,2016,4,17,5,42,50,"2016-04-17 05:42:50",4.8,"Mw",0.348202,-80.458786,5.46,FALSE,0
4204,2016,4,17,6,5,47,"2016-04-17 06:05:47",4.4,"Mw",-0.142432,-80.807968,7.06,FALSE,0
4205,2016,4,17,7,13,57,"2016-04-17 07:13:57",6.1,"Mw",-0.399664,-80.401314,7.94,FALSE,0
4206,2016,4,17,7,28,20,"2016-04-17 07:28:20",4.3,"Mw",0.061278,-80.9394,10,FALSE,0
4207,2016,4,17,7,57,16,"2016-04-17 07:57:16",4.2,"Mw",-0.455335,-80.339935,6.71,FALSE,0
4208,2016,4,17,8,12,31,"2016-04-17 08:12:31",4.4,"Mw",1.503884,-80.860016,5,TRUE,0
4209,2016,4,17,8,45,4,"2016-04-17 08:45:04",4.2,"Mw",-0.186176,-80.577713,6.48,FALSE,0
4210,2016,4,17,8,52,30,"2016-04-17 08:52:30",4.5,"Mw",-0.164825,-80.578323,10.91,FALSE,0
4211,2016,4,17,9,1,6,"2016-04-17 09:01:06",4.1,"Mw",0.594718,-80.125572,5.1,FALSE,0
4212,2016,4,17,9,23,39,"2016-04-17 09:23:39",5.7,"Mw",-0.118933,-80.802071,6.75,FALSE,0
4213,2016,4,17,12,2,2,"2016-04-17 12:02:02",4.2,"Mw",0.472672,-80.751831,5,FALSE,0
4214,2016,4,17,17,15,52,"2016-04-17 17:15:52",5.2,"Mw",-0.255285,-80.866806,8.55,FALSE,0
4215,2016,4,17,20,24,0,"2016-04-17 20:24:00",5,"Mw",0.675486,-79.987877,7.51,FALSE,0
4216,2016,4,17,21,35,16,"2016-04-17 21:35:16",4.8,"Mw",-0.911199,-80.560867,10,FALSE,0
4217,2016,4,17,21,39,47,"2016-04-17 21:39:47",4,"Mw",0.031811,-80.809601,7.95,FALSE,0
4218,2016,4,17,22,21,17,"2016-04-17 22:21:17",4.4,"Mw",-0.261144,-81.035744,10,FALSE,0
4219,2016,4,17,23,44,12,"2016-04-17 23:44:12",4.3,"Mw",-0.049731,-80.845963,10,FALSE,0
4220,2016,4,18,0,38,52,"2016-04-18 00:38:52",4.6,"Mw",0.337555,-80.28421,6.46,FALSE,0
4221,2016,4,18,2,9,26,"2016-04-18 02:09:26",4.1,"Mw",-0.701932,-81.078239,5,TRUE,0
4222,2016,4,18,4,26,4,"2016-04-18 04:26:04",4.2,"Mw",-0.093804,-80.768417,10,FALSE,0
4223,2016,4,18,5,5,17,"2016-04-18 05:05:17",4.3,"Mw",-0.143223,-80.556259,8,FALSE,0
4224,2016,4,18,8,5,38,"2016-04-18 08:05:38",4.8,"Mw",-0.342045,-80.97023,17.54,FALSE,0
4225,2016,4,18,9,13,35,"2016-04-18 09:13:35",4.4,"Mw",0.63441,-80.15992,3.02,FALSE,0
4226,2016,4,18,10,27,34,"2016-04-18 10:27:34",4.5,"Mw",0.31666,-80.420639,3.09,FALSE,0
4227,2016,4,18,10,29,7,"2016-04-18 10:29:07",4.7,"Mw",-0.04268,-80.349586,8.32,FALSE,0
4228,2016,4,18,12,9,32,"2016-04-18 12:09:32",4.2,"Mw",-0.849039,-80.912155,5,TRUE,0
4229,2016,4,18,13,25,45,"2016-04-18 13:25:45",5.1,"Mw",-0.247875,-80.423157,9.12,FALSE,0
4230,2016,4,18,13,35,12,"2016-04-18 13:35:12",4.2,"Mw",-0.184508,-80.264977,7.88,FALSE,0
4231,2016,4,18,15,7,23,"2016-04-18 15:07:23",4.3,"Mw",-1.463214,-80.335327,5,FALSE,0
4232,2016,4,18,17,7,38,"2016-04-18 17:07:38",4.5,"Mw",-0.168472,-80.24115,6.58,FALSE,0
4233,2016,4,18,18,38,10,"2016-04-18 18:38:10",5.6,"Mw",-0.930309,-80.990379,0.96,TRUE,24
4234,2016,4,18,19,12,37,"2016-04-18 19:12:37",5,"Mw",-1.048375,-80.870873,5.34,FALSE,0
4235,2016,4,18,20,0,46,"2016-04-18 20:00:46",4.4,"Mw",-0.160378,-80.85952,16.43,FALSE,0
4236,2016,4,18,21,15,54,"2016-04-18 21:15:54",5.4,"Mw",0.093519,-80.725906,11.76,FALSE,0
4237,2016,4,19,1,7,45,"2016-04-19 01:07:45",4.1,"Mw",0.596202,-80.25029,7.66,FALSE,0
4238,2016,4,19,2,3,16,"2016-04-19 02:03:16",4,"Mw",-0.04794,-80.764366,10,FALSE,0
4239,2016,4,19,3,57,9,"2016-04-19 03:57:09",4,"Mw",-0.009059,-80.803093,5.98,FALSE,0
4240,2016,4,19,7,44,36,"2016-04-19 07:44:36",4,"Mw",-0.151268,-80.820206,7.52,FALSE,0
4241,2016,4,19,10,1,47,"2016-04-19 10:01:47",4.2,"Mw",-1.093642,-81.09465,10,FALSE,0
4242,2016,4,19,13,38,40,"2016-04-19 13:38:40",4,"Mw",-0.287867,-80.161957,3.79,FALSE,0
4243,2016,4,19,17,8,49,"2016-04-19 17:08:49",4,"Mw",-1.02712,-81.042503,13.37,FALSE,0
4244,2016,4,19,17,12,52,"2016-04-19 17:12:52",5.1,"Mw",-1.162138,-81.242477,1.93,FALSE,0
4245,2016,4,19,17,15,56,"2016-04-19 17:15:56",4.5,"Mw",-1.104784,-81.355988,5.6,FALSE,0
4246,2016,4,19,20,44,21,"2016-04-19 20:44:21",4.4,"Mw",-1.078274,-81.030602,2.03,FALSE,0
4247,2016,4,19,21,54,20,"2016-04-19 21:54:20",4.4,"Mw",0.651174,-80.081299,4.15,FALSE,0
4248,2016,4,19,22,22,25,"2016-04-19 22:22:25",5.7,"Mw",0.566752,-80.074913,5.37,FALSE,0
4249,2016,4,19,22,31,48,"2016-04-19 22:31:48",4,"Mw",0.717763,-80.263405,10,FALSE,0
4250,2016,4,20,1,48,9,"2016-04-20 01:48:09",4.1,"Mw",0.641423,-80.069252,5.04,FALSE,0
4251,2016,4,20,1,49,16,"2016-04-20 01:49:16",4.2,"Mw",0.648302,-80.05426,3.74,FALSE,0
4252,2016,4,20,1,50,38,"2016-04-20 01:50:38",4.4,"Mw",0.698575,-80.13205,2.82,FALSE,0
4253,2016,4,20,4,11,44,"2016-04-20 04:11:44",4,"Mw",-0.817491,-81.145966,10,FALSE,0
4254,2016,4,20,8,25,5,"2016-04-20 08:25:05",4.8,"Mw",0.722714,-80.269783,4.92,FALSE,0
4255,2016,4,20,8,33,43,"2016-04-20 08:33:43",6.4,"Mw",0.775296,-80.459084,4.31,FALSE,0
4256,2016,4,20,8,35,7,"2016-04-20 08:35:07",5.7414,"Mw",0.681898,-80.263565,3.66,FALSE,0
4257,2016,4,20,8,40,26,"2016-04-20 08:40:26",4.4,"Mw",0.513534,-79.771034,5.09,FALSE,0
4258,2016,4,20,8,46,2,"2016-04-20 08:46:02",4.8,"Mw",0.643008,-80.139244,10,FALSE,0
4259,2016,4,20,8,49,41,"2016-04-20 08:49:41",4.4,"Mw",0.301462,-80.036682,10,FALSE,0
4260,2016,4,20,8,50,54,"2016-04-20 08:50:54",4.3,"Mw",0.552623,-79.942467,5.22,FALSE,0
4261,2016,4,20,8,53,40,"2016-04-20 08:53:40",4.5,"Mw",0.596941,-79.94648,4.79,FALSE,0
4262,2016,4,20,8,56,51,"2016-04-20 08:56:51",4.4,"Mw",0.509737,-79.963814,7.16,FALSE,0
4263,2016,4,20,9,13,14,"2016-04-20 09:13:14",4.7,"Mw",0.654726,-80.33947,12.21,FALSE,0
4264,2016,4,20,9,35,41,"2016-04-20 09:35:41",4.4,"Mw",-0.020566,-80.161934,3.93,FALSE,0
4265,2016,4,20,9,38,37,"2016-04-20 09:38:37",4.2,"Mw",0.715978,-80.393555,8.34,FALSE,0
4266,2016,4,20,10,2,57,"2016-04-20 10:02:57",4,"Mw",0.748727,-80.424088,5.17,FALSE,0
4267,2016,4,20,11,23,22,"2016-04-20 11:23:22",4.8,"Mw",-0.108917,-80.481506,6.07,FALSE,0
4268,2016,4,20,12,13,15,"2016-04-20 12:13:15",4,"Mw",0.626722,-80.128487,5.14,FALSE,0
4269,2016,4,20,12,16,11,"2016-04-20 12:16:11",4,"Mw",0.880043,-80.618896,3.4,FALSE,0
4270,2016,4,20,16,20,36,"2016-04-20 16:20:36",4.8,"Mw",0.702251,-80.320641,10,FALSE,0
4271,2016,4,20,16,26,49,"2016-04-20 16:26:49",4.2,"Mw",-0.06504,-80.955208,10,FALSE,0
4272,2016,4,20,16,30,52,"2016-04-20 16:30:52",4.8,"Mw",-0.136642,-80.531311,2.73,FALSE,0
4273,2016,4,20,21,30,7,"2016-04-20 21:30:07",5.4,"Mw",0.528108,-79.846474,4,FALSE,0
4274,2016,4,20,22,31,26,"2016-04-20 22:31:26",4.9,"Mw",-0.336991,-81.059189,4.64,FALSE,0
4275,2016,4,20,22,37,27,"2016-04-20 22:37:27",4,"Mw",0.775986,-80.204048,9.33,FALSE,0
4276,2016,4,21,1,56,50,"2016-04-21 01:56:50",4.2,"Mw",-0.305329,-81.109512,3.71,FALSE,0
4277,2016,4,21,4,32,23,"2016-04-21 04:32:23",4,"Mw",0.400837,-80.572189,3,FALSE,0
4278,2016,4,21,4,53,45,"2016-04-21 04:53:45",4,"Mw",0.798221,-80.459152,2.34,FALSE,0
4279,2016,4,21,12,27,45,"2016-04-21 12:27:45",4.5,"Mw",-0.160341,-80.816711,10,FALSE,0
4280,2016,4,21,12,31,14,"2016-04-21 12:31:14",4.6,"Mw",-0.103078,-80.300171,7.05,FALSE,0
4281,2016,4,21,13,14,49,"2016-04-21 13:14:49",4.3,"Mw",-0.100321,-80.91629,8.2,FALSE,0
4282,2016,4,21,13,53,37,"2016-04-21 13:53:37",4.5,"Mw",-0.060348,-80.992416,3.48,FALSE,0
4283,2016,4,22,2,33,12,"2016-04-22 02:33:12",4.4,"Mw",-0.131063,-80.609657,5.97,FALSE,0
4284,2016,4,22,3,3,39,"2016-04-22 03:03:39",6.2,"Mw",-0.184367,-80.771828,10,FALSE,0
4285,2016,4,22,3,8,24,"2016-04-22 03:08:24",4.6,"Mw",-0.214281,-80.477242,9.97,FALSE,0
4286,2016,4,22,3,10,5,"2016-04-22 03:10:05",4.9,"Mw",-0.282058,-80.693024,0.84,FALSE,0
4287,2016,4,22,3,17,15,"2016-04-22 03:17:15",4.4,"Mw",-0.243105,-80.803215,10,FALSE,0
4288,2016,4,22,3,20,8,"2016-04-22 03:20:08",6,"Mw",-0.181899,-80.877388,4.17,FALSE,0
4289,2016,4,22,3,29,4,"2016-04-22 03:29:04",4.4,"Mw",-0.084015,-80.950439,9.59,FALSE,0
4290,2016,4,22,3,45,57,"2016-04-22 03:45:57",4.6,"Mw",0.0465,-80.744423,11.07,FALSE,0
4291,2016,4,22,4,4,26,"2016-04-22 04:04:26",4.2,"Mw",-0.102288,-80.697136,12.49,FALSE,0
4292,2016,4,22,4,25,25,"2016-04-22 04:25:25",4.5,"Mw",-0.160686,-81.042603,10,FALSE,0
4293,2016,4,22,4,31,31,"2016-04-22 04:31:31",5.2,"Mw",-0.245501,-80.754959,0.47,FALSE,0
4294,2016,4,22,5,37,37,"2016-04-22 05:37:37",4.2,"Mw",-0.229159,-80.50042,6.8,FALSE,0
4295,2016,4,22,6,17,23,"2016-04-22 06:17:23",4.3,"Mw",-0.066833,-80.80246,1.71,FALSE,0
4296,2016,4,22,8,52,16,"2016-04-22 08:52:16",5.2,"Mw",-0.152061,-81.023285,10,FALSE,0
4297,2016,4,22,10,39,52,"2016-04-22 10:39:52",4.9,"Mw",-0.05758,-80.873337,5.85,FALSE,0
4298,2016,4,22,11,17,10,"2016-04-22 11:17:10",4,"Mw",-0.043256,-80.102867,2.9,FALSE,0
4299,2016,4,22,13,26,18,"2016-04-22 13:26:18",5.5,"Mw",-2.759037,-80.243896,25.8,TRUE,1
4300,2016,4,22,13,36,5,"2016-04-22 13:36:05",4.4,"Mw",0.225094,-80.508255,5,FALSE,0
4301,2016,4,22,14,35,22,"2016-04-22 14:35:22",4,"Mw",0.567283,-80.406769,3.91,FALSE,0
4302,2016,4,22,15,36,27,"2016-04-22 15:36:27",4.9,"Mw",-0.123365,-80.977753,6.39,FALSE,0
4303,2016,4,22,15,38,59,"2016-04-22 15:38:59",5,"Mw",-0.231915,-81.274155,10,FALSE,0
4304,2016,4,22,15,53,56,"2016-04-22 15:53:56",4.2,"Mw",-0.357553,-81.167404,10,FALSE,0
4305,2016,4,22,16,27,0,"2016-04-22 16:27:00",4.6,"Mw",0.801313,-80.41835,6.33,FALSE,0
4306,2016,4,22,17,58,48,"2016-04-22 17:58:48",4.5,"Mw",0.463389,-80.605362,7.99,FALSE,0
4307,2016,4,22,22,5,24,"2016-04-22 22:05:24",4.5,"Mw",-1.424151,-80.942276,10,TRUE,0
4308,2016,4,23,1,24,33,"2016-04-23 01:24:33",5.7,"Mw",0.609882,-80.363197,9.34,FALSE,0
4309,2016,4,23,1,30,1,"2016-04-23 01:30:01",5,"Mw",-1.38312,-81.001083,2.27,TRUE,5
4310,2016,4,23,1,32,52,"2016-04-23 01:32:52",4.7,"Mw",0.596854,-80.544868,10,FALSE,0
4311,2016,4,23,1,40,24,"2016-04-23 01:40:24",4.4,"Mw",0.71962,-80.508919,8.74,FALSE,0
4312,2016,4,23,1,45,1,"2016-04-23 01:45:01",4.3,"Mw",0.67192,-80.469109,10.27,FALSE,0
4313,2016,4,23,2,55,59,"2016-04-23 02:55:59",4.2,"Mw",0.085435,-80.876167,10,FALSE,0
4314,2016,4,23,3,16,48,"2016-04-23 03:16:48",4.2,"Mw",0.701383,-80.60096,3.19,FALSE,0
4315,2016,4,23,4,6,31,"2016-04-23 04:06:31",5,"Mw",0.702442,-80.485001,10,FALSE,0
4316,2016,4,23,7,50,33,"2016-04-23 07:50:33",4,"Mw",0.192059,-80.338173,10,FALSE,0
4317,2016,4,23,9,4,37,"2016-04-23 09:04:37",4.3,"Mw",0.528368,-80.541679,10.42,FALSE,0
4318,2016,4,23,16,6,3,"2016-04-23 16:06:03",4.2,"Mw",-0.091728,-80.854362,5.6,FALSE,0
4319,2016,4,24,7,22,0,"2016-04-24 07:22:00",4.4,"Mw",0.698977,-79.725464,6.02,FALSE,0
4320,2016,4,24,14,36,19,"2016-04-24 14:36:19",4.5,"Mw",0.149243,-80.830383,4.63,FALSE,0
4321,2016,4,24,23,45,36,"2016-04-24 23:45:36",4.1,"Mw",-0.045717,-80.507515,10.37,FALSE,0
4322,2016,4,25,2,25,43,"2016-04-25 02:25:43",4.2,"Mw",-0.136798,-81.346329,5,FALSE,0
4323,2016,4,25,7,6,23,"2016-04-25 07:06:23",4.5,"Mw",-0.06987,-80.048332,5.14,FALSE,0
4324,2016,4,25,7,46,45,"2016-04-25 07:46:45",4.2,"Mw",0.601177,-80.535545,5.34,FALSE,0
4325,2016,4,25,9,55,58,"2016-04-25 09:55:58",4.6,"Mw",-0.806852,-81.310966,5,FALSE,0
4326,2016,4,25,13,50,55,"2016-04-25 13:50:55",4.2,"Mw",-1.158805,-81.151299,4.6,FALSE,0
4327,2016,4,25,19,38,46,"2016-04-25 19:38:46",4,"Mw",-0.152469,-80.506294,2.95,FALSE,0
4328,2016,4,25,21,15,52,"2016-04-25 21:15:52",5.1,"Mw",-0.900199,-80.887627,5.41,FALSE,0
4329,2016,4,25,21,29,52,"2016-04-25 21:29:52",4.1,"Mw",-1.075593,-81.435387,10,TRUE,0
4330,2016,4,26,1,27,54,"2016-04-26 01:27:54",4.3,"Mw",-0.127397,-81.109116,9.96,FALSE,0
4331,2016,4,26,7,22,9,"2016-04-26 07:22:09",4.2,"Mw",-1.275384,-81.210556,1.03,FALSE,0
4332,2016,4,26,15,50,34,"2016-04-26 15:50:34",4.6,"Mw",0.36586,-80.622787,6.65,FALSE,0
4333,2016,4,26,21,33,17,"2016-04-26 21:33:17",4.2,"Mw",-0.50703,-80.869537,10,FALSE,0
4334,2016,4,26,21,58,32,"2016-04-26 21:58:32",5.6,"Mw",-0.142287,-80.9879,10,FALSE,0
4335,2016,4,27,0,7,7,"2016-04-27 00:07:07",4.5,"Mw",-0.333927,-81.158119,1.23,FALSE,0
4336,2016,4,27,0,8,15,"2016-04-27 00:08:15",4.4,"Mw",-0.570813,-80.813675,10,FALSE,0
4337,2016,4,27,0,39,7,"2016-04-27 00:39:07",4,"Mw",0.219658,-80.248352,5,FALSE,0
4338,2016,4,27,2,58,20,"2016-04-27 02:58:20",4.2,"Mw",0.199244,-80.473595,10.97,FALSE,0
4339,2016,4,27,3,24,30,"2016-04-27 03:24:30",4,"Mw",0.17414,-80.31501,5,FALSE,0
4340,2016,4,27,6,39,27,"2016-04-27 06:39:27",4.8,"Mw",0.37408,-91.32872,10,TRUE,0
4341,2016,4,27,7,8,49,"2016-04-27 07:08:49",4.4,"Mw",-1.108332,-81.318893,5,FALSE,0
4342,2016,4,27,8,55,15,"2016-04-27 08:55:15",4,"Mw",0.23852,-80.523407,5,FALSE,0
4343,2016,4,27,14,32,59,"2016-04-27 14:32:59",4,"Mw",-0.171062,-80.711205,10.51,FALSE,0
4344,2016,4,27,18,29,41,"2016-04-27 18:29:41",4,"Mw",-0.230581,-80.982605,10,FALSE,0
4345,2016,4,27,21,45,21,"2016-04-27 21:45:21",4.3,"Mw",-1.201491,-81.232307,10,FALSE,0
4346,2016,4,27,23,2,12,"2016-04-27 23:02:12",4.4,"Mw",-1.27004,-81.079842,10,FALSE,0
4347,2016,4,28,10,14,33,"2016-04-28 10:14:33",4,"Mw",0.37511,-80.396103,3.96,FALSE,0
4348,2016,4,28,10,33,44,"2016-04-28 10:33:44",4.6,"Mw",-1.312424,-81.091415,10,FALSE,0
4349,2016,4,28,12,33,4,"2016-04-28 12:33:04",4.2,"Mw",0.254705,-80.439362,1.93,FALSE,0
4350,2016,4,28,13,47,53,"2016-04-28 13:47:53",4.3,"Mw",-1.547933,-80.940247,10,FALSE,0
4351,2016,4,28,20,24,27,"2016-04-28 20:24:27",4.2,"Mw",-1.549546,-80.851761,10,FALSE,0
4352,2016,4,28,21,43,20,"2016-04-28 21:43:20",4.2,"Mw",0.270982,-80.506645,10,FALSE,0
4353,2016,4,29,1,50,46,"2016-04-29 01:50:46",4.7,"Mw",-1.496526,-80.984688,6,FALSE,0
4354,2016,4,29,2,37,27,"2016-04-29 02:37:27",4.1,"Mw",-1.542152,-80.862259,10,FALSE,0
4355,2016,4,29,4,9,43,"2016-04-29 04:09:43",4,"Mw",-3.254335,-78.186226,10,TRUE,0
4356,2016,4,29,4,25,44,"2016-04-29 04:25:44",4.1,"Mw",-0.312564,-80.582352,8.03,FALSE,0
4357,2016,4,29,15,29,17,"2016-04-29 15:29:17",4,"Mw",-0.127553,-80.849899,10,FALSE,0
4358,2016,4,30,1,44,39,"2016-04-30 01:44:39",4.3,"Mw",0.139302,-80.110062,2.4,FALSE,0
4359,2016,4,30,22,32,2,"2016-04-30 22:32:02",4.5,"Mw",-0.126917,-81.019981,10,FALSE,0
4360,2016,5,1,0,14,22,"2016-05-01 00:14:22",4.3,"Mw",0.881815,-80.429817,8.27,FALSE,0
4361,2016,5,1,1,49,3,"2016-05-01 01:49:03",4.4,"Mw",0.306583,-80.206474,5.84,FALSE,0
4362,2016,5,1,9,59,26,"2016-05-01 09:59:26",4.2,"Mw",-0.293084,-81.02224,10,FALSE,0
4363,2016,5,1,11,22,24,"2016-05-01 11:22:24",4,"Mw",-1.617163,-81.076378,10,FALSE,0
4364,2016,5,1,16,0,32,"2016-05-01 16:00:32",4.2,"Mw",-0.899886,-84.412712,10,TRUE,0
4365,2016,5,1,16,56,27,"2016-05-01 16:56:27",4.2,"Mw",-1.277404,-81.222496,5,FALSE,0
4366,2016,5,1,22,55,31,"2016-05-01 22:55:31",4.2,"Mw",-0.102244,-80.733109,2.68,FALSE,0
4367,2016,5,2,2,4,15,"2016-05-02 02:04:15",4.1,"Mw",-0.12791,-80.790749,10,FALSE,0
4368,2016,5,3,3,44,58,"2016-05-03 03:44:58",4.8,"Mw",0.413299,-79.920403,13.28,FALSE,0
4369,2016,5,4,16,38,20,"2016-05-04 16:38:20",4.7,"Mw",-1.548191,-80.963333,5,FALSE,0
4370,2016,5,4,22,28,52,"2016-05-04 22:28:52",4.9,"Mw",-1.265528,-81.147614,5,FALSE,0
4371,2016,5,5,13,34,14,"2016-05-05 13:34:14",4.5,"Mw",-0.168184,-80.980606,5.1,FALSE,0
4372,2016,5,5,15,8,17,"2016-05-05 15:08:17",4.1,"Mw",-1.261008,-81.322739,10,FALSE,0
4373,2016,5,5,16,6,39,"2016-05-05 16:06:39",4.6,"Mw",-0.17733,-80.976036,3.74,FALSE,0
4374,2016,5,6,5,21,44,"2016-05-06 05:21:44",4.1,"Mw",-2.809418,-78.065697,5,TRUE,0
4375,2016,5,6,8,37,41,"2016-05-06 08:37:41",4.4,"Mw",-0.163309,-81.048683,5.29,FALSE,0
4376,2016,5,7,21,46,42,"2016-05-07 21:46:42",4.4,"Mw",-1.126465,-81.339233,0,FALSE,0
4377,2016,5,9,12,49,0,"2016-05-09 12:49:00",4.2,"Mw",-0.388305,-80.323463,13.13,FALSE,0
4378,2016,5,9,22,22,8,"2016-05-09 22:22:08",5,"Mw",-0.297775,-80.806068,0.46,FALSE,0
4379,2016,5,11,23,4,46,"2016-05-11 23:04:46",4.3,"Mw",-0.017699,-80.274536,11.93,FALSE,0
4380,2016,5,12,14,18,26,"2016-05-12 14:18:26",4.1,"Mw",-0.646408,-81.153442,5,FALSE,0
4381,2016,5,15,9,51,32,"2016-05-15 09:51:32",5,"Mw",0.662731,-80.694397,4.67,FALSE,0
4382,2016,5,15,16,47,1,"2016-05-15 16:47:01",4,"Mw",0.771943,-80.199715,10,FALSE,0
4383,2016,5,17,22,51,34,"2016-05-17 22:51:34",4,"Mw",-0.062764,-80.533951,10,FALSE,0
4384,2016,5,18,7,57,0,"2016-05-18 07:57:00",6.7,"Mw",0.433877,-80.009613,17.19,FALSE,0
4385,2016,5,18,8,0,42,"2016-05-18 08:00:42",4.7,"Mw",0.478992,-79.924026,18.57,FALSE,0
4386,2016,5,18,8,6,17,"2016-05-18 08:06:17",5,"Mw",0.433118,-79.91494,11.24,FALSE,0
4387,2016,5,18,8,10,13,"2016-05-18 08:10:13",4.8,"Mw",0.536652,-80.042397,7,FALSE,0
4388,2016,5,18,8,17,43,"2016-05-18 08:17:43",4.3,"Mw",0.513199,-79.96463,5.39,FALSE,0
4389,2016,5,18,8,19,46,"2016-05-18 08:19:46",4.5,"Mw",0.489231,-79.980759,4.95,FALSE,0
4390,2016,5,18,16,46,42,"2016-05-18 16:46:42",6.9,"Mw",0.473013,-79.815453,20.76,FALSE,0
4391,2016,5,18,16,52,10,"2016-05-18 16:52:10",5.2,"Mw",0.443366,-79.831657,13.34,FALSE,0
4392,2016,5,18,16,53,7,"2016-05-18 16:53:07",4.9,"Mw",0.392438,-79.884148,9.52,FALSE,0
4393,2016,5,18,17,35,49,"2016-05-18 17:35:49",4.2,"Mw",0.466975,-79.783424,2.75,FALSE,0
4394,2016,5,19,7,5,45,"2016-05-19 07:05:45",4.7,"Mw",0.663215,-80.199951,5.18,FALSE,0
4395,2016,5,20,22,49,58,"2016-05-20 22:49:58",4,"Mw",-2.861713,-79.557175,11.02,TRUE,0
4396,2016,5,24,16,35,22,"2016-05-24 16:35:22",5,"Mw",-2.820044,-79.093178,69.99,TRUE,0
4397,2016,5,24,21,3,18,"2016-05-24 21:03:18",4.9,"Mw",0.464074,-79.855049,21.09,FALSE,0
4398,2016,5,25,20,20,51,"2016-05-25 20:20:51",4.5,"Mw",-0.618896,-81.112061,3.54,FALSE,0
4399,2016,5,26,0,42,14,"2016-05-26 00:42:14",4.3,"Mw",0.351319,-80.780403,10,FALSE,0
4400,2016,5,31,15,48,11,"2016-05-31 15:48:11",4.2,"Mw",0.391759,-80.395485,4,FALSE,0
4401,2016,6,1,10,5,15,"2016-06-01 10:05:15",5.3,"Mw",0.339937,-80.629791,14.04,FALSE,0
4402,2016,6,1,10,11,49,"2016-06-01 10:11:49",4,"Mw",0.405976,-80.639053,12.28,FALSE,0
4403,2016,6,1,15,0,52,"2016-06-01 15:00:52",4.8,"Mw",0.275994,-80.612846,11.45,FALSE,0
4404,2016,6,1,23,31,3,"2016-06-01 23:31:03",4.1,"Mw",-0.291542,-81.020546,10.56,FALSE,0
4405,2016,6,3,13,45,22,"2016-06-03 13:45:22",4.5,"Mw",-2.497701,-77.76371,10,TRUE,0
4406,2016,6,6,16,45,8,"2016-06-06 16:45:08",4.4,"Mw",0.633016,-80.207703,10,FALSE,0
4407,2016,6,20,11,59,45,"2016-06-20 11:59:45",4.5,"Mw",-0.950192,-80.542038,4,FALSE,0
4408,2016,6,20,23,24,28,"2016-06-20 23:24:28",4.4,"Mw",-0.99726,-80.568451,4.1,FALSE,0
4409,2016,6,21,14,50,21,"2016-06-21 14:50:21",4,"Mw",-3.920147,-79.696335,4.96,TRUE,0
4410,2016,6,22,15,40,26,"2016-06-22 15:40:26",4.2,"Mw",0.330202,-80.770584,10,FALSE,0
4411,2016,6,24,9,38,3,"2016-06-24 09:38:03",4.1,"Mw",0.990169,-79.681671,10,FALSE,0
4412,2016,6,27,4,15,43,"2016-06-27 04:15:43",4.8,"Mw",-3.331134,-80.029129,26.68,TRUE,0
4413,2016,7,2,6,34,51,"2016-07-02 06:34:51",5.1,"Mw",-5.278446,-81.102547,10,TRUE,0
4414,2016,7,5,11,25,54,"2016-07-05 11:25:54",4,"Mw",0.910602,-79.547035,8.61,FALSE,0
4415,2016,7,6,6,15,22,"2016-07-06 06:15:22",4.3,"Mw",0.939606,-79.514137,2.28,FALSE,0
4416,2016,7,6,6,19,42,"2016-07-06 06:19:42",4.8,"Mw",0.958251,-79.556648,4.39,FALSE,0
4417,2016,7,6,6,43,41,"2016-07-06 06:43:41",4.1,"Mw",0.91561,-79.506844,3.78,FALSE,0
4418,2016,7,7,10,48,37,"2016-07-07 10:48:37",4.3,"Mw",0.956815,-79.455582,10,FALSE,0
4419,2016,7,7,17,10,11,"2016-07-07 17:10:11",4,"Mw",-0.362793,-81.1259,5.73,FALSE,0
4420,2016,7,8,3,11,0,"2016-07-08 03:11:00",4.1,"Mw",0.952342,-79.481827,10,FALSE,0
4421,2016,7,8,4,28,39,"2016-07-08 04:28:39",5.6,"Mw",-0.350232,-81.097374,7.76,FALSE,0
4422,2016,7,8,4,41,33,"2016-07-08 04:41:33",4.4,"Mw",-0.348907,-81.315453,14.06,TRUE,0
4423,2016,7,8,7,3,47,"2016-07-08 07:03:47",5,"Mw",-0.406863,-81.051743,13.1,FALSE,0
4424,2016,7,8,7,35,14,"2016-07-08 07:35:14",4.3,"Mw",-0.369058,-81.084183,10,FALSE,0
4425,2016,7,10,6,44,32,"2016-07-10 06:44:32",4.7,"Mw",-0.182489,-81.058357,10,FALSE,0
4426,2016,7,11,2,1,8,"2016-07-11 02:01:08",5.9,"Mw",0.600839,-79.884155,8.67,FALSE,0
4427,2016,7,11,2,11,4,"2016-07-11 02:11:04",6.2,"Mw",0.590491,-79.769196,10.08,FALSE,0
4428,2016,7,11,7,40,29,"2016-07-11 07:40:29",4.3,"Mw",0.696254,-79.702057,6.1,FALSE,0
4429,2016,7,12,18,32,27,"2016-07-12 18:32:27",4.4,"Mw",0.955042,-79.528137,2.37,FALSE,0
4430,2016,7,12,18,35,28,"2016-07-12 18:35:28",4,"Mw",0.967791,-79.547142,5,FALSE,0
4431,2016,7,14,8,40,40,"2016-07-14 08:40:40",4.2,"Mw",-0.653173,-80.952591,10,FALSE,0
4432,2016,7,14,16,37,44,"2016-07-14 16:37:44",4.7,"Mw",1.230548,-80.03746,10,FALSE,0
4433,2016,7,14,18,11,40,"2016-07-14 18:11:40",4,"Mw",-0.966784,-80.618973,4.44,FALSE,0
4434,2016,7,15,7,32,30,"2016-07-15 07:32:30",4.5,"Mw",-0.636167,-81.189102,10,FALSE,0
4435,2016,7,15,11,17,6,"2016-07-15 11:17:06",4.4,"Mw",0.329981,-80.286179,8.2,FALSE,0
4436,2016,7,15,12,33,18,"2016-07-15 12:33:18",4.6,"Mw",-1.02065,-82.376228,10,TRUE,0
4437,2016,7,17,11,57,25,"2016-07-17 11:57:25",4.2,"Mw",-3.070297,-80.128349,10,FALSE,0
4438,2016,7,18,12,0,26,"2016-07-18 12:00:26",4.5,"Mw",0.951411,-79.455574,10,FALSE,0
4439,2016,7,20,1,20,21,"2016-07-20 01:20:21",5.4,"Mw",-0.905479,-80.630928,4.55,FALSE,0
4440,2016,7,20,13,51,32,"2016-07-20 13:51:32",4.4,"Mw",-0.867505,-80.72644,10,FALSE,0
4441,2016,7,21,11,57,45,"2016-07-21 11:57:45",5,"Mw",-0.985771,-80.655319,10,FALSE,0
4442,2016,7,21,16,43,56,"2016-07-21 16:43:56",4.2,"Mw",-0.857062,-80.699646,10,FALSE,0
4443,2016,7,22,6,31,21,"2016-07-22 06:31:21",4.3,"Mw",-0.221377,-80.651901,10,FALSE,0
4444,2016,7,30,1,30,26,"2016-07-30 01:30:26",4.2,"Mw",0.230249,-80.012299,4.38,FALSE,0
4445,2016,8,5,7,23,5,"2016-08-05 07:23:05",4,"Mw",-1.908649,-77.600349,10,TRUE,0
4446,2016,8,9,4,23,33,"2016-08-09 04:23:33",4.6741,"Mw",-0.15773,-78.376141,20.79,TRUE,1
4447,2016,8,22,9,5,4,"2016-08-22 09:05:04",4.1,"Mw",-0.169964,-80.766502,10,FALSE,0
4448,2016,8,23,12,54,21,"2016-08-23 12:54:21",4.6,"Mw",-1.910373,-80.289078,6.71,TRUE,0
4449,2016,8,26,4,25,27,"2016-08-26 04:25:27",5.2,"Mw",-0.930314,-80.581902,12.16,FALSE,0
4450,2016,9,1,10,37,32,"2016-09-01 10:37:32",4.2,"Mw",1.068025,-83.717171,10,TRUE,0
4451,2016,9,1,13,35,15,"2016-09-01 13:35:15",4.1,"Mw",-2.282445,-79.177048,7.44,TRUE,0
4452,2016,9,2,20,48,59,"2016-09-02 20:48:59",4.8,"Mw",0.751114,-79.252228,23.18,FALSE,0
4453,2016,9,3,20,2,52,"2016-09-03 20:02:52",4,"Mw",-1.627521,-78.103668,183.87,TRUE,0
4454,2016,9,5,0,22,55,"2016-09-05 00:22:55",4.5,"Mw",-0.168066,-78.378109,20.74,FALSE,0
4455,2016,9,11,19,59,7,"2016-09-11 19:59:07",4.8,"Mw",-2.718229,-77.639999,108.65,TRUE,0
4456,2016,9,14,16,50,34,"2016-09-14 16:50:34",4.9,"Mw",0.612577,-80.200798,7.59,FALSE,0
4457,2016,9,15,11,41,9,"2016-09-15 11:41:09",4.1,"Mw",-3.339997,-80.771896,6.55,TRUE,0
4458,2016,9,25,18,23,57,"2016-09-25 18:23:57",4.7,"Mw",-3.245413,-80.783211,10,TRUE,0
4459,2016,9,30,16,45,12,"2016-09-30 16:45:12",4.8,"Mw",-1.735269,-77.937614,180.99,TRUE,0
4460,2016,10,14,0,24,40,"2016-10-14 00:24:40",4.1,"Mw",-0.261881,-81.034058,10,FALSE,0
4461,2016,10,14,9,36,55,"2016-10-14 09:36:55",4.4,"Mw",-3.840548,-80.112663,5,TRUE,0
4462,2016,10,26,15,33,13,"2016-10-26 15:33:13",4,"Mw",-0.012386,-81.221214,10,FALSE,0
4463,2016,10,27,4,45,46,"2016-10-27 04:45:46",4.5,"Mw",-0.985812,-80.61908,5.16,TRUE,0
4464,2016,10,30,7,12,53,"2016-10-30 07:12:53",4.1,"Mw",-2.031699,-80.000359,30.99,TRUE,1
4465,2016,11,4,22,35,5,"2016-11-04 22:35:05",4,"Mw",-2.098294,-80.224586,13.76,FALSE,0
4466,2016,11,12,18,1,46,"2016-11-12 18:01:46",4.4,"Mw",1.100681,-83.823555,6,TRUE,0
4467,2016,11,19,19,55,53,"2016-11-19 19:55:53",4.8,"Mw",-2.011827,-79.850723,55.92,TRUE,1
4468,2016,11,21,1,34,19,"2016-11-21 01:34:19",4.5,"Mw",-0.184146,-80.644188,4.88,FALSE,0
4469,2016,11,23,9,31,29,"2016-11-23 09:31:29",4.5,"Mw",-3.779596,-92.323769,16.58,TRUE,0
4470,2016,12,1,19,35,21,"2016-12-01 19:35:21",4.8,"Mw",-1.188276,-80.934204,3.33,TRUE,0
4471,2016,12,6,1,16,30,"2016-12-06 01:16:30",4,"Mw",-1.536116,-79.235771,6.49,TRUE,0
4472,2016,12,6,19,12,4,"2016-12-06 19:12:04",4.2,"Mw",-2.150107,-79.833893,72.29,FALSE,0
4473,2016,12,12,11,12,15,"2016-12-12 11:12:15",4.1,"Mw",-2.760952,-79.851913,10.46,TRUE,0
4474,2016,12,12,15,53,52,"2016-12-12 15:53:52",5.0025,"Mw",0.859129,-79.906412,10.89,FALSE,0
4475,2016,12,12,19,29,7,"2016-12-12 19:29:07",4.3457,"Mw",0.858637,-79.892137,12.37,FALSE,0
4476,2016,12,13,22,55,45,"2016-12-13 22:55:45",4.3,"Mw",1.100794,-79.994545,4.78,FALSE,0
4477,2016,12,16,1,53,6,"2016-12-16 01:53:06",4.2,"Mw",-2.554044,-80.019646,30.68,TRUE,0
4478,2016,12,19,7,11,38,"2016-12-19 07:11:38",5.8,"Mw",0.927406,-79.843132,6.42,FALSE,0
4479,2016,12,19,7,24,53,"2016-12-19 07:24:53",4.2,"Mw",1.103383,-79.8563,1.91,FALSE,0
4480,2016,12,19,7,53,58,"2016-12-19 07:53:58",4,"Mw",1.179907,-80.056236,6.22,FALSE,0
4481,2016,12,19,8,20,1,"2016-12-19 08:20:01",4.2636,"Mw",0.863559,-79.81141,11.93,FALSE,0
4482,2016,12,19,8,57,12,"2016-12-19 08:57:12",4.5,"Mw",0.972963,-79.767159,1.45,FALSE,0
4483,2016,12,19,9,8,22,"2016-12-19 09:08:22",4,"Mw",1.081018,-79.847702,2.73,FALSE,0
4484,2016,12,19,9,59,47,"2016-12-19 09:59:47",4.3,"Mw",1.042115,-79.848862,4.97,FALSE,0
4485,2016,12,20,10,49,59,"2016-12-20 10:49:59",4.8,"Mw",0.941638,-79.646973,12.38,FALSE,0
4486,2016,12,20,12,9,35,"2016-12-20 12:09:35",4.2636,"Mw",0.862082,-79.86408,10.18,FALSE,0
4487,2016,12,20,15,41,29,"2016-12-20 15:41:29",4.5099,"Mw",0.880539,-79.849561,11.74,FALSE,0
4488,2016,12,20,17,39,21,"2016-12-20 17:39:21",5.1,"Mw",0.95988,-79.851585,4.96,FALSE,0
4489,2016,12,20,17,45,41,"2016-12-20 17:45:41",4,"Mw",1.068322,-79.919876,2.84,FALSE,0
4490,2016,12,20,17,55,11,"2016-12-20 17:55:11",4.4278,"Mw",0.905395,-79.84538,11.44,FALSE,0
4491,2016,12,21,1,4,50,"2016-12-21 01:04:50",5.1,"Mw",0.955786,-79.816727,4.66,FALSE,0
4492,2016,12,22,15,25,24,"2016-12-22 15:25:24",4.5,"Mw",-2.147772,-80.374023,12.9,TRUE,1
4493,2016,12,26,19,57,48,"2016-12-26 19:57:48",4.2,"Mw",1.021673,-79.879509,4.54,FALSE,0
4494,2017,1,7,9,11,53,"2017-01-07 09:11:53",4.5,"Mw",-2.883709,-80.403252,10,TRUE,0
4495,2017,1,11,2,36,29,"2017-01-11 02:36:29",5.2,"Mw",0.652821,-80.091377,2.93,FALSE,0
4496,2017,1,15,9,5,29,"2017-01-15 09:05:29",4.3,"Mw",-2.681929,-80.927643,10,TRUE,0
4497,2017,1,15,9,44,44,"2017-01-15 09:44:44",5.3,"Mw",-0.06758,-80.881714,7,FALSE,0
4498,2017,1,30,4,56,32,"2017-01-30 04:56:32",4.3,"Mw",-2.607066,-79.978256,36.35,TRUE,1
4499,2017,1,31,6,59,0,"2017-01-31 06:59:00",4.3,"Mw",-2.419502,-80.303772,13.06,FALSE,0
4500,2017,1,31,14,22,39,"2017-01-31 14:22:39",5.7,"Mw",0.739947,-79.766792,9.11,FALSE,0
4501,2017,1,31,23,38,29,"2017-01-31 23:38:29",5.2,"Mw",-3.124234,-77.09507,16.09,TRUE,0
4502,2017,2,4,20,17,2,"2017-02-04 20:17:02",4.4,"Mw",-0.915854,-80.461082,3.44,FALSE,0
4503,2017,2,15,4,12,10,"2017-02-15 04:12:10",4.9,"Mw",-1.400212,-80.546349,10,TRUE,0
4504,2017,2,19,6,26,55,"2017-02-19 06:26:55",4.1,"Mw",-2.29064,-79.864395,39.9,FALSE,0
4505,2017,2,23,1,8,29,"2017-02-23 01:08:29",4.5,"Mw",-3.697175,-76.075951,196.95,TRUE,0
4506,2017,2,26,10,47,57,"2017-02-26 10:47:57",4.2,"Mw",-3.917739,-77.103226,31.12,TRUE,0
4507,2017,3,3,17,35,10,"2017-03-03 17:35:10",4,"Mw",0.62777,-80.152481,8.71,FALSE,0
4508,2017,3,4,19,54,36,"2017-03-04 19:54:36",4,"Mw",-0.894013,-79.874062,48.18,FALSE,0
4509,2017,3,11,7,49,35,"2017-03-11 07:49:35",4,"Mw",0.095158,-85.075531,19.37,TRUE,0
4510,2017,3,15,16,16,38,"2017-03-15 16:16:38",4.2,"Mw",-2.295353,-79.731422,55.44,TRUE,0
4511,2017,3,17,7,20,20,"2017-03-17 07:20:20",4.2,"Mw",-2.925596,-79.824654,20.78,TRUE,0
4512,2017,3,19,8,32,12,"2017-03-19 08:32:12",4,"Mw",0.439371,-84.558441,10,TRUE,0
4513,2017,3,24,6,23,47,"2017-03-24 06:23:47",4.2,"Mw",-0.50158,-80.844887,4.07,FALSE,0
4514,2017,3,26,13,12,41,"2017-03-26 13:12:41",4.3,"Mw",-3.349926,-79.893906,4.17,TRUE,0
4515,2017,3,28,11,15,36,"2017-03-28 11:15:36",5.1,"Mw",-3.086325,-75.972343,75.07,TRUE,0
4516,2017,4,12,9,43,47,"2017-04-12 09:43:47",4.1,"Mw",0.569705,-79.208351,31.09,FALSE,0
4517,2017,4,14,13,1,13,"2017-04-14 13:01:13",4.2,"Mw",0.253761,-80.00946,8.14,FALSE,0
4518,2017,4,17,4,22,52,"2017-04-17 04:22:52",4.3,"Mw",-4.266058,-77.835426,20,TRUE,0
4519,2017,4,18,7,33,48,"2017-04-18 07:33:48",4.1,"Mw",-4.490565,-80.190948,63.39,TRUE,0
4520,2017,4,18,19,15,3,"2017-04-18 19:15:03",4.4,"Mw",-3.78358,-75.754555,25,TRUE,0
4521,2017,4,20,11,32,22,"2017-04-20 11:32:22",4.9,"Mw",1.082684,-85.242409,12.29,TRUE,0
4522,2017,4,21,16,58,18,"2017-04-21 16:58:18",5.2,"Mw",0.787054,-85.320557,20,TRUE,1
4523,2017,4,26,8,46,39,"2017-04-26 08:46:39",4.5,"Mw",-2.257266,-79.842278,48.16,TRUE,0
4524,2017,4,27,15,51,49,"2017-04-27 15:51:49",4.1,"Mw",0.954271,-79.486488,5.08,FALSE,0
4525,2017,4,28,5,40,52,"2017-04-28 05:40:52",4.3,"Mw",-1.969393,-80.890816,4.84,TRUE,0
4526,2017,5,1,0,6,8,"2017-05-01 00:06:08",5.3,"Mw",-2.256419,-77.612358,10,TRUE,0
4527,2017,5,6,0,41,10,"2017-05-06 00:41:10",4.5,"Mw",1.578402,-85.266678,10,TRUE,0
4528,2017,5,16,15,59,17,"2017-05-16 15:59:17",4.9,"Mw",-2.283741,-80.325661,16.86,TRUE,0
4529,2017,5,26,18,25,5,"2017-05-26 18:25:05",4.3,"Mw",-3.753198,-80.14753,44.93,TRUE,0
4530,2017,5,29,12,6,53,"2017-05-29 12:06:53",4,"Mw",-1.755649,-78.106728,163.65,TRUE,0
4531,2017,5,29,12,57,22,"2017-05-29 12:57:22",4.1,"Mw",-0.156555,-80.701622,10,FALSE,0
4532,2017,6,5,11,34,10,"2017-06-05 11:34:10",6.3,"Mw",-4.038656,-80.506142,16.5,TRUE,2
4533,2017,6,6,20,34,51,"2017-06-06 20:34:51",4.5,"Mw",-4.115075,-80.499512,16.26,FALSE,0
4534,2017,6,9,9,6,49,"2017-06-09 09:06:49",4,"Mw",0.623748,-80.088951,4.94,FALSE,0
4535,2017,6,11,18,1,49,"2017-06-11 18:01:49",4.4,"Mw",0.474524,-80.643616,8.16,FALSE,0
4536,2017,6,12,14,30,32,"2017-06-12 14:30:32",4,"Mw",0.353133,-80.227135,9.9,FALSE,0
4537,2017,6,16,18,12,38,"2017-06-16 18:12:38",4,"Mw",0.929577,-79.700569,5.71,FALSE,0
4538,2017,6,27,22,13,47,"2017-06-27 22:13:47",4.6,"Mw",-4.25257,-79.997643,98.62,TRUE,0
4539,2017,6,30,13,22,26,"2017-06-30 13:22:26",4.1,"Mw",0.131707,-80.356209,6.5,FALSE,0
4540,2017,6,30,15,38,44,"2017-06-30 15:38:44",4.1,"Mw",-2.931049,-80.017868,11,TRUE,0
4541,2017,6,30,22,29,40,"2017-06-30 22:29:40",6.3,"Mw",-0.145638,-80.850998,9,FALSE,0
4542,2017,6,30,22,37,47,"2017-06-30 22:37:47",4.9,"Mw",-0.179156,-80.839859,8,FALSE,0
4543,2017,7,1,3,32,50,"2017-07-01 03:32:50",4.5,"Mw",-0.124597,-80.74733,1.1,FALSE,0
4544,2017,7,1,18,10,56,"2017-07-01 18:10:56",4,"Mw",-0.268737,-80.804787,4.21,FALSE,0
4545,2017,7,1,23,16,32,"2017-07-01 23:16:32",4.5,"Mw",-0.130057,-80.999191,10.49,FALSE,0
4546,2017,7,5,10,55,4,"2017-07-05 10:55:04",4,"Mw",-0.078716,-80.780853,6.95,FALSE,0
4547,2017,7,6,4,49,41,"2017-07-06 04:49:41",4.2,"Mw",-0.080707,-81.054123,3.76,FALSE,0
4548,2017,7,6,9,12,38,"2017-07-06 09:12:38",4,"Mw",-1.091955,-81.056847,24.75,TRUE,0
4549,2017,7,9,18,4,53,"2017-07-09 18:04:53",4.2,"Mw",-2.958124,-81.942978,10,TRUE,0
4550,2017,7,10,18,48,57,"2017-07-10 18:48:57",4.1,"Mw",-2.291495,-79.447884,81.62,TRUE,0
4551,2017,7,11,12,9,15,"2017-07-11 12:09:15",5.5,"Mw",0.756791,-79.751724,7.99,FALSE,0
4552,2017,7,12,16,27,37,"2017-07-12 16:27:37",4,"Mw",-0.24521,-81.122375,10,FALSE,0
4553,2017,7,14,14,57,34,"2017-07-14 14:57:34",4.0994,"Mw",0.705744,-77.855629,3.44,TRUE,0
4554,2017,7,14,16,58,5,"2017-07-14 16:58:05",4.2,"Mw",0.746167,-77.856833,2,TRUE,0
4555,2017,7,15,22,27,49,"2017-07-15 22:27:49",4.1,"Mw",-4.076265,-78.95385,92.8,TRUE,0
4556,2017,7,19,1,15,30,"2017-07-19 01:15:30",4.3,"Mw",0.96256,-84.949844,6.12,FALSE,0
4557,2017,7,20,14,30,4,"2017-07-20 14:30:04",4.3,"Mw",-3.517665,-79.941574,8.3,TRUE,0
4558,2017,7,24,0,28,11,"2017-07-24 00:28:11",4.3,"Mw",-0.239482,-80.696121,6.58,FALSE,0
4559,2017,7,26,19,59,22,"2017-07-26 19:59:22",4.7,"Mw",-0.923087,-80.245049,5,FALSE,0
4560,2017,7,31,1,58,53,"2017-07-31 01:58:53",4.3,"Mw",1.739129,-84.137596,10,TRUE,0
4561,2017,8,10,0,55,1,"2017-08-10 00:55:01",4.4,"Mw",0.299251,-80.08638,4.96,FALSE,0
4562,2017,8,12,0,15,59,"2017-08-12 00:15:59",4.2,"Mw",-2.146544,-77.398735,6.8,TRUE,0
4563,2017,8,13,22,54,26,"2017-08-13 22:54:26",4.2,"Mw",-0.131304,-80.715614,7.74,FALSE,0
4564,2017,8,14,22,15,4,"2017-08-14 22:15:04",4.2,"Mw",-2.874396,-78.938431,32.3,TRUE,0
4565,2017,8,24,10,48,54,"2017-08-24 10:48:54",4.1,"Mw",1.341768,-78.742043,74.56,TRUE,0
4566,2017,9,3,0,26,40,"2017-09-03 00:26:40",4.4,"Mw",0.725822,-80.285324,10.2,FALSE,0
4567,2017,9,3,0,27,52,"2017-09-03 00:27:52",4.3,"Mw",0.577404,-80.171593,4.5,FALSE,0
4568,2017,9,13,3,34,40,"2017-09-13 03:34:40",4.5,"Mw",1.057927,-79.684341,15.65,FALSE,0
4569,2017,9,16,4,21,5,"2017-09-16 04:21:05",4.7,"Mw",-1.585063,-78.098495,171.69,TRUE,1
4570,2017,9,30,16,45,45,"2017-09-30 16:45:45",4.9,"Mw",1.095276,-91.01265,19.45,TRUE,0
4571,2017,10,1,20,22,19,"2017-10-01 20:22:19",4.3,"Mw",-0.683297,-80.607643,11.45,FALSE,0
4572,2017,10,4,22,16,43,"2017-10-04 22:16:43",4,"Mw",-2.417002,-79.906746,18.16,TRUE,0
4573,2017,10,7,9,26,12,"2017-10-07 09:26:12",5.2,"Mw",-1.829754,-78.186905,159.42,TRUE,2
4574,2017,10,9,4,15,21,"2017-10-09 04:15:21",4.8,"Mw",-1.771167,-77.757805,186.54,FALSE,0
4575,2017,10,11,5,8,10,"2017-10-11 05:08:10",4,"Mw",-1.783334,-77.698875,184.15,TRUE,0
4576,2017,10,19,2,39,8,"2017-10-19 02:39:08",5,"Mw",1.15054,-79.681633,6.92,FALSE,0
4577,2017,10,23,9,40,59,"2017-10-23 09:40:59",4.4,"Mw",-0.146764,-79.265648,8.82,FALSE,0
4578,2017,10,23,17,8,18,"2017-10-23 17:08:18",4.4,"Mw",-1.402917,-77.879883,203.41,FALSE,0
4579,2017,10,26,13,57,4,"2017-10-26 13:57:04",4.7,"Mw",-4.020053,-80.75135,8.17,FALSE,0
4580,2017,10,29,12,39,36,"2017-10-29 12:39:36",4,"Mw",-1.070548,-77.669991,7.33,TRUE,0
4581,2017,11,3,7,33,54,"2017-11-03 07:33:54",4,"Mw",-2.431259,-77.386223,142.01,TRUE,0
4582,2017,11,5,18,27,33,"2017-11-05 18:27:33",4,"Mw",-3.460475,-80.805733,12,TRUE,0
4583,2017,11,6,6,6,50,"2017-11-06 06:06:50",4.2,"Mw",-1.967239,-79.542702,85.28,TRUE,0
4584,2017,11,6,17,55,59,"2017-11-06 17:55:59",4.4,"Mw",0.63927,-80.010674,7.11,FALSE,0
4585,2017,11,6,17,56,48,"2017-11-06 17:56:48",4.592,"Mw",0.604486,-80.128937,7.2,FALSE,0
4586,2017,11,10,6,56,38,"2017-11-10 06:56:38",4.7562,"Mw",-1.221422,-80.521271,4.25,TRUE,1
4587,2017,11,17,13,40,41,"2017-11-17 13:40:41",5.2,"Mw",-2.414231,-80.002235,61.95,TRUE,2
4588,2017,11,18,4,23,45,"2017-11-18 04:23:45",5.6593,"Mw",-2.857035,-79.757111,21.15,TRUE,8
4589,2017,11,18,7,22,31,"2017-11-18 07:22:31",4,"Mw",-4.213668,-79.536995,65.77,TRUE,0
4590,2017,11,18,21,30,23,"2017-11-18 21:30:23",4,"Mw",-3.025723,-80.088913,26.82,FALSE,0
4591,2017,11,19,12,38,47,"2017-11-19 12:38:47",4.3457,"Mw",0.022671,-80.085159,24.01,FALSE,0
4592,2017,11,19,21,42,12,"2017-11-19 21:42:12",4.8,"Mw",-1.771966,-78.254761,165.22,FALSE,0
4593,2017,11,23,3,33,59,"2017-11-23 03:33:59",4.1,"Mw",-2.185763,-80.491447,29.92,TRUE,0
4594,2017,11,28,2,4,26,"2017-11-28 02:04:26",5.0025,"Mw",-2.036773,-79.89045,62.06,FALSE,0
4595,2017,11,28,10,21,0,"2017-11-28 10:21:00",4.2,"Mw",-2.970931,-80.638649,3.03,TRUE,0
4596,2017,11,29,2,24,57,"2017-11-29 02:24:57",4.2,"Mw",-2.329366,-77.247643,166.38,TRUE,0
4597,2017,12,3,11,19,5,"2017-12-03 11:19:05",5.846,"Mw",-0.486501,-80.391716,20.82,FALSE,0
4598,2017,12,7,2,37,45,"2017-12-07 02:37:45",4.7562,"Mw",-4.135454,-80.311241,41.48,TRUE,0
4599,2017,12,17,6,25,22,"2017-12-17 06:25:22",4.3,"Mw",-2.985984,-78.876984,69.75,TRUE,0
4600,2017,12,17,9,5,17,"2017-12-17 09:05:17",4.3,"Mw",0.821797,-80.236549,11.81,FALSE,0
4601,2017,12,17,9,16,26,"2017-12-17 09:16:26",5,"Mw",0.758832,-80.199883,9.04,FALSE,0
4602,2017,12,21,9,52,39,"2017-12-21 09:52:39",4.7,"Mw",-1.100462,-80.599388,2.12,FALSE,0
4603,2017,12,26,6,4,20,"2017-12-26 06:04:20",4.7,"Mw",-3.127755,-81.006638,8,TRUE,0
4604,2018,1,2,2,52,7,"2018-01-02 02:52:07",4.4,"Mw",-2.306267,-79.194649,13.93,TRUE,0
4605,2018,1,6,19,30,20,"2018-01-06 19:30:20",4.8383,"Mw",-0.840875,-80.439835,19.97,FALSE,0
4606,2018,1,9,0,5,52,"2018-01-09 00:05:52",5.3309,"Mw",1.674935,-91.158218,24.15,TRUE,0
4607,2018,1,17,7,12,38,"2018-01-17 07:12:38",4.2636,"Mw",1.28144,-79.986511,0.74,FALSE,0
4608,2018,1,19,22,31,29,"2018-01-19 22:31:29",4.592,"Mw",-3.760411,-79.877098,50.03,TRUE,0
4609,2018,1,23,13,45,28,"2018-01-23 13:45:28",4.5,"Mw",-3.991179,-80.942574,6.62,TRUE,0
4610,2018,1,25,15,2,7,"2018-01-25 15:02:07",4.7,"Mw",0.188666,-77.729836,4.32,TRUE,0
4611,2018,1,26,12,16,41,"2018-01-26 12:16:41",4.4278,"Mw",-4.004993,-78.162277,10,TRUE,0
4612,2018,1,28,17,36,13,"2018-01-28 17:36:13",4.0994,"Mw",-0.975093,-80.965668,18.92,TRUE,0
4613,2018,1,31,23,13,21,"2018-01-31 23:13:21",5.4951,"Mw",-1.729264,-77.825279,4.81,TRUE,5
4614,2018,1,31,23,18,12,"2018-01-31 23:18:12",4.0173,"Mw",-1.713393,-77.86747,7.74,FALSE,0
4615,2018,2,1,4,47,0,"2018-02-01 04:47:00",4,"Mw",-1.629438,-77.888542,194.19,FALSE,0
4616,2018,2,7,9,47,40,"2018-02-07 09:47:40",4.2,"Mw",-2.873799,-80.742409,6,TRUE,0
4617,2018,2,9,6,3,40,"2018-02-09 06:03:40",4.0173,"Mw",-2.397029,-79.794014,45.86,FALSE,0
4618,2018,2,10,1,30,13,"2018-02-10 01:30:13",4.592,"Mw",-1.597719,-81.232445,18.79,TRUE,3
4619,2018,2,10,1,30,38,"2018-02-10 01:30:38",4.3457,"Mw",-1.602239,-81.19796,4.18,FALSE,0
4620,2018,2,10,3,55,46,"2018-02-10 03:55:46",4.5099,"Mw",-1.587377,-81.053574,2.7,FALSE,0
4621,2018,2,13,15,6,56,"2018-02-13 15:06:56",4.0173,"Mw",-1.932845,-77.711037,186.74,FALSE,0
4622,2018,2,16,23,56,3,"2018-02-16 23:56:03",4.0994,"Mw",1.182232,-79.748474,9.94,FALSE,0
4623,2018,2,17,19,33,48,"2018-02-17 19:33:48",4.592,"Mw",-2.40544,-80.217232,15.58,TRUE,0
4624,2018,2,23,17,57,25,"2018-02-23 17:57:25",4.1815,"Mw",-3.005365,-79.894745,31.02,FALSE,0
4625,2018,2,27,3,40,10,"2018-02-27 03:40:10",4.8383,"Mw",-2.817409,-79.781776,4.1,FALSE,0
4626,2018,2,27,14,20,39,"2018-02-27 14:20:39",4.4,"Mw",-2.829546,-79.79319,2.21,FALSE,0
4627,2018,3,1,16,14,35,"2018-03-01 16:14:35",4.9204,"Mw",-0.552329,-80.790985,6.7,FALSE,0
4628,2018,3,3,19,9,19,"2018-03-03 19:09:19",4.4,"Mw",-2.888238,-79.770981,5,FALSE,0
4629,2018,3,4,20,10,43,"2018-03-04 20:10:43",4.2636,"Mw",0.395604,-80.52652,9.53,FALSE,0
4630,2018,3,8,2,45,31,"2018-03-08 02:45:31",4.0173,"Mw",-1.557369,-77.786514,7.53,FALSE,0
4631,2018,3,9,2,56,49,"2018-03-09 02:56:49",4.0173,"Mw",-1.064137,-78.72403,4.52,TRUE,0
4632,2018,3,11,22,8,19,"2018-03-11 22:08:19",5.1667,"Mw",-0.408224,-91.383224,20.03,TRUE,0
4633,2018,3,21,16,42,37,"2018-03-21 16:42:37",4.0994,"Mw",-1.585462,-80.912498,1.84,FALSE,0
4634,2018,3,21,20,44,26,"2018-03-21 20:44:26",4.2636,"Mw",0.715758,-77.881546,6.63,TRUE,0
4635,2018,3,22,14,2,56,"2018-03-22 14:02:56",4.0173,"Mw",-2.476805,-79.589447,38.15,FALSE,0
4636,2018,3,25,0,55,56,"2018-03-25 00:55:56",4.4278,"Mw",-2.895098,-79.771324,10,FALSE,0
4637,2018,3,28,12,55,48,"2018-03-28 12:55:48",4.1815,"Mw",-1.465182,-81.042557,4.91,TRUE,0
4638,2018,4,3,1,15,22,"2018-04-03 01:15:22",4.3457,"Mw",-0.165612,-78.635735,3.45,TRUE,0
4639,2018,4,11,1,24,27,"2018-04-11 01:24:27",4.2,"Mw",-1.488498,-79.259064,8.87,TRUE,0
4640,2018,4,11,16,30,19,"2018-04-11 16:30:19",4.6741,"Mw",-2.814021,-79.854195,8.57,FALSE,0
4641,2018,4,16,0,30,7,"2018-04-16 00:30:07",4.0173,"Mw",-2.088641,-78.05265,138.55,FALSE,0
4642,2018,4,16,3,3,50,"2018-04-16 03:03:50",4.3,"Mw",-1.89125,-79.264244,11.28,TRUE,0
4643,2018,4,22,23,29,22,"2018-04-22 23:29:22",4.1,"Mw",-0.211749,-80.630943,5.03,FALSE,0
4644,2018,4,23,0,4,13,"2018-04-23 00:04:13",4.0173,"Mw",-0.190884,-80.661903,5.26,FALSE,0
4645,2018,4,24,0,58,42,"2018-04-24 00:58:42",4.9204,"Mw",-0.178401,-80.662941,4.82,FALSE,0
4646,2018,4,24,1,55,41,"2018-04-24 01:55:41",4.0173,"Mw",-0.16068,-80.758141,7.19,FALSE,0
4647,2018,4,24,6,25,33,"2018-04-24 06:25:33",4.0173,"Mw",-4.111866,-77.678627,20,TRUE,0
4648,2018,4,27,4,36,32,"2018-04-27 04:36:32",5.3309,"Mw",0.606522,-83.087334,7,TRUE,0
4649,2018,5,1,9,34,57,"2018-05-01 09:34:57",4.0994,"Mw",-2.82166,-76.953865,63.91,TRUE,0
4650,2018,5,16,8,44,0,"2018-05-16 08:44:00",4.2636,"Mw",-0.847153,-81.166672,29.89,TRUE,0
4651,2018,5,17,15,44,17,"2018-05-17 15:44:17",4.2636,"Mw",-0.855116,-80.877869,4.26,TRUE,0
4652,2018,5,20,9,6,15,"2018-05-20 09:06:15",4.0994,"Mw",-0.752949,-80.790596,3.29,FALSE,0
4653,2018,5,22,13,36,16,"2018-05-22 13:36:16",5.5,"Mw",0.581166,-78.675529,4.06,TRUE,1
4654,2018,5,22,13,37,41,"2018-05-22 13:37:41",4.2636,"Mw",0.587384,-78.684006,2.89,FALSE,0
4655,2018,5,24,17,44,46,"2018-05-24 17:44:46",4.0173,"Mw",0.306133,-81.08062,7.17,FALSE,0
4656,2018,5,24,21,22,13,"2018-05-24 21:22:13",4.0173,"Mw",0.657751,-81.140434,6,FALSE,0
4657,2018,5,24,21,57,16,"2018-05-24 21:57:16",4.0173,"Mw",0.353813,-80.898911,7,FALSE,0
4658,2018,5,25,7,40,59,"2018-05-25 07:40:59",4.4278,"Mw",0.314874,-80.936455,4.92,FALSE,0
4659,2018,5,27,19,58,30,"2018-05-27 19:58:30",4.4278,"Mw",-2.109428,-79.634705,72.23,TRUE,0
4660,2018,6,9,19,5,6,"2018-06-09 19:05:06",4.1815,"Mw",-1.665953,-80.984192,1.7,TRUE,1
4661,2018,6,11,15,43,26,"2018-06-11 15:43:26",4.0994,"Mw",-1.967964,-81.026009,10,FALSE,0
4662,2018,6,15,13,35,37,"2018-06-15 13:35:37",5.0846,"Mw",-2.009798,-80.044701,38.99,TRUE,0
4663,2018,6,15,21,53,50,"2018-06-15 21:53:50",4.1815,"Mw",-4.095309,-79.672607,57.88,TRUE,0
4664,2018,6,21,15,21,6,"2018-06-21 15:21:06",4.0173,"Mw",-0.117379,-80.776733,10,FALSE,0
4665,2018,7,4,4,49,19,"2018-07-04 04:49:19",4.1815,"Mw",-3.359538,-80.432098,11.34,TRUE,0
4666,2018,7,5,3,11,16,"2018-07-05 03:11:16",4.0994,"Mw",0.641602,-80.110603,8.53,FALSE,0
4667,2018,7,5,23,1,13,"2018-07-05 23:01:13",4.1815,"Mw",-3.783471,-79.849167,42.24,TRUE,0
4668,2018,7,9,1,36,35,"2018-07-09 01:36:35",4.1815,"Mw",-3.724489,-79.519936,61.78,TRUE,0
4669,2018,7,9,2,22,36,"2018-07-09 02:22:36",4.2636,"Mw",-3.990723,-80.219749,39.22,TRUE,0
4670,2018,7,9,18,14,14,"2018-07-09 18:14:14",5.1,"Mw",-2.654464,-79.787201,15.19,TRUE,2
4671,2018,7,10,7,15,43,"2018-07-10 07:15:43",4.3457,"Mw",-4.486119,-78.617523,3.77,TRUE,0
4672,2018,7,15,17,48,33,"2018-07-15 17:48:33",4.2636,"Mw",-0.976746,-79.666252,3,TRUE,0
4673,2018,7,16,5,35,14,"2018-07-16 05:35:14",4.5,"Mw",-3.056732,-78.762337,64.96,TRUE,1
4674,2018,7,23,15,52,49,"2018-07-23 15:52:49",4.3,"Mw",-3.716217,-80.93354,3.82,TRUE,0
4675,2018,7,25,7,51,27,"2018-07-25 07:51:27",4.6,"Mw",-2.212603,-77.735443,150.82,TRUE,1
4676,2018,7,27,13,59,18,"2018-07-27 13:59:18",4.1815,"Mw",-1.325579,-80.477371,2.75,TRUE,0
4677,2018,7,27,21,37,35,"2018-07-27 21:37:35",4.1815,"Mw",-2.711464,-80.014648,21.15,FALSE,0
4678,2018,7,29,13,33,1,"2018-07-29 13:33:01",4.1815,"Mw",-1.358264,-80.484337,4.88,TRUE,0
4679,2018,8,10,0,15,30,"2018-08-10 00:15:30",4.3457,"Mw",-0.166132,-80.619339,2.79,FALSE,0
4680,2018,8,16,19,9,14,"2018-08-16 19:09:14",4.9204,"Mw",-3.051593,-81.572189,3.91,TRUE,0
4681,2018,8,18,3,16,34,"2018-08-18 03:16:34",4.2,"Mw",-1.276393,-80.550148,8,TRUE,2
4682,2018,8,18,15,18,43,"2018-08-18 15:18:43",4.1815,"Mw",-3.106308,-79.090981,58.45,FALSE,0
4683,2018,8,21,12,19,49,"2018-08-21 12:19:49",4.1815,"Mw",0.414907,-80.833244,9.4,FALSE,0
4684,2018,8,25,16,33,24,"2018-08-25 16:33:24",4.0994,"Mw",-2.94212,-77.790146,12,TRUE,1
4685,2018,8,26,10,22,51,"2018-08-26 10:22:51",4.1815,"Mw",-1.12979,-80.806793,2.7,FALSE,0
4686,2018,8,27,12,50,28,"2018-08-27 12:50:28",4.3457,"Mw",-1.995074,-77.762856,10,FALSE,0
4687,2018,9,1,20,26,28,"2018-09-01 20:26:28",4.0173,"Mw",-2.905784,-77.910446,2.94,FALSE,0
4688,2018,9,2,3,43,15,"2018-09-02 03:43:15",5.1,"Mw",-2.55097,-79.703651,47.21,TRUE,0
4689,2018,9,2,11,56,42,"2018-09-02 11:56:42",4.3457,"Mw",0.321637,-80.253021,8.7,FALSE,0
4690,2018,9,3,23,37,20,"2018-09-03 23:37:20",5.413,"Mw",1.263844,-85.217743,182.5,TRUE,0
4691,2018,9,7,2,12,5,"2018-09-07 02:12:05",6.234,"Mw",-2.268119,-79.089066,85.67,TRUE,3
4692,2018,9,7,2,16,52,"2018-09-07 02:16:52",4.0994,"Mw",-2.268099,-79.058617,82.79,FALSE,0
4693,2018,9,7,4,0,59,"2018-09-07 04:00:59",4.1815,"Mw",-2.371246,-80.858803,10.86,TRUE,0
4694,2018,9,8,18,10,54,"2018-09-08 18:10:54",4.1815,"Mw",-0.767508,-79.820053,18.95,FALSE,0
4695,2018,9,9,2,28,37,"2018-09-09 02:28:37",4.1815,"Mw",-1.313047,-80.825424,3.93,FALSE,0
4696,2018,9,15,4,25,21,"2018-09-15 04:25:21",4.592,"Mw",-0.860311,-80.874191,2.78,TRUE,0
4697,2018,9,17,20,44,39,"2018-09-17 20:44:39",4.8383,"Mw",-3.031011,-77.728027,85.15,TRUE,0
4698,2018,9,19,8,44,18,"2018-09-19 08:44:18",4.0994,"Mw",-2.221878,-79.873985,60.56,FALSE,0
4699,2018,9,20,17,54,36,"2018-09-20 17:54:36",4.7,"Mw",-0.85812,-80.249893,21.07,FALSE,0
4700,2018,9,20,22,45,19,"2018-09-20 22:45:19",4.0994,"Mw",-2.13677,-77.442444,155.75,TRUE,0
4701,2018,9,22,12,16,2,"2018-09-22 12:16:02",4.4278,"Mw",-1.719263,-80.923538,6.65,TRUE,0
4702,2018,9,30,8,15,57,"2018-09-30 08:15:57",4.0994,"Mw",0.847556,-83.209023,10,TRUE,0
4703,2018,10,9,19,4,44,"2018-10-09 19:04:44",4.0994,"Mw",-4.155738,-79.732353,70.28,TRUE,0
4704,2018,10,13,13,35,56,"2018-10-13 13:35:56",5.0025,"Mw",0.403986,-80.005341,6.04,FALSE,0
4705,2018,10,13,20,26,11,"2018-10-13 20:26:11",4.0994,"Mw",-0.918584,-78.060226,2.62,TRUE,0
4706,2018,10,18,12,12,55,"2018-10-18 12:12:55",4.2636,"Mw",-1.935203,-80.212059,22.19,TRUE,0
4707,2018,10,21,15,40,26,"2018-10-21 15:40:26",4.0994,"Mw",0.8098,-79.72641,9.96,TRUE,0
4708,2018,10,21,21,8,56,"2018-10-21 21:08:56",5.7414,"Mw",-1.911038,-80.145515,32.53,TRUE,4
4709,2018,10,22,4,32,10,"2018-10-22 04:32:10",5.0025,"Mw",0.835956,-80.519157,6.51,TRUE,0
4710,2018,10,26,9,11,51,"2018-10-26 09:11:51",4.6741,"Mw",-1.608238,-78.008995,177.09,TRUE,0
4711,2018,10,29,12,20,49,"2018-10-29 12:20:49",4.9204,"Mw",-3.80182,-80.525703,19.16,TRUE,0
4712,2018,10,30,12,24,0,"2018-10-30 12:24:00",4.0994,"Mw",-2.217404,-79.043152,83.67,FALSE,0
4713,2018,11,1,8,17,38,"2018-11-01 08:17:38",4.2636,"Mw",1.103735,-78.760735,3.7,TRUE,0
4714,2018,11,1,19,31,50,"2018-11-01 19:31:50",4.2636,"Mw",-2.089224,-80.44648,7.43,FALSE,0
4715,2018,11,5,8,48,30,"2018-11-05 08:48:30",4.0173,"Mw",1.779221,-79.498108,10.5,TRUE,0
4716,2018,11,7,6,27,18,"2018-11-07 06:27:18",4.0173,"Mw",-4.770415,-78.91301,2.07,TRUE,0
4717,2018,11,13,10,10,34,"2018-11-13 10:10:34",4.0994,"Mw",-3.775502,-79.566963,67.98,TRUE,0
4718,2018,11,17,12,55,34,"2018-11-17 12:55:34",5.3309,"Mw",-2.594499,-81.003433,20.96,TRUE,0
4719,2018,11,17,19,54,24,"2018-11-17 19:54:24",4.0173,"Mw",-2.852835,-80.470978,8.23,TRUE,0
4720,2018,11,18,9,39,12,"2018-11-18 09:39:12",4.1815,"Mw",-2.02989,-77.694611,2.3,TRUE,0
4721,2018,11,24,18,25,2,"2018-11-24 18:25:02",4.1815,"Mw",-3.529675,-80.107887,26.26,TRUE,0
4722,2018,12,8,9,20,12,"2018-12-08 09:20:12",4.2636,"Mw",-3.827472,-79.42408,65.52,TRUE,0
4723,2018,12,9,16,27,56,"2018-12-09 16:27:56",4.2636,"Mw",-4.109025,-80.777916,13.05,TRUE,0
4724,2018,12,15,21,11,39,"2018-12-15 21:11:39",5.0025,"Mw",0.280721,-79.197571,7.21,TRUE,0
4725,2018,12,22,13,46,40,"2018-12-22 13:46:40",4.3457,"Mw",-3.606071,-79.554306,70.15,TRUE,0
4726,2018,12,31,21,30,19,"2018-12-31 21:30:19",4.0173,"Mw",-2.311163,-77.855537,5,TRUE,0
4727,2019,1,6,11,19,32,"2019-01-06 11:19:32",4.4278,"Mw",-2.084185,-79.254593,9.06,FALSE,0
4728,2019,1,10,15,6,15,"2019-01-10 15:06:15",4.0994,"Mw",-0.169872,-80.52565,8.81,TRUE,0
4729,2019,1,11,23,2,52,"2019-01-11 23:02:52",4.0994,"Mw",-1.721987,-78.242722,142.72,TRUE,0
4730,2019,1,25,6,46,51,"2019-01-25 06:46:51",4.1815,"Mw",-2.927039,-79.963669,10,TRUE,0
4731,2019,1,25,10,10,8,"2019-01-25 10:10:08",4.2636,"Mw",-1.181834,-80.896965,5.38,TRUE,0
4732,2019,1,31,14,46,30,"2019-01-31 14:46:30",4.5099,"Mw",-3.211357,-77.775978,6,TRUE,1
4733,2019,1,31,15,6,10,"2019-01-31 15:06:10",4.0173,"Mw",-3.222096,-77.872833,3.63,FALSE,0
4734,2019,2,2,2,51,12,"2019-02-02 02:51:12",4.3457,"Mw",-2.670209,-77.914757,10,TRUE,0
4735,2019,2,3,3,3,10,"2019-02-03 03:03:10",4.5099,"Mw",-2.699351,-78.878845,78.18,TRUE,0
4736,2019,2,4,17,45,47,"2019-02-04 17:45:47",5.6,"Mw",-2.437653,-80.104668,29.74,TRUE,0
4737,2019,2,5,9,53,4,"2019-02-05 09:53:04",4.6741,"Mw",-2.885811,-78.838951,83.78,TRUE,0
4738,2019,2,14,6,24,42,"2019-02-14 06:24:42",4.6741,"Mw",0.72004,-77.85318,3,TRUE,1
4739,2019,2,14,6,49,18,"2019-02-14 06:49:18",4.0173,"Mw",0.72875,-77.83239,2.36,FALSE,0
4740,2019,2,14,13,42,46,"2019-02-14 13:42:46",4.592,"Mw",-3.237366,-80.774483,4.84,TRUE,0
4741,2019,2,17,7,14,22,"2019-02-17 07:14:22",4.0173,"Mw",-0.529916,-81.007401,4.38,TRUE,0
4742,2019,2,19,13,13,19,"2019-02-19 13:13:19",4.1815,"Mw",-2.565481,-80.567619,8.59,TRUE,0
4743,2019,2,22,10,17,20,"2019-02-22 10:17:20",7.4,"Mw",-2.478045,-77.124641,145.84,TRUE,25
4744,2019,2,22,10,20,19,"2019-02-22 10:20:19",6.1,"Mw",-2.352514,-77.529732,143.05,FALSE,0
4745,2019,2,22,10,40,39,"2019-02-22 10:40:39",5.7414,"Mw",-2.303023,-80.003937,37.92,TRUE,1
4746,2019,3,3,17,41,12,"2019-03-03 17:41:12",4.2636,"Mw",0.354868,-80.983871,15,TRUE,0
4747,2019,3,9,3,30,41,"2019-03-09 03:30:41",4.592,"Mw",-1.853324,-80.221725,8.58,FALSE,0
4748,2019,3,14,9,2,7,"2019-03-14 09:02:07",4.2636,"Mw",-2.554688,-76.924431,73.25,FALSE,0
4749,2019,3,20,16,23,23,"2019-03-20 16:23:23",5.4951,"Mw",-2.893928,-77.379745,40,FALSE,0
4750,2019,3,25,5,54,58,"2019-03-25 05:54:58",4.1815,"Mw",-0.594558,-80.735138,7.4,TRUE,0
4751,2019,3,25,14,3,25,"2019-03-25 14:03:25",4.4278,"Mw",-2.588113,-76.429832,101.95,FALSE,0
4752,2019,3,30,3,40,59,"2019-03-30 03:40:59",4.4278,"Mw",-2.309762,-79.996742,39.96,FALSE,0
4753,2019,3,31,7,4,2,"2019-03-31 07:04:02",6.0698,"Mw",-1.986218,-81.072281,7.23,TRUE,17
4754,2019,3,31,7,8,50,"2019-03-31 07:08:50",5.0846,"Mw",-1.968696,-81.185371,8,FALSE,0
4755,2019,3,31,7,12,14,"2019-03-31 07:12:14",4.7562,"Mw",-1.932026,-80.997528,6.59,FALSE,0
4756,2019,3,31,7,27,13,"2019-03-31 07:27:13",4.7562,"Mw",-1.952115,-80.833,4.56,FALSE,0
4757,2019,3,31,7,28,50,"2019-03-31 07:28:50",5.4951,"Mw",-1.986242,-80.837952,6.93,FALSE,0
4758,2019,3,31,7,31,14,"2019-03-31 07:31:14",4.0173,"Mw",-1.921541,-80.898483,3.32,FALSE,0
4759,2019,3,31,7,32,14,"2019-03-31 07:32:14",4.4278,"Mw",-1.931995,-80.882889,6.21,FALSE,0
4760,2019,3,31,7,35,40,"2019-03-31 07:35:40",4.0173,"Mw",-1.953429,-80.901276,8.7,FALSE,0
4761,2019,3,31,7,45,22,"2019-03-31 07:45:22",4.2636,"Mw",-1.944361,-81.103752,4.39,FALSE,0
4762,2019,3,31,8,53,40,"2019-03-31 08:53:40",4.5099,"Mw",-1.991373,-81.035576,4.13,FALSE,0
4763,2019,3,31,8,54,19,"2019-03-31 08:54:19",4.2636,"Mw",-1.902146,-80.91787,4.19,FALSE,0
4764,2019,3,31,11,3,57,"2019-03-31 11:03:57",4.2636,"Mw",-1.971819,-81.193123,3.72,FALSE,0
4765,2019,3,31,14,9,11,"2019-03-31 14:09:11",5.0846,"Mw",-1.903029,-80.931,2.87,FALSE,0
4766,2019,3,31,14,9,11,"2019-03-31 14:09:11",4.7562,"Mw",-1.881134,-80.973282,6.08,FALSE,0
4767,2019,3,31,15,33,38,"2019-03-31 15:33:38",4.592,"Mw",-1.954065,-80.884964,6,FALSE,0
4768,2019,4,3,13,21,43,"2019-04-03 13:21:43",4.0173,"Mw",-2.330039,-77.027588,104.73,FALSE,0
4769,2019,4,5,18,46,50,"2019-04-05 18:46:50",5.1667,"Mw",1.455802,-85.186226,16.23,TRUE,0
4770,2019,4,8,3,23,47,"2019-04-08 03:23:47",5.3309,"Mw",-2.254466,-80.424751,7.17,FALSE,0
4771,2019,4,10,5,36,36,"2019-04-10 05:36:36",4.1815,"Mw",-0.86507,-80.60363,12.55,TRUE,0
4772,2019,4,13,3,7,54,"2019-04-13 03:07:54",4.0994,"Mw",-4.29971,-79.750412,55.87,TRUE,0
4773,2019,4,13,3,43,55,"2019-04-13 03:43:55",4.4278,"Mw",-1.56284,-77.953621,178.48,TRUE,0
4774,2019,4,14,19,28,35,"2019-04-14 19:28:35",4.0994,"Mw",-2.27417,-81.017944,37.12,FALSE,0
4775,2019,4,17,1,12,48,"2019-04-17 01:12:48",4.0173,"Mw",-1.774511,-81.541855,37.97,TRUE,0
4776,2019,4,17,9,13,31,"2019-04-17 09:13:31",4.5099,"Mw",-1.947623,-80.985565,4.32,FALSE,0
4777,2019,4,21,3,5,19,"2019-04-21 03:05:19",4.0173,"Mw",0.810509,-84.265533,14,TRUE,0
4778,2019,4,22,1,4,47,"2019-04-22 01:04:47",4.8383,"Mw",-3.272653,-80.766716,11.72,TRUE,0
4779,2019,4,26,2,2,19,"2019-04-26 02:02:19",4.0173,"Mw",-1.271721,-80.942627,3.71,TRUE,0
4780,2019,4,29,3,15,3,"2019-04-29 03:15:03",4.4278,"Mw",-4.032717,-80.46817,34.96,TRUE,0
4781,2019,5,4,23,14,8,"2019-05-04 23:14:08",4.1815,"Mw",-2.443259,-80.004677,43.3,FALSE,0
4782,2019,5,13,18,0,14,"2019-05-13 18:00:14",4.5099,"Mw",0.72225,-77.880196,4.07,TRUE,1
4783,2019,5,15,13,14,13,"2019-05-15 13:14:13",4.0173,"Mw",0.697103,-77.893806,2.95,FALSE,0
4784,2019,5,16,4,4,57,"2019-05-16 04:04:57",5.0846,"Mw",-2.532436,-77.063416,114.24,FALSE,0
4785,2019,5,21,21,19,50,"2019-05-21 21:19:50",4.7562,"Mw",0.908226,-85.745461,10,TRUE,0
4786,2019,5,22,20,49,46,"2019-05-22 20:49:46",4.0173,"Mw",-2.554454,-77.626884,103.98,FALSE,0
4787,2019,5,24,0,9,51,"2019-05-24 00:09:51",4.1815,"Mw",0.257863,-80.057472,8.86,TRUE,0
4788,2019,5,25,9,50,20,"2019-05-25 09:50:20",4.2636,"Mw",-4.236894,-78.170761,10,TRUE,0
4789,2019,6,11,12,28,10,"2019-06-11 12:28:10",4.7562,"Mw",-3.840302,-80.170471,43,TRUE,1
4790,2019,6,30,18,8,32,"2019-06-30 18:08:32",4.1815,"Mw",-1.822836,-78.775002,3.28,TRUE,0
4791,2019,7,2,8,4,45,"2019-07-02 08:04:45",4.0994,"Mw",-3.771708,-79.833786,57.98,FALSE,0
4792,2019,7,4,4,40,37,"2019-07-04 04:40:37",4.0173,"Mw",-1.651447,-78.187798,164.77,TRUE,0
4793,2019,7,9,17,40,34,"2019-07-09 17:40:34",4.0173,"Mw",0.917136,-79.850967,6.11,TRUE,0
4794,2019,7,13,12,5,5,"2019-07-13 12:05:05",4.5099,"Mw",1.17592,-90.897446,4.08,TRUE,0
4795,2019,7,18,0,36,54,"2019-07-18 00:36:54",4.0994,"Mw",1.958341,-90.29615,10,TRUE,0
4796,2019,7,24,2,41,26,"2019-07-24 02:41:26",4.2636,"Mw",-2.885967,-78.019547,10,TRUE,0
4797,2019,7,31,9,41,40,"2019-07-31 09:41:40",4.6741,"Mw",-1.990477,-79.004051,9.9,TRUE,0
4798,2019,8,18,9,28,30,"2019-08-18 09:28:30",5.0846,"Mw",-2.36538,-79.543175,62.83,TRUE,0
4799,2019,8,20,21,44,52,"2019-08-20 21:44:52",4.2636,"Mw",-3.977962,-80.521744,18.88,TRUE,0
4800,2019,8,22,20,53,40,"2019-08-22 20:53:40",4.592,"Mw",-3.557835,-79.69751,54.23,TRUE,0
4801,2019,8,22,22,19,55,"2019-08-22 22:19:55",4.3457,"Mw",0.535293,-83.074219,7,TRUE,0
4802,2019,9,3,4,59,9,"2019-09-03 04:59:09",4.0173,"Mw",-1.751746,-78.170197,157.49,TRUE,0
4803,2019,9,9,23,52,41,"2019-09-09 23:52:41",4.0994,"Mw",-1.486943,-77.919167,193.09,TRUE,0
4804,2019,9,11,15,18,3,"2019-09-11 15:18:03",4.2636,"Mw",-1.961779,-78.084366,154.89,TRUE,0
4805,2019,9,15,23,5,31,"2019-09-15 23:05:31",4.1815,"Mw",-3.345083,-80.087784,31.52,TRUE,1
4806,2019,9,16,20,20,8,"2019-09-16 20:20:08",4.0173,"Mw",-3.494391,-80.226929,29.52,FALSE,0
4807,2019,9,19,17,55,15,"2019-09-19 17:55:15",4.4278,"Mw",-1.963513,-81.086929,3.7,FALSE,0
4808,2019,9,20,22,54,51,"2019-09-20 22:54:51",4.0173,"Mw",0.949047,-79.64592,8.72,TRUE,0
4809,2019,9,27,3,45,32,"2019-09-27 03:45:32",4.5099,"Mw",-2.565265,-77.700752,3.78,FALSE,0
4810,2019,10,11,10,59,48,"2019-10-11 10:59:48",4.3457,"Mw",-2.645606,-77.032845,109.74,FALSE,0
4811,2019,10,12,16,41,53,"2019-10-12 16:41:53",4.2636,"Mw",-2.571567,-77.955368,4.88,FALSE,0
4812,2019,10,22,16,15,36,"2019-10-22 16:15:36",4.7562,"Mw",-2.983575,-79.932335,29.47,TRUE,1
4813,2019,10,29,2,42,27,"2019-10-29 02:42:27",4.0173,"Mw",-3.159711,-80.920395,4.83,TRUE,0
4814,2019,11,2,12,20,4,"2019-11-02 12:20:04",4.3457,"Mw",-2.505078,-81.00309,9.38,TRUE,0
4815,2019,11,6,4,11,23,"2019-11-06 04:11:23",4.1815,"Mw",0.446268,-80.735168,4.72,TRUE,0
4816,2019,11,9,13,37,15,"2019-11-09 13:37:15",4.2636,"Mw",-3.387441,-80.86879,7.48,TRUE,0
4817,2019,11,15,10,9,23,"2019-11-15 10:09:23",4.2636,"Mw",-1.759615,-77.850838,5.37,TRUE,0
4818,2019,11,15,14,38,34,"2019-11-15 14:38:34",4.0994,"Mw",-2.295742,-77.834915,130.13,FALSE,0
4819,2019,11,18,19,2,49,"2019-11-18 19:02:49",4.0994,"Mw",-3.13287,-79.726868,38.26,FALSE,0
4820,2019,11,26,2,57,11,"2019-11-26 02:57:11",4.0173,"Mw",-3.405998,-79.892006,38.16,TRUE,0
4821,2019,12,8,8,56,7,"2019-12-08 08:56:07",4.4278,"Mw",-0.041851,-78.440353,9.66,TRUE,0
4822,2019,12,10,1,59,55,"2019-12-10 01:59:55",4.3457,"Mw",-3.124202,-80.904694,12.1,TRUE,0
4823,2019,12,10,14,57,53,"2019-12-10 14:57:53",4.2636,"Mw",-2.204123,-79.820168,60.61,TRUE,0
4824,2019,12,11,0,50,37,"2019-12-11 00:50:37",4.1815,"Mw",-2.659508,-76.946991,125.9,FALSE,0
4825,2019,12,24,19,34,42,"2019-12-24 19:34:42",4.0994,"Mw",-1.951452,-78.852127,112.86,TRUE,0
4826,2019,12,26,13,57,27,"2019-12-26 13:57:27",4.0173,"Mw",-0.927457,-79.291031,101.09,TRUE,0
4827,2020,1,1,5,11,9,"2020-01-01 05:11:09",4.3457,"Mw",-0.543504,-80.811691,8.68,TRUE,1
4828,2020,1,1,5,25,38,"2020-01-01 05:25:38",4.0173,"Mw",-0.597586,-80.774612,11.7,FALSE,0
4829,2020,1,3,14,16,39,"2020-01-03 14:16:39",5.0025,"Mw",-3.438988,-80.407516,22.48,TRUE,0
4830,2020,1,7,22,45,27,"2020-01-07 22:45:27",4.0994,"Mw",-2.628131,-79.068161,72.65,TRUE,0
4831,2020,1,14,17,9,8,"2020-01-14 17:09:08",4.2636,"Mw",0.580412,-80.035828,5.71,TRUE,0
4832,2020,1,27,10,0,4,"2020-01-27 10:00:04",4.3457,"Mw",0.916737,-79.576492,4.08,TRUE,0
4833,2020,2,5,5,47,39,"2020-02-05 05:47:39",4.0173,"Mw",-3.420789,-80.897797,9.42,TRUE,0
4834,2020,2,9,20,33,27,"2020-02-09 20:33:27",4.8383,"Mw",-2.195195,-79.684799,72.23,TRUE,0
4835,2020,2,10,10,18,1,"2020-02-10 10:18:01",4.0994,"Mw",-0.147199,-80.628853,11.97,TRUE,0
4836,2020,2,17,3,51,18,"2020-02-17 03:51:18",4.0994,"Mw",-2.451753,-80.024658,43.21,TRUE,0
4837,2020,2,17,23,36,52,"2020-02-17 23:36:52",4.0173,"Mw",-1.058597,-77.861198,2.8,TRUE,0
4838,2020,2,28,14,10,9,"2020-02-28 14:10:09",4.0173,"Mw",-1.529261,-77.590927,6.84,TRUE,0
4839,2020,3,3,22,16,50,"2020-03-03 22:16:50",4.1815,"Mw",-2.762703,-79.96183,6.35,TRUE,0
4840,2020,3,6,20,43,28,"2020-03-06 20:43:28",4.592,"Mw",-1.472348,-80.56218,33.31,TRUE,0
4841,2020,3,10,11,13,45,"2020-03-10 11:13:45",4.8383,"Mw",1.114373,-91.283096,87.22,TRUE,0
4842,2020,3,10,18,30,51,"2020-03-10 18:30:51",4.1815,"Mw",-0.255815,-80.425407,12.28,TRUE,0
4843,2020,3,16,3,53,27,"2020-03-16 03:53:27",5.1667,"Mw",1.081032,-78.769829,3.35,TRUE,0
4844,2020,3,25,3,33,2,"2020-03-25 03:33:02",4.0173,"Mw",-1.641609,-78.280396,163.88,TRUE,0
4845,2020,3,30,3,42,50,"2020-03-30 03:42:50",4.1815,"Mw",0.177346,-80.566048,10,TRUE,0
4846,2020,3,30,9,9,6,"2020-03-30 09:09:06",5.2,"Mw",0.40287,-77.790382,131.07,TRUE,1
4847,2020,4,17,3,13,32,"2020-04-17 03:13:32",4.3457,"Mw",-2.561872,-76.95887,122.02,FALSE,0
4848,2020,4,25,1,53,57,"2020-04-25 01:53:57",4.2636,"Mw",-1.031535,-79.488487,19.68,TRUE,0
4849,2020,4,28,4,20,18,"2020-04-28 04:20:18",4.1815,"Mw",-2.848649,-77.665512,3.7,FALSE,0
4850,2020,4,28,5,44,10,"2020-04-28 05:44:10",4.2636,"Mw",-2.924045,-77.62104,6.88,FALSE,0
4851,2020,4,28,9,6,7,"2020-04-28 09:06:07",4.592,"Mw",-2.849446,-77.619583,6.23,FALSE,0
4852,2020,4,28,10,7,39,"2020-04-28 10:07:39",4.3457,"Mw",-2.887532,-77.572861,10,FALSE,0
4853,2020,4,29,3,35,48,"2020-04-29 03:35:48",4.3457,"Mw",-2.840501,-77.596558,3.1,FALSE,0
4854,2020,4,29,7,20,28,"2020-04-29 07:20:28",4.592,"Mw",-2.798294,-77.566818,10,FALSE,0
4855,2020,5,14,9,10,11,"2020-05-14 09:10:11",4.0173,"Mw",-3.668255,-80.336342,16.38,TRUE,0
4856,2020,5,17,8,43,33,"2020-05-17 08:43:33",4.2636,"Mw",-4.266738,-80.440727,23.16,TRUE,0
4857,2020,5,20,4,55,8,"2020-05-20 04:55:08",4.3457,"Mw",1.108886,-84.871071,14.58,TRUE,0
4858,2020,5,22,19,49,42,"2020-05-22 19:49:42",4.4278,"Mw",-2.427245,-81.496689,8.69,TRUE,0
4859,2020,5,23,20,8,3,"2020-05-23 20:08:03",4.0173,"Mw",-0.95149,-79.874374,51.47,TRUE,0
4860,2020,5,27,13,34,14,"2020-05-27 13:34:14",4.1815,"Mw",-2.127141,-79.802467,67,TRUE,1
4861,2020,5,30,12,40,6,"2020-05-30 12:40:06",5.1667,"Mw",-1.278794,-79.904495,61.55,TRUE,0
4862,2020,6,10,3,19,35,"2020-06-10 03:19:35",4.0173,"Mw",-2.573735,-79.608871,10.73,TRUE,0
4863,2020,6,15,17,14,16,"2020-06-15 17:14:16",4.0994,"Mw",0.706949,-77.893074,2.23,FALSE,0
4864,2020,6,16,22,45,30,"2020-06-16 22:45:30",4.0173,"Mw",-2.087505,-79.754349,53.42,FALSE,0
4865,2020,6,20,14,43,48,"2020-06-20 14:43:48",4.0173,"Mw",-2.38087,-77.632088,133.43,FALSE,0
4866,2020,6,24,15,38,34,"2020-06-24 15:38:34",4.7562,"Mw",-1.806059,-77.853531,173.48,TRUE,0
4867,2020,6,30,21,28,51,"2020-06-30 21:28:51",4.3457,"Mw",-0.653381,-81.156464,4.81,TRUE,1
4868,2020,7,3,11,37,32,"2020-07-03 11:37:32",4.0173,"Mw",-3.272461,-81.015244,15.26,TRUE,0
4869,2020,7,4,2,39,56,"2020-07-04 02:39:56",4.0994,"Mw",-0.664414,-81.105507,4.93,FALSE,0
4870,2020,7,5,22,23,38,"2020-07-05 22:23:38",4.5099,"Mw",-0.699349,-81.225533,7.43,TRUE,0
4871,2020,7,6,1,16,28,"2020-07-06 01:16:28",4.1815,"Mw",0.30457,-80.190414,5.85,TRUE,0
4872,2020,7,8,8,40,26,"2020-07-08 08:40:26",4.3457,"Mw",-3.406984,-80.87867,18.92,TRUE,1
4873,2020,7,8,8,51,2,"2020-07-08 08:51:02",4.0173,"Mw",-3.385446,-80.944946,8.54,FALSE,0
4874,2020,7,8,18,53,6,"2020-07-08 18:53:06",4.0994,"Mw",0.733628,-80.541794,10.28,TRUE,0
4875,2020,7,21,22,25,10,"2020-07-21 22:25:10",4.4278,"Mw",-1.706411,-80.434265,5.26,TRUE,0
4876,2020,7,24,17,20,39,"2020-07-24 17:20:39",4.0173,"Mw",-3.15901,-78.027496,10,TRUE,0
4877,2020,7,25,21,16,13,"2020-07-25 21:16:13",4.6741,"Mw",-3.439665,-80.969284,10,TRUE,0
4878,2020,8,6,19,1,44,"2020-08-06 19:01:44",4.0173,"Mw",-2.225085,-79.848991,76.16,TRUE,0
4879,2020,8,8,15,35,12,"2020-08-08 15:35:12",4.0173,"Mw",-2.560526,-77.681992,8.41,FALSE,0
4880,2020,8,23,0,52,38,"2020-08-23 00:52:38",4.3,"Mw",-2.090389,-79.702446,73.45,TRUE,0
4881,2020,8,24,5,19,20,"2020-08-24 05:19:20",4.0994,"Mw",-1.695588,-81.198914,6.26,TRUE,0
4882,2020,8,31,5,30,1,"2020-08-31 05:30:01",4,"Mw",-2.495026,-76.90863,120.69,FALSE,0
4883,2020,9,4,2,14,52,"2020-09-04 02:14:52",4.0173,"Mw",-0.163751,-80.68795,6.09,TRUE,0
4884,2020,9,4,2,17,30,"2020-09-04 02:17:30",4.592,"Mw",-0.149628,-80.671356,4.09,TRUE,0
4885,2020,9,15,6,44,3,"2020-09-15 06:44:03",5.1667,"Mw",-3.482709,-80.816185,15.35,TRUE,0
4886,2020,9,29,13,19,24,"2020-09-29 13:19:24",4.0173,"Mw",-1.518878,-80.98172,1.56,TRUE,0
4887,2020,9,30,0,46,44,"2020-09-30 00:46:44",4.0173,"Mw",-2.454572,-78.840836,79.52,TRUE,0
4888,2020,10,3,0,11,4,"2020-10-03 00:11:04",4.592,"Mw",-1.192018,-78.41301,4.45,TRUE,0
4889,2020,10,7,9,57,59,"2020-10-07 09:57:59",4.0173,"Mw",-2.219519,-77.771339,137.86,FALSE,0
4890,2020,10,10,17,4,25,"2020-10-10 17:04:25",4.2636,"Mw",-3.583175,-79.0998,65.38,TRUE,0
4891,2020,10,12,23,9,23,"2020-10-12 23:09:23",4.6741,"Mw",-2.545481,-77.895439,3.46,FALSE,0
4892,2020,10,15,19,49,57,"2020-10-15 19:49:57",4.0994,"Mw",-1.021394,-80.567497,5.65,TRUE,0
4893,2020,10,19,17,13,40,"2020-10-19 17:13:40",4.0994,"Mw",-1.064171,-79.865982,27.23,TRUE,0
4894,2020,10,27,11,59,17,"2020-10-27 11:59:17",4.2636,"Mw",-0.518258,-78.492018,7.7,TRUE,0
4895,2020,10,30,8,3,29,"2020-10-30 08:03:29",4.2636,"Mw",-3.571598,-79.553085,57.9,TRUE,0
4896,2020,11,2,9,58,1,"2020-11-02 09:58:01",4.0173,"Mw",0.278569,-83.390137,10,TRUE,0
4897,2020,11,4,7,46,56,"2020-11-04 07:46:56",4.2,"Mw",-1.619091,-80.928986,1.19,TRUE,0
4898,2020,11,5,21,47,47,"2020-11-05 21:47:47",4.2636,"Mw",0.261726,-80.057037,9.87,TRUE,0
4899,2020,11,14,16,55,2,"2020-11-14 16:55:02",4.2636,"Mw",-3.963236,-79.200966,77.5,TRUE,0
4900,2020,11,15,22,52,44,"2020-11-15 22:52:44",4.2636,"Mw",-2.298198,-79.171516,5,TRUE,1
4901,2020,11,19,8,1,39,"2020-11-19 08:01:39",4.0173,"Mw",-2.572202,-80.97847,10,TRUE,0
4902,2020,11,20,3,3,4,"2020-11-20 03:03:04",4.2636,"Mw",-2.147532,-79.740318,64.18,TRUE,0
4903,2020,11,29,10,37,6,"2020-11-29 10:37:06",5.3309,"Mw",-5.223928,-79.34877,12,TRUE,0
4904,2020,12,4,23,53,26,"2020-12-04 23:53:26",4.0994,"Mw",-2.524195,-79.372116,5.14,FALSE,0
4905,2020,12,4,23,55,35,"2020-12-04 23:55:35",4.2636,"Mw",-2.523182,-79.352669,6.94,TRUE,0
4906,2020,12,9,1,37,6,"2020-12-09 01:37:06",4.592,"Mw",-2.582548,-79.562637,48.74,TRUE,0
4907,2020,12,16,16,13,2,"2020-12-16 16:13:02",4.0173,"Mw",-3.67103,-79.711945,56.36,TRUE,0
4908,2020,12,19,8,58,22,"2020-12-19 08:58:22",4.0994,"Mw",1.255988,-79.913406,7.14,TRUE,0
4909,2020,12,19,9,0,28,"2020-12-19 09:00:28",4.4278,"Mw",1.316591,-79.881073,2.15,TRUE,4
4910,2020,12,23,1,32,52,"2020-12-23 01:32:52",4.1815,"Mw",1.426461,-78.915512,45.08,TRUE,0
4911,2020,12,23,12,1,14,"2020-12-23 12:01:14",4.3457,"Mw",-3.598259,-80.217438,26.55,TRUE,0
4912,2021,1,8,16,42,57,"2021-01-08 16:42:57",4.0173,"Mw",1.208581,-79.786499,8.1,FALSE,0
4913,2021,1,10,8,25,35,"2021-01-10 08:25:35",4.2636,"Mw",1.219202,-79.776718,6.8,FALSE,0
4914,2021,1,10,8,27,58,"2021-01-10 08:27:58",4.0994,"Mw",1.243014,-79.78968,5.78,FALSE,0
4915,2021,1,10,9,31,2,"2021-01-10 09:31:02",4.0994,"Mw",1.241528,-79.781624,6.04,FALSE,0
4916,2021,1,11,20,25,54,"2021-01-11 20:25:54",4.0173,"Mw",1.204833,-79.734016,4.92,TRUE,0
4917,2021,1,12,13,33,17,"2021-01-12 13:33:17",4.1815,"Mw",-0.147328,-80.53347,7.72,TRUE,0
4918,2021,1,15,10,35,11,"2021-01-15 10:35:11",4.7562,"Mw",1.247954,-79.84552,5.78,TRUE,1
4919,2021,1,15,18,45,48,"2021-01-15 18:45:48",4.1815,"Mw",1.168409,-79.723175,6.23,FALSE,0
4920,2021,1,15,19,21,12,"2021-01-15 19:21:12",4.8383,"Mw",1.221865,-79.793556,5.04,TRUE,9
4921,2021,1,15,19,37,0,"2021-01-15 19:37:00",4.0994,"Mw",1.214193,-79.784126,9.52,FALSE,0
4922,2021,1,15,21,54,45,"2021-01-15 21:54:45",4.3457,"Mw",1.208442,-79.759155,5.21,FALSE,0
4923,2021,1,16,4,27,19,"2021-01-16 04:27:19",4.0994,"Mw",1.263589,-79.856651,4.66,FALSE,0
4924,2021,1,16,10,43,36,"2021-01-16 10:43:36",4.3457,"Mw",1.23078,-79.796867,5.47,FALSE,0
4925,2021,1,16,10,55,40,"2021-01-16 10:55:40",4.4278,"Mw",1.257991,-79.828438,6.37,FALSE,0
4926,2021,1,16,14,42,54,"2021-01-16 14:42:54",4.0173,"Mw",1.287365,-79.832703,7.56,FALSE,0
4927,2021,1,17,13,26,53,"2021-01-17 13:26:53",4.0994,"Mw",1.312099,-79.808212,2.69,FALSE,0
4928,2021,1,21,10,15,34,"2021-01-21 10:15:34",5.0025,"Mw",-2.271395,-79.753677,56.1,TRUE,1
4929,2021,1,25,4,29,42,"2021-01-25 04:29:42",4.3457,"Mw",0.839951,-79.716316,9,TRUE,0
4930,2021,1,26,22,57,59,"2021-01-26 22:57:59",4.3457,"Mw",1.262693,-79.790558,7.11,FALSE,0
4931,2021,1,27,7,30,6,"2021-01-27 07:30:06",4.0994,"Mw",1.275903,-79.777145,6.5,FALSE,0
4932,2021,2,1,18,3,7,"2021-02-01 18:03:07",4.0173,"Mw",-2.970899,-80.864395,9.3,TRUE,0
4933,2021,2,7,12,2,52,"2021-02-07 12:02:52",4.1815,"Mw",-2.842302,-77.877022,2.73,FALSE,0
4934,2021,2,7,21,50,6,"2021-02-07 21:50:06",4.0173,"Mw",-3.430777,-81.740503,24.46,TRUE,0
4935,2021,2,12,19,6,5,"2021-02-12 19:06:05",4.0994,"Mw",-2.510879,-79.041238,88.66,TRUE,0
4936,2021,2,13,5,18,33,"2021-02-13 05:18:33",5.4951,"Mw",-4.064961,-80.408325,33.1,TRUE,0
4937,2021,2,14,4,56,33,"2021-02-14 04:56:33",4.0994,"Mw",-3.199695,-80.712883,31.21,TRUE,0
4938,2021,2,16,10,16,39,"2021-02-16 10:16:39",4.0173,"Mw",-2.97009,-80.165783,30.69,TRUE,0
4939,2021,2,18,10,51,29,"2021-02-18 10:51:29",5.1667,"Mw",-4.006612,-79.051399,83.52,TRUE,0
4940,2021,3,7,11,30,26,"2021-03-07 11:30:26",4.0994,"Mw",-1.537576,-80.613914,17.05,TRUE,0
4941,2021,3,17,16,13,34,"2021-03-17 16:13:34",4.0994,"Mw",-2.716069,-77.854332,6.21,TRUE,0
4942,2021,3,23,14,20,52,"2021-03-23 14:20:52",4.1815,"Mw",-2.36241,-79.520699,65.35,FALSE,0
4943,2021,3,24,7,8,52,"2021-03-24 07:08:52",4.3457,"Mw",-2.348019,-79.034988,6.31,TRUE,0
4944,2021,3,26,20,6,36,"2021-03-26 20:06:36",4.1815,"Mw",-2.150318,-77.569427,167.34,TRUE,0
4945,2021,3,27,12,48,19,"2021-03-27 12:48:19",4.0173,"Mw",-1.819089,-80.377937,15.97,TRUE,0
4946,2021,3,31,11,20,34,"2021-03-31 11:20:34",4.3457,"Mw",-2.966645,-79.965191,52.46,TRUE,0
4947,2021,4,5,16,41,55,"2021-04-05 16:41:55",4.4278,"Mw",-3.332586,-80.861949,41.16,TRUE,0
4948,2021,4,8,9,8,27,"2021-04-08 09:08:27",4.4278,"Mw",-1.425113,-80.440701,32.82,TRUE,0
4949,2021,4,19,4,10,7,"2021-04-19 04:10:07",4.8383,"Mw",1.595343,-85.242126,6.22,TRUE,0
4950,2021,4,19,17,13,54,"2021-04-19 17:13:54",4.1815,"Mw",-0.470003,-77.593506,10,TRUE,0
4951,2021,4,25,7,50,43,"2021-04-25 07:50:43",4.0994,"Mw",-0.823387,-81.067635,10,TRUE,0
4952,2021,4,26,13,21,3,"2021-04-26 13:21:03",4.1815,"Mw",-2.465441,-79.494331,10.62,TRUE,1
4953,2021,4,26,16,58,11,"2021-04-26 16:58:11",4.0994,"Mw",-2.472221,-79.482384,9.15,FALSE,0
4954,2021,5,2,8,26,44,"2021-05-02 08:26:44",4.1815,"Mw",-1.824248,-78.830536,4.65,TRUE,0
4955,2021,5,5,7,2,59,"2021-05-05 07:02:59",4.4278,"Mw",-2.544168,-80.428902,8.96,TRUE,0
4956,2021,5,11,5,12,13,"2021-05-11 05:12:13",4.4278,"Mw",-0.888114,-80.528023,6.24,TRUE,0
4957,2021,5,20,2,57,47,"2021-05-20 02:57:47",4.0173,"Mw",-2.182637,-79.942726,62.86,TRUE,0
4958,2021,6,4,6,48,1,"2021-06-04 06:48:01",4.0173,"Mw",-0.938422,-81.086845,2.39,TRUE,0
4959,2021,6,6,4,24,27,"2021-06-06 04:24:27",4.4278,"Mw",-0.913607,-81.178146,2.16,TRUE,1
4960,2021,6,6,4,31,52,"2021-06-06 04:31:52",4.2636,"Mw",-0.890501,-81.175285,1.49,FALSE,0
4961,2021,6,11,7,46,44,"2021-06-11 07:46:44",4.3457,"Mw",-2.845903,-77.902168,2,TRUE,1
4962,2021,6,12,5,23,51,"2021-06-12 05:23:51",4.0994,"Mw",-2.782592,-77.858437,1.92,FALSE,0
4963,2021,6,14,9,24,43,"2021-06-14 09:24:43",4.0173,"Mw",-1.389058,-81.049515,3.39,TRUE,0
4964,2021,6,14,21,5,27,"2021-06-14 21:05:27",4.9204,"Mw",-1.134746,-81.25573,3,TRUE,2
4965,2021,6,14,21,49,33,"2021-06-14 21:49:33",4.4278,"Mw",-1.137985,-81.200729,1.47,FALSE,0
4966,2021,6,15,3,28,0,"2021-06-15 03:28:00",4.0173,"Mw",-1.171075,-81.156975,2.12,FALSE,0
4967,2021,6,15,20,30,19,"2021-06-15 20:30:19",5.0025,"Mw",-1.536062,-81.012993,4.26,TRUE,15
4968,2021,6,15,21,3,9,"2021-06-15 21:03:09",4.4278,"Mw",-1.533497,-81.090126,3,FALSE,0
4969,2021,6,16,0,32,15,"2021-06-16 00:32:15",4.7562,"Mw",-1.571695,-81.054405,1.81,FALSE,0
4970,2021,6,16,4,0,27,"2021-06-16 04:00:27",4.1815,"Mw",-1.518741,-81.02916,2.96,FALSE,0
4971,2021,6,16,4,51,43,"2021-06-16 04:51:43",4.0994,"Mw",-1.519248,-81.011848,2.29,FALSE,0
4972,2021,6,16,5,55,38,"2021-06-16 05:55:38",4.4278,"Mw",-1.529542,-81.018272,3.29,FALSE,0
4973,2021,6,17,8,11,42,"2021-06-17 08:11:42",4.2636,"Mw",-1.519794,-81.083748,3,FALSE,0
4974,2021,6,17,9,14,11,"2021-06-17 09:14:11",4.0173,"Mw",-1.512619,-81.102356,0,FALSE,0
4975,2021,6,17,11,32,37,"2021-06-17 11:32:37",4.2636,"Mw",-1.480665,-81.045753,3.1,FALSE,0
4976,2021,6,17,17,40,40,"2021-06-17 17:40:40",4.3457,"Mw",-1.125799,-81.185707,3,FALSE,0
4977,2021,6,18,3,17,24,"2021-06-18 03:17:24",4.5099,"Mw",-1.295188,-81.211678,1.39,FALSE,0
4978,2021,6,18,22,15,25,"2021-06-18 22:15:25",4.0994,"Mw",-1.642471,-81.080696,1.28,FALSE,0
4979,2021,6,19,19,18,27,"2021-06-19 19:18:27",4.0173,"Mw",-2.384526,-76.61853,150,TRUE,0
4980,2021,6,22,18,5,36,"2021-06-22 18:05:36",4.0173,"Mw",-1.210812,-81.146172,3.91,FALSE,0
4981,2021,7,10,0,18,18,"2021-07-10 00:18:18",4.1815,"Mw",-3.406499,-80.875023,4.73,TRUE,0
4982,2021,7,10,16,48,32,"2021-07-10 16:48:32",4.592,"Mw",-1.15431,-81.037827,4.4,FALSE,0
4983,2021,7,13,11,36,53,"2021-07-13 11:36:53",4.6741,"Mw",0.836568,-80.420792,13.24,TRUE,0
4984,2021,7,20,12,15,34,"2021-07-20 12:15:34",4.3457,"Mw",-0.871617,-80.90152,4.51,TRUE,1
4985,2021,7,20,13,26,24,"2021-07-20 13:26:24",4.0173,"Mw",-0.870248,-80.959755,4.32,FALSE,0
4986,2021,8,2,19,24,6,"2021-08-02 19:24:06",4.1815,"Mw",-1.15836,-80.789444,1.66,FALSE,0
4987,2021,8,10,6,54,43,"2021-08-10 06:54:43",4.5099,"Mw",-0.161143,-80.673325,2.1,TRUE,0
4988,2021,8,13,18,59,38,"2021-08-13 18:59:38",4.7562,"Mw",-1.576526,-81.035927,3.56,FALSE,0
4989,2021,8,13,19,3,48,"2021-08-13 19:03:48",5.3309,"Mw",-1.541795,-81.04232,2.8,TRUE,1
4990,2021,8,21,23,12,17,"2021-08-21 23:12:17",4.0173,"Mw",-1.438937,-78.052551,2.5,TRUE,0
4991,2021,8,31,9,11,4,"2021-08-31 09:11:04",5.0846,"Mw",-3.378791,-78.364769,2,TRUE,2
4992,2021,8,31,11,36,32,"2021-08-31 11:36:32",4.592,"Mw",-3.347448,-78.306259,0,FALSE,0
4993,2021,9,2,20,34,45,"2021-09-02 20:34:45",4.3457,"Mw",-2.113743,-77.6409,7.68,TRUE,0
4994,2021,9,3,22,37,51,"2021-09-03 22:37:51",4.3457,"Mw",-3.410105,-80.431377,29.32,TRUE,0
4995,2021,9,9,15,32,39,"2021-09-09 15:32:39",4.0173,"Mw",-2.744903,-79.677635,3.62,TRUE,0
4996,2021,9,16,12,6,50,"2021-09-16 12:06:50",4.592,"Mw",-3.345866,-80.287796,25.64,TRUE,0
4997,2021,9,19,12,23,15,"2021-09-19 12:23:15",4.7562,"Mw",-3.048287,-78.419945,6,FALSE,0
4998,2021,9,26,21,31,43,"2021-09-26 21:31:43",4.0994,"Mw",0.254497,-80.996468,10,TRUE,0
4999,2021,9,29,5,39,52,"2021-09-29 05:39:52",4.0994,"Mw",-1.158946,-81.077583,5,FALSE,0
5000,2021,10,6,8,57,14,"2021-10-06 08:57:14",4.4278,"Mw",-2.406224,-80.078041,23.09,TRUE,0
5001,2021,10,7,5,59,8,"2021-10-07 05:59:08",4.1815,"Mw",-2.48481,-79.017776,77.17,TRUE,0
5002,2021,10,12,0,33,41,"2021-10-12 00:33:41",4.5099,"Mw",0.389239,-80.598213,7.01,TRUE,0
5003,2021,11,11,9,43,36,"2021-11-11 09:43:36",4.3457,"Mw",-2.587314,-79.571297,3.36,TRUE,0
5004,2021,11,18,3,17,7,"2021-11-18 03:17:07",4.0173,"Mw",-1.453195,-80.418137,4.79,TRUE,0
5005,2021,11,18,4,13,15,"2021-11-18 04:13:15",4.5099,"Mw",1.290915,-79.705742,0.44,TRUE,0
5006,2021,11,20,22,6,38,"2021-11-20 22:06:38",4.9204,"Mw",-1.963941,-80.24662,22.22,TRUE,0
5007,2021,11,22,15,13,32,"2021-11-22 15:13:32",4.4278,"Mw",-3.245018,-80.808014,12.46,TRUE,0
5008,2021,11,23,16,3,22,"2021-11-23 16:03:22",4.6741,"Mw",-0.175026,-78.381371,11.83,TRUE,0
5009,2021,11,24,5,27,10,"2021-11-24 05:27:10",4.0173,"Mw",-1.876779,-79.340118,87.64,TRUE,0
5010,2021,12,6,6,30,52,"2021-12-06 06:30:52",5.1667,"Mw",-2.823989,-77.470352,14.2,TRUE,1
5011,2021,12,20,7,51,31,"2021-12-20 07:51:31",4.2636,"Mw",-2.765543,-80.125114,17.54,TRUE,1
5012,2021,12,25,18,24,26,"2021-12-25 18:24:26",4.0173,"Mw",-2.856038,-79.986969,4.8,FALSE,0
5013,2021,12,28,20,22,18,"2021-12-28 20:22:18",4.6741,"Mw",-0.90118,-77.758492,23.99,TRUE,0
5014,2022,1,18,21,56,51,"2022-01-18 21:56:51",4.2636,"Mw",-2.563805,-78.899651,78.42,TRUE,0
5015,2022,2,3,7,2,29,"2022-02-03 07:02:29",4.5099,"Mw",-3.760957,-79.720871,59.68,TRUE,0
5016,2022,2,17,16,24,42,"2022-02-17 16:24:42",4.0994,"Mw",-1.580917,-78.113396,165.79,TRUE,0
5017,2022,2,24,23,0,25,"2022-02-24 23:00:25",4.0173,"Mw",-2.029035,-76.519882,10,TRUE,0
5018,2022,2,26,5,16,34,"2022-02-26 05:16:34",4.0173,"Mw",0.205877,-82.624756,10,TRUE,0
5019,2022,3,2,2,27,32,"2022-03-02 02:27:32",4.0173,"Mw",-1.910176,-81.492943,1.31,TRUE,0
5020,2022,3,4,19,0,58,"2022-03-04 19:00:58",4.0994,"Mw",-2.509584,-77.756927,5.54,FALSE,0
5021,2022,3,13,10,51,4,"2022-03-13 10:51:04",4.5099,"Mw",-1.910734,-78.270248,1.03,TRUE,0
5022,2022,3,16,6,9,15,"2022-03-16 06:09:15",4.2636,"Mw",-1.259453,-79.967361,51.57,TRUE,0
5023,2022,3,25,19,51,35,"2022-03-25 19:51:35",4.0173,"Mw",-2.191705,-80.460838,14.35,TRUE,0
5024,2022,3,27,4,28,10,"2022-03-27 04:28:10",5.8235,"Mw",0.86779,-79.80555,20,TRUE,5
5025,2022,3,27,4,30,50,"2022-03-27 04:30:50",4.0173,"Mw",0.816007,-79.780403,19.38,FALSE,0
5026,2022,3,27,4,31,21,"2022-03-27 04:31:21",4.2636,"Mw",0.840687,-79.771545,18.36,FALSE,0
5027,2022,3,27,5,53,3,"2022-03-27 05:53:03",5.0846,"Mw",0.801131,-79.737709,17.45,FALSE,0
5028,2022,3,27,20,17,4,"2022-03-27 20:17:04",5.2488,"Mw",0.845445,-79.747597,15.76,FALSE,0
5029,2022,3,27,20,51,11,"2022-03-27 20:51:11",4.6741,"Mw",0.849688,-79.757523,15.41,FALSE,0
5030,2022,3,29,5,52,35,"2022-03-29 05:52:35",4.0994,"Mw",-3.26178,-80.518875,13.64,TRUE,0
5031,2022,4,6,2,38,44,"2022-04-06 02:38:44",4.0173,"Mw",0.154506,-82.645874,8,TRUE,0
5032,2022,4,20,17,49,20,"2022-04-20 17:49:20",4.0173,"Mw",-3.540043,-80.090274,60.55,TRUE,0
5033,2022,4,27,21,10,47,"2022-04-27 21:10:47",4.0994,"Mw",-4.830863,-79.210464,5,TRUE,0
5034,2022,4,29,18,49,51,"2022-04-29 18:49:51",4.7562,"Mw",-2.732104,-79.590981,23.73,TRUE,0
5035,2022,5,12,16,24,1,"2022-05-12 16:24:01",4.0173,"Mw",-1.955001,-81.310822,5.33,TRUE,0
5036,2022,5,23,22,53,57,"2022-05-23 22:53:57",4.7562,"Mw",1.015682,-85.109802,17.74,TRUE,0
5037,2022,5,28,1,37,48,"2022-05-28 01:37:48",4.0994,"Mw",-2.881367,-79.153496,76.32,TRUE,0
5038,2022,6,3,6,24,54,"2022-06-03 06:24:54",5.413,"Mw",-1.995921,-81.20079,4.06,TRUE,0
5039,2022,6,3,8,13,54,"2022-06-03 08:13:54",4.0994,"Mw",-0.206949,-80.427589,22.05,TRUE,0
5040,2022,6,9,22,12,11,"2022-06-09 22:12:11",4.1815,"Mw",-2.87088,-79.090065,53.54,TRUE,0
5041,2022,6,10,13,28,13,"2022-06-10 13:28:13",4.3457,"Mw",-0.87406,-80.475761,12.77,TRUE,0
5042,2022,6,12,2,37,43,"2022-06-12 02:37:43",4.4278,"Mw",-0.693713,-77.976707,1.22,TRUE,0
5043,2022,6,12,7,5,52,"2022-06-12 07:05:52",4.0173,"Mw",0.725763,-77.929955,4.96,TRUE,0
5044,2022,6,18,19,16,25,"2022-06-18 19:16:25",4.592,"Mw",-0.765598,-91.633591,17.55,TRUE,0
5045,2022,6,22,17,11,3,"2022-06-22 17:11:03",4.0173,"Mw",-2.202795,-79.824142,45.26,TRUE,0
5046,2022,6,29,13,53,8,"2022-06-29 13:53:08",4.5099,"Mw",-2.684974,-79.605759,3.36,TRUE,0
5047,2022,7,1,11,13,28,"2022-07-01 11:13:28",4.0994,"Mw",-2.820853,-82.528473,10,TRUE,0
5048,2022,7,14,22,30,13,"2022-07-14 22:30:13",5.9056,"Mw",-2.057731,-79.883858,62.1,TRUE,4
5049,2022,7,17,0,53,37,"2022-07-17 00:53:37",4.2636,"Mw",-1.614718,-78.326981,152.73,TRUE,0
5050,2022,7,20,7,10,22,"2022-07-20 07:10:22",4.6741,"Mw",-1.95524,-78.590736,127.5,TRUE,0
5051,2022,7,22,7,42,47,"2022-07-22 07:42:47",4.0173,"Mw",-3.995199,-80.350609,38.35,TRUE,0
5052,2022,7,22,7,57,30,"2022-07-22 07:57:30",5.0025,"Mw",-0.930913,-80.518799,13.31,TRUE,5
5053,2022,7,22,8,39,5,"2022-07-22 08:39:05",4.6741,"Mw",-0.952438,-80.554222,17.37,FALSE,0
5054,2022,7,25,13,33,27,"2022-07-25 13:33:27",5.0846,"Mw",0.713086,-77.835281,4.46,TRUE,3
5055,2022,7,25,13,38,17,"2022-07-25 13:38:17",4.0994,"Mw",0.72772,-77.838791,0.72,FALSE,0
5056,2022,7,26,1,37,47,"2022-07-26 01:37:47",4.1815,"Mw",-4.673867,-80.246056,7.75,TRUE,0
5057,2022,7,26,10,24,24,"2022-07-26 10:24:24",4.2636,"Mw",0.708948,-77.838028,1.83,FALSE,0
5058,2022,7,31,15,6,7,"2022-07-31 15:06:07",4.0173,"Mw",0.687209,-77.820343,2.27,FALSE,0
5059,2022,8,1,1,38,58,"2022-08-01 01:38:58",4.0994,"Mw",0.135035,-79.26239,7.81,TRUE,0
5060,2022,8,3,8,13,12,"2022-08-03 08:13:12",4.4278,"Mw",-2.650273,-80.667419,13.16,TRUE,1
5061,2022,8,8,12,13,23,"2022-08-08 12:13:23",4.2636,"Mw",-3.017649,-77.946136,5,TRUE,0
5062,2022,8,10,9,56,32,"2022-08-10 09:56:32",4.0173,"Mw",-0.100354,-80.747246,1.54,TRUE,0
5063,2022,8,12,0,19,42,"2022-08-12 00:19:42",4.6741,"Mw",-3.345524,-80.815186,2.66,TRUE,0
5064,2022,8,12,8,35,19,"2022-08-12 08:35:19",4.5099,"Mw",-0.192814,-80.997444,4.22,TRUE,0
5065,2022,8,12,8,47,53,"2022-08-12 08:47:53",4.592,"Mw",-0.173414,-80.956894,1.73,TRUE,1
5066,2022,8,13,3,19,14,"2022-08-13 03:19:14",4.0173,"Mw",-0.139559,-80.899879,5,FALSE,0
5067,2022,8,13,7,6,5,"2022-08-13 07:06:05",5.1667,"Mw",-0.118086,-80.981087,10,TRUE,4
5068,2022,8,13,9,26,14,"2022-08-13 09:26:14",4.0994,"Mw",-2.492505,-80.346306,8.39,FALSE,0
5069,2022,8,16,17,1,26,"2022-08-16 17:01:26",4.2636,"Mw",-0.265274,-81.014053,6.79,FALSE,0
5070,2022,8,17,7,9,18,"2022-08-17 07:09:18",4.6741,"Mw",-0.306748,-80.971466,5,FALSE,0
5071,2022,8,17,7,10,20,"2022-08-17 07:10:20",4.7,"Mw",-0.362212,-80.993149,5,FALSE,0
5072,2022,8,17,17,50,41,"2022-08-17 17:50:41",4.6741,"Mw",-0.323829,-81.047562,7.5,FALSE,0
5073,2022,8,21,10,27,57,"2022-08-21 10:27:57",5.3309,"Mw",-0.099628,-80.997269,0,TRUE,7
5074,2022,8,21,13,18,31,"2022-08-21 13:18:31",4.9204,"Mw",-0.772559,-80.502251,13.31,FALSE,0
5075,2022,8,21,19,2,15,"2022-08-21 19:02:15",4.3457,"Mw",-0.228322,-80.796837,10,FALSE,0
5076,2022,8,21,19,3,31,"2022-08-21 19:03:31",4.3457,"Mw",-0.163557,-80.763237,4.39,FALSE,0
5077,2022,8,21,19,28,50,"2022-08-21 19:28:50",4.0173,"Mw",-0.338163,-81.033813,4.68,FALSE,0
5078,2022,8,22,10,31,35,"2022-08-22 10:31:35",4.0173,"Mw",-0.067713,-80.866753,4.31,FALSE,0
5079,2022,8,23,7,54,10,"2022-08-23 07:54:10",4.0173,"Mw",-0.098758,-80.969406,10,FALSE,0
5080,2022,8,25,8,0,11,"2022-08-25 08:00:11",4.0994,"Mw",-3.05616,-79.497932,2.17,TRUE,0
5081,2022,8,27,17,13,32,"2022-08-27 17:13:32",4.0994,"Mw",-0.090857,-80.922447,10,FALSE,0
5082,2022,8,28,6,25,36,"2022-08-28 06:25:36",4.3457,"Mw",-3.70215,-80.457222,20.12,TRUE,0
5083,2022,8,29,14,51,19,"2022-08-29 14:51:19",4.2636,"Mw",-0.204714,-81.036087,10,FALSE,0
5084,2022,8,30,0,23,36,"2022-08-30 00:23:36",4.4278,"Mw",-0.725065,-80.526772,11.83,FALSE,0
5085,2022,8,30,0,28,22,"2022-08-30 00:28:22",4.1815,"Mw",-0.707383,-80.564003,14.68,FALSE,0
5086,2022,9,7,4,21,12,"2022-09-07 04:21:12",4.2636,"Mw",0.367763,-80.609138,10.96,TRUE,0
5087,2022,9,12,4,30,4,"2022-09-12 04:30:04",4.2636,"Mw",-0.80791,-80.945025,21.39,FALSE,0
5088,2022,9,12,8,51,15,"2022-09-12 08:51:15",4.1815,"Mw",-0.795601,-80.988899,2,TRUE,0
5089,2022,9,23,23,44,37,"2022-09-23 23:44:37",4.592,"Mw",-1.895528,-81.01931,10,TRUE,0
5090,2022,9,24,8,39,22,"2022-09-24 08:39:22",4.1815,"Mw",-2.949377,-79.895203,6.13,TRUE,1
5091,2022,9,29,23,2,45,"2022-09-29 23:02:45",4.7562,"Mw",0.177446,-77.448944,4.64,TRUE,0
5092,2022,10,2,1,52,38,"2022-10-02 01:52:38",4.0173,"Mw",-2.250781,-79.764488,60.68,FALSE,0
5093,2022,10,3,13,14,54,"2022-10-03 13:14:54",4.0994,"Mw",-2.889459,-80.156845,6.66,FALSE,0
5094,2022,10,7,14,55,12,"2022-10-07 14:55:12",4.4278,"Mw",-0.602166,-81.289619,1.26,TRUE,0
5095,2022,10,15,7,39,53,"2022-10-15 07:39:53",5.1667,"Mw",-2.150658,-80.004646,40.18,FALSE,0
5096,2022,10,17,7,55,8,"2022-10-17 07:55:08",4.4278,"Mw",0.684569,-85.155685,14.69,TRUE,1
5097,2022,10,17,8,8,49,"2022-10-17 08:08:49",4.2636,"Mw",0.726561,-85.07711,31.36,FALSE,0
5098,2022,10,19,13,34,25,"2022-10-19 13:34:25",4.3457,"Mw",-2.237659,-79.727264,69.97,FALSE,0
5099,2022,10,19,21,55,24,"2022-10-19 21:55:24",4.3457,"Mw",-1.728578,-77.841057,182.82,TRUE,0
5100,2022,10,21,3,11,20,"2022-10-21 03:11:20",4.0994,"Mw",-3.134225,-79.519745,5,TRUE,0
5101,2022,10,29,5,24,28,"2022-10-29 05:24:28",4.0994,"Mw",-2.829785,-77.973495,5,TRUE,0
5102,2022,10,31,13,22,44,"2022-10-31 13:22:44",5.1667,"Mw",-2.6194,-76.532631,159.98,TRUE,0
5103,2022,11,1,21,19,39,"2022-11-01 21:19:39",4.0994,"Mw",-1.449105,-80.91188,2.86,TRUE,0
5104,2022,11,16,5,55,22,"2022-11-16 05:55:22",4.0994,"Mw",-1.731279,-77.870232,189.29,TRUE,0
5105,2022,11,17,4,19,50,"2022-11-17 04:19:50",4.8383,"Mw",-2.021759,-78.43943,137.42,TRUE,0
5106,2022,11,18,11,3,0,"2022-11-18 11:03:00",4.0173,"Mw",-2.116145,-79.109306,17.4,TRUE,0
5107,2022,11,24,19,36,46,"2022-11-24 19:36:46",4.592,"Mw",-1.142905,-80.598259,5,TRUE,1
5108,2022,11,27,17,34,21,"2022-11-27 17:34:21",4.0994,"Mw",-1.887739,-81.265846,5.29,TRUE,0
5109,2022,11,29,10,9,25,"2022-11-29 10:09:25",4.0173,"Mw",-4.037128,-80.519592,42.85,TRUE,0
5110,2022,11,29,17,28,18,"2022-11-29 17:28:18",4.1815,"Mw",0.702361,-80.251732,11.3,TRUE,0
5111,2022,12,1,6,52,28,"2022-12-01 06:52:28",4.1815,"Mw",0.721962,-80.309059,9.37,TRUE,0
5112,2022,12,2,15,44,33,"2022-12-02 15:44:33",4.592,"Mw",0.571082,-80.024521,3.02,TRUE,0
5113,2022,12,9,3,24,24,"2022-12-09 03:24:24",4.592,"Mw",-0.741428,-80.532097,13.27,TRUE,3
5114,2022,12,10,9,13,39,"2022-12-10 09:13:39",4.2636,"Mw",-1.020968,-80.592781,4.14,FALSE,0
5115,2022,12,17,9,46,31,"2022-12-17 09:46:31",5.2488,"Mw",1.606209,-79.454735,3.39,TRUE,2
5116,2022,12,17,9,49,18,"2022-12-17 09:49:18",4.592,"Mw",1.56444,-79.394119,0.95,FALSE,0
5117,2022,12,17,15,57,52,"2022-12-17 15:57:52",4.6741,"Mw",1.495238,-79.333298,5,FALSE,0
5118,2022,12,19,11,1,49,"2022-12-19 11:01:49",4.5099,"Mw",-0.730531,-80.540833,10.81,FALSE,0
5119,2022,12,19,11,15,12,"2022-12-19 11:15:12",4.0173,"Mw",-0.718086,-80.49239,25.96,FALSE,0
5120,2022,12,19,12,26,17,"2022-12-19 12:26:17",4.4278,"Mw",-0.734252,-80.541138,9.86,FALSE,0
5121,2022,12,21,20,44,33,"2022-12-21 20:44:33",4.5099,"Mw",1.045531,-85.119598,10,TRUE,0
5122,2022,12,24,2,29,51,"2022-12-24 02:29:51",4.0173,"Mw",-3.011434,-79.469882,19.48,TRUE,0
5123,2022,12,27,5,25,12,"2022-12-27 05:25:12",4.1815,"Mw",-2.104828,-79.867737,66,FALSE,0
5124,2022,12,31,0,43,59,"2022-12-31 00:43:59",4.0173,"Mw",-1.666611,-77.90464,183.95,TRUE,0
5125,2023,1,14,10,18,22,"2023-01-14 10:18:22",4.2636,"Mw",-2.156312,-80.360321,24.27,TRUE,0
5126,2023,1,18,23,43,33,"2023-01-18 23:43:33",4.0173,"Mw",-1.687624,-78.236176,155.81,TRUE,0
5127,2023,1,25,9,11,35,"2023-01-25 09:11:35",4.5099,"Mw",-3.464408,-80.90641,1.2,TRUE,0
5128,2023,1,26,3,16,23,"2023-01-26 03:16:23",4.0994,"Mw",-1.97514,-79.963966,61.78,TRUE,0
5129,2023,1,26,4,29,45,"2023-01-26 04:29:45",4.5099,"Mw",-0.094784,-77.442108,4.85,TRUE,0
5130,2023,2,1,2,54,26,"2023-02-01 02:54:26",4.0994,"Mw",-3.720656,-80.348633,28.54,TRUE,0
5131,2023,2,1,8,58,28,"2023-02-01 08:58:28",4.0173,"Mw",-1.864748,-78.103333,152.72,TRUE,0
5132,2023,2,1,21,14,57,"2023-02-01 21:14:57",5.1667,"Mw",-1.914768,-81.378914,1.03,TRUE,0
5133,2023,2,8,22,8,39,"2023-02-08 22:08:39",4.0994,"Mw",-3.91819,-80.430557,18.41,TRUE,0
5134,2023,3,8,4,24,55,"2023-03-08 04:24:55",4.6741,"Mw",0.603589,-80.174522,3.62,TRUE,0
5135,2023,3,17,19,19,21,"2023-03-17 19:19:21",4.4278,"Mw",-0.138935,-80.720848,3.86,TRUE,0
5136,2023,3,18,17,12,52,"2023-03-18 17:12:52",6.4803,"Mw",-2.798929,-79.951035,60,TRUE,10
5137,2023,3,18,17,22,37,"2023-03-18 17:22:37",4.4278,"Mw",-2.787315,-79.928185,61.01,FALSE,0
5138,2023,3,20,3,32,23,"2023-03-20 03:32:23",4.0173,"Mw",-2.795363,-79.862116,66.73,FALSE,0
5139,2023,3,20,10,20,57,"2023-03-20 10:20:57",4.3457,"Mw",-2.654077,-80.978142,6.07,TRUE,0
5140,2023,3,26,11,51,24,"2023-03-26 11:51:24",4.0173,"Mw",-1.476793,-80.423,6.85,TRUE,0
5141,2023,4,2,12,32,42,"2023-04-02 12:32:42",4.1815,"Mw",-1.788162,-77.858932,181.46,TRUE,0
5142,2023,4,25,5,35,58,"2023-04-25 05:35:58",5.4951,"Mw",-2.754758,-79.88255,59.65,FALSE,0
5143,2023,4,30,3,33,54,"2023-04-30 03:33:54",4.592,"Mw",-4.954789,-80.934853,20,TRUE,0
5144,2023,5,3,21,8,49,"2023-05-03 21:08:49",4.0994,"Mw",-2.772477,-79.863832,68.95,FALSE,0
5145,2023,5,8,0,51,54,"2023-05-08 00:51:54",5.2488,"Mw",-2.63491,-78.935763,93.31,TRUE,0
5146,2023,5,9,17,2,13,"2023-05-09 17:02:13",4.1815,"Mw",-2.804307,-80.493759,23.44,TRUE,0
5147,2023,5,11,11,34,6,"2023-05-11 11:34:06",4.4278,"Mw",-4.550996,-78.740746,3.79,TRUE,0
5148,2023,5,11,11,34,6,"2023-05-11 11:34:06",4.5,"Mw",-4.56207,-78.618532,12.95,TRUE,0
5149,2023,5,13,18,59,36,"2023-05-13 18:59:36",4.5099,"Mw",-1.496337,-80.36412,4.27,TRUE,0
5150,2023,5,19,3,0,23,"2023-05-19 03:00:23",4.6741,"Mw",-5.411566,-79.99884,63.58,TRUE,0
5151,2023,5,21,7,44,36,"2023-05-21 07:44:36",4.592,"Mw",-2.655582,-80.001501,55.52,FALSE,0
5152,2023,5,21,18,39,35,"2023-05-21 18:39:35",4.0994,"Mw",0.147426,-77.42031,19.97,TRUE,0
5153,2023,6,10,8,15,13,"2023-06-10 08:15:13",4.3457,"Mw",-4.36052,-79.476405,112.07,TRUE,0
5154,2023,6,10,10,6,40,"2023-06-10 10:06:40",4,"Mw",-3.738186,-81.602562,5,TRUE,0
5155,2023,6,11,10,28,36,"2023-06-11 10:28:36",4.2636,"Mw",-0.741957,-80.461632,31.89,TRUE,0
5156,2023,6,18,9,10,28,"2023-06-18 09:10:28",5.0846,"Mw",-0.645641,-77.679443,18,TRUE,0
5157,2023,6,23,15,9,22,"2023-06-23 15:09:22",4.4278,"Mw",-2.827062,-79.514114,6.94,FALSE,0
5158,2023,6,27,14,7,22,"2023-06-27 14:07:22",5.3309,"Mw",0.568246,-80.079147,16.75,TRUE,0
5159,2023,6,27,19,16,35,"2023-06-27 19:16:35",4.0994,"Mw",-1.277879,-81.019508,1.85,TRUE,0
5160,2023,7,15,18,29,19,"2023-07-15 18:29:19",4.0994,"Mw",-0.183816,-78.391397,15.21,TRUE,0
5161,2023,7,17,4,46,14,"2023-07-17 04:46:14",4.2636,"Mw",-3.563422,-78.106139,24.48,TRUE,0
5162,2023,7,23,19,24,22,"2023-07-23 19:24:22",4.592,"Mw",-3.247684,-80.00478,63.67,TRUE,0
5163,2023,7,28,1,38,22,"2023-07-28 01:38:22",4.7562,"Mw",-1.89909,-78.253945,140.78,TRUE,1
5164,2023,8,2,8,8,38,"2023-08-02 08:08:38",4.0994,"Mw",-2.62359,-79.569385,33.37,FALSE,0
5165,2023,8,4,20,17,18,"2023-08-04 20:17:18",5.3309,"Mw",-5.246857,-81.064865,10,TRUE,0
5166,2023,8,12,21,52,22,"2023-08-12 21:52:22",4.4278,"Mw",-2.559113,-76.760614,153.08,TRUE,1
5167,2023,8,14,10,59,47,"2023-08-14 10:59:47",4.3457,"Mw",-2.405551,-76.855504,156.8,FALSE,0
5168,2023,8,20,7,28,59,"2023-08-20 07:28:59",4.5099,"Mw",-3.656691,-77.928704,27.74,TRUE,1
5169,2023,8,20,11,4,51,"2023-08-20 11:04:51",4.0173,"Mw",-3.73618,-78.089613,107.12,FALSE,0
5170,2023,8,20,13,45,43,"2023-08-20 13:45:43",4.1815,"Mw",1.039278,-83.890442,15,TRUE,0
5171,2023,8,21,5,24,8,"2023-08-21 05:24:08",5.7414,"Mw",-3.175824,-79.992414,60.93,FALSE,0
5172,2023,8,21,9,32,15,"2023-08-21 09:32:15",4.0173,"Mw",-3.167949,-79.991423,53.11,FALSE,0
5173,2023,8,25,1,4,45,"2023-08-25 01:04:45",4.0994,"Mw",-0.550496,-80.499984,23.96,TRUE,0
5174,2023,8,29,21,31,25,"2023-08-29 21:31:25",4.7562,"Mw",-0.42548,-80.378882,26.15,TRUE,1
5175,2023,8,31,9,38,9,"2023-08-31 09:38:09",4.3457,"Mw",-1.488113,-77.855874,191.14,TRUE,0
5176,2023,9,1,8,7,43,"2023-09-01 08:07:43",4.0994,"Mw",-0.392504,-80.415793,25.11,FALSE,0
5177,2023,9,8,20,45,47,"2023-09-08 20:45:47",4.1815,"Mw",-1.601809,-78.168945,160.46,FALSE,0
5178,2023,9,9,12,27,54,"2023-09-09 12:27:54",4.0173,"Mw",-1.507309,-80.809515,31.4,TRUE,0
5179,2023,9,14,9,1,37,"2023-09-14 09:01:37",4.7562,"Mw",-2.375035,-80.061963,63.72,FALSE,0
5180,2023,9,26,19,24,57,"2023-09-26 19:24:57",4.3457,"Mw",1.136723,-79.207411,41.36,TRUE,0
5181,2023,9,28,6,28,2,"2023-09-28 06:28:02",4.0994,"Mw",1.082336,-78.775443,41.6,TRUE,0
5182,2023,10,13,4,0,12,"2023-10-13 04:00:12",4.1815,"Mw",-2.795117,-79.081316,78.57,TRUE,0
5183,2023,10,14,1,46,3,"2023-10-14 01:46:03",4.0994,"Mw",-5.551573,-79.055328,0,TRUE,0
5184,2023,10,20,5,5,46,"2023-10-20 05:05:46",4.0994,"Mw",-5.941065,-81.363106,5,TRUE,0
5185,2023,11,1,9,40,3,"2023-11-01 09:40:03",4.3457,"Mw",-1.382785,-80.997508,22.65,TRUE,0
5186,2023,11,7,3,33,43,"2023-11-07 03:33:43",5.1667,"Mw",-0.879277,-79.249267,20.03,TRUE,0
5187,2023,11,12,8,26,47,"2023-11-12 08:26:47",4.7562,"Mw",-2.437051,-80.513245,39.28,TRUE,0
5188,2023,11,15,12,20,39,"2023-11-15 12:20:39",4.5099,"Mw",-2.460676,-79.467386,32.66,TRUE,1
5189,2023,11,16,19,2,24,"2023-11-16 19:02:24",4.0173,"Mw",-3.994824,-80.598329,49.23,TRUE,0
5190,2023,11,18,6,35,46,"2023-11-18 06:35:46",4.5099,"Mw",-1.256539,-77.902054,196.7,TRUE,0
5191,2023,11,22,17,45,1,"2023-11-22 17:45:01",5.0846,"Mw",-2.210398,-77.2728,20.6,TRUE,2
5192,2023,11,25,12,59,50,"2023-11-25 12:59:50",4.9204,"Mw",-2.131402,-77.520407,163.09,FALSE,0
5193,2023,11,26,6,47,44,"2023-11-26 06:47:44",4.0173,"Mw",-3.165242,-80.467355,52.98,TRUE,0
5194,2023,11,28,12,42,46,"2023-11-28 12:42:46",4.0173,"Mw",-2.319664,-77.19284,142.55,FALSE,0
5195,2023,11,29,6,48,16,"2023-11-29 06:48:16",4.0173,"Mw",-2.783059,-78.744019,92.71,TRUE,0
5196,2023,11,29,6,57,0,"2023-11-29 06:57:00",4.0173,"Mw",-2.323848,-79.245713,90.46,FALSE,0
5197,2023,12,6,9,5,4,"2023-12-06 09:05:04",4.0994,"Mw",0.519766,-79.250509,69.77,TRUE,0
5198,2023,12,12,14,8,5,"2023-12-12 14:08:05",4.2636,"Mw",0.313785,-80.203157,18.82,TRUE,0
5199,2023,12,28,3,11,13,"2023-12-28 03:11:13",4.0994,"Mw",-3.328648,-80.630224,41.93,TRUE,0
5200,2023,12,28,22,44,57,"2023-12-28 22:44:57",4.0173,"Mw",-1.64266,-78.106386,159.7,TRUE,0
5201,2024,1,6,1,3,34,"2024-01-06 01:03:34",4.592,"Mw",-1.371163,-80.871765,13.54,TRUE,1
5202,2024,1,6,11,51,31,"2024-01-06 11:51:31",4.592,"Mw",-2.158473,-79.743685,78.27,TRUE,0
5203,2024,1,7,15,8,26,"2024-01-07 15:08:26",4.2636,"Mw",-3.378359,-80.816164,44.61,TRUE,0
5204,2024,1,8,12,59,51,"2024-01-08 12:59:51",4.592,"Mw",-2.377496,-81.693494,14.23,TRUE,0
5205,2024,1,8,13,6,55,"2024-01-08 13:06:55",4.592,"Mw",-2.322371,-81.711629,16.53,TRUE,0
5206,2024,1,20,3,43,18,"2024-01-20 03:43:18",4.2636,"Mw",-3.284352,-81.792657,10.98,TRUE,0
5207,2024,1,24,1,42,15,"2024-01-24 01:42:15",4.0173,"Mw",-2.797332,-78.063489,106.82,TRUE,0
5208,2024,1,28,5,18,58,"2024-01-28 05:18:58",4.592,"Mw",-4.165121,-80.344436,49.89,TRUE,0
5209,2024,2,8,2,36,10,"2024-02-08 02:36:10",4.5099,"Mw",1.079383,-78.944786,79.01,TRUE,0
5210,2024,2,9,8,44,13,"2024-02-09 08:44:13",4.6741,"Mw",-0.93834,-80.930311,23.09,TRUE,3
5211,2024,2,14,13,36,9,"2024-02-14 13:36:09",4.1815,"Mw",-2.813082,-80.05825,24.51,TRUE,1
5212,2024,2,15,6,45,30,"2024-02-15 06:45:30",4.4278,"Mw",-1.786379,-77.91769,173.1,TRUE,0
5213,2024,2,16,19,2,30,"2024-02-16 19:02:30",4.3457,"Mw",-1.946832,-80.719719,34.14,TRUE,0
5214,2024,2,17,3,45,9,"2024-02-17 03:45:09",4.0994,"Mw",-4.829082,-78.759747,4.11,TRUE,0
5215,2024,2,18,23,11,57,"2024-02-18 23:11:57",4.0173,"Mw",-1.521828,-80.993421,19.23,FALSE,0
5216,2024,2,19,23,26,32,"2024-02-19 23:26:32",4.8383,"Mw",0.008811,-87.650681,10,TRUE,0
5217,2024,2,22,4,37,25,"2024-02-22 04:37:25",4.2636,"Mw",-0.809879,-81.042981,23.69,FALSE,0
5218,2024,2,24,19,12,53,"2024-02-24 19:12:53",4.592,"Mw",-0.793637,-81.150773,29.49,FALSE,0
5219,2024,2,25,7,27,0,"2024-02-25 07:27:00",4.592,"Mw",0.236512,-80.064846,28.45,TRUE,1
5220,2024,3,5,13,9,23,"2024-03-05 13:09:23",4.0173,"Mw",-2.788965,-79.935044,20.36,FALSE,0
5221,2024,3,5,21,48,26,"2024-03-05 21:48:26",4.1815,"Mw",-1.243988,-81.080619,27.79,FALSE,0
5222,2024,3,12,5,15,39,"2024-03-12 05:15:39",4.2636,"Mw",0.265059,-80.054511,22.32,FALSE,0
5223,2024,3,13,8,26,36,"2024-03-13 08:26:36",4.7562,"Mw",-0.619895,-81.128066,31.18,TRUE,0
5224,2024,3,25,15,40,0,"2024-03-25 15:40:00",4.1815,"Mw",-3.734457,-79.679065,87.89,TRUE,0
5225,2024,3,26,12,30,44,"2024-03-26 12:30:44",4.4278,"Mw",-3.340707,-81.741272,9.53,TRUE,0
5226,2024,3,30,8,56,15,"2024-03-30 08:56:15",4.4278,"Mw",-3.514449,-81.031611,29.98,TRUE,0
5227,2024,3,31,11,18,12,"2024-03-31 11:18:12",4.5099,"Mw",-2.098426,-79.936739,83.03,TRUE,0
5228,2024,4,7,7,13,34,"2024-04-07 07:13:34",4.0173,"Mw",-2.890848,-79.482687,21.29,TRUE,0
5229,2024,4,11,4,20,34,"2024-04-11 04:20:34",4.7562,"Mw",-1.960613,-80.089361,64.43,TRUE,0
5230,2024,4,14,10,58,44,"2024-04-14 10:58:44",4.8383,"Mw",-1.48516,-80.580064,46,TRUE,0
5231,2024,4,21,23,22,30,"2024-04-21 23:22:30",4.7562,"Mw",-3.33923,-81.884738,8.27,TRUE,0
5232,2024,4,25,21,43,29,"2024-04-25 21:43:29",4.0173,"Mw",-0.942477,-79.280396,95.64,TRUE,0
5233,2024,5,6,15,17,0,"2024-05-06 15:17:00",4.9204,"Mw",0.510414,-77.533199,19.73,TRUE,2
5234,2024,5,6,15,32,27,"2024-05-06 15:32:27",4.8383,"Mw",0.518535,-77.543779,21.67,FALSE,0
5235,2024,5,7,14,56,5,"2024-05-07 14:56:05",4.0994,"Mw",0.47473,-77.568402,6.03,FALSE,0
5236,2024,5,14,16,39,54,"2024-05-14 16:39:54",4.3457,"Mw",-2.675762,-77.901519,28.72,TRUE,0
5237,2024,5,21,2,43,8,"2024-05-21 02:43:08",5.3309,"Mw",-3.65866,-79.705181,90.03,TRUE,0
5238,2024,5,21,7,14,2,"2024-05-21 07:14:02",4.0173,"Mw",-1.430527,-79.242838,16.09,TRUE,0
5239,2024,5,23,8,46,27,"2024-05-23 08:46:27",4.0994,"Mw",0.728341,-83.593155,10,TRUE,0
5240,2024,6,16,17,32,11,"2024-06-16 17:32:11",4.3457,"Mw",-1.823293,-77.682275,19.37,TRUE,0
5241,2024,6,17,19,50,59,"2024-06-17 19:50:59",4.0173,"Mw",-2.578309,-78.081466,4.71,TRUE,0
5242,2024,6,18,17,10,58,"2024-06-18 17:10:58",4.3457,"Mw",-2.293824,-77.344842,147.72,TRUE,0
5243,2024,6,21,6,2,47,"2024-06-21 06:02:47",4.4278,"Mw",-2.45723,-78.847644,90.96,TRUE,0
5244,2024,6,28,15,2,2,"2024-06-28 15:02:02",4.0173,"Mw",-0.311293,-80.917823,28.83,TRUE,0
5245,2024,7,1,5,27,50,"2024-07-01 05:27:50",4.3457,"Mw",-0.167082,-78.384507,18.71,TRUE,0
5246,2024,7,5,7,7,6,"2024-07-05 07:07:06",4.592,"Mw",-0.76509,-80.939594,31.13,TRUE,0
5247,2024,7,24,0,35,11,"2024-07-24 00:35:11",4.4278,"Mw",-2.088582,-80.195798,69.3,TRUE,0
5248,2024,7,25,5,44,13,"2024-07-25 05:44:13",4.8383,"Mw",-3.082801,-76.759425,141.54,TRUE,0
5249,2024,7,28,6,4,28,"2024-07-28 06:04:28",4.4278,"Mw",-3.164996,-80.131416,58.91,TRUE,0
5250,2024,8,4,6,57,1,"2024-08-04 06:57:01",4.6741,"Mw",-3.702465,-78.569317,97.68,TRUE,0
5251,2024,8,4,23,42,50,"2024-08-04 23:42:50",4.592,"Mw",-2.382172,-77.666142,11.58,TRUE,0
5252,2024,8,28,16,43,5,"2024-08-28 16:43:05",4.1815,"Mw",-4.478152,-80.349763,69.03,TRUE,0
5253,2024,8,31,13,26,5,"2024-08-31 13:26:05",4.1815,"Mw",-2.777645,-77.420452,70.94,TRUE,0
5254,2024,9,4,14,47,30,"2024-09-04 14:47:30",4.1815,"Mw",-1.633309,-80.427015,41.52,TRUE,0
5255,2024,9,5,14,58,26,"2024-09-05 14:58:26",4.1815,"Mw",-4.23009,-80.242847,83.63,TRUE,0
5256,2024,9,18,17,9,36,"2024-09-18 17:09:36",4.1815,"Mw",-3.870793,-79.923793,84.94,TRUE,1
5257,2024,9,20,2,10,23,"2024-09-20 02:10:23",4.0994,"Mw",-3.602551,-79.844726,71.11,FALSE,0
5258,2024,9,23,14,40,30,"2024-09-23 14:40:30",4.0173,"Mw",-2.461414,-77.787723,124.07,TRUE,0
5259,2024,10,1,7,23,9,"2024-10-01 07:23:09",4.2636,"Mw",-2.624082,-80.974084,36.38,TRUE,0
5260,2024,10,1,9,7,31,"2024-10-01 09:07:31",4.7562,"Mw",-2.652383,-80.994075,36.57,TRUE,3
5261,2024,10,1,9,17,11,"2024-10-01 09:17:11",4.6741,"Mw",-2.594305,-80.90236,36.57,FALSE,0
5262,2024,10,1,14,11,41,"2024-10-01 14:11:41",4.1815,"Mw",-2.644508,-80.965488,35.48,FALSE,0
5263,2024,10,5,23,54,1,"2024-10-05 23:54:01",4.1815,"Mw",-1.865129,-80.403997,50.93,TRUE,0
5264,2024,10,15,6,21,29,"2024-10-15 06:21:29",4.5099,"Mw",-2.617191,-80.644458,41.79,FALSE,0
5265,2024,10,15,14,13,55,"2024-10-15 14:13:55",4.3457,"Mw",-3.781461,-80.497648,70.04,TRUE,0
5266,2024,10,16,22,4,50,"2024-10-16 22:04:50",4.2636,"Mw",1.764754,-79.797278,30.42,TRUE,0
5267,2024,10,30,13,12,8,"2024-10-30 13:12:08",4.2636,"Mw",-0.718332,-80.470486,26.37,TRUE,0
5268,2024,11,7,5,59,20,"2024-11-07 05:59:20",4.0173,"Mw",-2.475646,-78.110489,110.15,TRUE,0
5269,2024,11,8,10,37,39,"2024-11-08 10:37:39",4.4278,"Mw",-1.45366,-77.657975,210.18,TRUE,0
5270,2024,11,9,14,44,48,"2024-11-09 14:44:48",4.0173,"Mw",-2.163395,-80.130329,78.32,TRUE,0
5271,2024,11,24,0,56,1,"2024-11-24 00:56:01",4.0173,"Mw",-2.353871,-78.250651,115.07,TRUE,0
5272,2024,12,4,12,55,26,"2024-12-04 12:55:26",4.3457,"Mw",-0.683879,-77.437403,29.43,TRUE,0
5273,2024,12,5,18,5,55,"2024-12-05 18:05:55",4.0994,"Mw",-2.212613,-79.685084,91.29,TRUE,0
5274,2024,12,5,23,14,11,"2024-12-05 23:14:11",4.6741,"Mw",-1.335535,-80.500232,49.29,TRUE,1
5275,2024,12,10,19,43,55,"2024-12-10 19:43:55",4.3457,"Mw",-2.78765,-81.03244,2.64,TRUE,0
5276,2024,12,13,5,16,22,"2024-12-13 05:16:22",4.5099,"Mw",-3.635035,-80.237313,71.11,TRUE,0
5277,2024,12,14,13,35,37,"2024-12-14 13:35:37",4.5099,"Mw",-2.363561,-79.82341,50.56,TRUE,0
5278,2024,12,14,18,5,14,"2024-12-14 18:05:14",4.5099,"Mw",-1.549883,-80.573453,41.93,FALSE,0
5279,2024,12,17,14,18,34,"2024-12-17 14:18:34",4.0173,"Mw",-2.629742,-80.595939,48.38,TRUE,0
5280,2025,1,7,3,37,26,"2025-01-07 03:37:26",4.592,"Mw",-2.021645,-77.464393,174.3,TRUE,0
5281,2025,1,9,23,9,42,"2025-01-09 23:09:42",4.0173,"Mw",-1.025949,-78.730904,14.61,TRUE,0
5282,2025,1,13,2,20,51,"2025-01-13 02:20:51",5.413,"Mw",-2.188496,-79.842694,86.31,TRUE,0
5283,2025,1,17,12,54,33,"2025-01-17 12:54:33",4.0173,"Mw",-3.31782,-80.789947,46.2,TRUE,0
5284,2025,1,29,20,34,55,"2025-01-29 20:34:55",4.0994,"Mw",-3.689668,-79.087199,89.1,TRUE,0
5285,2025,1,31,23,2,24,"2025-01-31 23:02:24",5.413,"Mw",-0.877801,-78.116611,15.82,TRUE,6
5286,2025,1,31,23,10,10,"2025-01-31 23:10:10",4.3457,"Mw",-0.87534,-78.132856,13.85,FALSE,0
5287,2025,2,1,1,37,54,"2025-02-01 01:37:54",4.0994,"Mw",-0.868941,-78.111199,15.71,FALSE,0
5288,2025,2,1,1,50,47,"2025-02-01 01:50:47",4.1815,"Mw",-0.868449,-78.106769,12.97,FALSE,0
5289,2025,2,1,11,5,46,"2025-02-01 11:05:46",4.9204,"Mw",-0.871648,-78.113906,14.8,FALSE,0
5290,2025,2,1,11,27,27,"2025-02-01 11:27:27",4.5099,"Mw",-0.862051,-78.102834,13.79,FALSE,0
5291,2025,2,2,12,50,0,"2025-02-02 12:50:00",4.0173,"Mw",-0.869042,-78.109062,3.39,FALSE,0
5292,2025,2,4,7,45,10,"2025-02-04 07:45:10",5.0025,"Mw",-3.648324,-79.972978,89.21,TRUE,0
5293,2025,2,5,8,21,32,"2025-02-05 08:21:32",4.7562,"Mw",-1.77998,-78.267809,146.63,TRUE,0
5294,2025,2,10,7,6,6,"2025-02-10 07:06:06",4.1815,"Mw",-2.749098,-79.87491,20.03,TRUE,0
5295,2025,2,17,21,30,31,"2025-02-17 21:30:31",4.4278,"Mw",-0.56034,-80.766765,24.73,TRUE,1
5296,2025,2,17,21,48,41,"2025-02-17 21:48:41",4.0173,"Mw",-0.571935,-80.873054,5.05,FALSE,0
5297,2025,2,21,22,52,8,"2025-02-21 22:52:08",4.2636,"Mw",-3.688684,-79.014205,91.78,TRUE,0
5298,2025,2,23,7,25,16,"2025-02-23 07:25:16",5.1667,"Mw",-1.188371,-77.651761,27.46,TRUE,1
5299,2025,2,26,16,18,16,"2025-02-26 16:18:16",4.0173,"Mw",0.174004,-79.049455,33.75,TRUE,0
5300,2025,3,8,5,37,37,"2025-03-08 05:37:37",4.5099,"Mw",-1.374418,-77.815579,198.09,FALSE,0
5301,2025,3,16,7,30,34,"2025-03-16 07:30:34",4.0994,"Mw",0.274902,-77.357293,30.42,TRUE,0
5302,2025,3,18,4,19,7,"2025-03-18 04:19:07",4.0173,"Mw",0.639613,-80.325757,29.6,TRUE,0
5303,2025,3,21,17,42,55,"2025-03-21 17:42:55",4.0173,"Mw",-2.717352,-78.467381,10.1,TRUE,0
5304,2025,3,22,7,49,37,"2025-03-22 07:49:37",4.0173,"Mw",-3.151215,-80.616946,31.84,TRUE,0
5305,2025,4,14,23,19,44,"2025-04-14 23:19:44",4.0994,"Mw",-2.804715,-81.472518,7.72,TRUE,0
5306,2025,4,16,0,7,2,"2025-04-16 00:07:02",4.0173,"Mw",0.222977,-80.858503,32.52,TRUE,0
5307,2025,4,25,11,44,49,"2025-04-25 11:44:49",5.9056,"Mw",1.077168,-79.702151,30.14,TRUE,2
5308,2025,4,25,12,9,51,"2025-04-25 12:09:51",4.3457,"Mw",-1.965043,-79.781564,86.31,TRUE,0
5309,2025,5,3,14,50,11,"2025-05-03 14:50:11",4.592,"Mw",-0.653363,-77.956215,14.07,TRUE,0
5310,2025,5,5,9,17,18,"2025-05-05 09:17:18",4.4278,"Mw",-2.955324,-80.023834,64.16,TRUE,0
5311,2025,5,10,12,12,51,"2025-05-10 12:12:51",4.8383,"Mw",-2.609809,-79.644766,25.5,TRUE,0
5312,2025,5,11,1,29,51,"2025-05-11 01:29:51",5.1667,"Mw",-4.029277,-81.106589,87.95,TRUE,4
5313,2025,5,11,2,7,3,"2025-05-11 02:07:03",5.0846,"Mw",-3.762758,-81.222703,26.73,FALSE,0
5314,2025,5,11,2,59,27,"2025-05-11 02:59:27",4.3457,"Mw",-4.103598,-81.133393,26.97,FALSE,0
5315,2025,5,11,5,16,46,"2025-05-11 05:16:46",5.0846,"Mw",-4.032307,-81.014305,1.96,FALSE,0
5316,2025,5,11,5,53,43,"2025-05-11 05:53:43",4.1815,"Mw",-4.015742,-81.105821,58.23,FALSE,0
5317,2025,5,11,18,14,30,"2025-05-11 18:14:30",4.3457,"Mw",-2.803238,-78.513881,5.97,TRUE,0
5318,2025,5,11,19,22,26,"2025-05-11 19:22:26",4.1815,"Mw",1.043207,-79.792725,12.75,FALSE,0
5319,2025,5,20,14,52,16,"2025-05-20 14:52:16",4.0994,"Mw",-0.937848,-80.600501,27.74,TRUE,2
5320,2025,5,20,15,25,59,"2025-05-20 15:25:59",4.0173,"Mw",-0.945723,-80.597058,26.7,FALSE,0
5321,2025,5,27,8,56,32,"2025-05-27 08:56:32",4.0173,"Mw",-0.971316,-80.629556,25.5,FALSE,0
5322,2025,5,27,11,29,33,"2025-05-27 11:29:33",4.0173,"Mw",-1.542992,-78.108665,170.12,TRUE,0
5323,2025,6,4,16,44,55,"2025-06-04 16:44:55",4.1815,"Mw",-2.788227,-77.876001,14.26,TRUE,0
5324,2025,6,14,3,31,33,"2025-06-14 03:31:33",4.8383,"Mw",-1.146535,-81.008685,22.54,TRUE,5
5325,2025,6,14,4,38,12,"2025-06-14 04:38:12",4.0994,"Mw",-1.170898,-80.897195,1.68,FALSE,0
5326,2025,6,14,16,56,35,"2025-06-14 16:56:35",4.3457,"Mw",-1.143582,-80.963886,21.61,FALSE,0
5327,2025,6,16,23,55,50,"2025-06-16 23:55:50",4.0994,"Mw",-1.187387,-80.995909,18,FALSE,0
5328,2025,6,17,2,46,23,"2025-06-17 02:46:23",4.8383,"Mw",-0.890844,-78.12719,14.97,TRUE,2
5329,2025,6,17,6,47,12,"2025-06-17 06:47:12",4.0994,"Mw",-0.893059,-78.127435,13.96,FALSE,0
5330,2025,6,19,1,6,20,"2025-06-19 01:06:20",4.3457,"Mw",-0.873371,-78.131872,13.03,FALSE,0
5331,2025,6,21,3,32,45,"2025-06-21 03:32:45",4.0173,"Mw",-1.109621,-80.826029,23.47,FALSE,0
5332,2025,6,21,19,18,44,"2025-06-21 19:18:44",5.413,"Mw",-2.58323,-79.76744,45.46,TRUE,2
5333,2025,6,23,21,36,28,"2025-06-23 21:36:28",4.0994,"Mw",-1.295176,-80.908835,21.23,FALSE,0
5334,2025,6,25,16,13,46,"2025-06-25 16:13:46",4.0994,"Mw",-2.595535,-79.76498,40.32,FALSE,0
5335,2025,6,27,6,31,51,"2025-06-27 06:31:51",4.8383,"Mw",-2.088582,-80.040656,60,TRUE,0
5336,2025,7,3,11,2,23,"2025-07-03 11:02:23",4.1815,"Mw",-0.429418,-79.050924,20.3,TRUE,0
5337,2025,7,6,3,40,23,"2025-07-06 03:40:23",4.0173,"Mw",-3.72043,-79.308894,93.34,TRUE,0
5338,2025,7,8,17,36,4,"2025-07-08 17:36:04",4.7562,"Mw",0.895551,-79.71641,22.16,FALSE,0
5339,2025,7,17,6,4,50,"2025-07-17 06:04:50",4.0994,"Mw",-2.792902,-79.921741,25.5,FALSE,0
5340,2025,7,20,21,6,29,"2025-07-20 21:06:29",4.5099,"Mw",0.487035,-79.357073,64.93,TRUE,0
5341,2025,7,28,12,33,56,"2025-07-28 12:33:56",4.5099,"Mw",-3.534137,-80.135144,73.73,TRUE,0
5342,2025,8,11,17,23,4,"2025-08-11 17:23:04",4.2636,"Mw",-2.371034,-80.807304,7.75,TRUE,0
5343,2025,8,16,10,46,58,"2025-08-16 10:46:58",4.6741,"Mw",-0.60759,-78.386916,8.32,TRUE,0
5344,2025,8,18,14,55,5,"2025-08-18 14:55:05",4.0994,"Mw",0.014043,-80.33259,16.64,TRUE,0
5345,2025,8,24,10,50,30,"2025-08-24 10:50:30",4.6741,"Mw",-2.314988,-78.95016,98.67,TRUE,0
5346,2025,8,24,16,53,15,"2025-08-24 16:53:15",4.0173,"Mw",-2.124512,-79.633352,88.93,TRUE,0
5347,2025,8,25,18,10,58,"2025-08-25 18:10:58",4.5099,"Mw",1.764754,-79.798756,0.94,TRUE,0
5348,2025,8,27,4,26,19,"2025-08-27 04:26:19",4.5099,"Mw",-4.100645,-80.429233,75.43,TRUE,0
5349,2025,9,3,14,56,41,"2025-09-03 14:56:41",5.0025,"Mw",-1.558496,-78.107917,171.57,TRUE,2
5350,2025,9,5,17,42,31,"2025-09-05 17:42:31",5.413,"Mw",-1.675004,-81.339241,5.22,TRUE,13
5351,2025,9,9,12,39,5,"2025-09-09 12:39:05",4.0173,"Mw",-1.559234,-81.101771,11.14,FALSE,0
5352,2025,9,9,13,9,24,"2025-09-09 13:09:24",4.2636,"Mw",-1.400012,-81.00589,18.22,FALSE,0
5353,2025,9,11,9,19,39,"2025-09-11 09:19:39",4.3457,"Mw",-2.897246,-80.191852,74.77,TRUE,0
5354,2025,9,13,11,23,45,"2025-09-13 11:23:45",4.0994,"Mw",-1.596395,-81.0405,17.84,FALSE,0
5355,2025,9,13,11,33,36,"2025-09-13 11:33:36",4.0173,"Mw",-1.560465,-80.900146,26.37,TRUE,0
5356,2025,9,13,21,18,34,"2025-09-13 21:18:34",4.8383,"Mw",-1.598855,-81.043456,21.07,FALSE,0
5357,2025,9,13,23,59,54,"2025-09-13 23:59:54",4.8383,"Mw",-1.59541,-81.004556,25.77,FALSE,0
5358,2025,9,14,7,2,18,"2025-09-14 07:02:18",4.0994,"Mw",-1.350793,-80.982225,16.04,TRUE,0
5359,2025,9,15,15,56,21,"2025-09-15 15:56:21",4.0173,"Mw",-1.424621,-81.044801,18.28,FALSE,0
5360,2025,9,15,20,34,46,"2025-09-15 20:34:46",4.2636,"Mw",-1.444309,-80.968502,19.97,FALSE,0
5361,2025,9,16,2,22,34,"2025-09-16 02:22:34",4.3457,"Mw",-1.488605,-80.950316,21.61,FALSE,0
5362,2025,9,16,3,54,47,"2025-09-16 03:54:47",4.7562,"Mw",-1.560957,-81.037025,23.09,FALSE,0
5363,2025,9,16,8,40,1,"2025-09-16 08:40:01",4.0173,"Mw",-1.255309,-81.217487,10.68,FALSE,0
5364,2025,9,18,6,14,15,"2025-09-18 06:14:15",4.0994,"Mw",-1.240543,-81.239138,7.61,FALSE,0
5365,2025,9,18,11,38,54,"2025-09-18 11:38:54",4.1815,"Mw",-1.23316,-80.923075,20.57,TRUE,0
5366,2025,9,18,21,55,15,"2025-09-18 21:55:15",4.3457,"Mw",-1.238574,-81.166276,16.58,TRUE,0
5367,2025,9,19,1,49,44,"2025-09-19 01:49:44",4.6741,"Mw",-1.246941,-80.920622,27.03,TRUE,1
5368,2025,9,19,22,33,1,"2025-09-19 22:33:01",4.8383,"Mw",-0.412191,-80.397584,22.93,TRUE,1
5369,2025,9,24,7,43,10,"2025-09-24 07:43:10",4.0173,"Mw",-3.503129,-81.870863,11.06,TRUE,0
5370,2025,9,25,21,59,35,"2025-09-25 21:59:35",4.2636,"Mw",-2.401367,-77.593703,4.63,TRUE,0
5371,2025,9,25,23,40,11,"2025-09-25 23:40:11",4.0173,"Mw",-1.367773,-78.019161,177.77,FALSE,0
5372,2025,9,26,1,5,13,"2025-09-26 01:05:13",4.3457,"Mw",-5.251117,-78.337669,88.43,TRUE,0
5373,2025,9,26,1,5,13,"2025-09-26 01:05:13",4.2636,"Mw",-5.164508,-78.725567,39.96,TRUE,0
5374,2025,9,26,17,24,59,"2025-09-26 17:24:59",4.3457,"Mw",-2.38734,-77.584115,6.03,TRUE,0
5375,2025,9,28,8,53,24,"2025-09-28 08:53:24",4.3457,"Mw",-3.621992,-81.10997,90.82,TRUE,0
5376,2025,9,29,18,59,10,"2025-09-29 18:59:10",4.2636,"Mw",0.115926,-79.287183,33.97,TRUE,0
5377,2025,10,2,14,52,46,"2025-10-02 14:52:46",4.4278,"Mw",0.546098,-80.015649,7.07,TRUE,0
5378,2025,10,7,1,27,53,"2025-10-07 01:27:53",4.2636,"Mw",-0.409238,-80.411858,22.93,FALSE,0
5379,2025,10,8,14,19,38,"2025-10-08 14:19:38",4.2636,"Mw",-1.64266,-81.377825,24.84,FALSE,0
5380,2025,10,20,14,57,46,"2025-10-20 14:57:46",4.0994,"Mw",0.975285,-79.165087,58.86,TRUE,0
5381,2025,10,22,0,5,40,"2025-10-22 00:05:40",5.9056,"Mw",-3.623715,-79.974441,89.97,TRUE,0
5382,2025,10,22,18,50,42,"2025-10-22 18:50:42",4.0173,"Mw",-2.78552,-78.51488,12.15,TRUE,0
5383,2025,10,26,20,7,5,"2025-10-26 20:07:05",4.5099,"Mw",-2.741223,-79.417633,18.06,TRUE,0
5384,2025,10,31,2,2,5,"2025-10-31 02:02:05",4.0994,"Mw",-1.429297,-80.938213,20.98,FALSE,0
5385,2025,11,6,23,11,11,"2025-11-06 23:11:11",4.5099,"Mw",-1.326184,-77.818565,201.48,FALSE,0
5386,2025,11,17,1,1,12,"2025-11-17 01:01:12",4.0994,"Mw",-1.589504,-80.944481,11.55,FALSE,0
5387,2025,11,17,3,47,40,"2025-11-17 03:47:40",4.2636,"Mw",-3.634051,-79.388058,5.97,TRUE,0
5388,2025,11,23,13,3,11,"2025-11-23 13:03:11",4.0994,"Mw",-2.804223,-78.201459,16.31,TRUE,0
5389,2025,11,24,1,59,38,"2025-11-24 01:59:38",4.0173,"Mw",-2.063973,-80.057391,60.22,TRUE,0
5390,2025,12,1,5,35,37,"2025-12-01 05:35:37",4.4278,"Mw",-2.18382,-80.339424,57.46,TRUE,0
5391,2025,12,13,9,40,50,"2025-12-13 09:40:50",4.2636,"Mw",-1.734699,-79.164029,21.29,TRUE,0
5392,2025,12,13,21,54,0,"2025-12-13 21:54:00",4.0994,"Mw",-2.731871,-79.726586,19.97,TRUE,0
5393,2025,12,19,21,59,50,"2025-12-19 21:59:50",5.0025,"Mw",-0.694215,-78.032005,18.39,TRUE,0
