mag,tipo_mag,lat,lon,depth,year,month,day,hour,minute,second
6.4,Mw,0.05,-78.33,10.0,1587,8,31,1,30,0.0
7.0,Mw,-1.73,-78.8,10.0,1645,3,15,0,0,0.0
6.4,Mw,-1.67,-79.05,10.0,1674,8,29,0,0,0.0
6.2,Mw,-1.25,-78.42,10.0,1687,11,22,0,0,0.0
7.25,Mw,-1.65,-78.8,10.0,1698,6,20,6,0,0.0
5.9,Mw,-0.75,-78.75,10.0,1736,12,6,8,0,0.0
6.1,Mw,-0.92,-78.56,10.0,1757,2,22,0,0,0.0
5.8,Mw,-1.68,-78.78,10.0,1786,5,10,15,0,0.0
7.6,Mw,-1.5,-78.6,10.0,1797,2,4,12,45,0.0
7.4,Mw,1.12,-77.0,10.0,1834,1,20,1,45,0.0
7.2,Mw,0.02,-78.75,10.0,1859,3,22,13,30,0.0
6.1,Mw,-1.25,-78.42,10.0,1868,5,17,18,0,0.0
6.6,Mw,0.7,-77.92,10.0,1868,8,15,19,30,0.0
7.25,Mw,0.25,-78.3,10.0,1868,8,16,6,40,0.0
6.2,Mw,-1.73,-78.8,10.0,1911,9,23,4,10,0.0
6.44,Mw,-0.6,-78.42,10.0,1914,5,31,13,27,0.0
6.1,Mw,-0.55,-78.63,10.0,1923,2,5,12,22,0.0
6.1,Mw,0.88,-77.8,10.0,1923,12,14,10,31,0.0
6.0,Mw,0.87,-77.78,10.0,1926,12,18,18,5,0.0
5.88,Mw,-0.5,-78.48,10.0,1929,7,25,8,39,0.0
5.8,Mw,-0.4,-78.41,10.0,1938,8,10,2,2,0.0
5.7,Mw,-0.71,-78.7,10.0,1944,9,15,19,20,0.0
6.0,Mw,1.05,-77.36,10.0,1953,12,23,4,45,0.0
6.14,Mw,0.28,-78.39,10.0,1955,7,20,21,0,0.0
5.0,Mw,-0.98,-78.59,10.0,1958,1,24,13,50,0.0
5.65,Mw,-1.2,-78.7,10.0,1960,7,30,2,4,0.0
6.3,Mw,-2.089,-78.968,10.0,1961,4,8,9,3,0.0
5.9,Mw,-1.16,-78.65,10.0,1962,11,16,6,39,0.0
5.0,Mw,-0.52,-78.61,10.0,1976,11,29,23,20,0.0
7.2,Mw,-2.0,-82.0,0.0,1901,1,7,0,29,0.0
8.8,Mw,0.95,-79.36,20.0,1906,1,31,15,36,0.0
7.5,Mw,-2.0,-79.0,150.0,1906,9,28,15,24,54.0
7.0,Mw,0.0,-82.0,0.0,1907,6,1,8,45,0.0
7.0,Mw,-5.0,-80.0,0.0,1912,7,24,11,59,0.0
7.1,Mw,4.0,-74.0,0.0,1917,8,31,11,36,24.0
6.0,Mw,3.0,-77.5,35.0,1920,1,30,18,26,45.0
6.8,Mw,-3.5,-81.68,35.0,1924,3,11,22,44,27.0
6.5,Mw,-1.0,-79.0,287.0,1924,7,22,4,4,16.0
6.8,Mw,2.81,-80.16,15.0,1924,10,18,23,5,30.0
6.8,Mw,3.0,-80.5,318.0,1925,6,7,23,41,40.0
6.8,Mw,-0.11,-77.03,25.0,1925,6,23,16,46,39.0
6.5,Mw,-2.8,-74.5,0.0,1926,3,7,20,33,28.0
6.0,Mw,-6.5,-81.5,0.0,1927,3,13,5,32,16.0
7.2,Mw,-5.26,-78.55,35.0,1928,5,14,22,14,51.0
6.9,Mw,-5.35,-78.73,35.0,1928,7,18,19,4,8.0
6.2,Mw,-2.0,-74.5,0.0,1930,11,24,6,6,48.0
6.0,Mw,-6.0,-81.0,50.0,1932,9,5,6,23,50.0
5.6,Mw,0.5,-78.5,60.0,1933,5,18,4,28,35.0
6.2,Mw,-6.4,-75.2,0.0,1933,10,1,2,40,39.0
6.7,Mw,-1.83,-80.84,15.0,1933,10,2,15,29,29.0
6.2,Mw,-1.75,-80.75,35.0,1933,10,3,10,21,20.0
6.0,Mw,-1.75,-80.75,35.0,1933,10,3,14,21,49.0
6.0,Mw,4.0,-78.0,35.0,1934,4,3,7,36,27.0
6.0,Mw,3.4,-77.8,0.0,1934,8,6,12,7,13.0
6.2,Mw,-5.0,-78.0,110.0,1934,10,29,23,25,23.0
6.0,Mw,-4.2,-79.8,0.0,1935,3,8,11,59,10.0
5.6,Mw,3.5,-83.0,35.0,1935,6,11,21,55,55.0
5.5,Mw,3.4,-77.8,0.0,1935,10,27,22,5,2.0
6.0,Mw,-2.0,-79.0,130.0,1935,11,2,21,5,40.0
6.2,Mw,2.61,-79.46,25.0,1935,12,24,12,24,11.0
6.5,Mw,2.2,-78.5,65.0,1937,5,21,13,12,23.0
6.0,Mw,3.0,-84.0,35.0,1937,7,8,12,51,5.0
7.1,Mw,-1.97,-76.39,184.2,1937,7,19,19,35,27.0
6.0,Mw,-6.2,-75.3,0.0,1938,1,16,21,41,40.0
5.6,Mw,-6.5,-81.0,35.0,1940,5,4,16,44,30.0
6.0,Mw,-7.0,-80.0,35.0,1940,5,5,2,3,42.0
6.0,Mw,-2.0,-76.0,140.0,1940,10,23,2,23,15.0
6.5,Mw,-3.25,-76.75,120.0,1941,1,24,5,44,3.0
6.0,Mw,-6.5,-79.0,0.0,1942,1,8,15,12,22.0
7.8,Mw,0.01,-80.39,19.7,1942,5,14,2,13,28.0
6.8,Mw,-6.52,-76.76,123.6,1942,11,6,13,31,11.0
6.1,Mw,-1.98,-80.02,58.7,1943,1,30,5,32,3.0
6.5,Mw,-6.5,-76.0,140.0,1943,4,5,3,8,58.0
6.2,Mw,-2.5,-77.0,130.0,1943,12,22,7,1,50.0
6.0,Mw,3.1,-74.8,0.0,1944,5,9,14,29,49.0
6.73,Mw,0.6,-79.32,20.0,1944,10,23,23,40,1.0
6.5,Mw,1.9,-76.9,96.0,1945,7,9,16,42,8.0
6.8,Mw,-1.23,-78.4,10.0,1949,8,5,19,8,47.0
6.8,Mw,-4.0,-76.5,110.0,1950,6,7,16,52,34.0
6.0,Mw,-5.2,-77.2,0.0,1953,4,17,0,2,50.0
7.5,Mw,-3.59,-80.84,19.0,1953,12,12,17,31,28.0
6.7,Mw,-5.4,-76.7,128.0,1954,6,15,13,30,3.0
6.8,Mw,-0.2,-77.8,0.0,1955,5,11,11,4,1.0
6.9,Mw,-0.82,-80.28,35.0,1956,1,16,23,37,45.0
6.5,Mw,-3.3,-79.0,96.0,1956,3,22,6,34,0.0
6.12,Mw,3.7,-76.75,5.3,1957,5,24,2,37,50.0
6.34,Mw,-1.92,-80.99,15.0,1957,8,26,13,58,51.0
7.8,Mw,1.14,-79.59,29.8,1958,1,19,14,7,27.0
6.8,Mw,1.18,-79.58,35.0,1958,1,19,14,43,29.0
6.9,Mw,1.45,-79.55,35.0,1958,2,1,16,10,18.0
6.8,Mw,1.66,-79.19,46.0,1958,2,1,20,45,52.0
6.8,Mw,0.7,-79.57,35.0,1958,4,14,21,32,34.0
6.6,Mw,0.82,-79.82,0.0,1958,4,14,22,48,32.0
6.6,Mw,0.94,-79.62,0.0,1958,4,15,1,30,47.0
6.5,Mw,-3.12,-78.09,29.0,1958,5,25,21,11,42.0
6.9,Mw,-3.78,-81.68,35.0,1959,2,7,9,36,57.0
7.8,Mw,-6.77,-80.91,15.0,1960,11,20,22,1,1.0
4.3,Mw,-1.2,-79.0,33.0,1963,2,27,0,10,1.0
5.3,Mw,-4.5,-81.6,23.0,1963,3,4,15,43,2.0
5.6,Mw,-4.5,-81.5,22.0,1963,3,5,7,5,0.0
4.5,Mw,-1.5,-77.7,154.0,1963,3,30,9,23,13.0
5.2,Mw,-6.6,-81.2,31.0,1963,3,31,4,45,59.0
4.2,Mw,3.9,-75.0,33.0,1963,4,4,6,7,21.0
6.5,Mw,-6.25,-76.53,119.8,1963,4,13,2,20,58.0
6.6,Mw,-2.18,-77.62,20.0,1963,5,10,22,22,40.0
4.2,Mw,-2.9,-79.2,33.0,1963,5,11,21,3,56.0
4.0,Mw,-2.7,-77.0,115.0,1963,5,12,11,0,50.0
4.4,Mw,0.7,-80.2,25.0,1963,5,14,11,23,2.0
4.2,Mw,1.1,-77.6,148.0,1963,5,20,13,22,8.0
4.6,Mw,-1.6,-80.8,90.0,1963,5,23,3,57,43.0
4.7,Mw,-5.5,-81.2,33.0,1963,5,26,19,13,39.0
4.4,Mw,-2.3,-77.8,33.0,1963,6,8,8,57,24.0
4.4,Mw,-5.3,-78.5,33.0,1963,6,18,15,39,55.0
4.1,Mw,-2.3,-77.5,33.0,1963,6,20,20,42,17.0
4.1,Mw,-4.9,-81.2,45.0,1963,6,21,12,13,13.0
4.6,Mw,-2.4,-77.8,33.0,1963,7,2,2,52,53.0
4.2,Mw,-3.2,-77.8,65.0,1963,7,5,14,29,24.0
4.0,Mw,-2.4,-77.8,33.0,1963,7,25,20,31,17.0
4.7,Mw,-4.1,-80.9,34.0,1963,8,4,12,7,24.0
4.0,Mw,-1.0,-78.9,33.0,1963,8,11,6,30,36.0
4.3,Mw,-3.1,-80.4,66.0,1963,8,13,12,39,55.0
4.3,Mw,2.8,-76.1,33.0,1963,8,15,0,47,5.0
4.2,Mw,0.0,-80.9,64.0,1963,8,20,20,14,31.0
6.1,Mw,-6.97,-81.48,0.0,1963,8,29,15,30,29.0
4.8,Mw,2.2,-83.2,33.0,1963,9,6,13,57,42.0
4.0,Mw,-1.5,-77.9,178.0,1963,9,17,7,34,38.0
4.3,Mw,-2.6,-78.0,33.0,1963,9,19,0,6,43.0
4.7,Mw,-2.3,-77.6,33.0,1963,10,14,5,39,17.0
4.2,Mw,-2.7,-77.8,33.0,1963,10,26,12,56,46.0
4.3,Mw,1.96,-79.09,90.0,1964,8,24,16,42,22.0
4.1,Mw,1.47,-78.34,140.0,1964,8,27,21,46,41.0
4.2,Mw,1.06,-76.8,90.0,1964,9,5,4,35,28.0
4.5,Mw,-4.8,-81.22,72.0,1964,9,10,21,36,35.0
4.6,Mw,-5.86,-81.2,101.0,1964,9,19,17,26,19.0
3.8,Mw,-2.78,-79.6,131.0,1964,10,8,10,55,26.0
4.7,Mw,2.79,-78.03,76.0,1964,10,18,2,49,17.0
5.2,Mw,-1.96,-77.16,162.0,1964,10,25,6,25,50.0
5.2,Mw,-2.07,-78.89,48.0,1964,10,25,22,56,31.0
5.8,Mw,-4.03,-76.76,107.4,1964,11,2,6,50,1.0
4.3,Mw,-4.87,-76.7,109.0,1964,11,21,17,24,24.0
4.3,Mw,-4.52,-80.6,254.0,1964,11,29,3,24,46.0
4.2,Mw,-4.74,-79.21,98.0,1964,11,29,17,8,27.0
4.8,Mw,-6.56,-76.37,135.0,1964,12,7,15,55,52.0
4.9,Mw,2.7,-79.83,38.0,1964,12,7,21,3,48.0
4.3,Mw,-1.23,-77.52,218.0,1964,12,9,19,12,18.0
4.5,Mw,1.9,-76.7,191.0,1964,12,10,2,35,39.0
4.6,Mw,-0.89,-81.52,21.0,1965,1,6,16,30,37.0
4.3,Mw,-3.1,-76.7,30.0,1965,1,7,11,57,30.0
4.3,Mw,3.6,-74.0,20.0,1965,1,7,18,52,25.0
4.7,Mw,-3.32,-81.4,92.0,1965,1,10,3,43,45.0
5.5,Mw,-5.68,-81.41,31.2,1965,1,14,8,25,18.0
4.4,Mw,-2.3,-80.1,135.0,1965,1,16,16,22,16.0
4.5,Mw,-2.5,-78.2,33.0,1965,1,16,16,59,28.0
3.9,Mw,-0.66,-80.9,158.0,1965,1,26,13,48,44.0
4.5,Mw,-0.41,-80.75,81.0,1965,1,26,14,17,53.0
5.0,Mw,-1.48,-77.89,179.5,1965,2,11,16,10,30.0
4.5,Mw,-5.9,-77.6,69.0,1965,2,13,10,5,24.0
4.1,Mw,2.7,-79.7,33.0,1965,2,28,6,20,11.0
4.3,Mw,3.3,-83.9,33.0,1965,3,3,13,5,28.0
4.2,Mw,-1.26,-78.3,53.0,1965,3,6,4,43,12.0
4.7,Mw,3.35,-78.98,47.0,1965,3,7,6,33,19.0
4.9,Mw,-5.77,-77.74,37.5,1965,3,12,22,54,45.0
4.1,Mw,-0.4,-80.8,33.0,1965,3,14,15,30,37.0
3.8,Mw,-2.13,-77.17,193.0,1965,3,31,16,50,19.0
4.1,Mw,1.41,-79.76,99.0,1965,4,4,5,53,45.0
4.9,Mw,-3.11,-78.17,110.0,1965,4,6,19,21,50.0
4.4,Mw,3.25,-77.9,90.0,1965,4,12,0,42,59.0
4.4,Mw,-1.17,-78.93,84.0,1965,4,14,8,23,38.0
4.4,Mw,-5.72,-75.6,33.0,1965,4,15,2,0,10.0
3.9,Mw,1.22,-79.7,114.0,1965,4,18,12,23,10.0
4.6,Mw,-6.02,-78.68,118.0,1965,4,22,22,13,4.0
4.2,Mw,-1.31,-77.85,193.0,1965,4,26,8,39,4.0
3.6,Mw,-1.75,-77.78,199.0,1965,5,1,23,45,34.0
4.8,Mw,-2.8,-77.22,112.0,1965,5,9,19,58,1.0
4.1,Mw,-6.7,-80.9,71.0,1965,5,11,0,58,31.0
3.9,Mw,-1.79,-79.4,71.0,1965,5,19,8,5,14.0
4.4,Mw,-3.71,-80.77,9.0,1965,5,20,9,55,10.0
4.2,Mw,-1.37,-80.6,75.0,1965,6,6,21,41,40.0
4.2,Mw,-4.01,-78.2,33.0,1965,6,8,5,46,49.0
4.0,Mw,-4.67,-80.6,33.0,1965,6,18,3,37,50.0
4.5,Mw,-3.68,-77.77,37.0,1965,6,21,10,46,40.0
4.9,Mw,-2.56,-76.91,121.2,1965,6,27,17,9,5.0
4.3,Mw,2.7,-83.5,49.0,1965,7,7,7,55,47.0
4.4,Mw,-3.2,-77.7,90.0,1965,7,13,22,34,48.0
4.6,Mw,-2.9,-78.8,112.0,1965,7,13,22,49,46.0
4.4,Mw,-6.6,-80.9,36.0,1965,7,15,8,31,24.0
4.2,Mw,-3.5,-78.1,33.0,1965,7,24,12,16,8.0
4.3,Mw,-1.48,-78.07,170.0,1965,7,30,16,32,37.0
4.0,Mw,-4.9,-80.9,66.0,1965,8,1,4,36,40.0
4.5,Mw,-1.4,-78.74,119.4,1965,8,9,8,40,29.0
5.3,Mw,-4.31,-80.96,38.9,1965,8,13,0,54,45.0
3.5,Mw,-1.9,-78.2,265.0,1965,8,18,7,20,2.0
4.1,Mw,-2.3,-76.9,187.0,1965,8,22,10,39,27.0
4.4,Mw,3.8,-82.1,62.0,1965,8,31,14,47,46.0
4.2,Mw,-4.4,-80.5,227.0,1965,9,7,16,30,27.0
6.52,Mw,-1.44,-77.67,185.9,1965,9,17,11,13,57.0
3.9,Mw,-1.56,-77.6,209.0,1965,9,19,1,45,1.0
4.9,Mw,-6.39,-74.9,138.1,1965,9,20,18,10,41.0
3.8,Mw,-1.7,-77.5,245.0,1965,9,21,5,34,45.0
4.3,Mw,-2.51,-78.03,123.0,1969,6,18,13,53,51.0
4.6,Mw,-3.56,-76.88,76.0,1969,6,30,8,27,21.0
4.4,Mw,-5.3,-81.1,50.0,1969,7,3,12,31,41.0
4.5,Mw,-3.99,-80.86,25.1,1969,7,4,6,32,44.0
4.6,Mw,-4.19,-81.0,28.6,1969,7,4,7,21,50.0
5.2,Mw,-5.57,-77.16,18.4,1969,7,5,4,55,33.0
4.6,Mw,1.67,-79.36,35.0,1969,7,6,12,41,38.0
4.6,Mw,-4.2,-76.6,91.0,1969,7,11,13,51,23.0
4.3,Mw,3.54,-76.15,168.0,1969,7,15,3,13,28.0
5.0,Mw,-5.43,-81.83,19.2,1969,8,5,12,14,42.0
4.6,Mw,-3.48,-80.2,34.0,1969,8,6,3,50,44.0
4.5,Mw,-1.04,-78.65,33.0,1969,8,8,7,47,30.0
4.5,Mw,-3.72,-80.56,68.0,1969,9,1,18,3,13.0
4.2,Mw,-5.94,-77.4,124.0,1969,9,8,12,43,40.0
4.5,Mw,-4.4,-80.4,85.0,1969,9,19,2,45,47.0
4.0,Mw,-5.09,-81.6,45.0,1969,9,24,0,14,31.0
4.6,Mw,-2.24,-78.9,118.7,1969,10,27,22,32,32.0
4.4,Mw,-5.4,-81.5,12.0,1969,11,2,11,47,5.0
4.3,Mw,-2.5,-79.6,111.0,1969,11,10,0,10,22.0
4.0,Mw,-2.44,-80.23,62.0,1969,11,11,2,45,29.0
4.7,Mw,2.99,-79.02,38.0,1969,12,6,9,39,44.0
4.3,Mw,-0.91,-78.87,19.0,1969,12,17,7,5,25.0
4.2,Mw,-0.74,-78.3,26.0,1969,12,17,7,13,6.0
4.4,Mw,-3.26,-80.74,44.0,1969,12,23,17,27,47.0
3.9,Mw,-0.4,-80.0,62.0,1969,12,31,2,8,57.0
4.1,Mw,-5.99,-77.3,138.0,1970,1,3,2,8,14.0
4.7,Mw,-1.87,-78.54,19.0,1970,1,3,3,7,55.0
4.7,Mw,-2.47,-77.18,156.0,1970,1,11,22,49,59.0
3.9,Mw,-2.0,-80.8,168.0,1970,1,18,23,32,7.0
4.7,Mw,-4.21,-76.98,106.0,1970,1,30,5,41,51.0
4.5,Mw,3.47,-82.98,33.0,1970,2,2,9,19,38.0
4.7,Mw,-2.7,-75.3,58.0,1970,2,8,19,34,25.0
4.4,Mw,-5.33,-76.7,63.0,1970,2,9,2,16,24.0
4.0,Mw,-3.7,-79.8,33.0,1970,3,2,8,55,13.0
4.1,Mw,-2.89,-80.1,35.0,1970,3,6,2,28,15.0
5.2,Mw,-5.0,-83.0,33.0,1970,3,8,1,7,20.0
4.6,Mw,-2.21,-79.04,57.0,1970,3,25,13,17,44.0
4.9,Mw,-2.41,-79.1,41.0,1970,3,25,13,21,6.0
5.4,Mw,-5.7,-80.16,71.1,1970,3,31,8,50,14.0
4.4,Mw,-3.37,-77.38,88.0,1970,4,3,20,40,48.0
4.4,Mw,-0.2,-80.8,76.0,1970,4,7,17,41,35.0
4.8,Mw,-5.66,-77.09,60.0,1970,4,16,10,26,0.0
4.8,Mw,-3.89,-80.09,96.0,1970,4,25,5,54,54.0
5.2,Mw,-2.61,-81.94,31.7,1970,4,25,19,24,0.0
4.5,Mw,0.85,-83.49,33.0,1970,5,3,18,30,59.0
4.8,Mw,-3.42,-79.53,76.3,1970,5,7,10,12,57.0
4.2,Mw,-4.49,-78.9,61.0,1970,5,14,7,0,19.0
4.7,Mw,3.43,-82.87,35.0,1970,5,22,14,8,2.0
4.3,Mw,-1.66,-78.03,171.0,1970,5,22,20,41,57.0
4.6,Mw,-6.16,-76.56,62.0,1970,5,27,9,52,35.0
5.0,Mw,-5.57,-77.28,19.1,1970,6,5,10,13,2.0
4.6,Mw,-1.57,-80.6,54.0,1970,6,22,2,11,54.0
4.9,Mw,-1.76,-77.27,175.1,1970,7,17,17,49,0.0
4.7,Mw,-0.23,-78.65,71.0,1970,7,18,19,58,51.0
3.7,Mw,-2.85,-79.3,33.0,1970,7,21,5,26,22.0
4.4,Mw,-0.76,-80.0,83.0,1970,8,7,3,48,4.0
4.7,Mw,-4.33,-80.92,77.0,1977,9,20,17,17,50.0
4.6,Mw,-5.7,-77.18,74.9,1977,9,28,1,1,51.0
4.6,Mw,3.28,-77.66,125.0,1977,10,3,12,28,23.0
4.6,Mw,-1.77,-77.74,160.8,1977,11,3,5,5,10.0
4.5,Mw,-1.74,-77.77,170.0,1977,11,12,16,57,58.0
4.6,Mw,-1.71,-77.94,131.0,1978,1,24,20,20,28.0
4.8,Mw,-4.86,-77.88,75.9,1978,3,14,17,20,46.0
5.2,Mw,-5.2,-75.6,31.5,1978,3,24,0,31,21.0
4.7,Mw,3.35,-78.95,16.8,1978,4,3,3,6,44.0
4.8,Mw,-3.57,-77.12,52.9,1978,4,3,5,31,33.0
4.3,Mw,-1.69,-78.32,54.3,1978,4,7,9,52,6.0
4.5,Mw,3.62,-82.96,33.0,1978,4,9,0,53,12.0
5.0,Mw,-5.57,-81.21,32.2,1978,4,10,13,40,42.0
4.7,Mw,-5.73,-75.0,148.0,1978,4,11,22,57,48.0
4.5,Mw,-3.99,-83.01,33.0,1978,4,16,15,50,26.0
4.8,Mw,-2.07,-81.1,33.9,1978,4,23,1,58,49.0
4.3,Mw,-2.16,-80.63,53.0,1979,4,22,7,35,43.0
4.4,Mw,-1.6,-77.76,245.2,1979,4,30,1,4,24.0
4.6,Mw,-3.73,-79.46,95.7,1979,5,13,22,41,54.0
4.4,Mw,-6.31,-77.38,33.0,1979,5,20,1,43,24.0
4.3,Mw,0.44,-80.24,38.6,1979,5,25,4,31,35.0
4.8,Mw,-6.71,-74.36,116.0,1979,6,1,20,40,58.0
4.4,Mw,-1.65,-77.91,167.1,1979,6,2,1,32,52.0
5.0,Mw,-3.76,-80.86,49.0,1979,6,12,21,32,53.0
4.3,Mw,-2.52,-76.87,144.5,1979,6,16,18,6,58.0
4.3,Mw,1.96,-75.37,39.5,1979,8,24,17,55,39.0
4.9,Mw,-6.96,-80.61,19.5,1979,8,26,12,18,0.0
4.3,Mw,-1.16,-81.02,25.0,1979,9,5,7,13,2.0
4.9,Mw,-5.37,-77.5,40.6,1979,9,13,4,40,1.0
4.8,Mw,-2.28,-79.03,90.4,1979,9,16,9,9,11.0
5.3,Mw,-3.56,-76.18,118.5,1979,10,5,16,43,17.0
4.8,Mw,-6.35,-76.28,119.9,1979,10,9,16,57,6.0
4.8,Mw,-5.46,-77.19,16.1,1979,10,11,17,47,31.0
5.2,Mw,-5.44,-77.17,16.9,1979,10,11,17,48,34.0
4.6,Mw,-2.33,-76.67,141.0,1979,11,13,6,22,4.0
4.9,Mw,-6.27,-74.33,33.0,1979,11,18,13,50,45.0
4.9,Mw,-3.32,-80.71,59.1,1979,11,26,21,5,48.0
4.8,Mw,-2.59,-78.54,109.7,1979,12,4,12,47,58.0
8.1,Mw,1.62,-79.42,37.5,1979,12,12,7,59,4.0
5.4,Mw,2.3,-79.28,25.4,1979,12,12,8,14,50.0
5.3,Mw,2.06,-78.88,33.0,1979,12,12,8,32,4.0
5.7,Mw,2.87,-78.78,25.0,1979,12,12,8,33,52.0
4.7,Mw,3.34,-78.72,33.0,1979,12,14,6,20,58.0
4.5,Mw,2.42,-79.18,40.0,1979,12,14,7,13,34.0
4.6,Mw,2.73,-79.51,15.0,1979,12,14,8,42,22.0
4.2,Mw,2.68,-79.36,33.0,1979,12,14,9,36,25.0
4.5,Mw,2.41,-79.16,33.0,1979,12,14,9,55,5.0
4.5,Mw,2.43,-79.63,33.0,1979,12,14,16,43,12.0
4.2,Mw,2.43,-79.15,33.0,1979,12,14,20,27,26.0
4.2,Mw,3.1,-78.74,33.0,1979,12,15,3,51,44.0
4.3,Mw,3.31,-78.64,33.0,1979,12,15,4,32,14.0
4.5,Mw,2.77,-79.54,33.0,1979,12,15,7,35,21.0
4.5,Mw,2.75,-78.89,33.0,1979,12,15,7,45,6.0
4.4,Mw,1.97,-79.64,33.0,1979,12,15,10,55,30.0
5.0,Mw,3.05,-79.2,43.3,1979,12,15,15,23,33.0
4.6,Mw,2.77,-79.61,33.0,1979,12,15,16,11,27.0
4.4,Mw,3.63,-78.6,33.0,1979,12,15,19,56,34.0
4.8,Mw,2.88,-78.76,28.6,1979,12,15,20,1,51.0
5.0,Mw,2.71,-79.42,16.3,1979,12,15,20,26,21.0
4.7,Mw,2.81,-79.18,56.5,1979,12,15,20,37,21.0
4.6,Mw,2.46,-79.15,33.0,1979,12,15,23,27,54.0
4.6,Mw,2.54,-79.96,33.0,1979,12,16,8,17,24.0
4.2,Mw,2.9,-79.27,33.0,1979,12,16,8,27,4.0
4.9,Mw,2.69,-79.19,33.0,1979,12,16,15,43,13.0
4.6,Mw,2.96,-79.52,49.8,1979,12,17,2,16,50.0
4.4,Mw,2.89,-78.69,33.0,1979,12,17,6,10,49.0
4.4,Mw,3.48,-78.81,33.0,1979,12,17,9,25,53.0
4.5,Mw,2.59,-79.03,49.9,1979,12,17,10,58,12.0
4.6,Mw,3.29,-78.61,33.0,1979,12,17,12,40,11.0
4.6,Mw,2.51,-79.21,33.0,1979,12,18,7,46,50.0
4.5,Mw,2.28,-79.73,33.0,1979,12,18,8,43,16.0
4.5,Mw,3.0,-79.34,33.0,1979,12,18,17,11,36.0
4.1,Mw,3.02,-74.2,109.0,1967,2,10,0,39,40.0
4.0,Mw,2.93,-74.39,132.0,1967,2,10,6,39,12.0
4.3,Mw,3.3,-74.7,127.0,1967,2,11,8,55,43.0
4.3,Mw,3.2,-74.7,83.0,1967,2,12,13,55,8.0
4.2,Mw,0.31,-80.88,18.0,1968,5,27,21,32,4.0
4.1,Mw,0.26,-80.99,12.0,1968,5,27,22,49,20.0
4.1,Mw,4.0,-82.4,67.0,1968,5,29,13,24,0.0
4.3,Mw,3.7,-82.8,11.0,1968,5,29,14,18,30.0
4.5,Mw,3.3,-83.6,27.0,1968,5,29,21,36,11.0
4.1,Mw,0.9,-80.4,33.0,1968,6,5,13,42,19.0
3.7,Mw,-2.87,-79.07,196.0,1968,6,11,14,41,25.0
4.2,Mw,-6.34,-76.47,112.0,1968,6,12,17,33,8.0
4.2,Mw,-2.9,-79.2,105.0,1968,6,17,3,8,22.0
6.9,Mw,-5.55,-77.15,15.6,1968,6,19,8,13,34.0
4.7,Mw,-5.3,-77.13,33.0,1968,6,19,8,36,26.0
4.4,Mw,-3.4,-77.3,405.0,1968,6,19,8,38,13.0
4.3,Mw,-4.6,-78.7,128.0,1968,6,19,9,1,24.0
4.3,Mw,-5.9,-77.2,147.0,1968,6,19,9,1,24.0
4.3,Mw,-5.4,-76.86,255.0,1968,6,19,9,4,59.0
5.3,Mw,-5.37,-77.26,26.0,1968,6,19,9,5,48.0
4.4,Mw,-4.1,-77.4,278.0,1968,6,19,9,11,21.0
4.6,Mw,-5.75,-77.0,91.0,1968,6,19,9,17,20.0
4.2,Mw,-5.5,-77.0,33.0,1968,6,19,9,27,11.0
4.6,Mw,-5.64,-77.18,38.0,1968,6,19,9,28,1.0
4.0,Mw,-5.14,-77.13,33.0,1968,6,19,9,35,20.0
4.9,Mw,-5.67,-77.21,23.7,1968,6,19,10,18,46.0
4.8,Mw,-5.55,-77.23,23.3,1968,6,19,10,57,25.0
4.5,Mw,-5.3,-77.12,33.0,1968,6,19,11,0,6.0
4.5,Mw,-5.66,-77.0,49.0,1968,6,19,12,42,20.0
4.4,Mw,-5.93,-77.2,130.0,1968,6,19,12,46,21.0
4.2,Mw,-5.55,-76.97,33.0,1968,6,19,14,20,17.0
4.8,Mw,-5.82,-77.4,92.0,1968,6,19,16,54,36.0
4.2,Mw,-5.7,-77.9,33.0,1968,6,19,17,6,10.0
5.0,Mw,-5.64,-77.35,24.8,1968,6,19,17,7,44.0
4.5,Mw,-5.66,-77.1,33.0,1968,6,19,21,19,11.0
5.1,Mw,-5.62,-77.31,21.9,1968,6,19,23,38,59.0
4.4,Mw,-5.83,-77.31,118.0,1968,6,20,0,11,26.0
4.2,Mw,-5.42,-77.13,16.0,1968,6,20,0,28,13.0
4.2,Mw,-5.52,-77.01,33.0,1968,6,20,0,47,47.0
5.7,Mw,-5.51,-77.25,21.6,1968,6,20,2,38,38.0
4.2,Mw,-5.4,-76.6,33.0,1968,6,22,11,59,13.0
4.5,Mw,-5.51,-76.95,36.0,1968,6,22,18,34,7.0
4.3,Mw,-5.6,-77.28,33.0,1968,6,22,20,16,54.0
4.2,Mw,-5.8,-78.2,33.0,1968,6,23,19,9,50.0
4.3,Mw,-5.69,-77.2,64.0,1968,6,24,2,59,37.0
4.1,Mw,-5.49,-77.09,23.0,1968,6,24,10,58,59.0
4.3,Mw,-5.96,-76.7,132.0,1968,6,24,14,3,54.0
4.2,Mw,-5.56,-76.84,120.0,1968,6,25,10,3,57.0
4.8,Mw,-5.72,-77.29,22.7,1968,6,26,4,53,46.0
4.3,Mw,-6.24,-78.0,98.0,1968,6,26,6,33,55.0
4.1,Mw,-6.2,-76.7,153.0,1968,6,26,6,46,41.0
5.0,Mw,-5.59,-77.21,42.0,1968,6,26,16,34,15.0
4.5,Mw,-5.57,-77.17,48.0,1968,6,26,20,51,11.0
4.3,Mw,-5.78,-76.9,98.0,1968,6,27,7,10,40.0
4.0,Mw,-5.76,-76.6,67.0,1968,6,27,9,35,40.0
4.3,Mw,-5.96,-77.8,114.0,1968,6,27,10,27,4.0
4.2,Mw,-6.06,-77.3,134.0,1968,6,29,18,43,34.0
4.2,Mw,-5.39,-77.1,30.0,1968,6,30,2,9,48.0
4.8,Mw,-5.66,-77.2,40.0,1968,7,1,11,8,22.0
4.1,Mw,-5.82,-76.92,111.0,1968,7,3,15,24,0.0
4.3,Mw,-5.5,-77.34,59.0,1968,7,5,6,45,44.0
4.3,Mw,-5.72,-76.98,90.0,1968,7,7,12,35,54.0
5.4,Mw,-5.71,-77.18,30.3,1968,7,7,23,48,10.0
4.7,Mw,-5.69,-77.01,29.7,1968,7,8,8,45,48.0
4.5,Mw,2.31,-75.9,33.0,1968,7,8,11,34,14.0
4.0,Mw,-2.4,-76.78,163.0,1968,7,9,5,13,45.0
4.4,Mw,-5.37,-77.19,43.0,1968,7,14,10,1,12.0
4.2,Mw,-5.45,-76.89,39.0,1968,7,14,15,19,0.0
4.5,Mw,-5.79,-77.09,77.0,1968,7,16,12,30,0.0
5.0,Mw,-5.73,-77.35,23.4,1968,7,16,13,18,44.0
4.4,Mw,-5.77,-76.9,65.0,1968,7,16,14,1,54.0
4.1,Mw,1.21,-83.11,33.0,1968,7,17,8,19,17.0
4.0,Mw,-5.81,-76.97,120.0,1968,7,23,7,14,49.0
4.8,Mw,-2.55,-77.72,25.6,1968,7,24,22,31,35.0
4.1,Mw,-5.55,-76.76,131.0,1968,7,27,22,6,8.0
5.0,Mw,-5.66,-77.17,49.0,1968,7,28,18,36,12.0
6.4,Mw,-6.93,-80.41,29.7,1968,7,30,20,38,42.0
4.0,Mw,-1.1,-78.8,41.0,1968,8,2,7,33,2.0
4.3,Mw,-5.84,-77.6,93.0,1968,8,2,10,9,33.0
3.9,Mw,0.8,-78.8,138.0,1968,8,19,23,24,28.0
4.4,Mw,-5.73,-77.09,96.0,1968,8,24,6,40,49.0
4.9,Mw,-5.81,-77.33,36.4,1968,8,27,11,19,17.0
4.3,Mw,-6.12,-77.8,90.0,1968,9,2,23,1,52.0
5.3,Mw,-5.79,-80.32,45.0,1968,9,6,7,49,41.0
5.0,Mw,-5.52,-77.2,25.4,1968,9,7,17,41,55.0
4.5,Mw,-2.93,-80.88,47.0,1968,9,9,19,57,38.0
4.2,Mw,-0.39,-81.3,54.0,1968,9,22,9,6,27.0
4.0,Mw,-0.71,-81.7,33.0,1968,9,22,15,42,23.0
4.4,Mw,-1.5,-77.63,181.4,1968,10,12,7,54,39.0
4.6,Mw,-4.13,-80.8,83.3,1968,10,18,19,59,25.0
3.8,Mw,-1.42,-77.4,165.0,1968,10,30,15,56,23.0
4.2,Mw,-5.82,-77.3,102.0,1968,11,7,2,44,38.0
4.8,Mw,-4.18,-80.59,43.3,1968,11,7,18,17,15.0
4.5,Mw,-1.16,-77.49,209.0,1968,11,9,23,23,35.0
4.7,Mw,-5.28,-77.14,21.0,1968,11,19,7,18,56.0
4.0,Mw,-5.72,-77.0,115.0,1968,11,29,9,31,5.0
4.4,Mw,-2.73,-76.73,148.0,1968,11,30,9,47,2.0
4.1,Mw,2.87,-79.4,23.0,1968,12,1,3,44,18.0
4.0,Mw,-3.6,-79.5,142.0,1968,12,1,4,8,23.0
4.1,Mw,3.9,-75.9,96.0,1968,12,4,13,23,9.0
4.2,Mw,-1.2,-78.4,30.0,1968,12,4,15,41,38.0
4.2,Mw,2.3,-83.7,33.0,1968,12,5,19,13,25.0
4.8,Mw,-3.97,-80.87,36.0,1970,12,21,7,21,47.0
5.1,Mw,-4.02,-80.84,43.5,1970,12,21,7,33,18.0
4.7,Mw,-4.09,-80.32,75.9,1970,12,21,10,58,41.0
5.4,Mw,-4.01,-80.74,33.4,1970,12,22,1,48,31.0
3.8,Mw,-1.3,-80.8,33.0,1970,12,22,4,12,57.0
4.9,Mw,-3.97,-80.72,40.3,1970,12,22,15,8,37.0
4.0,Mw,-3.8,-80.8,23.0,1970,12,23,2,38,45.0
4.4,Mw,-3.88,-81.1,33.0,1970,12,25,8,3,41.0
4.0,Mw,-4.11,-81.0,44.0,1970,12,25,21,18,18.0
4.8,Mw,-3.89,-80.88,46.0,1970,12,27,3,10,6.0
4.4,Mw,-1.5,-77.72,192.1,1973,1,25,13,6,9.0
4.6,Mw,-5.64,-77.03,57.9,1973,1,30,17,36,21.0
4.8,Mw,-4.18,-80.77,42.4,1973,2,1,4,10,21.0
4.8,Mw,-4.95,-78.39,49.1,1973,2,6,4,9,3.0
4.6,Mw,-6.03,-81.12,99.9,1973,2,11,12,53,57.0
5.8,Mw,-2.09,-78.19,50.4,1973,2,23,4,26,23.0
4.9,Mw,-2.04,-78.23,21.8,1973,2,23,6,41,19.0
4.5,Mw,-2.25,-78.44,21.3,1973,2,23,23,10,51.0
4.8,Mw,-2.16,-78.1,72.2,1973,3,1,17,49,5.0
4.5,Mw,-4.16,-80.66,58.0,1973,3,5,11,11,54.0
4.1,Mw,-1.36,-80.42,59.0,1973,3,9,11,54,18.0
4.3,Mw,3.26,-82.54,0.0,1973,3,22,2,40,57.0
4.1,Mw,3.52,-82.14,203.9,1973,4,11,18,49,12.0
4.2,Mw,2.88,-83.7,60.4,1973,4,23,5,8,54.0
4.3,Mw,1.61,-74.83,0.0,1973,4,25,1,52,1.0
4.7,Mw,-6.93,-80.21,40.0,1973,4,26,16,44,13.0
5.5,Mw,-1.8,-79.99,78.6,1973,4,28,12,21,8.0
4.4,Mw,3.99,-77.37,0.0,1973,4,30,20,52,54.0
4.1,Mw,-1.97,-78.39,72.0,1973,5,3,15,50,34.0
4.9,Mw,-2.18,-78.97,103.2,1973,5,10,13,46,33.0
5.6,Mw,-2.29,-78.47,104.5,1973,5,30,4,38,2.0
4.3,Mw,-1.31,-77.79,177.0,1973,6,4,13,14,29.0
4.2,Mw,-2.25,-79.93,96.3,1973,6,6,19,32,53.0
4.0,Mw,3.01,-83.96,33.0,1973,6,9,0,22,44.0
4.8,Mw,-4.8,-77.39,121.0,1973,6,9,13,24,10.0
4.3,Mw,3.17,-74.17,0.0,1973,6,20,2,5,10.0
4.4,Mw,-6.87,-76.32,96.9,1973,7,13,19,6,58.0
4.5,Mw,-4.33,-80.65,63.2,1973,7,28,19,46,9.0
4.5,Mw,-3.84,-80.74,75.2,1973,7,30,23,35,44.0
4.2,Mw,-2.74,-77.81,71.2,1973,8,1,10,35,9.0
4.7,Mw,-5.87,-77.13,72.4,1973,8,7,5,56,25.0
4.4,Mw,-4.17,-76.24,147.3,1973,10,9,4,36,50.0
5.1,Mw,2.86,-74.92,54.2,1973,10,18,9,18,35.0
4.9,Mw,1.1,-82.8,47.7,1973,11,2,2,40,18.0
4.5,Mw,-1.39,-79.53,33.0,1973,11,4,21,6,55.0
5.6,Mw,-4.01,-80.95,39.3,1973,11,9,22,41,29.0
4.7,Mw,-5.98,-75.11,155.5,1973,11,11,1,53,13.0
4.6,Mw,-6.84,-75.21,91.9,1973,11,26,3,24,46.0
4.6,Mw,3.54,-79.21,33.0,1973,11,26,23,9,30.0
5.4,Mw,-1.43,-77.71,181.5,1973,12,10,19,28,14.0
4.2,Mw,-0.79,-80.69,50.0,1974,1,13,4,55,28.0
4.5,Mw,-4.53,-77.92,73.7,1974,1,21,2,34,40.0
4.5,Mw,-6.36,-81.24,58.8,1974,1,22,13,0,6.0
4.4,Mw,-0.14,-75.57,0.0,1974,2,3,6,45,14.0
4.4,Mw,2.99,-76.57,158.4,1974,2,3,20,16,25.0
4.5,Mw,-5.92,-74.68,54.5,1974,2,12,8,33,19.0
4.9,Mw,3.97,-74.3,66.0,1974,2,21,12,43,48.0
4.2,Mw,-1.57,-78.02,174.6,1974,2,25,2,45,22.0
4.0,Mw,-6.45,-77.71,235.0,1974,3,5,0,55,45.0
4.6,Mw,0.22,-79.84,60.4,1974,3,10,9,8,47.0
5.6,Mw,0.42,-79.98,52.9,1974,3,10,16,17,11.0
4.1,Mw,-3.24,-78.13,35.0,1974,3,28,21,22,46.0
4.3,Mw,-5.0,-77.25,136.0,1974,4,1,15,34,18.0
4.6,Mw,-5.64,-76.96,53.1,1974,4,18,3,53,38.0
4.2,Mw,-3.59,-76.48,119.6,1974,5,1,10,46,52.0
4.6,Mw,-0.59,-78.45,84.8,1974,5,17,8,42,8.0
4.3,Mw,3.59,-83.03,33.0,1974,5,24,4,7,57.0
4.3,Mw,-5.59,-81.18,10.5,1974,5,29,10,27,56.0
4.9,Mw,-2.86,-80.85,34.0,1974,6,1,21,11,26.0
4.3,Mw,-5.04,-81.29,84.1,1974,6,3,23,6,28.0
4.7,Mw,-1.85,-80.74,66.3,1974,6,4,11,19,27.0
5.1,Mw,-5.8,-80.94,48.8,1974,6,9,10,41,23.0
5.6,Mw,-5.8,-81.01,28.9,1974,6,9,14,16,2.0
4.5,Mw,-3.97,-76.7,149.1,1974,6,12,18,20,32.0
4.1,Mw,-2.97,-80.25,127.0,1974,6,12,21,55,59.0
4.1,Mw,2.56,-78.81,60.9,1974,6,16,17,42,57.0
4.4,Mw,-2.03,-80.44,62.0,1974,6,23,7,34,16.0
4.2,Mw,-2.81,-79.82,58.0,1974,6,30,18,41,50.0
4.6,Mw,1.09,-81.65,214.3,1974,7,6,14,53,41.0
4.8,Mw,-4.84,-80.5,94.0,1974,7,21,22,15,56.0
4.0,Mw,3.36,-82.64,32.9,1974,7,24,6,22,20.0
5.3,Mw,-4.8,-77.9,20.0,1963,10,30,1,17,31.0
4.5,Mw,-4.9,-77.7,60.0,1963,10,31,23,19,15.0
6.0,Mw,-3.5,-77.8,33.0,1963,11,3,3,10,12.0
4.2,Mw,-4.3,-78.3,146.0,1963,11,3,4,24,48.0
4.5,Mw,-3.7,-78.3,33.0,1963,11,3,12,2,28.0
4.1,Mw,2.3,-79.7,62.0,1963,11,4,1,3,13.0
4.1,Mw,-4.2,-77.7,170.0,1963,11,6,1,28,46.0
4.5,Mw,-3.7,-78.2,33.0,1963,11,8,19,22,54.0
4.8,Mw,4.0,-82.6,33.0,1963,11,11,20,18,39.0
4.3,Mw,-4.7,-76.8,152.0,1963,11,15,0,18,52.0
4.6,Mw,-2.2,-80.0,59.0,1963,11,16,18,6,55.0
4.5,Mw,-2.7,-78.4,109.0,1963,12,13,4,16,13.0
4.8,Mw,-1.6,-78.0,170.0,1963,12,16,16,41,9.0
5.2,Mw,-5.2,-80.8,55.0,1963,12,20,10,48,4.0
4.3,Mw,-2.5,-78.4,33.0,1963,12,30,23,39,27.0
4.2,Mw,-5.3,-76.0,106.0,1964,1,3,13,27,51.0
4.5,Mw,-1.35,-79.19,33.0,1964,1,3,22,12,9.0
4.3,Mw,0.39,-78.21,80.0,1964,1,5,15,49,17.0
4.1,Mw,3.51,-82.79,69.0,1964,1,11,7,34,19.0
4.2,Mw,3.49,-82.91,34.0,1964,1,12,6,40,34.0
4.2,Mw,-3.44,-77.5,33.0,1964,1,17,13,27,21.0
3.7,Mw,-2.2,-79.4,418.0,1964,1,23,11,38,51.0
4.6,Mw,-0.18,-77.92,33.0,1964,1,31,21,46,31.0
5.1,Mw,-3.42,-78.1,33.0,1964,2,1,11,47,29.0
4.0,Mw,-4.0,-80.4,164.0,1964,2,4,6,24,49.0
4.2,Mw,-4.0,-80.79,130.0,1964,2,4,7,38,8.0
4.3,Mw,3.18,-79.36,65.0,1964,2,15,10,54,19.0
4.4,Mw,-7.0,-81.5,33.0,1964,2,21,13,51,47.0
4.1,Mw,-3.37,-78.0,33.0,1964,2,24,18,38,33.0
4.7,Mw,-1.99,-77.55,29.0,1964,3,2,17,19,50.0
4.2,Mw,-3.7,-77.0,0.0,1964,3,13,14,54,2.0
4.3,Mw,-2.7,-78.1,94.0,1964,3,15,14,14,53.0
5.4,Mw,-2.06,-79.71,107.6,1964,3,20,6,55,33.0
5.2,Mw,-5.67,-77.02,115.2,1964,3,22,7,5,36.0
4.2,Mw,-1.11,-78.8,68.0,1964,3,23,3,35,45.0
4.0,Mw,-5.2,-78.6,33.0,1964,3,24,6,36,19.0
4.8,Mw,-5.01,-76.62,97.0,1964,3,26,5,25,2.0
4.4,Mw,-2.94,-80.2,65.0,1964,4,1,4,26,56.0
4.3,Mw,2.13,-83.24,33.0,1964,4,7,17,50,8.0
4.0,Mw,-3.73,-79.4,134.0,1964,4,19,13,17,11.0
4.4,Mw,-3.44,-77.9,78.0,1964,4,29,4,8,3.0
4.5,Mw,-5.33,-81.3,126.0,1964,5,9,20,6,43.0
4.0,Mw,-0.6,-77.3,33.0,1964,5,12,8,27,4.0
5.7,Mw,-0.86,-80.25,10.8,1964,5,19,23,3,36.0
4.6,Mw,-0.83,-80.25,20.1,1964,5,20,3,25,4.0
3.8,Mw,-0.82,-77.3,33.0,1964,6,1,9,20,56.0
4.1,Mw,-5.19,-78.6,33.0,1964,6,3,7,49,31.0
4.1,Mw,-4.77,-77.9,40.0,1964,6,9,15,31,29.0
4.7,Mw,-0.16,-79.02,57.6,1964,6,9,18,16,16.0
4.8,Mw,2.19,-83.13,49.0,1964,6,12,16,44,35.0
4.0,Mw,3.71,-82.7,23.0,1964,6,21,10,7,24.0
4.0,Mw,-2.56,-78.1,46.0,1964,6,22,3,29,55.0
4.5,Mw,-3.73,-78.1,53.0,1964,6,23,0,30,12.0
5.0,Mw,-2.65,-79.98,39.0,1964,6,23,2,4,40.0
3.9,Mw,-2.51,-77.68,33.0,1964,6,23,13,53,52.0
4.0,Mw,-3.5,-77.4,33.0,1964,6,24,6,21,41.0
4.0,Mw,-1.6,-78.0,156.0,1964,6,29,8,50,56.0
4.0,Mw,-1.14,-78.66,70.0,1964,7,5,1,6,26.0
3.8,Mw,-2.75,-78.1,148.0,1964,7,11,8,15,40.0
5.2,Mw,2.6,-78.4,64.0,1964,7,26,13,55,40.0
4.5,Mw,2.52,-78.42,101.0,1964,7,26,19,43,40.0
4.3,Mw,-1.78,-77.89,154.4,1964,7,27,4,3,33.0
4.4,Mw,3.42,-78.0,68.0,1964,8,3,21,29,40.0
4.1,Mw,-5.14,-78.7,33.0,1964,8,4,13,6,22.0
3.8,Mw,-1.7,-78.8,175.0,1964,8,9,8,26,57.0
4.2,Mw,-6.0,-81.3,49.0,1964,8,13,16,32,19.0
4.3,Mw,0.27,-80.04,70.0,1964,8,14,19,25,34.0
4.4,Mw,-6.92,-75.26,15.0,1964,8,19,14,0,37.0
4.3,Mw,2.08,-78.9,55.0,1964,8,20,0,27,48.0
5.0,Mw,-1.5,-77.92,178.0,1964,8,24,10,37,23.0
4.2,Mw,-1.46,-80.6,116.0,1965,9,27,3,15,58.0
4.5,Mw,-1.1,-81.7,33.0,1965,10,10,16,46,19.0
4.0,Mw,-3.6,-77.2,157.0,1965,10,11,0,7,4.0
4.4,Mw,-1.4,-80.9,33.0,1965,10,12,15,10,46.0
4.2,Mw,-1.6,-81.0,152.0,1965,10,23,16,0,45.0
4.3,Mw,-1.1,-81.0,33.0,1965,10,25,11,17,26.0
4.1,Mw,-2.4,-77.9,166.0,1965,10,30,8,37,21.0
4.7,Mw,-1.6,-77.6,245.0,1965,10,31,4,2,25.0
3.9,Mw,-1.63,-77.48,224.0,1965,11,13,19,2,24.0
4.2,Mw,-2.0,-77.6,189.0,1965,11,19,9,52,37.0
4.4,Mw,-4.7,-77.2,120.0,1965,11,26,0,25,49.0
4.2,Mw,3.9,-82.5,38.0,1965,11,27,4,37,14.0
5.3,Mw,-6.05,-78.63,30.9,1965,11,29,17,7,3.0
4.1,Mw,-6.8,-80.1,33.0,1965,11,29,17,53,55.0
4.7,Mw,-3.54,-77.9,41.0,1965,12,3,8,32,26.0
4.5,Mw,-4.5,-79.9,89.0,1965,12,3,9,55,49.0
4.3,Mw,-3.9,-79.2,33.0,1965,12,4,17,16,29.0
4.2,Mw,-3.5,-78.2,42.0,1965,12,7,3,44,41.0
4.5,Mw,-6.56,-81.1,37.0,1965,12,10,2,59,17.0
4.2,Mw,-6.4,-81.3,33.0,1965,12,11,21,48,29.0
5.6,Mw,-1.5,-77.6,201.0,1965,12,12,22,25,14.0
4.5,Mw,-1.9,-81.5,44.0,1965,12,25,7,21,53.0
5.4,Mw,-3.17,-77.13,17.9,1965,12,28,22,4,54.0
4.6,Mw,-3.17,-77.27,35.0,1965,12,29,4,8,25.0
4.6,Mw,-2.28,-77.06,155.5,1966,1,12,8,2,9.0
4.3,Mw,-3.52,-80.91,56.0,1966,1,18,10,25,58.0
4.2,Mw,-0.6,-79.8,53.0,1966,1,20,21,31,24.0
4.5,Mw,-3.5,-81.3,33.0,1966,1,28,21,25,22.0
4.3,Mw,-1.64,-78.03,163.9,1966,1,31,13,54,24.0
4.0,Mw,-1.65,-77.87,172.0,1966,2,9,20,30,24.0
4.2,Mw,-1.13,-80.3,133.0,1966,2,20,10,51,24.0
4.1,Mw,-3.48,-77.6,33.0,1966,2,26,15,37,18.0
4.1,Mw,-1.23,-80.1,33.0,1966,3,4,10,25,4.0
4.3,Mw,3.6,-83.71,120.0,1966,3,21,14,28,21.0
4.0,Mw,-6.5,-78.9,111.0,1966,3,23,6,10,18.0
5.3,Mw,-3.98,-80.83,43.1,1966,3,28,15,29,23.0
5.3,Mw,-3.98,-80.75,36.9,1966,3,28,17,42,47.0
4.1,Mw,-3.9,-80.4,72.0,1966,3,28,18,20,17.0
4.2,Mw,-3.9,-80.4,65.0,1966,3,28,18,56,25.0
4.5,Mw,-4.11,-80.89,30.0,1966,3,28,20,29,34.0
4.6,Mw,-3.75,-81.78,5.0,1966,4,6,12,24,48.0
3.8,Mw,-1.36,-78.0,182.0,1966,4,9,7,53,24.0
4.1,Mw,-2.87,-80.3,37.0,1966,4,15,10,14,58.0
4.4,Mw,-6.69,-75.76,48.0,1966,5,1,8,4,23.0
4.1,Mw,3.7,-78.0,70.0,1966,5,6,9,47,10.0
4.4,Mw,-5.21,-76.1,101.0,1966,5,7,6,48,40.0
4.1,Mw,-1.55,-78.02,194.0,1966,5,15,20,16,4.0
4.1,Mw,-2.29,-78.1,1.0,1966,5,24,20,50,59.0
4.3,Mw,-6.3,-81.5,33.0,1966,6,5,0,53,0.0
4.1,Mw,-1.55,-80.5,51.0,1966,6,16,12,27,52.0
4.4,Mw,-4.23,-77.0,101.0,1966,6,21,12,51,23.0
3.8,Mw,-2.22,-77.8,158.0,1966,6,29,0,36,16.0
4.4,Mw,-6.74,-76.8,29.0,1966,6,30,10,49,54.0
4.0,Mw,-2.22,-77.3,142.0,1966,7,13,8,32,49.0
4.8,Mw,-6.23,-80.96,60.0,1966,7,22,19,47,42.0
3.9,Mw,-0.79,-78.32,58.0,1966,7,25,1,6,56.0
4.7,Mw,-1.16,-78.6,74.0,1966,8,1,9,48,3.0
5.5,Mw,-3.17,-77.2,113.3,1966,8,20,7,43,28.0
4.2,Mw,-4.05,-78.9,138.0,1966,8,21,9,39,22.0
4.4,Mw,-1.49,-77.43,198.8,1966,8,24,20,10,9.0
4.0,Mw,-3.6,-78.1,135.0,1966,9,3,22,42,16.0
4.1,Mw,-4.83,-76.57,179.0,1966,9,6,21,4,37.0
4.3,Mw,-0.2,-80.9,63.0,1966,9,10,16,13,50.0
4.3,Mw,-5.3,-78.7,72.0,1966,9,10,20,8,0.0
4.3,Mw,-5.04,-77.53,82.0,1966,9,17,12,55,23.0
4.0,Mw,-1.64,-79.0,57.0,1966,10,10,15,28,46.0
4.4,Mw,-4.7,-80.91,52.0,1966,10,12,18,27,50.0
4.9,Mw,3.63,-74.31,38.6,1966,10,18,18,43,36.0
4.6,Mw,2.8,-78.83,18.5,1966,10,19,14,28,27.0
4.2,Mw,3.74,-79.14,67.0,1966,10,21,9,22,1.0
4.7,Mw,-4.39,-77.85,61.0,1966,11,4,8,55,51.0
4.6,Mw,-4.48,-77.83,78.0,1966,11,4,9,14,59.0
4.3,Mw,-1.15,-79.2,119.0,1966,11,11,20,17,46.0
4.4,Mw,1.69,-79.42,74.0,1966,11,25,4,49,9.0
4.3,Mw,0.61,-77.33,127.0,1966,11,28,1,36,17.0
4.6,Mw,2.18,-83.3,42.0,1966,12,3,17,4,59.0
4.4,Mw,0.4,-76.3,104.0,1966,12,6,10,0,38.0
4.3,Mw,-1.62,-80.2,98.0,1966,12,7,18,23,11.0
4.4,Mw,-1.58,-80.6,98.0,1966,12,8,11,34,30.0
4.0,Mw,3.6,-77.5,33.0,1966,12,17,9,20,30.0
4.1,Mw,-1.9,-77.0,33.0,1966,12,21,11,37,27.0
4.8,Mw,0.61,-83.48,44.0,1966,12,25,12,26,12.0
4.2,Mw,-1.26,-77.68,193.0,1967,1,3,4,55,57.0
4.2,Mw,-4.57,-78.0,67.0,1967,1,29,18,27,44.0
4.2,Mw,-5.2,-80.7,48.0,1967,2,5,3,20,44.0
7.0,Mw,2.84,-74.79,55.0,1967,2,9,15,24,47.0
4.2,Mw,2.87,-74.5,113.0,1967,2,9,16,44,13.0
4.2,Mw,3.0,-74.9,31.0,1967,2,9,17,15,40.0
4.3,Mw,3.27,-74.67,106.0,1967,2,9,19,25,22.0
4.3,Mw,2.84,-74.9,4.0,1967,2,9,21,15,21.0
5.4,Mw,-2.14,-76.85,161.7,1969,5,28,13,30,8.0
5.0,Mw,-1.73,-77.76,162.7,1969,5,31,11,7,17.0
4.4,Mw,-2.09,-79.75,119.0,1969,6,7,8,27,35.0
4.9,Mw,-6.07,-82.07,15.7,1969,6,13,16,19,0.0
4.5,Mw,2.51,-79.15,57.1,1978,4,30,12,53,28.0
5.1,Mw,-3.32,-77.27,107.7,1978,5,8,7,32,29.0
5.1,Mw,-5.44,-81.21,20.0,1978,5,20,23,58,2.0
4.9,Mw,-6.7,-74.57,75.0,1978,5,28,6,7,4.0
4.8,Mw,-0.65,-78.29,6.8,1978,6,7,8,0,35.0
4.6,Mw,-4.72,-80.53,86.2,1978,6,9,9,22,17.0
4.6,Mw,2.82,-78.82,18.9,1978,6,10,4,29,45.0
4.5,Mw,-2.73,-80.94,103.0,1978,6,18,11,7,46.0
4.6,Mw,-6.07,-81.23,33.0,1978,7,3,5,24,55.0
3.9,Mw,-2.37,-77.56,77.0,1978,7,13,5,38,6.0
4.7,Mw,1.92,-78.19,88.9,1978,7,18,14,26,2.0
4.4,Mw,-1.29,-77.78,202.0,1978,7,22,7,40,4.0
4.0,Mw,-3.71,-80.41,33.0,1978,7,28,10,32,34.0
4.8,Mw,-2.05,-78.69,131.9,1978,8,10,4,10,56.0
4.1,Mw,2.58,-77.54,124.3,1978,8,12,8,25,27.0
3.7,Mw,-0.22,-80.54,29.0,1978,8,20,5,4,16.0
4.9,Mw,-5.29,-78.39,131.6,1978,8,30,0,26,4.0
3.8,Mw,-2.67,-79.5,111.6,1978,9,10,8,8,45.0
4.3,Mw,-2.08,-78.16,166.4,1978,9,11,4,21,57.0
4.7,Mw,-1.54,-80.96,33.0,1978,9,26,13,39,4.0
4.9,Mw,-5.93,-81.22,34.3,1978,11,4,4,21,12.0
4.3,Mw,-2.12,-76.45,58.0,1978,11,4,20,16,8.0
4.8,Mw,-1.42,-77.86,171.3,1978,11,9,0,36,56.0
4.2,Mw,-1.92,-78.02,157.8,1978,11,11,21,47,55.0
5.1,Mw,-4.33,-81.2,42.1,1978,11,21,0,7,5.0
5.1,Mw,-4.89,-80.9,64.3,1978,11,24,15,16,45.0
4.2,Mw,-1.39,-77.52,168.0,1978,12,18,13,37,31.0
4.6,Mw,-2.64,-80.03,39.9,1978,12,24,23,13,43.0
4.0,Mw,-1.83,-76.51,33.0,1978,12,27,9,33,24.0
4.5,Mw,2.2,-75.82,41.2,1979,1,6,12,50,51.0
4.4,Mw,-1.24,-77.74,196.8,1979,1,17,2,12,51.0
4.5,Mw,-5.29,-76.65,56.8,1979,1,27,13,38,58.0
4.5,Mw,0.11,-79.29,61.7,1979,2,4,4,52,32.0
4.8,Mw,0.9,-79.76,41.8,1979,2,28,15,3,49.0
5.1,Mw,-6.53,-81.03,28.6,1979,3,1,5,37,11.0
5.7,Mw,0.62,-80.02,10.8,1979,3,1,14,33,13.0
4.3,Mw,0.77,-80.03,71.6,1979,3,9,8,40,12.0
4.5,Mw,0.47,-80.18,67.6,1979,3,9,9,17,21.0
4.5,Mw,0.6,-80.02,83.3,1979,3,10,0,28,0.0
4.4,Mw,3.62,-83.08,33.0,1979,3,11,4,16,52.0
4.6,Mw,3.64,-82.72,33.0,1979,3,11,7,14,30.0
4.8,Mw,3.17,-83.2,33.0,1979,3,15,0,56,59.0
4.4,Mw,-4.23,-76.68,46.0,1979,3,16,7,3,35.0
4.4,Mw,-1.57,-77.51,177.6,1979,3,26,16,7,0.0
4.4,Mw,3.93,-76.02,127.0,1979,3,27,9,9,16.0
4.4,Mw,-1.65,-77.7,192.6,1979,4,6,2,41,21.0
4.9,Mw,3.43,-82.83,33.0,1979,4,15,13,31,45.0
4.7,Mw,-5.99,-81.46,48.0,1979,4,21,11,46,20.0
5.3,Mw,-5.14,-75.37,46.0,1967,2,13,10,25,44.0
4.2,Mw,3.43,-75.83,196.0,1967,2,16,23,49,8.0
4.4,Mw,3.38,-77.54,85.0,1967,2,20,11,0,8.0
4.3,Mw,3.26,-74.62,102.0,1967,2,22,20,27,43.0
4.3,Mw,2.4,-76.2,107.0,1967,2,24,7,31,50.0
4.1,Mw,2.5,-76.2,118.0,1967,2,25,17,6,34.0
4.9,Mw,2.94,-74.82,38.1,1967,2,27,2,6,41.0
5.8,Mw,-0.18,-78.58,119.4,1967,3,2,2,47,33.0
3.6,Mw,-1.49,-77.69,221.0,1967,3,5,10,13,30.0
4.0,Mw,-1.48,-78.03,169.0,1967,3,7,15,30,27.0
4.3,Mw,2.93,-74.61,91.0,1967,3,13,0,59,5.0
4.2,Mw,3.77,-74.84,100.0,1967,3,16,9,26,23.0
4.3,Mw,2.91,-74.9,53.0,1967,3,24,6,15,44.0
4.9,Mw,-6.63,-74.97,138.6,1967,3,24,15,38,50.0
4.4,Mw,3.04,-77.69,87.0,1967,3,26,16,30,32.0
4.4,Mw,-5.02,-80.91,88.0,1967,3,28,4,51,35.0
4.0,Mw,-2.44,-76.3,171.0,1967,3,31,8,24,2.0
4.1,Mw,2.9,-74.51,104.0,1967,4,2,3,3,16.0
3.9,Mw,-1.37,-79.38,143.0,1967,4,2,11,42,43.0
4.8,Mw,-6.15,-76.65,42.2,1967,4,13,5,30,6.0
4.4,Mw,-1.28,-80.96,43.0,1967,4,18,9,48,49.0
4.0,Mw,3.1,-74.0,156.0,1967,4,18,16,58,13.0
4.5,Mw,-1.09,-80.93,39.0,1967,4,19,6,26,57.0
4.3,Mw,-5.71,-79.4,67.0,1967,4,22,19,29,36.0
4.3,Mw,-6.5,-80.4,125.0,1967,4,24,14,54,36.0
4.2,Mw,-2.88,-79.5,82.0,1967,4,28,17,45,17.0
4.4,Mw,-5.4,-75.9,33.0,1967,4,29,2,20,58.0
4.4,Mw,-3.99,-76.14,124.0,1967,4,29,2,21,17.0
4.0,Mw,-3.86,-79.9,33.0,1967,5,10,19,2,36.0
4.4,Mw,-0.86,-78.61,20.7,1967,5,18,7,48,54.0
4.3,Mw,2.93,-74.3,36.0,1967,5,19,21,39,54.0
4.5,Mw,-0.98,-78.55,46.6,1967,6,7,11,39,53.0
4.4,Mw,-3.92,-81.01,40.3,1967,6,18,13,10,54.0
5.4,Mw,-2.27,-77.74,7.8,1967,6,21,6,49,53.0
4.1,Mw,-2.4,-78.2,71.0,1967,6,22,12,6,24.0
4.9,Mw,-2.38,-77.62,30.0,1967,6,22,13,49,48.0
4.2,Mw,-2.33,-77.8,36.0,1967,6,22,20,53,59.0
4.0,Mw,-2.34,-77.72,25.0,1967,6,23,17,24,47.0
4.0,Mw,-2.23,-79.9,85.0,1967,6,24,7,16,38.0
4.0,Mw,-2.3,-77.7,52.0,1967,6,25,5,56,54.0
3.9,Mw,-2.6,-78.5,38.0,1967,6,26,2,10,32.0
4.1,Mw,3.1,-83.0,33.0,1967,6,26,23,9,15.0
3.1,Mw,-2.2,-79.7,219.0,1967,7,4,8,46,30.0
4.4,Mw,-1.49,-77.35,216.0,1967,7,13,21,1,37.0
4.6,Mw,-6.31,-77.34,110.0,1967,7,14,10,8,43.0
4.0,Mw,3.4,-84.0,33.0,1967,7,20,8,40,20.0
4.0,Mw,-2.24,-77.5,15.0,1967,7,24,4,35,49.0
4.1,Mw,-1.04,-78.6,3.0,1967,7,29,9,48,29.0
4.4,Mw,3.2,-84.0,33.0,1967,7,31,5,50,47.0
4.3,Mw,2.57,-74.5,35.0,1967,8,3,8,28,48.0
4.2,Mw,1.39,-82.6,87.0,1967,8,12,1,32,3.0
4.3,Mw,-4.98,-81.4,66.0,1967,8,18,19,5,9.0
5.0,Mw,-4.36,-81.57,29.4,1967,8,23,9,21,0.0
4.5,Mw,3.44,-82.77,41.0,1967,9,11,0,35,36.0
4.5,Mw,-2.33,-79.92,91.0,1967,10,1,12,22,48.0
4.1,Mw,-4.0,-75.0,33.0,1967,10,6,8,20,59.0
4.0,Mw,-1.49,-77.99,177.0,1967,10,6,14,45,20.0
4.1,Mw,-1.11,-80.4,82.0,1967,10,14,1,7,15.0
4.4,Mw,-3.57,-78.3,46.0,1967,10,15,21,11,17.0
4.0,Mw,-5.1,-75.2,116.0,1967,10,20,4,39,12.0
4.0,Mw,-0.72,-78.7,33.0,1967,10,22,6,39,5.0
5.0,Mw,-2.45,-78.99,90.2,1967,10,24,15,17,51.0
4.5,Mw,-0.59,-78.54,33.0,1967,10,30,2,52,6.0
5.8,Mw,-2.75,-77.67,94.4,1967,11,4,16,26,49.0
4.9,Mw,3.09,-74.84,25.2,1967,11,5,14,23,54.0
4.7,Mw,-1.97,-81.0,30.1,1967,11,15,18,37,32.0
4.3,Mw,-1.11,-78.37,6.0,1967,11,19,6,58,54.0
4.3,Mw,2.7,-83.8,114.0,1967,12,4,4,9,27.0
4.6,Mw,-5.57,-77.74,137.0,1967,12,11,14,16,8.0
5.2,Mw,-2.87,-77.15,112.0,1967,12,16,3,19,14.0
4.5,Mw,-6.57,-78.39,43.0,1967,12,23,22,57,44.0
4.4,Mw,2.36,-79.69,35.0,1968,1,1,2,41,25.0
4.0,Mw,2.6,-74.5,78.0,1968,1,4,8,9,23.0
4.1,Mw,-2.25,-78.67,122.0,1968,1,15,8,18,11.0
4.7,Mw,3.08,-75.02,66.0,1968,1,28,1,50,48.0
3.9,Mw,0.2,-80.0,132.0,1968,2,23,9,10,5.0
4.7,Mw,3.5,-84.0,74.0,1968,3,3,8,26,0.0
4.3,Mw,-2.52,-76.88,162.0,1968,3,3,16,16,30.0
4.1,Mw,-2.08,-76.94,176.0,1968,3,8,4,8,37.0
4.2,Mw,-4.1,-78.2,84.0,1968,3,8,8,23,0.0
4.3,Mw,-1.13,-78.9,32.0,1968,3,21,21,24,49.0
4.2,Mw,3.6,-82.1,33.0,1968,3,29,9,29,34.0
4.1,Mw,-2.52,-78.99,100.0,1968,4,4,2,46,16.0
4.8,Mw,-4.89,-77.98,53.3,1968,4,7,23,49,5.0
4.0,Mw,2.8,-80.5,33.0,1968,4,15,7,37,21.0
5.2,Mw,-5.86,-80.99,27.5,1968,4,15,7,47,40.0
4.9,Mw,-5.57,-77.16,20.5,1968,4,17,6,54,19.0
4.1,Mw,1.0,-78.0,33.0,1968,4,19,18,18,13.0
4.4,Mw,-1.01,-80.4,78.0,1968,4,23,13,48,43.0
4.3,Mw,-1.03,-80.32,59.0,1968,4,24,2,54,20.0
4.8,Mw,-2.54,-77.28,115.3,1968,4,29,22,26,54.0
5.6,Mw,-5.37,-81.85,19.7,1968,5,9,12,52,24.0
4.0,Mw,-5.2,-82.0,33.0,1968,5,9,13,35,52.0
4.0,Mw,0.7,-81.0,33.0,1968,5,14,16,33,30.0
5.3,Mw,-3.78,-76.57,115.8,1968,5,16,8,25,10.0
4.2,Mw,-5.5,-81.6,77.0,1968,5,22,9,35,30.0
4.0,Mw,-6.01,-77.5,154.0,1968,6,20,5,44,55.0
5.2,Mw,-5.65,-77.24,21.9,1968,6,20,8,11,11.0
4.7,Mw,-5.65,-77.26,14.8,1968,6,20,15,51,56.0
5.6,Mw,-5.64,-77.21,22.8,1968,6,21,0,26,9.0
4.2,Mw,-5.9,-77.4,115.0,1968,6,21,2,19,7.0
4.7,Mw,-5.57,-77.27,73.0,1968,6,21,7,24,21.0
4.8,Mw,-5.46,-77.39,31.2,1968,6,21,7,31,19.0
4.3,Mw,-5.49,-77.0,44.0,1968,6,21,12,28,57.0
4.4,Mw,-5.39,-76.9,33.0,1968,6,21,12,51,41.0
4.5,Mw,-5.74,-76.84,65.0,1968,6,22,4,2,23.0
4.5,Mw,-5.62,-76.94,56.0,1968,6,22,4,24,47.0
4.6,Mw,-5.54,-77.03,25.3,1968,6,22,9,16,50.0
4.7,Mw,-1.12,-80.78,48.0,1970,12,27,23,8,44.0
4.3,Mw,-3.97,-80.9,48.0,1970,12,29,2,22,11.0
4.4,Mw,-4.6,-81.5,30.0,1970,12,29,2,22,11.0
5.0,Mw,-6.02,-83.71,33.0,1970,12,29,2,57,25.0
5.8,Mw,-3.93,-80.9,59.3,1970,12,29,8,1,2.0
4.3,Mw,-1.28,-80.81,38.0,1971,1,1,16,55,23.0
4.4,Mw,-3.89,-80.78,66.0,1971,1,2,8,37,4.0
4.1,Mw,-2.43,-76.86,161.9,1971,1,3,11,16,23.0
4.5,Mw,-3.86,-80.91,40.2,1971,1,5,10,55,35.0
4.5,Mw,-3.95,-80.93,66.6,1971,1,5,11,35,30.0
4.6,Mw,-1.76,-80.7,62.0,1971,1,7,7,29,44.0
4.4,Mw,-3.98,-80.43,39.3,1971,1,8,1,0,5.0
4.1,Mw,-3.91,-80.97,26.0,1971,1,9,3,22,16.0
4.9,Mw,-3.87,-80.85,64.0,1971,1,10,22,38,32.0
4.4,Mw,-4.15,-80.8,48.0,1971,1,14,8,21,39.0
4.9,Mw,-4.08,-80.89,65.0,1971,1,25,22,49,29.0
4.8,Mw,-4.43,-75.3,58.8,1971,1,27,23,22,58.0
4.1,Mw,-2.21,-80.61,33.0,1971,2,1,20,34,25.0
4.5,Mw,-4.38,-80.91,41.2,1971,2,6,11,20,2.0
4.4,Mw,-4.83,-78.54,108.0,1971,2,10,8,13,18.0
4.8,Mw,-4.04,-80.93,32.9,1971,2,11,17,8,44.0
4.4,Mw,1.75,-77.95,131.7,1971,3,12,10,27,57.0
4.6,Mw,-3.98,-81.01,109.8,1971,3,17,8,8,56.0
4.3,Mw,-3.25,-77.83,111.0,1971,4,4,6,2,46.0
4.3,Mw,-6.03,-77.22,69.0,1971,4,24,3,34,32.0
4.6,Mw,0.12,-79.02,57.3,1971,4,26,2,49,37.0
4.8,Mw,-1.3,-78.49,45.6,1971,5,13,10,40,50.0
6.7,Mw,-1.67,-77.66,171.6,1971,5,17,11,4,8.0
4.3,Mw,-1.57,-77.76,186.7,1971,5,20,22,4,37.0
4.2,Mw,-3.7,-80.53,72.8,1971,5,27,18,36,19.0
4.8,Mw,-4.2,-80.89,40.6,1971,5,31,11,34,21.0
4.4,Mw,-4.14,-80.67,53.2,1971,6,10,9,19,52.0
5.5,Mw,-4.18,-80.6,56.6,1971,6,11,1,32,2.0
4.1,Mw,-0.89,-78.54,20.5,1971,7,8,8,2,36.0
4.2,Mw,3.79,-78.46,72.7,1971,7,9,9,52,52.0
4.6,Mw,-3.8,-80.6,72.3,1971,7,9,20,46,33.0
4.8,Mw,-4.01,-80.87,34.9,1971,7,17,17,56,15.0
4.4,Mw,-3.82,-77.54,147.5,1971,7,22,7,43,49.0
7.3,Mw,-2.83,-77.36,109.4,1971,7,27,2,2,47.0
4.4,Mw,-2.21,-78.96,111.9,1971,8,3,21,51,42.0
5.0,Mw,-3.96,-81.01,37.4,1971,8,18,19,7,20.0
5.0,Mw,2.36,-78.96,22.8,1971,9,6,1,9,52.0
4.8,Mw,-4.08,-81.01,35.3,1971,9,7,5,32,50.0
4.8,Mw,2.24,-79.04,26.2,1971,9,9,3,57,50.0
4.5,Mw,-1.14,-78.8,5.2,1971,9,16,15,49,34.0
4.1,Mw,-1.73,-77.89,160.9,1971,9,29,5,48,16.0
4.6,Mw,3.51,-82.9,37.6,1971,10,3,20,42,47.0
5.2,Mw,-3.88,-80.69,51.2,1971,10,28,6,30,33.0
4.3,Mw,-3.93,-80.82,40.0,1971,11,4,3,33,53.0
4.8,Mw,-3.89,-80.92,66.5,1971,11,6,12,7,5.0
4.2,Mw,3.26,-74.12,224.0,1971,11,21,1,8,13.0
4.5,Mw,-1.76,-77.89,169.6,1971,11,27,22,26,47.0
4.3,Mw,-6.94,-75.78,20.0,1971,11,29,1,1,41.0
4.4,Mw,-2.03,-77.46,175.3,1971,12,21,1,7,19.0
4.3,Mw,-1.46,-77.8,168.8,1971,12,21,10,52,18.0
5.0,Mw,-4.04,-76.21,116.3,1971,12,22,0,38,54.0
4.4,Mw,3.4,-79.19,33.0,1971,12,25,16,51,42.0
4.6,Mw,-3.63,-77.26,140.2,1972,1,11,2,38,23.0
4.2,Mw,-0.18,-80.51,44.4,1972,1,13,15,53,17.0
4.8,Mw,0.06,-80.15,11.3,1972,1,13,18,31,20.0
5.1,Mw,-3.93,-79.73,81.3,1972,1,27,18,45,7.0
4.2,Mw,-4.18,-77.02,135.7,1972,2,12,22,42,22.0
6.9,Mw,-6.8,-76.78,49.9,1972,3,20,7,33,49.0
5.3,Mw,-6.83,-76.79,68.1,1972,3,20,7,51,6.0
5.3,Mw,-6.84,-76.82,37.6,1972,3,20,16,50,29.0
4.1,Mw,-6.85,-76.63,39.0,1972,3,23,4,49,43.0
5.0,Mw,-1.4,-77.88,172.5,1972,4,6,15,26,16.0
4.4,Mw,-6.87,-76.63,60.0,1972,4,6,18,48,36.0
4.5,Mw,-1.54,-78.06,179.6,1972,4,9,21,42,20.0
4.2,Mw,-1.2,-81.18,11.7,1972,4,13,12,7,54.0
4.4,Mw,-0.52,-77.48,37.8,1972,4,19,10,57,32.0
4.4,Mw,-5.2,-80.86,237.3,1972,4,28,8,48,43.0
5.3,Mw,-2.82,-78.72,86.7,1972,5,10,17,30,36.0
4.9,Mw,-3.84,-80.7,57.8,1972,5,13,14,24,28.0
4.4,Mw,-6.73,-76.76,39.6,1972,6,1,0,54,25.0
5.1,Mw,-2.84,-78.94,92.6,1972,6,4,22,22,58.0
4.8,Mw,-5.15,-80.06,96.1,1972,6,25,12,18,1.0
4.5,Mw,-1.95,-79.22,0.0,1972,7,1,14,12,37.0
4.0,Mw,3.04,-77.98,0.0,1972,7,11,13,2,17.0
4.2,Mw,-3.27,-76.9,54.7,1972,7,22,19,56,14.0
4.6,Mw,-1.48,-77.95,164.1,1972,7,29,16,2,48.0
4.6,Mw,3.74,-83.14,33.0,1972,8,9,23,46,38.0
5.5,Mw,-3.8,-80.62,50.7,1972,9,4,23,32,24.0
4.6,Mw,-6.7,-74.77,138.0,1972,10,10,9,26,5.0
4.5,Mw,-1.14,-79.12,0.0,1972,10,12,4,40,30.0
4.9,Mw,2.46,-75.42,44.0,1972,11,22,10,44,1.0
4.7,Mw,-5.13,-76.05,54.2,1972,12,2,11,34,57.0
4.3,Mw,-6.2,-80.6,70.0,1972,12,3,11,45,27.0
4.4,Mw,-4.83,-77.35,186.1,1972,12,19,2,43,41.0
4.7,Mw,0.8,-83.03,30.1,1972,12,19,20,2,21.0
4.4,Mw,-1.07,-78.72,6.0,1972,12,26,4,24,53.0
5.0,Mw,-3.6,-77.94,103.5,1972,12,28,13,31,30.0
4.9,Mw,0.65,-80.05,26.8,1973,1,5,0,39,47.0
3.9,Mw,0.76,-79.89,49.9,1973,1,6,6,41,14.0
4.4,Mw,-0.45,-78.02,34.5,1973,1,13,7,47,29.0
4.3,Mw,3.86,-76.55,129.8,1974,7,27,1,31,58.0
4.3,Mw,-4.15,-75.63,160.3,1974,7,29,21,47,58.0
4.1,Mw,-2.79,-78.97,194.7,1974,7,30,0,43,3.0
4.7,Mw,0.83,-79.43,79.2,1974,8,1,23,36,51.0
4.1,Mw,-6.56,-77.43,128.1,1974,8,11,17,5,30.0
4.7,Mw,-1.64,-81.21,18.8,1974,8,17,8,19,45.0
4.2,Mw,-2.44,-77.84,120.7,1974,9,19,8,23,13.0
5.6,Mw,-5.88,-81.03,20.4,1974,10,2,2,54,3.0
4.9,Mw,3.51,-82.97,33.0,1974,10,2,21,40,15.0
4.9,Mw,-4.27,-80.81,83.8,1974,10,8,15,39,40.0
5.0,Mw,-2.4,-76.38,145.9,1974,10,14,7,45,16.0
4.1,Mw,-3.96,-77.49,128.2,1974,10,18,4,9,40.0
4.6,Mw,3.96,-78.76,51.0,1974,10,20,4,50,22.0
3.9,Mw,-1.12,-78.64,4.0,1974,10,21,7,15,7.0
4.6,Mw,2.06,-79.19,49.0,1974,10,30,10,14,40.0
4.6,Mw,1.9,-79.35,65.3,1974,11,11,4,7,37.0
4.2,Mw,3.4,-82.86,33.0,1974,11,17,13,12,14.0
4.5,Mw,-3.75,-79.43,33.0,1974,11,22,3,33,56.0
4.2,Mw,-0.82,-79.26,130.0,1974,11,26,13,55,4.0
4.6,Mw,2.77,-75.28,86.0,1974,12,8,14,54,34.0
4.5,Mw,-3.79,-79.59,117.7,1974,12,13,11,53,34.0
4.5,Mw,-3.2,-75.84,147.4,1974,12,23,8,13,1.0
4.0,Mw,-2.59,-76.79,169.0,1974,12,25,19,25,27.0
4.5,Mw,-6.08,-79.21,97.7,1975,2,1,12,50,52.0
6.59,Mw,-4.28,-76.93,120.0,1975,3,18,17,21,27.0
4.3,Mw,-1.12,-80.88,46.8,1975,3,19,13,7,5.0
4.0,Mw,2.85,-75.36,83.0,1975,3,31,1,42,32.0
4.5,Mw,3.67,-82.43,78.8,1975,4,4,5,48,12.0
4.7,Mw,-1.84,-80.28,51.4,1975,4,7,1,39,51.0
4.0,Mw,2.91,-74.07,0.0,1975,4,17,5,49,1.0
4.5,Mw,3.83,-82.31,33.0,1975,4,20,12,52,36.0
5.0,Mw,-5.85,-81.14,21.1,1975,4,25,9,36,7.0
4.3,Mw,-5.36,-81.14,78.0,1975,5,6,9,49,47.0
4.3,Mw,-6.59,-76.94,0.0,1975,5,18,11,15,44.0
4.1,Mw,-2.52,-80.36,0.0,1975,5,22,6,12,46.0
4.6,Mw,-4.17,-80.99,77.0,1975,5,30,2,12,44.0
5.0,Mw,-6.17,-75.16,38.1,1975,6,3,20,18,2.0
5.2,Mw,-3.96,-76.92,120.7,1975,6,6,14,21,8.0
5.0,Mw,-3.74,-80.9,37.3,1975,6,10,16,30,42.0
4.3,Mw,3.01,-83.02,0.0,1975,6,22,15,24,1.0
4.5,Mw,-1.97,-81.06,37.0,1975,6,27,9,17,53.0
5.0,Mw,-3.91,-76.66,112.5,1975,7,17,8,39,53.0
4.6,Mw,-1.43,-77.88,178.1,1975,7,29,1,12,47.0
5.7,Mw,-5.38,-76.03,123.0,1975,8,16,0,53,55.0
5.1,Mw,-5.48,-77.25,20.7,1975,8,24,15,30,7.0
4.3,Mw,2.37,-79.55,41.1,1975,9,13,10,54,51.0
5.1,Mw,-4.41,-80.79,66.1,1975,9,16,0,44,3.0
4.2,Mw,-1.46,-77.37,189.7,1981,4,29,17,51,45.0
4.7,Mw,2.54,-79.19,83.0,1981,5,1,16,57,57.0
6.3,Mw,-2.05,-80.95,56.1,1981,5,6,21,34,53.0
6.4,Mw,-1.91,-80.91,11.0,1981,5,6,21,36,4.0
4.5,Mw,-2.06,-80.99,43.7,1981,5,7,20,38,22.0
4.6,Mw,-1.29,-78.59,33.2,1981,5,13,3,58,12.0
4.7,Mw,3.86,-76.9,72.0,1981,5,13,4,38,25.0
4.4,Mw,1.61,-75.94,39.7,1981,5,22,0,53,2.0
4.2,Mw,1.47,-76.03,57.9,1981,5,22,8,26,16.0
4.2,Mw,-5.59,-78.46,62.3,1981,5,24,8,51,8.0
4.6,Mw,-4.9,-76.43,102.3,1981,5,26,4,45,51.0
5.1,Mw,-3.02,-79.18,102.1,1981,5,26,4,55,30.0
5.1,Mw,-4.0,-81.0,37.1,1975,10,11,16,24,22.0
4.4,Mw,-0.6,-80.78,151.4,1975,10,17,0,56,6.0
4.1,Mw,-0.01,-77.9,71.0,1975,10,29,14,41,27.0
4.7,Mw,-6.68,-81.6,33.0,1975,10,30,18,19,57.0
5.0,Mw,-0.34,-80.81,42.7,1975,11,6,17,44,17.0
4.7,Mw,-0.63,-80.81,73.1,1975,11,6,22,38,52.0
4.9,Mw,-3.79,-77.21,112.1,1975,11,7,3,16,32.0
4.9,Mw,-5.2,-77.59,46.6,1975,11,29,6,26,59.0
4.9,Mw,-5.47,-77.28,77.5,1975,12,8,1,50,19.0
5.1,Mw,-3.78,-77.32,90.4,1975,12,21,18,5,42.0
5.0,Mw,-4.04,-81.8,42.9,1976,1,24,3,36,16.0
4.2,Mw,-3.0,-77.69,59.0,1976,1,24,16,57,33.0
4.6,Mw,0.39,-77.2,41.6,1976,2,1,3,3,36.0
4.4,Mw,-1.47,-77.78,191.4,1976,2,19,2,28,32.0
4.6,Mw,-1.26,-77.73,189.9,1976,3,19,8,21,52.0
6.6,Mw,0.85,-79.56,17.0,1976,4,9,7,8,50.0
4.9,Mw,1.54,-80.16,64.9,1976,4,11,19,13,46.0
4.4,Mw,-3.76,-81.13,33.0,1976,5,13,3,59,19.0
4.4,Mw,-3.86,-76.55,189.5,1976,5,16,1,49,24.0
4.5,Mw,3.62,-82.71,62.5,1976,5,20,9,13,15.0
4.7,Mw,-6.96,-74.07,33.0,1976,5,23,22,21,2.0
4.5,Mw,0.45,-80.69,39.0,1976,5,24,15,46,41.0
4.3,Mw,3.42,-76.39,140.8,1976,7,6,6,48,54.0
4.6,Mw,-4.93,-80.14,104.6,1976,7,8,12,46,19.0
4.3,Mw,-1.34,-77.78,195.6,1976,7,15,23,5,15.0
5.6,Mw,2.16,-78.96,32.1,1976,8,10,0,10,28.0
4.8,Mw,-4.45,-80.47,99.7,1976,8,16,18,5,9.0
4.8,Mw,1.75,-79.98,33.0,1976,8,23,15,10,53.0
4.1,Mw,3.25,-77.87,33.0,1976,9,19,5,49,56.0
5.1,Mw,-0.68,-78.61,50.7,1976,10,4,23,36,12.0
5.0,Mw,-0.62,-78.77,49.1,1976,10,5,16,36,32.0
5.7,Mw,-0.72,-78.72,3.6,1976,10,6,9,12,36.0
4.7,Mw,-0.84,-79.04,26.0,1976,10,6,10,45,23.0
4.8,Mw,-0.58,-78.38,89.0,1976,10,6,15,44,29.0
4.8,Mw,-0.23,-80.41,62.8,1976,10,7,22,1,21.0
4.9,Mw,-0.74,-78.72,48.8,1976,10,10,6,19,24.0
4.8,Mw,3.25,-76.97,90.0,1976,10,12,23,49,34.0
5.2,Mw,-1.24,-77.98,26.2,1976,10,27,0,5,49.0
4.9,Mw,-6.46,-81.04,33.0,1976,11,20,22,37,27.0
4.4,Mw,-1.37,-77.64,203.3,1976,11,26,23,43,41.0
5.0,Mw,-6.84,-76.93,60.0,1976,12,20,16,56,41.0
4.9,Mw,-0.75,-77.84,37.9,1976,12,26,4,18,37.0
4.6,Mw,-3.85,-80.85,79.6,1976,12,27,6,22,30.0
4.7,Mw,-1.54,-77.67,181.0,1977,1,13,3,27,22.0
4.5,Mw,3.81,-78.84,33.0,1977,1,23,17,48,1.0
4.5,Mw,1.94,-75.86,47.0,1977,2,12,11,44,25.0
5.0,Mw,3.94,-82.74,10.0,1977,2,28,1,32,0.0
4.3,Mw,3.62,-74.49,135.0,1977,3,16,16,29,0.0
4.5,Mw,-0.65,-78.77,33.0,1977,3,17,16,58,41.0
4.4,Mw,-1.57,-77.69,198.6,1977,3,19,6,28,18.0
5.2,Mw,3.17,-78.46,22.7,1977,3,24,7,27,18.0
4.8,Mw,-5.31,-78.43,49.1,1977,3,30,18,53,39.0
4.3,Mw,3.2,-76.55,99.9,1977,4,9,13,41,12.0
5.2,Mw,-6.19,-77.1,122.4,1977,5,1,0,9,7.0
4.7,Mw,-5.93,-75.58,133.0,1977,5,3,22,43,37.0
5.5,Mw,-1.11,-80.97,29.0,1977,5,8,16,45,18.0
5.0,Mw,-1.05,-80.85,49.9,1977,5,8,18,0,3.0
4.6,Mw,-1.22,-80.98,54.1,1977,5,9,4,48,47.0
4.9,Mw,-1.13,-81.0,52.0,1977,5,10,23,56,32.0
4.9,Mw,-5.71,-77.09,48.3,1977,5,13,13,35,16.0
4.7,Mw,-1.19,-80.88,33.0,1977,5,14,9,16,2.0
4.5,Mw,-1.47,-80.75,72.8,1977,5,21,12,2,28.0
5.0,Mw,-1.56,-80.82,57.9,1977,5,21,14,14,42.0
4.3,Mw,-3.77,-77.85,106.8,1977,5,21,20,11,14.0
4.3,Mw,-1.58,-80.97,37.0,1977,5,21,20,26,6.0
4.4,Mw,-1.49,-80.83,65.0,1977,5,22,10,24,23.0
5.1,Mw,-1.66,-81.07,15.0,1977,5,26,6,19,44.0
4.4,Mw,-2.36,-79.95,66.2,1977,5,28,7,27,13.0
4.8,Mw,-4.14,-82.54,33.0,1977,6,9,15,58,25.0
4.7,Mw,-5.62,-77.39,40.6,1977,6,13,1,2,2.0
4.1,Mw,3.11,-83.52,33.0,1977,6,16,5,57,42.0
4.9,Mw,-1.78,-77.13,25.2,1977,6,27,18,57,21.0
4.5,Mw,3.69,-77.91,52.0,1977,7,6,23,58,2.0
4.8,Mw,-2.09,-79.13,33.0,1977,7,16,16,34,17.0
4.7,Mw,-5.66,-77.31,33.0,1977,7,24,23,25,36.0
4.9,Mw,-5.53,-77.29,8.3,1977,7,30,5,22,17.0
4.9,Mw,-4.22,-80.95,37.1,1977,8,15,16,49,42.0
5.9,Mw,-1.98,-80.0,56.0,1980,8,18,15,7,54.0
4.5,Mw,-2.18,-80.25,59.0,1980,8,20,20,32,9.0
4.6,Mw,3.48,-78.79,40.6,1980,8,30,19,38,40.0
4.6,Mw,3.41,-78.94,33.0,1980,8,31,3,17,42.0
4.7,Mw,3.67,-78.86,31.5,1980,8,31,12,4,59.0
5.2,Mw,-6.25,-80.88,28.8,1980,8,31,17,3,24.0
4.7,Mw,3.26,-79.02,26.9,1980,8,31,20,2,3.0
4.2,Mw,2.03,-79.52,33.0,1980,9,3,10,50,34.0
4.3,Mw,-5.64,-79.36,75.9,1980,9,3,11,17,59.0
4.7,Mw,-1.91,-78.01,158.9,1980,9,3,18,48,37.0
6.1,Mw,3.23,-78.12,30.5,1980,9,3,22,12,40.0
4.1,Mw,-1.84,-77.99,171.8,1980,9,14,23,41,58.0
4.4,Mw,-4.29,-80.88,33.0,1980,9,15,1,14,4.0
4.6,Mw,3.39,-79.04,21.9,1980,9,16,12,27,44.0
4.4,Mw,-6.72,-76.99,132.6,1980,9,17,15,39,6.0
6.0,Mw,-1.4,-77.65,189.1,1980,10,8,22,1,35.0
4.7,Mw,-2.04,-79.54,116.8,1980,10,21,12,55,29.0
4.3,Mw,2.67,-78.83,47.3,1980,10,31,5,10,53.0
4.9,Mw,-4.57,-79.41,100.5,1980,11,2,18,21,17.0
4.0,Mw,1.62,-80.53,33.4,1980,11,9,13,2,57.0
4.1,Mw,-1.13,-77.82,33.0,1980,11,12,8,19,48.0
4.0,Mw,3.99,-76.12,122.0,1980,11,17,1,24,56.0
4.8,Mw,0.27,-79.28,33.0,1980,11,27,22,4,20.0
4.5,Mw,3.95,-82.57,33.0,1980,12,18,9,3,23.0
5.1,Mw,-4.05,-81.09,38.5,1980,12,25,0,51,7.0
4.0,Mw,-5.45,-80.26,109.1,1980,12,30,6,44,13.0
4.4,Mw,2.09,-79.07,59.5,1981,1,1,16,27,39.0
5.9,Mw,2.13,-79.18,15.0,1981,1,2,7,37,0.0
4.7,Mw,1.94,-79.34,51.9,1981,1,2,20,38,37.0
5.4,Mw,2.13,-79.28,18.0,1981,1,3,1,23,39.0
4.2,Mw,-2.12,-80.27,60.1,1981,1,3,4,5,58.0
5.5,Mw,2.0,-79.26,26.8,1981,1,7,7,1,41.0
5.1,Mw,1.96,-79.35,37.7,1981,1,7,9,5,58.0
4.8,Mw,2.15,-79.15,46.2,1981,1,10,0,5,20.0
4.1,Mw,2.25,-78.99,33.0,1981,1,10,9,56,38.0
4.3,Mw,2.09,-79.14,33.0,1981,1,11,1,29,59.0
4.1,Mw,1.83,-78.89,128.0,1981,1,30,7,58,27.0
4.7,Mw,2.74,-79.79,18.7,1981,1,30,23,57,49.0
4.0,Mw,3.28,-78.54,33.0,1981,2,7,1,21,34.0
4.6,Mw,-1.8,-77.45,191.0,1981,2,18,23,24,55.0
6.0,Mw,-6.47,-81.42,40.5,1981,2,28,21,56,16.0
4.8,Mw,2.44,-79.13,26.2,1981,3,4,4,33,23.0
4.6,Mw,-2.33,-81.07,33.0,1981,3,4,8,38,20.0
4.8,Mw,-2.13,-80.28,48.2,1981,3,9,22,3,2.0
4.5,Mw,-0.76,-77.4,49.1,1981,3,10,6,51,1.0
4.4,Mw,-1.61,-77.88,173.1,1981,3,26,2,46,46.0
5.0,Mw,-5.49,-77.37,18.5,1981,4,11,10,22,8.0
4.6,Mw,-4.27,-80.99,55.8,1981,4,13,14,3,3.0
4.2,Mw,1.35,-81.01,33.0,1981,4,17,6,13,12.0
4.4,Mw,-2.82,-78.74,33.0,1981,4,22,9,47,21.0
5.1,Mw,-3.52,-76.67,113.1,1981,4,25,14,35,49.0
4.8,Mw,-4.39,-76.97,120.6,1981,4,27,16,22,34.0
4.7,Mw,3.4,-83.99,28.4,1981,6,5,7,33,4.0
5.2,Mw,-3.93,-80.69,39.8,1981,6,5,23,34,56.0
4.4,Mw,3.11,-79.43,33.0,1981,6,9,8,3,7.0
4.5,Mw,0.85,-78.78,89.3,1981,6,19,21,3,44.0
5.2,Mw,-4.84,-76.93,126.8,1981,6,21,23,58,2.0
4.4,Mw,-4.97,-81.11,33.0,1981,6,24,7,54,22.0
4.5,Mw,-2.49,-79.08,107.1,1981,6,24,13,25,37.0
5.3,Mw,-3.03,-80.29,52.0,1981,6,27,21,54,16.0
5.3,Mw,2.76,-79.8,17.5,1981,7,7,10,25,48.0
4.5,Mw,3.02,-79.61,33.0,1981,7,10,3,44,22.0
4.9,Mw,-6.8,-76.61,62.8,1981,7,13,19,47,37.0
4.4,Mw,-3.63,-81.32,33.0,1981,7,13,22,53,55.0
4.3,Mw,2.21,-77.21,93.4,1981,7,23,2,52,17.0
4.4,Mw,-2.65,-76.39,130.5,1981,7,29,22,43,55.0
4.8,Mw,-5.38,-77.9,111.4,1981,8,3,13,37,50.0
5.1,Mw,3.84,-76.38,25.0,1981,8,5,12,58,24.0
4.5,Mw,3.51,-79.13,33.0,1981,8,12,0,47,32.0
4.6,Mw,2.41,-79.07,25.5,1981,8,16,4,23,8.0
5.1,Mw,-3.9,-80.93,42.8,1981,8,19,14,29,46.0
4.2,Mw,2.77,-83.69,10.0,1981,9,11,9,34,6.0
4.5,Mw,3.31,-82.67,57.3,1981,9,26,8,50,55.0
5.4,Mw,-1.51,-77.33,198.4,1981,10,4,20,3,53.0
4.5,Mw,-2.49,-77.04,149.7,1981,10,7,20,3,48.0
4.6,Mw,-6.62,-81.31,33.0,1981,10,8,0,12,32.0
4.3,Mw,-1.69,-78.07,171.9,1981,10,13,4,33,9.0
4.4,Mw,2.88,-79.15,33.0,1981,10,17,12,28,48.0
5.0,Mw,2.62,-79.84,32.8,1981,10,20,7,12,31.0
4.6,Mw,2.55,-79.27,50.3,1981,10,27,21,0,19.0
5.9,Mw,-1.83,-78.4,142.7,1981,11,3,7,2,41.0
4.6,Mw,2.72,-78.97,34.3,1981,11,5,3,55,7.0
4.6,Mw,-1.72,-78.0,170.0,1981,11,19,1,13,37.0
4.3,Mw,-5.56,-77.93,74.4,1981,11,30,7,48,35.0
4.5,Mw,-1.4,-77.65,193.0,1981,12,6,4,31,7.0
4.4,Mw,2.48,-79.67,33.0,1981,12,13,23,27,52.0
4.7,Mw,-3.48,-78.28,107.9,1981,12,25,18,54,23.0
4.7,Mw,-5.23,-80.99,116.9,1982,1,3,2,5,30.0
4.3,Mw,2.71,-79.64,33.0,1982,1,8,2,35,57.0
4.4,Mw,3.93,-77.2,93.6,1982,1,13,16,36,8.0
4.7,Mw,3.7,-78.09,50.5,1982,1,17,12,46,39.0
5.2,Mw,2.65,-79.44,24.0,1982,1,17,14,2,33.0
4.6,Mw,-1.17,-77.18,261.7,1982,1,22,22,43,57.0
5.0,Mw,-2.27,-79.16,96.3,1982,2,3,0,37,48.0
4.5,Mw,3.15,-78.79,38.1,1982,2,4,5,4,8.0
5.3,Mw,-4.99,-77.56,18.7,1982,2,4,18,57,43.0
4.3,Mw,3.19,-78.02,33.0,1982,2,12,10,27,20.0
4.2,Mw,3.9,-76.09,170.3,1982,2,13,1,9,25.0
4.7,Mw,0.18,-79.45,126.9,1982,2,27,12,38,46.0
4.7,Mw,-6.78,-76.24,126.0,1982,3,3,20,54,3.0
4.3,Mw,-1.34,-77.66,200.0,1982,3,6,1,27,32.0
4.3,Mw,3.64,-74.2,58.8,1982,3,8,4,16,35.0
4.7,Mw,-6.02,-81.71,33.0,1982,3,27,11,13,33.0
4.5,Mw,-4.44,-81.25,33.0,1982,3,28,1,29,27.0
5.3,Mw,-2.48,-78.51,94.3,1982,4,7,11,52,5.0
4.3,Mw,3.76,-78.34,106.2,1982,4,11,0,53,16.0
5.1,Mw,-2.82,-78.59,15.0,1982,4,11,12,21,29.0
4.2,Mw,3.37,-83.81,33.0,1982,4,14,8,12,13.0
4.3,Mw,-2.39,-78.39,33.0,1982,4,17,4,29,24.0
4.6,Mw,-5.45,-77.33,33.0,1982,4,18,14,15,54.0
4.6,Mw,3.77,-78.62,59.9,1982,4,23,8,11,16.0
4.1,Mw,-2.91,-78.79,33.0,1982,4,28,9,56,30.0
6.8,Mw,2.91,-75.97,12.0,1994,6,6,20,47,41.0
4.5,Mw,3.3,-76.09,33.0,1994,6,6,21,16,16.0
4.0,Mw,3.28,-76.8,14.5,1994,6,8,6,54,59.0
4.4,Mw,2.82,-75.84,59.5,1994,6,8,8,55,2.0
4.3,Mw,-6.96,-78.22,134.3,1994,6,20,10,2,8.0
4.1,Mw,-2.0,-78.5,133.0,1994,7,2,10,18,9.0
5.0,Mw,-1.01,-78.25,9.0,1994,7,7,22,54,10.0
4.5,Mw,-1.36,-78.2,150.8,1994,7,18,18,15,36.0
4.6,Mw,-5.47,-80.22,33.0,1994,7,30,4,27,45.0
3.7,Mw,-1.78,-78.03,168.8,1994,7,31,10,13,34.0
4.3,Mw,3.11,-76.27,10.0,1994,8,4,2,50,53.0
4.7,Mw,-1.91,-80.79,56.8,1994,8,11,22,28,34.0
4.4,Mw,3.0,-76.01,54.3,1994,8,29,7,43,0.0
4.1,Mw,-1.11,-78.25,7.52,1994,9,1,11,32,29.0
4.5,Mw,-2.81,-77.43,110.8,1994,9,16,21,19,30.0
4.2,Mw,-4.44,-78.34,127.7,1994,9,29,8,27,45.0
4.7,Mw,-5.7,-77.01,44.3,1994,10,1,7,32,52.0
4.7,Mw,0.74,-80.76,31.2,1994,10,1,20,40,12.0
4.9,Mw,-3.84,-77.95,32.5,1994,10,10,18,49,15.0
4.9,Mw,-6.92,-80.6,24.2,1994,11,7,5,17,41.0
4.6,Mw,3.46,-79.12,33.0,1994,11,13,5,5,22.0
4.9,Mw,-3.84,-79.18,33.0,1994,11,14,18,29,36.0
5.0,Mw,-4.65,-80.77,57.4,1994,11,26,2,12,45.0
5.2,Mw,2.75,-79.52,14.3,1994,11,26,4,48,4.0
4.5,Mw,2.85,-79.45,33.0,1994,11,27,8,40,38.0
4.7,Mw,3.52,-78.78,29.5,1994,12,16,4,31,39.0
4.4,Mw,-1.69,-78.13,152.3,1994,12,16,8,12,9.0
4.5,Mw,3.53,-82.7,33.0,1994,12,17,21,6,1.0
3.2,Mw,-2.73,-77.3,35.3,1994,12,26,10,43,31.0
5.4,Mw,-1.53,-78.2,145.4,1995,1,7,2,13,23.0
4.4,Mw,1.01,-78.74,30.0,1995,1,9,19,13,34.0
4.4,Mw,-0.08,-78.38,7.7,1995,1,13,19,13,2.0
4.3,Mw,-0.07,-78.37,0.7,1995,1,13,23,56,35.0
4.3,Mw,-3.01,-78.4,109.6,1995,2,2,22,9,7.0
4.2,Mw,-2.48,-77.99,49.4,1995,2,9,15,22,36.0
5.5,Mw,-5.76,-76.12,21.1,1995,2,12,1,2,8.0
4.8,Mw,-1.63,-77.87,172.9,1982,5,8,1,25,17.0
4.9,Mw,-2.03,-79.67,105.7,1982,5,8,6,19,2.0
4.6,Mw,3.56,-82.81,10.0,1982,5,13,20,44,53.0
4.4,Mw,3.64,-82.89,10.0,1982,5,13,22,16,39.0
4.6,Mw,2.35,-75.49,63.0,1982,5,14,1,18,50.0
4.2,Mw,-2.84,-78.61,33.0,1982,5,14,6,21,39.0
4.2,Mw,2.99,-78.87,33.0,1982,5,14,9,46,34.0
5.3,Mw,-1.57,-77.95,166.2,1982,5,20,12,10,51.0
4.7,Mw,-5.6,-77.52,67.9,1982,5,25,5,19,7.0
4.7,Mw,2.7,-79.63,50.5,1982,5,26,11,23,56.0
4.2,Mw,2.25,-79.48,33.0,1982,6,10,14,28,31.0
4.6,Mw,2.38,-79.62,33.0,1982,6,10,16,49,16.0
4.5,Mw,-4.55,-80.33,100.1,1982,7,1,0,32,59.0
4.5,Mw,-3.39,-80.39,99.1,1982,7,25,19,22,40.0
4.5,Mw,3.9,-82.46,33.0,1982,7,31,15,32,5.0
5.3,Mw,2.57,-78.87,26.3,1982,8,1,20,38,17.0
4.3,Mw,-1.63,-77.84,178.0,1982,8,7,22,44,36.0
4.3,Mw,-1.8,-78.03,166.5,1982,8,8,6,2,27.0
5.5,Mw,-5.31,-77.34,9.7,1982,8,10,4,51,47.0
4.7,Mw,-6.67,-75.79,33.0,1982,8,12,8,27,6.0
6.0,Mw,-2.7,-79.87,65.7,1982,8,26,5,22,0.0
4.7,Mw,-6.98,-80.3,33.0,1982,9,12,16,57,56.0
4.6,Mw,0.92,-79.6,71.3,1982,9,12,20,3,25.0
4.4,Mw,-1.74,-77.59,189.7,1982,9,22,7,53,38.0
4.6,Mw,-3.0,-75.59,137.6,1982,9,26,14,35,14.0
4.9,Mw,3.3,-82.88,33.0,1982,9,29,22,11,25.0
4.4,Mw,-6.01,-82.44,33.0,1982,10,17,7,39,12.0
4.6,Mw,0.21,-77.59,33.0,1982,10,24,19,47,48.0
5.0,Mw,-4.21,-80.58,42.5,1982,10,29,15,33,42.0
4.4,Mw,0.47,-80.31,33.0,1982,11,4,15,2,19.0
4.7,Mw,2.89,-78.9,21.7,1982,11,4,17,33,49.0
4.7,Mw,-1.5,-78.39,33.0,1982,11,16,19,46,48.0
6.5,Mw,-1.72,-76.65,193.0,1982,11,18,14,57,52.0
4.5,Mw,-0.17,-77.85,108.1,1982,11,26,23,56,43.0
4.8,Mw,3.38,-82.95,10.0,1982,11,27,18,17,34.0
4.4,Mw,3.41,-83.03,33.0,1982,11,27,18,40,56.0
5.3,Mw,-6.4,-75.69,21.0,1982,12,18,10,15,6.0
4.5,Mw,-1.51,-77.97,167.8,1982,12,31,17,9,9.0
4.5,Mw,3.61,-78.49,33.0,1983,1,6,2,41,55.0
4.7,Mw,3.52,-79.3,33.0,1983,1,6,12,44,24.0
4.7,Mw,-4.78,-80.16,33.0,1983,2,13,14,1,36.0
5.1,Mw,-3.19,-79.03,121.6,1983,2,18,8,55,47.0
4.4,Mw,-1.05,-78.39,33.0,1983,2,26,1,27,53.0
4.1,Mw,-3.98,-76.51,132.5,1983,2,27,1,20,27.0
4.6,Mw,0.58,-78.17,131.5,1983,3,15,17,15,36.0
4.7,Mw,2.58,-79.63,33.0,1983,3,20,23,45,48.0
4.5,Mw,-3.73,-78.25,46.0,1983,3,21,1,2,50.0
5.6,Mw,2.43,-76.66,30.3,1983,3,31,13,12,55.0
4.7,Mw,-5.6,-78.78,51.8,1983,4,4,2,1,10.0
7.0,Mw,-4.84,-78.09,126.2,1983,4,12,12,7,58.0
4.9,Mw,-4.62,-82.27,42.7,1983,4,13,15,0,34.0
5.3,Mw,-6.0,-75.6,127.8,1983,4,15,10,8,22.0
4.8,Mw,-3.65,-78.74,110.5,1983,4,15,13,25,35.0
4.9,Mw,-1.78,-77.66,51.2,1983,4,27,21,6,3.0
4.2,Mw,0.22,-80.68,33.0,1983,5,6,7,59,40.0
5.2,Mw,0.17,-77.07,24.9,1983,5,19,19,7,20.0
4.1,Mw,3.32,-78.93,33.0,1983,5,30,4,52,1.0
4.8,Mw,-2.46,-79.34,59.6,1983,6,1,12,23,50.0
4.4,Mw,-3.39,-77.89,54.4,1983,6,3,7,1,3.0
4.3,Mw,-0.35,-78.06,33.0,1983,6,4,4,13,41.0
4.8,Mw,0.25,-79.93,57.6,1983,6,12,4,15,30.0
4.6,Mw,-3.79,-81.19,57.0,1983,6,12,15,24,23.0
5.0,Mw,-5.69,-80.79,35.5,1983,6,21,9,58,38.0
5.0,Mw,-1.28,-80.91,42.6,1983,7,21,6,46,5.0
4.6,Mw,-1.35,-80.88,77.9,1983,7,21,7,3,35.0
4.2,Mw,2.82,-78.86,33.0,1983,7,21,14,15,24.0
4.8,Mw,-4.05,-76.59,124.5,1983,8,4,7,44,27.0
4.7,Mw,-5.9,-79.64,33.0,1983,8,6,14,20,41.0
4.4,Mw,-3.72,-78.12,33.0,1983,8,8,8,8,8.0
4.4,Mw,-5.02,-75.96,128.6,1983,8,21,15,47,18.0
4.2,Mw,-2.5,-75.85,220.6,1983,8,21,19,38,43.0
4.2,Mw,-1.54,-77.77,196.6,1983,9,8,4,34,50.0
5.1,Mw,3.99,-82.54,10.0,1983,9,9,1,23,53.0
4.7,Mw,3.75,-82.79,10.0,1983,9,9,8,38,53.0
4.6,Mw,2.74,-79.8,27.9,1983,9,11,3,8,44.0
5.7,Mw,-3.67,-79.23,106.4,1983,9,14,8,35,20.0
5.0,Mw,-3.74,-79.1,94.0,1983,10,11,10,5,37.0
4.6,Mw,-3.76,-77.6,118.4,1983,10,17,12,53,1.0
5.9,Mw,-4.02,-79.42,93.1,1983,11,3,7,41,12.0
4.7,Mw,-3.82,-79.02,111.8,1983,11,8,6,52,47.0
5.0,Mw,-5.6,-77.05,39.0,1983,11,13,22,38,46.0
6.7,Mw,0.5,-79.78,35.0,1983,11,22,14,21,2.0
5.1,Mw,-5.01,-78.08,35.5,1983,11,22,15,15,18.0
5.5,Mw,-3.76,-76.28,114.1,1983,11,25,22,56,27.0
5.6,Mw,3.95,-82.6,30.1,1983,11,26,9,22,37.0
4.7,Mw,-4.89,-76.23,120.0,1983,11,27,17,48,4.0
5.2,Mw,0.41,-79.85,54.5,1983,12,21,18,36,58.0
4.2,Mw,-2.49,-78.8,148.7,1983,12,24,8,35,49.0
4.5,Mw,-2.03,-77.56,33.0,1983,12,30,9,31,58.0
4.4,Mw,-3.16,-80.24,62.7,1984,1,3,3,41,49.0
5.1,Mw,-6.05,-74.25,22.7,1984,1,9,18,35,19.0
4.5,Mw,-2.04,-78.19,157.5,1984,1,11,1,45,43.0
5.7,Mw,-3.88,-78.46,103.0,1984,1,13,2,29,2.0
5.5,Mw,-3.93,-81.41,38.6,1984,1,17,16,19,7.0
3.9,Mw,-0.71,-80.42,33.0,1984,1,23,9,37,26.0
4.6,Mw,3.49,-76.65,48.8,1984,1,25,18,46,24.0
4.6,Mw,1.98,-80.07,33.0,1984,2,6,4,40,19.0
4.7,Mw,3.58,-78.85,37.2,1984,2,19,9,30,10.0
4.5,Mw,-1.54,-80.61,95.2,1984,2,21,3,20,53.0
4.7,Mw,-1.28,-80.4,106.7,1984,2,21,3,38,42.0
4.5,Mw,-3.81,-80.53,97.9,1984,2,22,5,16,34.0
4.5,Mw,-3.85,-79.78,33.0,1984,3,3,8,46,18.0
4.6,Mw,-5.32,-77.29,130.6,1984,3,6,21,40,5.0
4.8,Mw,-6.45,-76.14,20.2,1984,3,11,7,43,47.0
4.4,Mw,2.57,-79.86,33.0,1984,3,15,10,47,45.0
4.7,Mw,3.71,-82.9,16.0,1984,4,14,2,13,17.0
4.5,Mw,3.69,-82.8,10.0,1984,4,14,2,59,22.0
4.6,Mw,-4.98,-75.29,33.0,1984,4,14,7,39,39.0
4.4,Mw,0.59,-80.14,33.0,1984,4,15,5,37,9.0
5.4,Mw,-3.7,-77.72,108.4,1984,4,15,21,26,33.0
4.5,Mw,-0.09,-78.36,33.0,1984,4,22,18,57,40.0
5.6,Mw,-1.81,-78.09,46.5,1984,4,28,20,12,7.0
4.7,Mw,-2.11,-78.42,70.0,1984,4,28,21,43,50.0
5.0,Mw,-4.01,-80.84,35.0,1984,5,13,23,53,31.0
4.3,Mw,-2.38,-77.01,158.4,1984,5,22,23,56,46.0
4.3,Mw,-3.73,-77.12,122.2,1984,5,25,2,57,53.0
4.9,Mw,-5.2,-80.33,60.3,1984,6,8,10,5,18.0
4.7,Mw,-1.85,-80.22,91.7,1984,6,13,5,47,11.0
4.8,Mw,-6.45,-77.06,37.8,1984,7,11,6,9,41.0
4.9,Mw,3.74,-76.98,56.0,1984,7,11,17,22,27.0
4.3,Mw,-5.38,-76.64,30.4,1984,7,29,6,2,28.0
4.7,Mw,2.15,-79.12,32.0,1984,7,30,2,47,19.0
5.1,Mw,2.28,-79.01,28.0,1984,7,30,4,27,27.0
5.1,Mw,3.57,-78.21,19.7,1984,8,7,16,36,7.0
4.6,Mw,-2.03,-78.08,72.4,1984,8,10,5,0,20.0
5.2,Mw,-3.61,-79.62,82.0,1984,9,6,19,9,1.0
4.2,Mw,2.5,-79.71,33.0,1984,9,11,23,25,9.0
4.4,Mw,2.64,-79.49,49.2,1984,9,12,1,4,0.0
4.5,Mw,1.21,-75.37,33.0,1984,9,17,7,36,36.0
4.3,Mw,3.15,-83.46,33.0,1984,9,29,16,41,31.0
5.3,Mw,-6.14,-75.79,45.8,1984,10,3,23,55,21.0
4.3,Mw,3.78,-82.81,33.0,1984,10,16,2,10,16.0
4.4,Mw,2.89,-76.31,166.4,1984,10,26,16,12,47.0
4.2,Mw,-1.72,-77.83,169.4,1984,11,1,23,30,54.0
5.0,Mw,1.93,-76.01,17.0,1984,11,13,14,3,17.0
4.6,Mw,3.03,-78.67,20.0,1984,11,13,16,24,11.0
4.8,Mw,-3.24,-80.59,33.0,1984,11,20,14,26,27.0
4.7,Mw,-6.77,-76.99,51.1,1984,12,13,19,35,1.0
4.4,Mw,-1.37,-77.8,176.7,1984,12,27,8,7,45.0
4.3,Mw,-1.3,-77.58,208.5,1985,1,8,8,57,29.0
4.9,Mw,2.6,-79.65,33.0,1985,1,9,10,28,22.0
4.4,Mw,-1.74,-80.06,33.0,1985,1,11,9,43,4.0
4.3,Mw,-6.32,-74.79,290.3,1985,1,27,2,46,24.0
4.9,Mw,-6.07,-80.6,46.3,1985,1,30,2,26,2.0
4.4,Mw,-6.18,-76.63,118.6,1985,1,31,3,36,19.0
5.1,Mw,-3.64,-78.0,127.5,1985,2,4,10,50,27.0
4.3,Mw,-3.47,-79.03,33.0,1985,2,5,8,56,20.0
4.3,Mw,-1.53,-77.67,196.2,1985,2,10,14,27,44.0
4.8,Mw,-6.91,-80.68,260.6,1985,2,10,22,57,24.0
4.4,Mw,-4.92,-75.89,73.0,1985,2,14,3,24,15.0
5.2,Mw,3.98,-78.67,17.6,1985,3,1,6,58,59.0
4.0,Mw,2.33,-78.97,41.0,1985,3,7,2,54,35.0
4.8,Mw,-2.93,-75.34,147.3,1985,3,8,21,45,21.0
4.9,Mw,2.8,-83.88,10.0,1985,3,11,23,26,38.0
4.9,Mw,-4.56,-80.98,30.1,1985,3,17,7,14,5.0
4.4,Mw,-1.36,-77.81,184.8,1985,3,18,22,57,35.0
4.7,Mw,-6.2,-76.79,130.5,1985,4,3,2,55,3.0
5.2,Mw,1.63,-77.02,46.7,1985,4,10,20,15,44.0
4.3,Mw,-3.87,-79.92,33.0,1985,4,13,2,32,56.0
4.7,Mw,-0.45,-80.44,49.1,1985,4,21,17,39,51.0
4.2,Mw,-0.19,-80.71,41.5,1985,5,29,16,45,1.0
4.5,Mw,-2.49,-78.66,107.8,1985,6,1,10,39,34.0
4.9,Mw,3.26,-78.56,15.0,1985,6,6,21,31,7.0
5.5,Mw,3.01,-78.51,32.8,1985,6,10,3,23,35.0
4.3,Mw,-6.16,-80.69,33.0,1985,6,17,7,8,24.0
5.1,Mw,-1.95,-78.09,55.2,1985,6,24,16,20,13.0
4.4,Mw,-0.32,-80.05,64.9,1985,6,24,22,5,55.0
4.4,Mw,-1.28,-78.9,0.0,1985,6,25,5,8,6.0
4.2,Mw,0.006,-80.65,33.0,1985,6,25,20,0,41.0
4.5,Mw,-0.4,-80.08,95.7,1985,6,26,2,36,27.0
4.3,Mw,3.86,-82.77,55.0,1985,7,1,23,11,50.0
4.5,Mw,-3.16,-80.52,64.1,1985,7,3,23,27,40.0
4.6,Mw,3.56,-82.88,10.0,1985,7,21,23,59,6.0
5.3,Mw,-5.38,-78.65,16.0,1985,7,26,17,56,59.0
4.4,Mw,3.41,-82.86,33.0,1985,8,3,4,51,22.0
4.7,Mw,-1.99,-77.18,159.5,1985,8,13,12,54,38.0
4.4,Mw,-1.5,-77.93,175.5,1985,8,27,14,52,13.0
4.9,Mw,-0.85,-79.2,55.4,1985,8,28,18,44,2.0
4.8,Mw,-4.8,-76.75,133.1,1985,9,10,4,53,36.0
4.7,Mw,-5.2,-77.35,123.5,1985,9,27,8,54,44.0
4.3,Mw,1.9,-79.88,33.0,1985,10,3,3,15,44.0
4.7,Mw,1.57,-79.65,10.0,1985,10,3,4,50,2.0
4.5,Mw,-5.37,-78.48,81.6,1985,10,9,3,48,35.0
4.2,Mw,-1.47,-77.62,198.3,1985,10,21,22,3,31.0
4.3,Mw,0.22,-79.24,96.7,1985,10,24,8,25,5.0
4.6,Mw,-1.43,-77.74,199.5,1985,11,12,15,12,11.0
4.7,Mw,3.53,-74.34,33.0,1985,11,20,7,11,0.0
4.8,Mw,-3.09,-76.98,33.0,1985,11,26,19,2,24.0
4.7,Mw,-5.79,-81.83,33.0,1985,12,3,21,6,7.0
5.0,Mw,-1.95,-80.89,35.0,1985,12,7,0,6,55.0
4.8,Mw,-1.75,-77.82,164.3,1985,12,12,17,32,36.0
4.0,Mw,-1.16,-76.17,33.0,1985,12,15,6,3,30.0
4.3,Mw,-2.46,-78.81,112.0,1985,12,20,2,33,3.0
4.3,Mw,2.39,-79.24,39.2,1985,12,29,13,11,40.0
5.3,Mw,-4.03,-79.42,98.7,1986,1,12,6,38,22.0
5.0,Mw,0.61,-79.89,54.7,1986,1,19,8,3,31.0
3.9,Mw,1.04,-79.72,33.0,1986,1,20,7,32,55.0
5.4,Mw,-1.81,-77.43,163.6,1986,1,28,6,51,46.0
4.5,Mw,-5.8,-81.09,33.0,1986,1,30,19,24,52.0
4.8,Mw,-2.13,-78.37,33.0,1986,2,22,18,47,21.0
4.8,Mw,-1.91,-78.28,33.0,1986,3,24,21,38,5.0
4.1,Mw,3.93,-76.16,134.8,1986,3,27,4,4,55.0
4.6,Mw,3.53,-76.5,146.1,1986,3,27,6,5,33.0
4.8,Mw,-1.51,-78.03,159.8,1986,3,28,21,19,24.0
4.8,Mw,-4.13,-80.78,51.7,1986,4,2,6,49,32.0
4.8,Mw,3.32,-78.45,33.0,1986,4,16,18,59,55.0
4.7,Mw,1.8,-80.56,33.0,1993,9,7,8,28,22.0
5.7,Mw,-4.69,-76.25,120.2,1993,9,11,6,14,28.0
4.4,Mw,-0.15,-79.02,7.9,1993,9,21,17,1,54.0
4.9,Mw,-1.87,-78.08,50.7,1993,10,4,4,34,38.0
4.6,Mw,-2.0,-78.3,35.4,1993,10,8,8,21,54.0
4.4,Mw,-6.74,-75.97,135.1,1993,10,29,0,8,32.0
4.7,Mw,-4.91,-78.07,23.3,1993,11,21,21,33,7.0
4.2,Mw,-5.65,-77.63,57.1,1993,11,25,6,44,54.0
5.0,Mw,-4.62,-77.23,121.9,1993,12,8,2,52,23.0
4.6,Mw,2.63,-79.61,28.4,1993,12,17,5,8,3.0
4.6,Mw,-2.38,-80.86,46.0,1993,12,26,5,33,49.0
4.9,Mw,2.52,-79.79,29.5,1994,1,7,7,19,25.0
4.4,Mw,2.22,-78.81,33.0,1994,1,14,6,53,35.0
4.2,Mw,0.34,-79.51,66.0,1994,1,16,20,46,54.0
5.7,Mw,-6.04,-77.02,122.0,1994,1,20,9,6,53.0
4.2,Mw,-3.0,-80.51,35.0,1994,1,20,13,13,58.0
5.4,Mw,-1.45,-78.31,153.3,1994,1,25,5,41,14.0
4.0,Mw,-1.9,-79.72,31.4,1994,2,25,12,9,1.0
3.3,Mw,0.46,-78.77,21.6,1994,3,8,12,8,23.0
4.0,Mw,3.48,-82.84,31.9,1994,3,8,18,48,59.0
3.8,Mw,0.6,-80.06,3.7,1994,3,29,12,12,6.0
3.3,Mw,0.81,-78.17,93.0,1994,3,30,0,32,19.0
4.5,Mw,2.39,-79.49,10.8,1994,4,11,8,0,40.0
4.1,Mw,2.43,-79.73,21.0,1994,4,11,18,5,57.0
4.0,Mw,2.48,-79.67,15.0,1994,4,11,23,50,22.0
3.9,Mw,0.65,-80.02,14.2,1994,4,15,7,29,35.0
4.5,Mw,3.99,-74.28,33.0,1994,4,23,21,32,51.0
4.6,Mw,-5.73,-76.62,153.3,1994,4,27,12,16,6.0
4.4,Mw,-1.33,-78.09,147.0,1994,5,8,8,42,12.0
4.4,Mw,-3.98,-79.05,98.5,1994,5,11,4,17,16.0
5.2,Mw,0.37,-78.72,9.5,1994,5,11,11,53,26.0
4.8,Mw,-2.52,-79.25,107.0,1994,5,12,11,27,51.0
5.8,Mw,3.46,-78.78,9.0,1994,6,3,11,25,7.0
4.2,Mw,3.65,-82.79,33.0,1994,6,4,7,33,26.0
3.8,Mw,-1.21,-77.89,160.1,1995,2,12,23,19,48.0
4.3,Mw,-1.49,-80.57,14.63,1995,2,14,12,25,36.0
5.0,Mw,-5.81,-76.16,16.8,1995,2,16,9,35,19.0
4.3,Mw,1.07,-77.3,0.5,1995,3,4,23,22,43.0
4.5,Mw,-3.64,-80.91,37.9,1995,3,13,3,54,32.0
4.0,Mw,3.43,-83.18,10.0,1995,3,13,7,54,47.0
3.5,Mw,-2.84,-79.8,26.4,1995,3,21,13,43,7.0
5.6,Mw,-2.05,-79.75,19.26,1995,3,26,15,12,31.0
4.7,Mw,-2.01,-78.09,4.46,1995,3,28,9,9,58.0
5.0,Mw,2.72,-78.31,49.3,1995,4,12,18,22,34.0
4.0,Mw,0.59,-79.06,17.8,1995,4,14,9,15,59.0
5.4,Mw,-1.68,-77.84,149.9,1995,4,14,14,12,53.0
3.4,Mw,-1.78,-77.98,53.0,1995,4,14,23,59,19.0
3.9,Mw,-1.11,-78.24,3.8,1995,4,30,5,21,5.0
4.5,Mw,-3.86,-76.31,113.4,1995,5,1,16,55,44.0
6.7,Mw,-3.85,-76.88,97.0,1995,5,2,6,6,6.0
4.2,Mw,3.43,-76.89,100.0,1995,5,4,6,18,33.0
4.5,Mw,3.4,-83.97,94.5,1995,5,9,14,31,53.0
4.2,Mw,-1.71,-78.24,162.2,1995,5,31,0,6,37.0
4.1,Mw,-3.5,-77.64,63.9,1995,5,31,6,21,55.0
3.1,Mw,-1.08,-78.75,16.28,1997,2,2,10,40,45.0
3.3,Mw,-2.82,-78.27,12.0,1997,2,2,23,19,25.0
3.2,Mw,-0.73,-78.03,13.4,1997,2,3,0,26,47.0
3.2,Mw,-1.07,-78.3,15.52,1997,2,3,0,59,7.0
3.2,Mw,-1.21,-78.17,12.0,1997,2,3,1,8,31.0
3.2,Mw,-2.96,-77.9,6.5,1997,2,3,2,5,57.0
3.5,Mw,-1.09,-78.3,12.5,1997,2,3,3,32,49.0
3.7,Mw,-2.68,-79.2,2.68,1997,2,3,8,5,24.0
3.4,Mw,-1.05,-78.78,16.4,1997,2,4,4,55,3.0
3.4,Mw,-1.1,-78.2,2.0,1997,2,4,6,37,13.0
3.8,Mw,-2.71,-78.13,8.0,1997,2,4,13,14,34.0
4.3,Mw,-2.46,-78.12,9.0,1997,2,5,1,27,47.0
3.7,Mw,0.93,-78.1,12.6,1997,2,5,20,50,30.0
3.4,Mw,0.95,-78.13,7.3,1997,2,6,1,24,6.0
3.1,Mw,0.96,-78.12,6.1,1997,2,6,7,3,44.0
3.4,Mw,-1.8,-78.12,3.6,1997,2,6,17,14,12.0
3.1,Mw,-1.24,-78.44,28.08,1997,2,7,11,26,4.0
3.0,Mw,0.06,-78.34,7.6,1997,2,8,5,51,16.0
3.1,Mw,1.07,-77.92,0.0,1997,2,8,10,8,37.0
3.2,Mw,-1.17,-78.04,7.0,1997,2,9,0,59,1.0
3.2,Mw,-2.8,-79.97,107.0,1997,2,9,7,18,9.0
3.1,Mw,-1.11,-78.16,5.7,1997,2,9,14,36,16.0
3.1,Mw,0.96,-78.12,8.6,1997,2,10,11,40,43.0
3.1,Mw,-1.02,-78.28,13.32,1997,2,11,17,36,16.0
3.0,Mw,-1.02,-78.27,15.94,1997,2,11,18,53,40.0
3.7,Mw,-1.18,-79.8,13.0,1997,2,12,2,50,52.0
3.3,Mw,-1.1,-78.29,20.25,1997,2,14,3,25,8.0
4.3,Mw,-1.94,-78.26,33.0,1997,2,14,6,16,21.0
3.5,Mw,-0.62,-80.41,10.9,1997,2,14,7,40,5.0
3.9,Mw,-2.38,-77.47,12.0,1997,2,14,20,10,34.0
3.4,Mw,-2.72,-78.07,5.0,1997,2,14,20,19,5.0
3.3,Mw,-1.1,-78.77,15.02,1997,2,15,2,7,39.0
5.0,Mw,-2.76,-80.82,12.0,1997,2,15,11,29,1.0
3.3,Mw,-2.09,-77.68,225.0,1997,2,16,4,41,57.0
3.8,Mw,-2.85,-77.81,33.0,1997,2,16,10,23,0.0
3.5,Mw,-2.14,-79.76,14.1,1997,2,17,0,28,16.0
4.2,Mw,-1.88,-78.14,150.4,1997,2,17,8,50,18.0
4.1,Mw,-1.73,-78.1,162.0,1997,2,18,5,40,8.0
3.8,Mw,0.96,-78.1,14.7,1997,2,19,2,39,21.0
3.2,Mw,-0.57,-79.42,27.6,1997,2,20,0,19,39.0
3.5,Mw,-2.6,-78.6,12.0,1997,2,20,22,2,23.0
3.5,Mw,-1.32,-78.21,153.7,1997,2,23,21,36,10.0
3.0,Mw,-0.53,-77.48,7.1,1997,2,24,12,4,46.0
3.9,Mw,-2.61,-80.35,11.41,1997,2,25,0,54,6.0
3.8,Mw,-1.07,-78.28,6.67,1997,2,25,6,42,50.0
3.1,Mw,-2.99,-78.34,11.23,1997,2,25,10,55,7.0
3.3,Mw,-0.94,-79.16,119.1,1997,2,26,2,22,38.0
3.8,Mw,-2.81,-77.45,5.61,1997,2,26,14,50,32.0
3.0,Mw,-0.92,-77.73,9.0,1997,2,27,1,8,41.0
3.3,Mw,-2.77,-78.12,7.0,1997,2,27,3,30,31.0
3.0,Mw,0.27,-79.08,23.9,1997,2,27,9,52,46.0
3.3,Mw,-2.98,-78.0,9.0,1997,2,27,19,1,18.0
3.3,Mw,0.44,-78.64,17.26,1997,2,27,21,35,45.0
3.1,Mw,-2.08,-79.97,6.51,1997,2,28,0,53,42.0
3.4,Mw,-2.78,-77.93,0.0,1997,2,28,2,15,54.0
3.8,Mw,-2.65,-78.0,10.7,1997,3,1,5,28,40.0
3.0,Mw,-1.11,-78.16,2.0,1997,3,1,15,18,5.0
3.3,Mw,-1.82,-77.99,201.1,1997,3,1,21,57,4.0
3.3,Mw,-2.62,-77.29,202.3,1997,3,2,4,48,6.0
3.3,Mw,-0.23,-80.7,43.0,1997,3,2,9,2,17.0
3.1,Mw,-2.42,-79.66,20.99,1997,3,3,9,5,30.0
4.7,Mw,-3.64,-80.5,35.9,1997,3,5,2,28,57.0
3.6,Mw,-1.02,-78.27,5.7,1997,3,5,19,5,48.0
3.3,Mw,-1.02,-78.29,6.4,1997,3,5,19,15,50.0
3.7,Mw,0.005,-80.02,27.13,1997,3,6,0,36,16.0
3.0,Mw,-1.3,-79.03,9.33,1997,3,6,7,10,27.0
3.4,Mw,-2.0,-78.72,140.4,1997,3,6,7,29,48.0
3.9,Mw,-1.41,-78.9,30.5,1997,3,6,10,25,19.0
3.5,Mw,-1.05,-78.31,13.8,1997,3,7,2,3,52.0
3.3,Mw,-2.26,-79.98,12.0,1997,3,7,2,8,17.0
3.0,Mw,-1.04,-78.27,12.0,1997,3,7,7,16,51.0
4.9,Mw,1.12,-77.09,99.3,1997,3,7,17,28,17.0
3.2,Mw,-0.47,-77.44,16.2,1997,3,8,5,11,53.0
3.4,Mw,-1.04,-78.27,5.2,1997,3,9,2,44,34.0
3.0,Mw,-1.04,-78.29,9.0,1997,3,9,5,20,20.0
3.2,Mw,-1.69,-78.03,140.3,1997,3,10,1,42,35.0
3.1,Mw,-1.03,-78.24,11.1,1997,3,10,4,39,17.0
3.1,Mw,-0.98,-78.34,2.8,1997,3,10,16,56,4.0
3.2,Mw,-1.04,-78.28,8.8,1997,3,10,20,46,9.0
3.4,Mw,-1.06,-78.25,11.3,1997,3,11,0,46,32.0
3.5,Mw,-1.81,-77.48,197.5,1997,3,11,11,35,23.0
3.1,Mw,0.33,-78.24,17.62,1997,3,12,0,23,45.0
3.0,Mw,-1.05,-78.26,8.19,1997,3,12,7,31,36.0
3.8,Mw,-1.21,-80.97,3.2,1997,3,14,15,17,0.0
3.2,Mw,-1.03,-78.3,7.0,1997,3,14,20,44,22.0
3.7,Mw,-1.05,-80.87,4.9,1997,3,14,21,57,4.0
3.7,Mw,-1.28,-78.0,170.7,1997,3,15,0,56,50.0
3.5,Mw,-0.73,-79.64,50.8,1997,3,15,14,11,52.0
4.2,Mw,-2.42,-78.07,9.7,1997,3,15,18,11,23.0
3.7,Mw,-2.0,-79.64,17.64,1997,3,15,23,14,48.0
4.3,Mw,-2.66,-77.94,11.7,1997,3,17,0,26,51.0
3.6,Mw,-2.59,-78.08,17.0,1997,3,17,1,10,41.0
4.3,Mw,-4.49,-75.75,100.0,1997,3,17,19,57,38.0
3.2,Mw,-1.7,-79.16,9.0,1997,3,19,5,24,33.0
3.0,Mw,-1.03,-78.73,17.6,1997,3,20,2,53,39.0
4.3,Mw,-1.97,-78.16,20.4,1997,3,20,9,24,27.0
3.7,Mw,-2.35,-78.08,10.0,1997,3,20,19,10,0.0
3.0,Mw,-0.99,-78.76,3.4,1997,3,21,0,44,12.0
4.1,Mw,3.61,-82.64,33.0,1997,3,21,23,55,15.0
4.0,Mw,3.69,-82.73,85.2,1997,3,22,1,11,15.0
3.3,Mw,-1.86,-77.56,224.8,1997,3,23,3,28,23.0
3.7,Mw,-2.56,-78.0,0.0,1997,3,23,7,41,0.0
3.0,Mw,-1.05,-78.26,7.1,1997,3,25,9,9,35.0
3.4,Mw,-1.02,-77.65,20.9,1997,3,25,9,24,12.0
3.1,Mw,-0.46,-80.58,23.0,1997,3,25,13,21,49.0
3.3,Mw,-1.06,-78.77,9.1,1997,3,25,15,21,47.0
3.4,Mw,-1.05,-78.76,6.1,1997,3,25,17,33,43.0
3.1,Mw,0.02,-78.45,2.2,1997,3,26,5,55,30.0
3.5,Mw,-1.36,-79.37,3.5,1997,3,26,8,10,35.0
3.3,Mw,-1.03,-78.3,8.2,1997,3,26,9,44,58.0
3.1,Mw,-1.26,-78.42,19.5,1997,3,26,18,47,33.0
3.3,Mw,-1.07,-78.77,14.0,1997,3,26,21,56,2.0
4.8,Mw,3.98,-82.51,15.0,1997,3,27,10,2,18.0
3.2,Mw,0.01,-77.7,1.0,1997,3,27,13,49,9.0
3.8,Mw,-1.06,-78.76,16.8,1997,3,27,14,6,33.0
3.7,Mw,-0.78,-77.61,10.0,1997,3,27,21,38,46.0
3.3,Mw,-0.93,-79.38,76.9,1997,3,28,1,8,18.0
3.7,Mw,-1.24,-78.11,156.0,1997,3,28,3,18,29.0
3.2,Mw,-0.56,-80.47,24.9,1997,3,28,4,18,57.0
3.5,Mw,1.39,-79.3,5.56,1997,3,28,19,46,20.0
3.1,Mw,-1.07,-78.77,18.0,1997,3,29,1,58,38.0
3.4,Mw,-1.08,-78.27,8.1,1997,3,29,2,15,26.0
3.2,Mw,-1.0,-78.71,36.13,1997,3,29,16,30,7.0
3.3,Mw,-0.97,-78.72,4.0,1997,3,29,19,8,41.0
3.3,Mw,-1.89,-77.37,9.36,1997,3,29,23,43,46.0
3.5,Mw,-1.02,-78.26,9.88,1997,4,11,5,54,57.0
3.3,Mw,-2.77,-78.57,4.0,1997,4,12,7,27,16.0
3.0,Mw,-0.64,-78.29,25.77,1997,4,12,13,0,28.0
3.2,Mw,-2.08,-78.62,138.6,1997,4,12,21,35,38.0
3.3,Mw,-2.84,-77.94,12.0,1997,4,13,14,37,5.0
3.1,Mw,-0.26,-80.73,10.6,1997,4,14,0,2,54.0
3.7,Mw,-0.13,-80.91,23.66,1997,4,14,2,17,21.0
3.9,Mw,-0.26,-80.73,15.6,1997,4,14,2,28,10.0
3.4,Mw,-2.61,-78.08,12.0,1997,4,17,2,35,26.0
3.2,Mw,-1.44,-77.86,13.2,1997,4,17,21,58,55.0
3.1,Mw,0.95,-79.7,12.0,1997,4,18,3,18,40.0
3.2,Mw,-2.71,-77.78,12.0,1997,4,18,9,23,19.0
3.4,Mw,0.74,-79.3,24.1,1997,4,18,11,54,28.0
3.8,Mw,-1.07,-78.27,3.6,1997,4,19,9,32,20.0
3.8,Mw,-1.09,-78.26,16.45,1997,4,19,15,14,30.0
3.8,Mw,-1.02,-78.28,2.99,1997,4,20,1,38,16.0
3.8,Mw,-1.02,-78.27,12.0,1997,4,20,2,3,54.0
3.0,Mw,-0.93,-77.69,4.15,1997,4,20,4,31,0.0
3.3,Mw,-0.88,-77.71,21.0,1997,4,20,4,42,6.0
3.1,Mw,-1.02,-78.28,10.55,1997,4,20,13,31,25.0
3.3,Mw,-0.97,-79.48,6.9,1997,4,21,21,56,25.0
3.7,Mw,-2.64,-79.17,4.94,1997,4,22,5,41,9.0
3.0,Mw,-1.02,-78.27,2.83,1997,4,22,19,31,43.0
3.9,Mw,-0.36,-80.53,23.1,1997,4,22,22,33,51.0
3.0,Mw,-0.28,-78.11,2.62,1997,4,23,7,39,40.0
3.0,Mw,-1.1,-78.33,0.65,1997,4,24,5,32,56.0
4.1,Mw,-0.32,-80.46,15.73,1997,4,27,0,17,32.0
3.3,Mw,-0.5,-80.14,8.43,1997,4,27,0,46,12.0
3.4,Mw,-2.51,-77.97,9.8,1997,4,30,4,35,55.0
3.2,Mw,-1.13,-79.49,20.93,1997,4,30,8,33,20.0
3.4,Mw,-0.63,-78.79,7.85,1997,4,30,8,58,53.0
3.2,Mw,0.06,-78.42,0.0,1997,4,30,14,6,25.0
3.8,Mw,-1.98,-80.11,12.0,1997,5,1,3,5,7.0
3.0,Mw,-1.02,-78.25,8.1,1997,3,30,1,19,10.0
3.7,Mw,-2.64,-78.08,16.0,1997,3,30,3,43,24.0
3.4,Mw,-0.98,-78.73,9.5,1997,3,30,8,35,36.0
3.1,Mw,-0.68,-79.42,15.0,1997,3,30,21,34,9.0
3.4,Mw,-0.87,-79.8,33.9,1997,3,30,21,42,4.0
3.4,Mw,-0.98,-78.72,9.1,1997,3,31,5,16,1.0
3.7,Mw,-2.46,-79.38,36.81,1997,3,31,5,23,40.0
3.3,Mw,-0.95,-78.76,21.5,1997,4,1,1,37,43.0
3.2,Mw,-0.99,-78.69,27.56,1997,4,1,7,15,45.0
3.2,Mw,0.97,-78.12,6.0,1997,4,1,8,18,55.0
3.4,Mw,-1.28,-80.45,24.1,1997,4,1,8,28,49.0
3.5,Mw,-2.92,-78.09,11.0,1997,4,1,14,8,48.0
3.6,Mw,-1.21,-80.39,25.92,1997,4,2,12,26,32.0
4.0,Mw,0.89,-78.06,13.12,1997,4,2,13,12,48.0
4.0,Mw,-5.41,-78.49,35.0,1997,4,2,14,55,17.0
3.4,Mw,-2.87,-78.2,12.0,1997,4,2,22,4,54.0
3.3,Mw,-0.71,-78.6,25.9,1997,4,3,8,52,15.0
3.1,Mw,1.02,-78.11,5.9,1997,4,3,13,41,42.0
3.1,Mw,-1.1,-78.56,41.97,1997,4,3,14,57,24.0
3.2,Mw,-1.87,-77.31,218.2,1997,4,3,19,48,33.0
3.5,Mw,-1.12,-80.8,6.9,1997,4,4,0,57,23.0
3.0,Mw,-0.24,-78.44,2.34,1997,4,4,2,3,1.0
3.0,Mw,-1.08,-78.26,6.0,1997,4,4,3,26,26.0
3.4,Mw,-2.7,-77.65,12.0,1997,4,4,18,54,44.0
3.7,Mw,1.1,-79.13,20.22,1997,4,5,0,13,52.0
3.1,Mw,-0.9,-79.43,10.2,1997,4,6,5,39,27.0
3.0,Mw,-0.57,-77.95,2.7,1997,4,6,11,12,2.0
5.0,Mw,-2.73,-77.77,55.6,1997,4,6,17,24,1.0
3.5,Mw,0.31,-78.41,7.0,1997,4,6,20,30,42.0
3.5,Mw,-2.99,-77.62,24.0,1997,4,7,18,29,29.0
3.5,Mw,-0.51,-80.55,19.6,1997,4,8,3,23,59.0
3.3,Mw,-1.18,-78.14,2.9,1997,4,8,8,45,53.0
3.0,Mw,-1.03,-78.28,11.87,1997,4,8,14,54,58.0
3.3,Mw,-0.97,-78.72,11.8,1997,4,8,21,21,59.0
3.7,Mw,-1.06,-78.74,8.8,1997,4,9,2,37,17.0
3.0,Mw,-1.06,-78.71,24.79,1997,4,9,2,46,13.0
3.0,Mw,-1.08,-78.74,27.68,1997,4,9,2,51,25.0
3.2,Mw,-0.81,-79.7,20.8,1997,4,9,13,13,38.0
3.3,Mw,-0.4,-77.46,14.0,1997,4,9,15,24,8.0
3.5,Mw,-1.05,-78.74,6.4,1997,4,10,5,1,38.0
3.0,Mw,-1.08,-78.67,19.0,1997,4,10,12,21,48.0
3.0,Mw,-1.08,-78.76,17.29,1997,4,11,0,24,29.0
3.5,Mw,0.95,-78.11,9.1,1997,4,11,1,27,31.0
3.1,Mw,-1.05,-78.75,6.3,1997,4,11,2,17,13.0
3.4,Mw,-2.7,-78.23,3.57,1997,5,1,4,27,8.0
3.9,Mw,-2.35,-79.8,15.23,1997,5,1,9,42,0.0
3.8,Mw,0.06,-78.43,0.3,1997,5,2,2,15,56.0
4.8,Mw,-1.54,-78.0,189.8,1997,5,2,7,30,34.0
3.7,Mw,0.07,-78.42,-0.1,1997,5,2,11,27,52.0
3.0,Mw,0.1,-78.44,8.49,1997,5,2,11,57,37.0
3.4,Mw,0.09,-78.45,5.5,1997,5,2,17,46,38.0
3.4,Mw,-2.28,-78.6,119.5,1997,5,3,1,36,6.0
3.4,Mw,-1.27,-79.79,0.0,1997,5,3,18,7,25.0
3.3,Mw,-1.46,-78.12,163.4,1997,5,3,23,52,11.0
3.7,Mw,-1.08,-78.28,5.7,1997,5,4,7,6,0.0
3.0,Mw,-1.87,-77.74,24.05,1997,5,5,18,57,35.0
3.7,Mw,-2.26,-78.05,10.4,1997,5,5,19,20,21.0
3.2,Mw,-0.05,-79.23,20.8,1997,5,6,1,58,7.0
3.7,Mw,-2.1,-78.08,14.9,1997,5,6,6,30,26.0
3.1,Mw,-0.5,-80.33,111.4,1997,5,6,19,43,9.0
3.2,Mw,-1.11,-78.8,12.1,1997,5,7,9,27,12.0
3.2,Mw,-0.08,-78.52,12.8,1997,5,7,17,45,26.0
3.1,Mw,-0.1,-78.46,0.5,1997,5,7,18,10,56.0
3.0,Mw,-0.08,-78.47,7.68,1997,5,7,19,8,29.0
3.1,Mw,-0.95,-79.22,115.2,1997,5,8,3,59,9.0
3.0,Mw,-0.15,-78.52,10.33,1997,5,8,11,55,11.0
3.3,Mw,-0.1,-78.46,6.15,1997,5,8,11,57,44.0
3.0,Mw,-0.11,-78.47,5.0,1997,5,8,12,51,26.0
3.4,Mw,-1.04,-78.29,8.8,1997,5,8,21,5,13.0
3.0,Mw,-1.06,-78.27,5.52,1997,5,8,21,12,40.0
3.1,Mw,-1.06,-78.31,15.54,1997,5,8,21,21,27.0
3.0,Mw,-1.05,-78.29,10.65,1997,5,8,21,35,51.0
3.1,Mw,-0.21,-78.45,1.8,1997,5,8,23,10,47.0
3.2,Mw,-1.05,-78.3,9.6,1997,5,9,2,28,12.0
3.3,Mw,-1.05,-78.3,9.8,1997,5,9,2,35,18.0
3.2,Mw,-1.05,-78.3,9.0,1997,5,9,2,43,2.0
3.0,Mw,-1.05,-78.3,9.7,1997,5,9,4,39,40.0
3.0,Mw,-1.04,-78.3,5.1,1997,5,9,5,12,36.0
3.0,Mw,-0.12,-78.46,0.4,1997,5,9,12,4,45.0
3.0,Mw,-1.06,-78.26,7.75,1997,5,9,17,29,5.0
3.1,Mw,-0.1,-78.45,-0.8,1997,5,9,22,50,25.0
3.3,Mw,-0.1,-78.45,-1.3,1997,5,9,22,54,26.0
3.0,Mw,-0.08,-78.47,2.71,1997,5,9,22,57,12.0
3.2,Mw,-0.09,-78.46,7.54,1997,5,10,0,33,6.0
3.5,Mw,-1.02,-80.69,17.9,1997,5,10,4,21,37.0
3.1,Mw,-0.66,-79.26,82.3,1997,5,10,5,42,12.0
3.0,Mw,-1.06,-78.26,11.09,1997,5,10,6,24,1.0
3.1,Mw,-0.9,-79.49,12.4,1997,5,10,9,17,35.0
3.1,Mw,-1.95,-79.14,114.0,1997,5,10,10,11,38.0
3.4,Mw,-2.75,-78.05,12.0,1997,5,10,11,29,1.0
3.2,Mw,0.22,-80.04,21.1,1997,5,10,17,26,14.0
3.0,Mw,-1.06,-78.27,10.8,1997,5,11,1,43,14.0
3.3,Mw,0.27,-77.15,0.57,1997,5,11,4,58,33.0
3.0,Mw,-0.2,-78.44,1.68,1997,5,12,10,0,43.0
3.2,Mw,1.02,-77.74,5.66,1997,5,12,15,11,34.0
3.2,Mw,-1.91,-78.13,185.0,1997,5,13,18,53,12.0
3.2,Mw,0.44,-78.2,0.7,1997,5,15,0,30,51.0
3.2,Mw,1.01,-79.58,12.0,1997,5,15,10,17,0.0
3.2,Mw,-0.76,-79.23,105.7,1997,5,15,19,53,12.0
3.2,Mw,-1.23,-80.78,14.0,1997,5,16,2,28,24.0
3.7,Mw,-1.45,-81.14,6.8,1997,5,16,2,29,35.0
3.2,Mw,-1.14,-78.33,7.8,1997,5,17,9,44,24.0
3.2,Mw,-1.18,-77.53,19.8,1997,5,19,0,12,20.0
3.2,Mw,-0.76,-78.65,16.91,1997,5,19,1,58,33.0
3.1,Mw,-0.78,-78.64,26.39,1997,5,19,2,27,9.0
3.2,Mw,-0.75,-78.66,14.2,1997,5,19,2,50,18.0
3.1,Mw,0.73,-78.9,46.3,1997,5,19,3,43,27.0
3.3,Mw,-2.12,-79.57,83.7,1997,5,19,21,44,18.0
3.1,Mw,-1.0,-77.76,7.28,1997,5,20,9,31,25.0
3.2,Mw,-1.01,-78.29,6.0,1997,5,20,9,53,24.0
3.1,Mw,-1.0,-78.28,6.8,1997,5,20,10,55,38.0
3.1,Mw,0.86,-79.15,20.01,1997,5,20,12,13,47.0
3.3,Mw,-0.96,-79.15,123.2,1997,5,20,12,51,41.0
3.1,Mw,-0.01,-77.3,6.1,1997,5,21,11,45,22.0
4.1,Mw,-2.72,-77.96,12.0,1997,5,21,20,42,24.0
3.1,Mw,-1.46,-79.13,14.5,1997,5,22,4,7,16.0
3.0,Mw,-0.98,-78.73,15.4,1997,5,22,6,22,8.0
3.8,Mw,-1.99,-77.67,185.1,1997,5,22,13,35,33.0
3.3,Mw,-2.95,-77.97,12.0,1997,5,22,14,17,27.0
3.3,Mw,-2.61,-78.0,134.2,1997,5,23,4,0,51.0
3.4,Mw,-2.4,-78.1,12.0,1997,5,23,18,37,54.0
3.5,Mw,-2.64,-79.54,30.0,1997,5,24,14,8,48.0
3.8,Mw,-2.65,-77.98,0.57,1997,5,24,16,33,48.0
3.3,Mw,-2.9,-78.06,12.0,1997,5,24,18,14,22.0
3.4,Mw,-1.2,-78.17,6.0,1997,5,25,0,56,34.0
3.0,Mw,-0.72,-78.67,9.1,1997,5,25,15,17,48.0
4.4,Mw,-1.81,-79.74,60.7,1997,5,25,22,22,45.0
3.4,Mw,-1.81,-77.68,10.25,1997,5,25,23,18,53.0
4.0,Mw,-2.71,-78.04,5.0,1997,5,26,5,52,25.0
3.4,Mw,-0.1,-78.46,0.1,1997,5,27,12,19,51.0
3.4,Mw,-0.46,-78.66,14.5,1997,5,27,17,49,34.0
3.4,Mw,-1.91,-78.21,29.0,1997,5,28,1,16,27.0
3.0,Mw,-1.1,-78.26,5.0,1997,5,28,5,12,37.0
3.0,Mw,-0.88,-79.8,37.7,1997,5,28,18,24,25.0
3.1,Mw,-2.45,-78.35,141.0,1997,5,29,0,43,27.0
3.5,Mw,1.03,-79.0,30.6,1997,5,29,10,22,40.0
3.0,Mw,-1.08,-78.75,13.96,1997,5,31,8,53,34.0
3.5,Mw,-2.85,-78.86,5.0,1997,6,1,5,14,3.0
3.0,Mw,-1.07,-78.32,7.9,1997,6,1,23,9,51.0
3.1,Mw,-1.12,-78.19,3.4,1997,6,3,4,26,28.0
3.1,Mw,-1.39,-78.18,178.2,1997,6,4,4,25,47.0
3.3,Mw,-1.07,-78.34,-0.2,1997,6,5,0,21,12.0
3.3,Mw,-1.08,-78.32,5.9,1997,6,5,1,29,54.0
4.3,Mw,3.42,-83.99,33.0,1997,6,5,16,14,34.0
3.4,Mw,-0.7,-78.66,17.1,1997,6,5,23,55,34.0
3.1,Mw,-2.8,-78.06,8.0,1997,6,6,12,48,55.0
3.3,Mw,-0.69,-78.68,20.7,1997,6,7,14,28,12.0
3.4,Mw,-1.1,-78.26,5.5,1997,6,8,8,13,30.0
3.0,Mw,0.08,-78.37,10.0,1997,6,8,9,43,54.0
4.0,Mw,-0.59,-80.88,50.0,1997,6,8,10,35,37.0
3.5,Mw,-2.64,-77.63,12.0,1997,6,8,19,18,2.0
3.1,Mw,-1.01,-78.3,6.0,1997,6,9,1,37,11.0
3.5,Mw,-2.24,-77.89,8.7,1997,6,10,17,42,45.0
3.3,Mw,-2.36,-77.95,12.0,1997,6,11,2,24,44.0
3.1,Mw,-1.06,-78.77,25.34,1997,6,11,9,59,22.0
3.1,Mw,-1.86,-78.0,193.2,1997,6,11,19,55,6.0
4.2,Mw,1.21,-78.5,25.9,1997,6,12,11,35,28.0
3.1,Mw,-1.27,-79.17,101.9,1998,1,25,19,12,37.0
3.2,Mw,-1.14,-78.17,5.3,1998,1,26,8,28,52.0
3.1,Mw,-0.79,-80.92,52.0,1998,1,26,15,23,21.0
3.4,Mw,-2.46,-78.04,195.1,1998,1,27,7,51,39.0
3.6,Mw,-1.99,-80.67,26.0,1998,1,28,22,23,26.0
3.2,Mw,-1.74,-77.51,8.3,1998,1,29,17,3,1.0
3.4,Mw,-2.4,-79.19,3.5,1998,1,30,10,46,24.0
3.0,Mw,-1.7,-80.08,14.74,1998,1,30,14,30,49.0
3.1,Mw,-2.29,-77.91,18.9,1998,1,31,0,38,18.0
3.5,Mw,-2.64,-78.01,3.0,1998,1,31,9,43,27.0
4.4,Mw,3.3,-83.0,2.8,1998,1,31,19,20,6.0
3.2,Mw,-1.05,-78.74,7.4,1998,2,1,14,57,9.0
3.0,Mw,-1.08,-79.89,30.37,1998,2,1,19,33,11.0
3.5,Mw,-1.49,-81.06,12.0,1998,2,2,7,58,55.0
3.2,Mw,-0.63,-79.66,52.8,1998,2,2,21,49,5.0
3.8,Mw,-1.55,-81.31,35.0,1998,2,3,4,16,11.0
3.5,Mw,-0.16,-78.35,10.2,1998,2,3,16,39,50.0
3.5,Mw,-2.52,-78.09,12.3,1998,2,4,3,59,16.0
3.0,Mw,-2.63,-77.97,12.0,1998,2,4,4,21,3.0
3.2,Mw,-0.88,-79.48,12.0,1998,2,5,2,20,26.0
3.0,Mw,0.7,-78.0,6.9,1998,2,5,4,27,41.0
3.4,Mw,0.7,-79.66,12.0,1998,2,5,23,43,48.0
3.3,Mw,-2.63,-78.09,17.8,1998,2,7,14,11,25.0
3.0,Mw,-2.99,-77.86,12.0,1998,2,7,14,47,13.0
3.1,Mw,-1.02,-79.5,78.5,1998,2,7,14,56,58.0
3.1,Mw,-2.57,-77.53,12.0,1998,2,7,17,35,39.0
3.1,Mw,-0.99,-78.06,13.0,1998,2,9,20,18,44.0
3.0,Mw,-1.04,-79.33,10.4,1998,2,10,5,2,59.0
3.1,Mw,0.6,-78.66,18.1,1998,2,10,23,39,23.0
3.8,Mw,1.28,-79.41,5.0,1998,2,11,7,36,51.0
3.3,Mw,1.1,-79.52,5.0,1998,2,11,9,9,35.0
3.1,Mw,-0.75,-78.67,28.35,1998,2,12,5,37,54.0
3.4,Mw,-1.47,-81.04,12.0,1998,2,12,7,52,53.0
3.0,Mw,-1.06,-78.32,5.9,1998,2,12,20,39,3.0
3.3,Mw,-1.54,-78.92,31.9,1998,2,12,23,4,9.0
3.3,Mw,-2.56,-78.0,6.0,1998,2,13,3,51,24.0
3.5,Mw,-1.63,-77.22,16.0,1998,2,14,11,36,41.0
3.5,Mw,-2.39,-78.03,10.8,1998,2,15,20,56,51.0
3.3,Mw,-2.97,-77.41,4.68,1998,2,16,1,54,19.0
3.2,Mw,1.16,-79.35,10.0,1998,2,16,3,21,54.0
3.3,Mw,-2.38,-79.95,12.0,1998,2,16,7,33,30.0
3.1,Mw,-0.88,-79.69,9.1,1998,2,16,15,6,3.0
3.0,Mw,0.24,-80.06,5.72,1998,2,16,16,26,25.0
3.2,Mw,0.26,-79.96,4.0,1998,2,16,16,28,20.0
3.1,Mw,-1.08,-78.29,6.5,1998,2,16,23,37,20.0
3.5,Mw,-2.58,-78.08,10.7,1998,2,18,12,31,42.0
3.5,Mw,-1.59,-79.57,8.8,1998,2,19,2,56,49.0
3.0,Mw,-0.48,-78.3,14.03,1998,2,19,10,15,47.0
3.7,Mw,-2.86,-80.35,12.0,1998,2,20,3,26,54.0
3.2,Mw,1.05,-79.42,6.47,1998,2,20,10,26,6.0
3.0,Mw,-2.01,-80.22,12.0,1998,2,21,6,35,45.0
3.2,Mw,-1.03,-78.31,6.0,1998,2,23,22,43,19.0
3.4,Mw,-1.13,-78.33,12.4,1998,2,23,23,45,44.0
3.0,Mw,-0.84,-79.02,75.3,1998,2,24,1,8,17.0
3.0,Mw,-1.12,-78.33,-1.0,1998,2,24,2,20,31.0
3.1,Mw,-1.12,-78.37,0.0,1998,2,24,5,20,34.0
3.1,Mw,-1.12,-78.35,0.1,1998,2,24,10,24,38.0
3.4,Mw,-2.74,-77.91,5.0,1998,2,24,14,12,55.0
3.0,Mw,-1.02,-78.31,4.2,1998,2,25,8,25,59.0
3.2,Mw,-1.27,-78.41,17.6,1998,2,25,14,46,4.0
3.3,Mw,-0.94,-79.4,77.8,1998,2,26,2,31,16.0
3.4,Mw,-1.12,-78.15,-0.4,1998,2,26,19,28,37.0
3.0,Mw,-1.11,-78.19,8.3,1998,2,27,12,54,16.0
3.9,Mw,-2.39,-78.48,81.14,1998,2,28,3,27,50.0
3.3,Mw,0.21,-80.18,6.0,1998,2,28,14,25,8.0
3.1,Mw,-1.13,-78.39,7.5,1998,2,28,22,57,59.0
3.1,Mw,-2.82,-78.06,12.0,1998,3,2,11,59,54.0
3.2,Mw,-1.55,-80.58,7.0,1998,3,2,14,41,5.0
3.2,Mw,-1.04,-78.27,9.2,1998,3,2,18,48,1.0
3.6,Mw,-1.03,-78.28,8.0,1998,3,2,19,26,16.0
3.0,Mw,-1.31,-79.78,12.0,1998,3,2,22,2,31.0
4.4,Mw,-2.15,-78.04,14.8,1998,3,3,13,16,39.0
3.7,Mw,-2.72,-80.01,12.0,1998,3,3,14,44,35.0
3.4,Mw,0.32,-80.06,12.0,1998,3,4,2,48,8.0
3.3,Mw,-1.12,-79.2,107.9,1998,3,4,19,25,22.0
3.2,Mw,-1.05,-78.79,19.9,1998,3,5,10,27,25.0
3.1,Mw,-1.97,-79.9,8.31,1998,3,5,19,26,55.0
3.0,Mw,-1.3,-79.9,21.18,1998,3,6,3,15,13.0
3.5,Mw,-1.0,-78.31,6.3,1998,3,6,6,0,10.0
3.4,Mw,-0.49,-80.12,12.0,1998,3,6,23,51,45.0
4.1,Mw,1.35,-78.68,18.2,1998,3,8,8,6,46.0
3.1,Mw,0.44,-80.28,4.0,1998,3,8,17,27,13.0
3.6,Mw,-2.24,-80.43,12.0,1998,3,8,22,51,44.0
3.0,Mw,0.0,-78.51,21.0,1998,3,8,23,17,33.0
3.2,Mw,-1.18,-78.38,12.9,1998,3,10,11,4,55.0
3.6,Mw,-2.32,-79.84,12.0,1998,3,12,1,25,14.0
3.7,Mw,0.96,-78.56,44.7,1998,3,12,10,41,38.0
3.1,Mw,-2.9,-78.1,12.0,1998,3,12,18,31,57.0
3.3,Mw,-1.08,-78.26,3.68,1998,3,13,4,55,6.0
3.7,Mw,-2.6,-77.62,36.7,1998,3,13,6,27,3.0
3.0,Mw,-1.08,-79.98,12.0,1998,3,13,15,40,26.0
3.6,Mw,-1.01,-78.31,6.4,1998,3,14,12,41,46.0
3.6,Mw,-1.14,-78.72,12.0,1998,3,15,5,26,45.0
3.6,Mw,-2.73,-77.96,5.0,1998,3,16,7,30,34.0
3.6,Mw,-1.7,-80.62,12.0,1998,3,17,3,30,37.0
3.0,Mw,-1.07,-78.32,8.8,1998,3,17,4,27,31.0
4.0,Mw,-3.9,-77.14,100.0,1998,3,17,10,3,28.0
3.3,Mw,-1.74,-77.55,194.4,1998,3,18,1,31,39.0
3.1,Mw,-1.13,-79.72,8.3,1998,3,18,4,24,43.0
3.0,Mw,-1.08,-78.28,10.0,1998,3,18,5,39,54.0
3.4,Mw,-1.78,-77.98,197.1,1998,3,18,11,31,51.0
3.0,Mw,-0.99,-78.32,5.1,1998,3,19,12,30,56.0
3.5,Mw,-1.1,-78.35,2.3,1998,3,19,23,17,58.0
3.1,Mw,-1.04,-79.66,39.9,1998,3,20,5,33,17.0
3.4,Mw,0.83,-79.07,23.6,1998,3,20,5,53,13.0
5.0,Mw,-4.34,-80.7,40.9,1998,3,21,2,18,56.0
3.1,Mw,0.89,-79.5,12.0,1998,3,21,20,17,20.0
3.4,Mw,-1.05,-78.33,8.3,1998,3,21,23,14,40.0
3.7,Mw,-1.13,-78.4,6.2,1998,3,23,10,32,47.0
3.6,Mw,-1.28,-79.81,12.0,1998,3,25,20,26,18.0
3.1,Mw,-0.5,-77.5,1.9,1998,3,25,20,40,39.0
5.1,Mw,-0.98,-81.0,21.94,1998,7,1,14,57,14.0
3.3,Mw,-1.15,-80.98,3.43,1998,7,1,15,39,1.0
3.4,Mw,-1.01,-80.76,1.9,1998,7,1,17,24,38.0
3.8,Mw,-1.18,-80.94,7.2,1998,7,1,20,46,3.0
3.9,Mw,-1.13,-80.88,7.6,1998,7,1,21,5,18.0
3.6,Mw,-1.08,-80.87,5.3,1998,7,1,21,9,32.0
3.3,Mw,-1.33,-80.87,12.0,1998,7,1,22,22,0.0
3.4,Mw,-1.05,-80.81,6.0,1998,7,1,23,49,13.0
3.4,Mw,-1.21,-81.06,12.0,1998,7,2,1,14,47.0
3.2,Mw,-1.2,-81.21,12.0,1998,7,2,1,51,36.0
3.4,Mw,-0.97,-80.55,4.9,1998,7,2,4,57,54.0
3.9,Mw,-1.21,-80.85,10.2,1998,7,2,8,20,5.0
3.7,Mw,-1.36,-80.81,10.7,1998,7,2,8,58,26.0
3.3,Mw,-2.72,-79.11,30.68,1998,7,2,9,22,25.0
4.0,Mw,-1.29,-80.94,6.4,1998,7,2,14,57,46.0
3.5,Mw,-1.36,-80.9,4.7,1998,7,2,15,16,22.0
3.9,Mw,-1.1,-80.77,3.2,1998,7,2,15,49,40.0
3.8,Mw,-1.37,-80.83,6.2,1998,7,2,17,24,42.0
3.3,Mw,-1.04,-78.29,9.3,1998,7,2,19,32,19.0
3.5,Mw,-1.07,-80.8,9.4,1998,7,3,1,42,23.0
3.3,Mw,-1.49,-81.16,5.8,1998,7,3,4,21,23.0
3.9,Mw,-1.26,-81.03,20.36,1998,7,3,4,42,54.0
3.6,Mw,-1.03,-80.85,7.4,1998,7,3,6,0,33.0
3.4,Mw,-1.06,-80.76,5.8,1998,7,3,6,24,29.0
3.6,Mw,-1.02,-80.92,3.1,1998,7,3,6,35,51.0
4.6,Mw,-1.86,-77.1,244.0,1998,7,3,6,41,58.0
3.4,Mw,-0.84,-80.78,6.7,1998,7,3,7,19,19.0
3.4,Mw,-1.31,-80.99,5.2,1998,7,3,8,11,27.0
3.7,Mw,-1.23,-80.85,5.5,1998,7,3,9,49,46.0
3.8,Mw,-1.25,-80.94,3.0,1998,7,3,11,41,23.0
3.2,Mw,-1.27,-80.86,7.2,1998,7,3,11,50,2.0
3.5,Mw,-0.94,-80.74,1.7,1998,7,3,13,10,56.0
3.0,Mw,-2.61,-77.87,8.5,1998,7,3,13,23,55.0
4.4,Mw,-3.98,-80.31,75.5,1998,7,3,16,41,48.0
3.5,Mw,-1.11,-80.81,7.6,1998,7,3,19,25,3.0
3.3,Mw,-1.02,-80.54,5.8,1998,7,3,19,34,23.0
3.5,Mw,-1.02,-80.82,5.7,1998,7,3,19,51,10.0
3.8,Mw,-1.42,-80.9,3.4,1998,7,3,20,45,15.0
3.5,Mw,-1.23,-80.87,5.1,1998,7,3,23,34,54.0
3.3,Mw,-1.42,-80.97,5.0,1998,7,4,4,13,11.0
3.7,Mw,-1.37,-80.9,4.1,1998,7,4,6,32,31.0
3.5,Mw,-1.24,-80.78,12.8,1998,7,4,6,44,31.0
3.2,Mw,-1.01,-79.26,94.1,1998,7,4,7,26,53.0
3.9,Mw,-1.08,-80.99,8.7,1998,7,4,8,41,21.0
3.4,Mw,-0.91,-80.11,7.71,1998,7,4,11,58,13.0
3.7,Mw,-1.1,-80.87,6.3,1998,7,5,6,53,12.0
3.3,Mw,0.07,-80.27,20.1,1998,7,6,5,9,10.0
4.2,Mw,-1.42,-80.72,62.3,1998,7,6,8,59,55.0
4.3,Mw,-1.54,-80.97,5.7,1998,7,6,9,31,27.0
4.0,Mw,-1.02,-80.67,14.0,1998,7,6,10,33,59.0
3.3,Mw,-1.27,-80.88,8.0,1998,7,6,10,50,1.0
3.1,Mw,-0.44,-78.61,12.77,1998,7,6,18,6,49.0
3.2,Mw,-2.24,-78.27,27.0,1998,7,7,4,18,26.0
3.2,Mw,-2.96,-78.05,5.0,1998,7,7,23,8,17.0
3.0,Mw,-0.15,-78.45,9.27,1998,7,8,2,57,26.0
3.5,Mw,-0.14,-78.48,4.1,1998,7,8,7,56,29.0
3.6,Mw,-1.39,-80.97,2.3,1998,7,8,13,39,18.0
3.3,Mw,-2.86,-79.72,16.0,1998,7,8,13,43,44.0
4.2,Mw,-0.99,-80.85,11.2,1998,7,9,9,55,5.0
3.4,Mw,-1.0,-80.89,3.3,1998,7,10,0,34,47.0
3.8,Mw,-1.91,-77.56,162.0,1998,7,10,1,44,31.0
3.5,Mw,-1.07,-81.11,5.5,1998,7,10,8,19,18.0
3.3,Mw,-0.66,-78.14,12.2,1998,7,10,9,47,34.0
4.7,Mw,-6.08,-77.05,45.0,1998,7,10,20,56,29.0
3.4,Mw,-1.03,-78.72,10.6,1998,7,11,23,35,56.0
3.1,Mw,-1.02,-78.73,0.7,1998,7,12,1,39,36.0
4.0,Mw,-4.94,-80.28,76.8,1998,7,12,8,2,15.0
3.3,Mw,-1.7,-77.71,201.5,1998,7,13,17,29,0.0
3.1,Mw,-1.2,-80.63,43.26,1998,7,13,21,49,32.0
3.9,Mw,-2.31,-79.33,106.6,1998,7,14,11,47,53.0
3.7,Mw,-1.12,-81.08,8.0,1998,7,14,19,55,5.0
3.2,Mw,-0.91,-78.55,114.1,1998,7,14,20,53,16.0
3.7,Mw,-0.96,-80.82,6.0,1998,7,15,1,22,42.0
3.6,Mw,-2.89,-77.87,10.0,1998,7,15,4,34,37.0
3.5,Mw,-1.67,-78.1,174.0,1998,7,15,8,18,28.0
3.3,Mw,-2.49,-78.01,2.9,1998,7,16,7,48,6.0
3.9,Mw,-1.65,-80.31,9.23,1998,7,17,13,52,47.0
3.8,Mw,-2.93,-80.54,20.0,1998,7,17,23,48,4.0
3.5,Mw,-2.63,-77.99,2.2,1998,7,17,23,59,14.0
4.2,Mw,-2.66,-77.97,1.6,1998,7,18,3,9,52.0
3.2,Mw,-2.56,-79.61,10.0,1998,7,18,14,47,3.0
4.0,Mw,-1.75,-80.59,62.1,1998,7,18,21,39,1.0
4.4,Mw,1.2,-77.89,2.7,1998,7,18,23,51,27.0
3.5,Mw,1.23,-77.85,0.5,1998,7,19,0,4,44.0
3.4,Mw,-1.76,-80.24,17.1,1998,7,19,4,52,28.0
3.2,Mw,-1.02,-78.31,11.24,1998,7,19,11,10,49.0
3.1,Mw,-1.55,-80.4,8.0,1998,7,19,13,24,35.0
4.1,Mw,-6.01,-76.89,47.5,1998,7,19,18,15,12.0
3.7,Mw,-2.71,-77.93,3.8,1998,7,20,0,48,4.0
3.4,Mw,-1.84,-80.33,12.0,1998,7,20,11,35,32.0
3.8,Mw,-0.62,-79.38,32.5,1998,7,20,15,28,19.0
3.0,Mw,-1.05,-78.34,8.6,1998,7,20,21,51,8.0
3.2,Mw,-0.59,-79.44,9.1,1998,7,21,11,44,52.0
3.3,Mw,-1.28,-80.89,2.6,1998,7,21,14,38,56.0
3.6,Mw,-2.56,-78.0,9.0,1998,7,21,17,2,36.0
3.1,Mw,-2.61,-79.28,86.0,1998,11,28,1,0,0.0
3.3,Mw,-0.11,-80.73,25.0,1998,11,28,3,43,12.0
3.4,Mw,-1.06,-78.32,10.7,1998,11,28,18,5,16.0
3.5,Mw,-1.99,-77.81,10.9,1998,11,28,18,57,22.0
3.0,Mw,-1.05,-78.32,9.0,1998,11,28,22,35,10.0
4.3,Mw,2.15,-83.3,33.0,1998,11,29,5,36,2.0
3.4,Mw,-2.72,-79.44,12.0,1998,11,29,21,37,11.0
3.0,Mw,-1.03,-79.31,100.6,1998,11,29,22,26,32.0
3.3,Mw,-1.19,-78.35,18.0,1998,11,30,2,4,8.0
3.1,Mw,-1.21,-78.35,12.1,1998,11,30,2,47,26.0
3.1,Mw,1.01,-78.22,35.04,1998,11,30,8,15,1.0
3.2,Mw,-1.37,-78.08,167.6,1999,4,1,7,47,38.0
3.1,Mw,1.35,-78.52,8.3,1999,4,1,10,41,25.0
3.0,Mw,-1.08,-78.7,14.55,1999,4,2,15,40,54.0
3.6,Mw,-2.64,-79.72,12.0,1999,4,3,1,21,14.0
3.0,Mw,-2.02,-79.41,129.0,1999,4,3,15,41,53.0
3.4,Mw,-2.13,-79.7,21.02,1999,4,3,18,14,17.0
3.3,Mw,-1.03,-78.26,9.1,1999,4,3,18,43,47.0
3.8,Mw,0.43,-79.55,5.8,1999,4,4,4,41,27.0
3.7,Mw,0.04,-78.94,7.9,1999,4,4,15,23,17.0
3.5,Mw,0.41,-79.59,7.3,1999,4,5,9,13,55.0
4.0,Mw,3.89,-77.93,169.0,1999,4,6,2,9,16.0
3.0,Mw,-0.16,-79.05,14.3,1999,4,6,2,41,4.0
3.5,Mw,-1.95,-78.41,132.2,1999,4,6,2,53,54.0
4.8,Mw,3.89,-78.06,33.0,1999,4,6,3,58,46.0
3.4,Mw,-2.74,-81.19,12.0,1999,4,6,10,22,28.0
3.4,Mw,-2.81,-81.2,12.0,1999,4,6,12,25,55.0
3.0,Mw,-1.04,-78.25,9.0,1999,4,6,16,55,37.0
4.3,Mw,-6.44,-80.78,28.0,1999,4,7,18,13,42.0
3.5,Mw,-1.04,-78.28,12.0,1999,4,7,20,4,51.0
3.3,Mw,-1.03,-78.26,11.3,1999,4,8,20,26,35.0
3.0,Mw,-0.31,-79.37,21.38,1999,4,10,2,42,11.0
3.2,Mw,-1.13,-78.31,12.0,1999,4,10,11,49,32.0
3.8,Mw,-1.13,-78.27,5.6,1999,4,10,12,3,6.0
3.0,Mw,-1.14,-77.6,14.0,1999,4,12,14,36,26.0
3.4,Mw,-1.02,-78.28,8.9,1999,4,13,15,33,18.0
3.5,Mw,-0.92,-79.51,86.9,1999,4,16,15,20,12.0
4.6,Mw,-6.0,-77.12,42.7,1990,5,30,5,36,22.0
4.3,Mw,-6.0,-76.97,51.3,1990,5,30,7,3,47.0
4.7,Mw,-6.04,-77.08,42.0,1990,5,30,9,53,16.0
4.5,Mw,-5.89,-76.9,33.0,1990,5,30,15,12,45.0
5.6,Mw,-6.05,-77.16,26.9,1990,5,30,16,49,29.0
5.1,Mw,-6.02,-76.88,29.0,1990,6,1,10,59,26.0
4.8,Mw,-5.93,-77.21,44.7,1990,6,3,0,55,19.0
4.7,Mw,-6.05,-77.09,45.3,1990,6,3,7,57,28.0
4.7,Mw,-6.25,-77.23,10.0,1990,6,4,23,0,9.0
5.3,Mw,-6.19,-77.26,23.9,1990,6,6,2,1,9.0
5.1,Mw,-6.13,-77.1,46.9,1990,6,8,21,30,45.0
5.5,Mw,-6.09,-77.12,23.2,1990,6,9,1,14,35.0
4.8,Mw,-6.18,-77.13,41.7,1990,6,15,7,21,59.0
4.7,Mw,-6.12,-77.36,33.0,1990,6,21,13,9,12.0
4.8,Mw,-6.21,-76.1,33.0,1990,6,25,2,52,19.0
4.5,Mw,-5.29,-79.17,42.1,1990,6,25,4,12,6.0
4.5,Mw,-1.45,-77.93,193.0,1990,6,25,18,34,59.0
3.2,Mw,-0.008,-80.8,33.0,1990,7,14,22,42,4.0
4.6,Mw,-2.45,-78.92,113.3,1990,7,15,10,10,20.0
5.2,Mw,-4.87,-80.89,41.2,1990,7,29,15,29,14.0
5.3,Mw,-0.03,-78.42,5.0,1990,8,11,2,59,57.0
3.8,Mw,-0.15,-78.62,14.3,1990,8,11,3,34,9.0
4.4,Mw,-0.38,-80.29,39.1,1990,8,12,5,35,19.0
4.8,Mw,-4.2,-80.51,68.6,1990,8,15,21,24,48.0
4.9,Mw,-2.45,-76.61,144.2,1990,8,18,11,7,33.0
6.2,Mw,-0.13,-80.23,14.0,1990,9,2,4,26,49.0
4.9,Mw,-0.15,-80.34,30.7,1990,9,2,5,7,16.0
4.9,Mw,-2.14,-80.22,79.9,1990,9,5,5,49,23.0
4.6,Mw,-5.86,-76.94,10.0,1990,9,8,4,11,2.0
4.1,Mw,0.04,-77.96,1.6,1990,9,24,8,49,36.0
4.3,Mw,-4.89,-80.77,66.5,1995,6,9,20,46,16.0
4.7,Mw,-6.64,-81.01,34.0,1995,6,11,7,48,8.0
3.4,Mw,1.19,-77.87,7.1,1998,7,21,20,7,35.0
3.4,Mw,-2.53,-78.42,17.8,1998,7,21,20,24,58.0
3.3,Mw,-0.6,-79.34,32.0,1998,7,21,22,50,26.0
3.0,Mw,-1.21,-78.27,16.0,1998,7,22,6,5,59.0
3.1,Mw,-0.58,-79.45,5.7,1998,7,22,11,9,32.0
3.3,Mw,-2.2,-77.76,9.0,1998,7,22,13,16,9.0
3.3,Mw,-1.06,-78.28,8.1,1998,7,22,23,48,9.0
3.2,Mw,0.29,-79.5,14.8,1998,7,23,9,59,51.0
4.0,Mw,-2.5,-77.86,30.58,1998,7,23,13,19,58.0
3.6,Mw,-2.53,-78.11,3.0,1998,7,24,8,28,54.0
3.0,Mw,-1.26,-78.45,16.0,1998,7,25,1,42,50.0
3.3,Mw,-1.88,-79.04,12.8,1998,7,25,6,2,30.0
3.0,Mw,-0.8,-77.66,18.0,1998,7,25,16,50,46.0
3.2,Mw,-2.1,-80.19,2.27,1998,7,26,10,1,3.0
3.3,Mw,-0.005,-78.47,5.8,1998,7,26,10,30,39.0
3.5,Mw,-2.39,-77.93,20.9,1998,7,26,18,58,34.0
3.4,Mw,-1.44,-79.24,14.9,1998,7,26,19,34,12.0
3.3,Mw,-1.45,-79.83,2.91,1998,7,27,1,30,5.0
3.1,Mw,-0.46,-77.49,2.9,1998,7,27,1,55,13.0
3.2,Mw,-0.59,-79.49,9.3,1998,7,27,7,39,27.0
3.7,Mw,-2.53,-78.08,5.9,1998,7,28,8,53,24.0
3.1,Mw,-1.02,-79.53,12.03,1998,7,28,10,30,44.0
3.0,Mw,-1.49,-79.38,9.34,1998,7,29,6,47,38.0
3.0,Mw,-0.62,-79.36,31.8,1998,7,29,15,40,6.0
3.6,Mw,-2.66,-78.21,12.4,1998,7,29,21,25,23.0
3.2,Mw,0.08,-79.03,16.5,1998,7,30,3,19,28.0
3.3,Mw,-1.12,-78.21,10.5,1998,7,30,4,22,27.0
3.1,Mw,-1.12,-78.28,20.0,1998,7,30,6,4,23.0
3.1,Mw,-0.03,-79.06,18.3,1998,7,30,18,19,35.0
3.2,Mw,0.37,-78.44,11.6,1998,7,30,21,29,18.0
3.0,Mw,-0.03,-78.49,6.2,1998,7,31,0,1,44.0
3.3,Mw,-1.22,-78.44,18.0,1998,7,31,0,52,47.0
3.0,Mw,-1.07,-78.29,4.5,1998,7,31,2,21,47.0
3.1,Mw,-0.04,-78.49,6.9,1998,7,31,2,29,7.0
4.0,Mw,0.13,-80.24,18.4,1998,7,31,12,31,56.0
3.1,Mw,0.1,-80.26,25.4,1998,7,31,15,11,10.0
3.5,Mw,-2.06,-79.75,37.0,1998,7,31,19,7,38.0
3.5,Mw,-1.06,-80.83,6.4,1998,7,31,20,14,38.0
3.5,Mw,-0.86,-78.58,2.6,1998,8,1,0,30,33.0
3.9,Mw,0.84,-77.81,1.3,1998,8,2,2,5,57.0
3.1,Mw,-0.65,-78.39,3.3,1998,8,2,6,49,51.0
3.0,Mw,-0.02,-78.52,18.23,1998,8,2,17,15,35.0
3.0,Mw,-2.73,-77.96,12.0,1998,8,4,11,58,6.0
5.2,Mw,-0.53,-80.48,37.03,1998,8,4,17,35,2.0
3.4,Mw,-0.43,-80.86,6.7,1998,8,4,18,14,19.0
7.1,Mw,-0.49,-80.66,34.6,1998,8,4,18,59,17.0
3.9,Mw,-0.63,-80.51,37.69,1998,8,4,19,21,37.0
3.3,Mw,-0.71,-80.45,15.6,1998,8,4,19,27,1.0
3.4,Mw,-0.68,-80.54,29.6,1998,8,4,19,32,25.0
3.9,Mw,-0.51,-80.92,15.36,1998,8,4,19,48,54.0
3.7,Mw,-0.63,-80.59,35.61,1998,8,4,19,57,44.0
4.1,Mw,-0.92,-79.92,52.8,1998,8,4,20,4,12.0
4.0,Mw,-0.71,-80.55,21.5,1998,8,4,20,12,46.0
3.9,Mw,-0.71,-80.61,35.86,1998,8,4,20,27,0.0
3.4,Mw,-0.38,-80.58,67.9,1998,8,4,20,34,30.0
3.9,Mw,-0.72,-80.57,21.5,1998,8,4,20,58,15.0
3.3,Mw,-0.7,-81.14,45.79,1998,8,4,21,6,48.0
4.0,Mw,-0.36,-80.45,38.6,1998,8,4,21,9,49.0
3.8,Mw,-0.49,-80.26,19.0,1998,8,4,21,56,12.0
3.6,Mw,-0.5,-80.31,22.7,1998,8,4,22,29,3.0
3.5,Mw,-2.7,-80.46,52.0,1998,8,4,22,52,28.0
4.2,Mw,-0.34,-80.43,25.3,1998,8,4,22,55,27.0
3.6,Mw,-0.66,-81.01,16.12,1998,8,4,23,29,39.0
3.8,Mw,-0.54,-80.66,12.3,1998,8,5,1,19,18.0
3.5,Mw,-0.26,-80.74,40.0,1998,8,5,1,48,54.0
3.3,Mw,-0.67,-80.88,20.0,1998,8,5,1,58,8.0
3.2,Mw,-0.79,-81.1,25.0,1998,8,5,2,2,18.0
4.0,Mw,-0.61,-80.6,39.9,1998,8,5,4,1,29.0
3.1,Mw,-0.54,-79.98,17.2,1998,8,5,4,40,18.0
3.2,Mw,-0.4,-80.76,40.0,1998,8,5,5,46,0.0
3.3,Mw,-0.46,-78.9,17.6,1998,8,5,6,35,56.0
3.0,Mw,-0.51,-79.81,20.0,1998,8,5,9,16,14.0
3.7,Mw,-1.29,-80.83,39.0,1998,8,5,9,51,31.0
3.4,Mw,-0.46,-80.64,12.0,1998,8,5,13,7,0.0
3.3,Mw,-0.13,-80.15,45.4,1998,8,5,13,11,42.0
3.9,Mw,-0.22,-80.57,15.1,1998,8,5,13,21,39.0
3.0,Mw,-0.07,-78.46,14.9,1998,8,5,13,52,40.0
3.5,Mw,-0.72,-80.49,13.8,1998,8,5,14,20,3.0
3.7,Mw,-0.88,-80.8,17.2,1998,8,5,14,28,16.0
3.1,Mw,-0.02,-78.49,3.3,1998,8,5,14,41,51.0
4.1,Mw,-0.24,-81.02,12.0,1998,8,5,18,30,34.0
3.4,Mw,-0.16,-80.96,12.17,1998,8,5,18,55,27.0
4.2,Mw,-0.38,-80.44,42.0,1998,8,5,21,33,54.0
4.1,Mw,-0.75,-81.06,20.57,1998,8,5,21,40,35.0
4.0,Mw,-0.48,-80.63,9.0,1998,8,5,22,16,46.0
3.2,Mw,0.19,-79.82,21.5,1998,9,27,18,4,15.0
3.1,Mw,-1.11,-77.79,23.2,1998,9,28,6,25,29.0
3.2,Mw,-0.66,-77.35,5.1,1998,9,28,9,0,7.0
4.3,Mw,-6.22,-81.0,123.0,1998,9,28,17,40,56.0
3.1,Mw,-1.7,-79.2,33.49,1998,9,29,6,56,57.0
3.2,Mw,0.68,-79.01,41.7,1998,9,29,15,59,1.0
3.0,Mw,-0.96,-79.25,75.0,1998,9,30,10,55,48.0
3.0,Mw,-1.0,-78.31,8.5,1998,10,1,9,3,44.0
3.3,Mw,-0.11,-80.91,30.0,1998,10,1,10,55,11.0
3.0,Mw,-1.01,-79.07,140.6,1998,10,1,11,54,57.0
3.9,Mw,-1.14,-80.82,13.6,1998,10,1,18,50,16.0
3.0,Mw,0.61,-79.19,33.5,1998,10,1,18,54,3.0
3.2,Mw,0.45,-79.25,68.0,1998,10,1,18,59,46.0
3.1,Mw,0.01,-78.49,1.3,1998,10,2,0,27,40.0
3.0,Mw,-0.11,-79.18,17.2,1998,10,2,11,22,39.0
3.4,Mw,-1.75,-81.23,12.0,1998,10,2,20,46,18.0
3.1,Mw,-1.05,-78.79,16.9,1998,10,4,1,50,27.0
3.2,Mw,-2.32,-78.08,10.0,1998,10,4,15,11,8.0
3.4,Mw,-1.37,-80.99,3.4,1998,10,5,5,43,49.0
3.4,Mw,-1.36,-80.88,5.1,1998,10,5,21,41,19.0
3.1,Mw,-0.72,-79.58,66.8,1998,10,6,5,32,45.0
3.1,Mw,-2.32,-78.07,8.8,1998,10,7,10,36,23.0
3.7,Mw,-0.22,-80.91,51.0,1998,10,7,21,8,9.0
4.5,Mw,-4.95,-77.81,44.6,1998,10,7,22,46,43.0
3.4,Mw,-2.88,-78.1,10.0,1998,10,8,7,3,24.0
3.2,Mw,-0.12,-77.64,4.0,1998,10,8,18,25,29.0
3.2,Mw,0.08,-80.08,28.3,1998,10,9,6,23,59.0
3.0,Mw,0.009,-78.5,4.9,1998,10,10,19,8,17.0
3.3,Mw,-0.008,-78.51,10.8,1998,10,11,0,33,37.0
3.8,Mw,-0.08,-80.91,31.93,1998,10,11,9,9,47.0
3.6,Mw,-0.17,-80.82,38.07,1998,10,11,9,46,56.0
3.0,Mw,-0.84,-79.4,11.7,1998,10,11,16,3,13.0
3.0,Mw,0.0,-78.5,4.1,1998,10,11,22,51,4.0
3.3,Mw,-0.86,-80.31,26.0,1998,10,12,2,29,20.0
3.4,Mw,-2.52,-78.06,2.9,1998,10,13,3,23,55.0
3.2,Mw,-1.77,-77.84,196.4,1998,10,13,15,31,46.0
3.0,Mw,0.0,-78.52,9.4,1998,10,14,14,18,11.0
3.0,Mw,-2.25,-79.78,86.3,1998,10,14,14,38,38.0
3.5,Mw,-0.66,-78.66,14.3,1998,10,14,22,52,38.0
3.1,Mw,-0.6,-77.6,15.6,1998,10,14,23,31,1.0
3.3,Mw,-2.67,-80.16,45.0,1998,10,15,3,51,10.0
4.0,Mw,-1.05,-78.81,20.4,1998,10,16,4,17,15.0
3.3,Mw,0.009,-78.51,11.2,1998,10,16,8,49,2.0
3.2,Mw,-0.14,-79.03,18.1,1998,10,16,10,36,56.0
3.1,Mw,-1.07,-78.73,12.0,1998,10,16,14,21,51.0
3.0,Mw,-0.03,-78.48,10.37,1998,10,16,17,17,1.0
3.2,Mw,-2.27,-79.39,88.7,1998,10,16,19,57,52.0
3.4,Mw,-1.05,-78.73,17.7,1998,10,17,13,6,58.0
3.0,Mw,0.02,-78.55,15.1,1998,10,18,8,24,8.0
3.2,Mw,-1.01,-78.32,16.42,1998,10,18,16,24,36.0
3.3,Mw,0.004,-79.69,20.35,1998,10,18,21,17,35.0
3.2,Mw,-0.94,-79.16,107.5,1998,10,18,21,52,28.0
3.2,Mw,-1.05,-78.32,9.0,1998,10,19,8,40,28.0
3.2,Mw,-1.1,-78.21,13.5,1998,10,19,13,35,33.0
3.1,Mw,-2.78,-78.16,20.0,1998,10,19,20,27,32.0
3.1,Mw,-0.21,-77.4,10.9,1998,10,19,20,58,40.0
4.5,Mw,3.5,-79.2,46.9,1998,10,19,23,5,16.0
3.6,Mw,-0.02,-78.49,13.12,1998,10,20,9,35,2.0
3.5,Mw,-2.21,-80.35,46.42,1998,10,20,11,53,23.0
3.4,Mw,-0.21,-80.98,46.2,1998,10,20,21,20,15.0
3.4,Mw,-1.87,-78.01,173.8,1998,10,20,21,22,7.0
3.1,Mw,0.03,-78.53,14.5,1998,10,21,2,25,59.0
3.1,Mw,0.009,-78.51,9.0,1998,10,21,3,46,39.0
3.1,Mw,1.24,-79.69,45.0,1998,10,21,13,47,38.0
4.0,Mw,-6.36,-76.99,133.8,1998,10,21,16,12,41.0
3.3,Mw,-2.18,-80.69,33.0,1998,10,21,19,49,23.0
3.1,Mw,0.0,-78.5,7.5,1998,10,22,2,59,15.0
5.4,Mw,-2.39,-76.25,146.5,1998,10,23,1,48,53.0
3.1,Mw,-1.04,-79.58,45.76,1998,10,23,20,54,9.0
3.7,Mw,-1.08,-80.53,18.0,1998,10,24,7,38,34.0
3.0,Mw,-1.56,-78.29,196.1,1998,10,25,9,31,39.0
3.0,Mw,-1.86,-79.39,132.2,1998,10,25,11,5,39.0
3.0,Mw,-2.5,-77.27,10.0,1998,10,26,0,3,19.0
3.0,Mw,-0.04,-78.47,13.0,1998,10,27,1,47,11.0
3.1,Mw,-0.02,-78.49,11.38,1998,10,27,2,29,20.0
3.5,Mw,-2.46,-79.15,92.3,1998,10,27,3,33,47.0
3.3,Mw,0.75,-78.52,20.0,1998,10,27,12,47,24.0
3.3,Mw,-2.67,-77.18,10.14,1998,10,27,14,7,36.0
3.2,Mw,-2.28,-79.27,101.2,1998,10,27,17,14,17.0
3.1,Mw,-0.84,-78.42,10.0,1998,10,28,3,19,2.0
3.1,Mw,-0.88,-79.4,12.3,1998,10,28,7,4,51.0
3.5,Mw,-0.53,-78.35,0.3,1998,10,28,9,50,18.0
3.3,Mw,-0.6,-78.4,18.91,1998,10,28,10,41,59.0
3.0,Mw,-0.58,-78.39,14.77,1998,10,28,12,57,19.0
3.0,Mw,-2.24,-77.23,6.0,1998,10,28,17,22,50.0
3.3,Mw,-2.75,-78.07,12.0,1998,10,30,2,58,29.0
3.3,Mw,-2.66,-79.71,35.19,1998,10,30,6,50,2.0
3.1,Mw,0.37,-78.89,100.4,1998,10,30,13,21,22.0
3.0,Mw,-0.87,-78.32,7.6,1998,10,31,15,19,27.0
3.4,Mw,-2.6,-78.03,2.9,1998,11,1,0,19,20.0
3.2,Mw,-0.22,-80.79,37.38,1998,11,1,3,3,34.0
4.0,Mw,-0.76,-80.6,39.77,1998,11,1,23,37,5.0
3.7,Mw,-2.05,-77.58,9.2,1998,11,2,2,26,57.0
3.3,Mw,-1.3,-77.63,3.6,1998,11,3,22,40,3.0
3.1,Mw,-1.05,-78.32,8.2,1998,11,4,14,48,28.0
3.4,Mw,-1.06,-78.3,11.5,1998,11,4,19,3,24.0
3.5,Mw,-1.06,-78.3,9.4,1998,11,5,17,49,39.0
3.0,Mw,-1.07,-78.33,12.67,1998,11,5,22,40,30.0
4.1,Mw,2.41,-79.83,33.0,1998,11,6,7,14,24.0
3.2,Mw,-1.96,-78.99,-4.9,1998,11,6,7,34,26.0
3.9,Mw,-0.45,-81.09,9.78,1998,11,7,3,28,58.0
3.9,Mw,-0.75,-80.89,7.6,1998,11,7,3,39,8.0
3.5,Mw,-1.26,-80.79,2.4,1998,11,8,0,1,59.0
3.0,Mw,-1.07,-78.31,12.28,1998,11,9,2,43,59.0
3.5,Mw,-0.77,-80.72,46.68,1998,11,9,10,19,22.0
3.1,Mw,-2.73,-77.99,12.0,1998,11,11,3,48,9.0
3.3,Mw,-1.15,-77.81,24.0,1998,11,11,4,23,58.0
3.1,Mw,-1.08,-78.31,8.2,1998,11,11,6,38,56.0
3.3,Mw,-0.7,-78.73,13.71,1998,11,11,8,28,37.0
3.6,Mw,-0.66,-80.81,0.3,1998,11,11,14,45,19.0
3.0,Mw,-0.03,-79.08,29.09,1998,11,12,18,25,12.0
3.0,Mw,-0.005,-79.14,13.99,1998,11,13,9,49,22.0
3.3,Mw,-2.7,-80.2,47.0,1998,11,14,1,57,24.0
3.2,Mw,-2.25,-77.17,8.89,1998,11,14,9,32,50.0
3.0,Mw,-0.67,-78.67,12.92,1998,11,14,14,28,54.0
3.0,Mw,-1.93,-77.13,13.83,1998,11,15,20,54,10.0
4.1,Mw,-3.9,-76.67,115.9,1998,11,15,23,54,50.0
3.0,Mw,-0.98,-78.07,3.29,1998,11,16,19,12,9.0
3.4,Mw,-1.4,-79.84,57.4,1998,11,18,9,10,17.0
3.2,Mw,-1.89,-79.86,40.86,1998,11,18,11,2,18.0
3.0,Mw,-1.16,-77.6,16.7,1998,11,21,14,20,27.0
3.1,Mw,-1.03,-78.31,14.73,1998,11,24,14,33,35.0
3.1,Mw,-0.31,-78.45,2.3,1998,11,25,17,8,24.0
3.0,Mw,-1.06,-78.41,11.5,1998,11,28,0,42,24.0
3.8,Mw,-2.15,-77.77,5.9,1998,11,30,15,52,32.0
3.5,Mw,-2.75,-79.92,10.0,1998,12,1,3,38,40.0
3.1,Mw,-1.2,-78.35,12.2,1998,12,1,5,8,18.0
3.1,Mw,-1.2,-78.35,15.0,1998,12,1,6,30,57.0
4.4,Mw,-6.21,-78.46,35.0,1998,12,1,14,55,20.0
3.1,Mw,-1.2,-78.34,18.5,1998,12,1,20,47,29.0
3.0,Mw,-2.21,-77.86,39.5,1998,12,1,21,48,34.0
3.3,Mw,-0.19,-78.05,10.0,1998,12,2,7,18,8.0
3.0,Mw,-0.76,-77.7,17.8,1998,12,2,10,41,56.0
3.8,Mw,-1.03,-80.26,22.5,1998,12,2,11,9,8.0
3.3,Mw,-2.15,-79.48,113.4,1998,12,2,12,26,13.0
3.2,Mw,-1.21,-78.33,13.9,1998,12,3,0,50,52.0
3.1,Mw,-1.19,-78.35,18.0,1998,12,3,2,30,44.0
3.2,Mw,-1.21,-78.34,17.4,1998,12,3,3,11,39.0
3.3,Mw,-0.71,-78.69,11.4,1998,12,3,9,50,58.0
4.1,Mw,-1.58,-77.97,179.2,1998,12,4,14,57,53.0
3.3,Mw,-2.75,-78.04,10.0,1998,12,4,23,20,10.0
3.6,Mw,-1.11,-80.99,24.0,1998,12,4,23,34,59.0
3.6,Mw,-1.67,-77.73,206.3,1998,12,5,20,14,23.0
3.2,Mw,-2.28,-79.98,16.07,1998,12,6,1,3,7.0
4.0,Mw,-1.88,-78.05,165.7,1998,12,6,10,4,49.0
3.0,Mw,-1.79,-77.35,22.12,1998,12,6,13,35,45.0
3.5,Mw,-0.97,-78.72,3.9,1998,12,6,14,25,23.0
3.1,Mw,-1.57,-78.4,17.34,1998,12,6,16,27,14.0
3.2,Mw,-2.19,-79.95,8.51,1998,12,7,6,20,58.0
3.4,Mw,-0.2,-79.93,28.0,1998,12,7,11,6,31.0
3.0,Mw,-0.83,-79.91,14.55,1998,12,7,11,17,36.0
3.8,Mw,-2.69,-78.54,97.79,1998,12,7,12,43,43.0
3.2,Mw,-1.06,-78.34,6.3,1998,12,8,7,53,17.0
3.1,Mw,-2.44,-78.04,6.0,1998,12,8,11,40,36.0
3.5,Mw,-1.4,-80.97,5.6,1998,12,8,18,56,47.0
3.0,Mw,-0.45,-79.56,43.98,1998,12,9,5,30,0.0
3.5,Mw,-2.53,-79.98,12.0,1998,12,9,5,55,39.0
3.9,Mw,-2.79,-78.01,7.37,1997,6,12,19,17,42.0
3.9,Mw,-1.07,-78.29,7.9,1997,6,13,13,31,7.0
3.2,Mw,-1.08,-78.3,4.1,1997,6,13,13,39,15.0
3.1,Mw,-0.22,-78.88,21.8,1997,6,14,14,55,20.0
3.1,Mw,-2.62,-77.99,5.0,1997,6,15,0,10,2.0
3.2,Mw,-2.59,-77.99,5.0,1997,6,15,4,14,35.0
4.5,Mw,-1.24,-78.04,171.8,1997,6,16,9,25,18.0
4.0,Mw,-1.39,-80.37,14.7,1997,6,16,9,37,16.0
3.7,Mw,-0.41,-78.61,7.6,1997,6,17,6,15,44.0
4.2,Mw,-0.13,-77.41,16.3,1997,6,17,9,35,4.0
3.7,Mw,-2.2,-78.11,12.1,1997,6,17,18,3,3.0
3.0,Mw,-1.14,-78.36,19.8,1997,6,17,18,19,3.0
3.4,Mw,-2.73,-78.2,13.0,1997,6,18,1,19,10.0
3.5,Mw,-2.67,-78.06,1.53,1997,6,18,21,27,33.0
4.3,Mw,1.22,-77.79,39.0,1997,6,18,22,36,6.0
4.0,Mw,-2.43,-78.13,13.9,1997,6,19,17,48,5.0
3.7,Mw,-1.99,-78.93,122.8,1997,6,19,20,9,41.0
3.0,Mw,-1.03,-78.25,17.7,1997,6,20,1,6,45.0
3.0,Mw,-1.04,-78.26,4.8,1997,6,20,1,58,6.0
3.1,Mw,-1.1,-78.31,4.8,1997,6,20,10,41,36.0
3.4,Mw,-2.06,-78.02,196.4,1997,6,20,18,8,22.0
3.1,Mw,-1.4,-78.03,184.8,1997,6,21,2,17,47.0
3.1,Mw,-1.39,-79.32,7.0,1997,6,21,11,31,49.0
3.3,Mw,-0.44,-78.65,10.0,1997,6,21,11,50,45.0
3.5,Mw,-2.32,-79.5,94.77,1997,6,21,16,25,28.0
3.0,Mw,-0.56,-78.39,8.71,1997,6,21,17,59,41.0
3.0,Mw,-0.76,-78.68,31.9,1997,6,22,6,0,9.0
3.8,Mw,0.28,-80.05,20.3,1997,6,22,10,18,21.0
3.8,Mw,-0.7,-78.68,15.0,1997,6,22,12,7,19.0
3.1,Mw,-0.06,-78.39,1.3,1997,6,22,13,29,54.0
3.1,Mw,-0.07,-78.4,7.0,1997,6,22,13,40,40.0
3.1,Mw,-0.69,-79.63,53.9,1997,6,23,1,4,39.0
3.1,Mw,0.1,-78.01,-1.1,1997,6,23,6,12,31.0
3.1,Mw,0.09,-78.48,8.2,1997,6,23,8,17,4.0
3.2,Mw,-1.06,-78.77,18.0,1997,6,23,15,7,4.0
3.5,Mw,-0.44,-77.21,6.8,1997,6,23,17,24,16.0
3.2,Mw,-0.92,-79.25,110.5,1997,6,23,19,14,44.0
3.7,Mw,-1.03,-78.28,3.1,1997,6,24,5,1,55.0
3.7,Mw,-1.04,-78.28,6.0,1997,6,24,5,4,27.0
3.3,Mw,0.05,-78.84,7.0,1997,6,24,10,21,19.0
3.3,Mw,-1.04,-78.28,6.4,1997,6,24,17,2,18.0
3.4,Mw,-1.07,-78.74,2.8,1997,6,24,17,30,51.0
3.4,Mw,-2.4,-78.08,4.0,1997,6,24,20,18,20.0
3.0,Mw,-0.8,-79.49,82.6,1997,6,25,3,22,22.0
3.0,Mw,-1.1,-78.38,7.8,1997,6,25,6,39,8.0
3.2,Mw,-1.14,-78.18,5.7,1998,1,22,5,20,22.0
3.1,Mw,-2.76,-78.07,12.0,1998,1,22,7,8,47.0
3.5,Mw,-0.94,-79.17,113.3,1998,1,22,10,59,8.0
3.4,Mw,-0.44,-79.52,12.0,1998,1,24,0,36,57.0
3.4,Mw,-2.77,-78.06,12.0,1998,1,24,8,3,8.0
3.5,Mw,-1.76,-81.25,40.0,1998,1,24,23,0,36.0
3.5,Mw,-1.96,-77.79,159.8,1998,1,24,23,6,35.0
3.0,Mw,-0.63,-77.45,6.0,1998,1,25,17,49,32.0
3.4,Mw,-1.51,-81.2,12.0,1998,1,25,18,51,50.0
3.0,Mw,-1.58,-79.02,148.2,1998,12,10,1,1,8.0
4.1,Mw,-0.73,-77.35,11.9,1998,12,11,14,9,44.0
3.8,Mw,-2.49,-80.68,12.0,1998,12,11,17,29,51.0
4.3,Mw,-1.89,-77.4,6.9,1998,12,11,20,36,42.0
3.5,Mw,0.52,-79.96,20.3,1998,12,12,16,40,14.0
3.2,Mw,0.52,-79.9,9.6,1998,12,13,9,20,47.0
3.0,Mw,-0.1,-78.38,12.0,1998,12,13,13,11,33.0
3.0,Mw,0.33,-80.08,20.2,1998,12,13,20,39,37.0
3.0,Mw,1.31,-79.26,6.76,1998,12,15,4,36,29.0
3.6,Mw,-1.37,-80.37,12.0,1998,12,16,7,49,41.0
3.0,Mw,-1.13,-78.66,25.0,1998,12,16,17,13,36.0
3.5,Mw,-2.31,-79.47,92.5,1998,12,18,1,54,42.0
3.1,Mw,0.23,-80.14,16.0,1999,1,7,10,10,9.0
3.2,Mw,-0.75,-78.73,24.9,1999,1,7,12,3,46.0
3.0,Mw,-1.0,-78.7,29.84,1999,1,7,14,40,8.0
3.0,Mw,0.23,-80.03,26.0,1999,1,7,15,3,20.0
3.3,Mw,-1.61,-80.69,41.21,1999,1,7,15,26,56.0
3.0,Mw,0.3,-77.26,2.5,1999,1,8,14,41,4.0
3.0,Mw,-1.82,-78.4,9.5,1999,1,8,19,25,53.0
3.1,Mw,-0.84,-79.81,19.0,1999,1,9,14,17,54.0
3.5,Mw,-1.37,-78.11,131.8,1999,1,10,1,39,37.0
3.0,Mw,-1.76,-80.13,33.0,1999,1,11,8,53,1.0
3.3,Mw,0.13,-80.3,22.4,1999,1,11,20,39,23.0
3.1,Mw,0.21,-80.08,16.0,1999,1,12,11,17,5.0
3.2,Mw,-0.47,-78.88,21.8,1999,1,13,6,49,51.0
3.2,Mw,-0.52,-77.93,5.7,1999,1,14,1,51,24.0
3.4,Mw,0.11,-77.42,1.9,1999,1,14,11,47,28.0
3.6,Mw,0.01,-79.97,30.0,1999,1,15,11,12,5.0
3.2,Mw,-0.64,-78.37,2.99,1999,1,15,12,22,26.0
3.1,Mw,0.27,-79.86,24.27,1999,1,15,19,42,28.0
3.3,Mw,-1.19,-78.44,11.9,1999,1,16,1,32,48.0
3.3,Mw,-0.75,-80.27,0.0,1999,1,16,11,8,33.0
3.4,Mw,-1.11,-81.09,20.0,1999,1,16,11,12,44.0
3.0,Mw,-0.67,-78.55,19.83,1999,1,16,16,55,14.0
3.2,Mw,-1.54,-77.82,8.73,1999,1,18,13,8,37.0
3.3,Mw,-1.97,-80.92,52.0,1999,1,19,9,43,44.0
3.2,Mw,-2.21,-77.58,12.0,1999,1,20,4,7,56.0
3.3,Mw,-2.99,-79.47,49.84,1999,1,20,11,7,48.0
3.4,Mw,-0.93,-79.18,102.9,1999,1,22,4,27,18.0
3.1,Mw,-0.47,-79.11,5.0,1999,1,22,12,32,46.0
3.0,Mw,-0.87,-79.73,26.13,1999,1,23,1,21,8.0
3.4,Mw,-2.18,-80.18,7.37,1999,1,23,15,8,10.0
3.1,Mw,-1.03,-78.69,20.0,1999,1,24,6,8,28.0
3.1,Mw,-0.16,-78.61,2.15,1999,1,25,14,1,3.0
3.1,Mw,-2.16,-79.87,37.21,1999,1,25,15,28,46.0
3.0,Mw,0.45,-79.8,22.3,1999,1,25,18,1,39.0
3.3,Mw,0.1,-79.68,21.4,1999,1,25,21,20,14.0
3.0,Mw,0.96,-79.81,60.0,1999,1,26,6,16,47.0
3.3,Mw,-2.37,-79.83,33.0,1999,1,26,7,14,25.0
3.1,Mw,-0.39,-77.4,19.73,1999,1,26,17,40,59.0
3.1,Mw,-0.27,-77.69,8.8,1999,1,27,10,38,48.0
3.3,Mw,-0.93,-81.04,20.0,1999,1,28,12,21,58.0
3.3,Mw,-2.1,-77.37,33.0,1999,1,29,19,53,52.0
3.3,Mw,-1.8,-77.49,5.8,1999,1,31,0,16,19.0
3.0,Mw,-1.0,-77.99,4.9,1999,1,31,0,35,28.0
3.4,Mw,-2.95,-80.74,33.0,1999,1,31,10,33,42.0
3.2,Mw,-0.04,-79.99,29.6,1999,2,1,16,28,47.0
3.2,Mw,-1.95,-79.82,27.0,1999,2,3,4,52,26.0
3.0,Mw,-1.89,-77.49,6.35,1999,2,3,15,3,10.0
3.2,Mw,-1.35,-78.16,158.4,1999,2,3,18,3,9.0
3.1,Mw,0.54,-79.09,17.52,1999,2,5,3,52,47.0
3.1,Mw,-0.91,-79.64,31.39,1999,2,5,14,27,49.0
3.7,Mw,-1.59,-77.68,11.5,1999,2,8,5,49,12.0
3.6,Mw,1.13,-78.7,9.53,1999,2,8,6,57,15.0
4.2,Mw,3.68,-78.19,33.0,1999,2,8,18,10,6.0
3.4,Mw,-0.11,-80.66,15.0,1999,2,8,19,4,25.0
3.4,Mw,-1.13,-78.42,12.0,1999,2,9,5,59,5.0
3.2,Mw,-2.67,-77.64,16.0,1999,2,9,9,47,48.0
4.1,Mw,-4.36,-77.35,33.0,1999,2,9,11,33,31.0
3.3,Mw,-2.78,-78.07,6.94,1999,2,10,5,14,59.0
3.1,Mw,-2.08,-77.28,18.7,1999,2,10,11,17,49.0
3.1,Mw,-1.82,-77.55,22.88,1999,2,10,14,56,45.0
3.2,Mw,-1.16,-78.36,12.3,1999,2,10,15,13,34.0
3.0,Mw,0.75,-79.78,33.0,1999,2,12,10,41,47.0
3.1,Mw,0.79,-79.6,33.29,1999,2,13,3,27,22.0
3.1,Mw,0.006,-77.28,9.5,1999,2,13,16,22,56.0
3.5,Mw,-1.08,-78.27,8.8,1999,2,15,1,52,58.0
3.5,Mw,-1.06,-78.74,24.9,1999,2,15,15,11,57.0
3.0,Mw,0.47,-79.79,16.22,1999,2,17,0,55,14.0
4.8,Mw,-2.36,-79.75,68.5,1999,2,18,12,2,0.0
3.5,Mw,-2.34,-79.73,33.0,1999,2,18,16,57,16.0
3.2,Mw,-1.98,-80.37,20.0,1999,2,18,17,6,19.0
3.0,Mw,-0.95,-80.68,19.41,1999,2,20,17,15,21.0
3.0,Mw,0.06,-78.73,12.0,1999,2,21,4,57,14.0
3.3,Mw,-1.74,-78.93,20.0,1999,2,21,10,19,29.0
3.1,Mw,-1.08,-78.24,6.3,1999,2,23,2,4,30.0
3.3,Mw,-1.08,-78.3,12.0,1999,2,23,8,6,13.0
4.1,Mw,-1.3,-79.22,33.0,1999,2,24,20,34,27.0
3.6,Mw,-2.51,-79.27,110.4,1999,2,25,2,57,49.0
3.0,Mw,-0.95,-78.49,16.73,1999,2,25,21,6,33.0
3.2,Mw,0.35,-79.16,75.69,1999,2,27,20,39,54.0
3.6,Mw,-2.19,-78.15,33.0,1999,2,28,7,39,27.0
3.1,Mw,-2.12,-80.17,40.0,1999,3,1,0,32,5.0
3.1,Mw,-1.02,-78.37,13.16,1999,3,1,1,37,33.0
3.1,Mw,-1.02,-78.34,12.0,1999,3,1,5,33,30.0
3.4,Mw,-1.02,-78.29,12.0,1999,3,1,9,26,20.0
3.5,Mw,-1.1,-79.7,34.7,1999,3,2,13,15,41.0
3.3,Mw,-1.24,-80.46,40.0,1999,3,2,23,17,10.0
4.7,Mw,-2.7,-77.92,12.5,1999,3,3,15,19,35.0
3.2,Mw,0.17,-79.95,18.37,1999,3,4,12,0,41.0
3.7,Mw,-2.75,-79.4,12.0,1999,3,4,12,27,49.0
3.4,Mw,-1.23,-78.34,18.37,1999,3,4,14,30,30.0
3.5,Mw,-1.08,-78.29,6.0,1999,3,5,6,8,38.0
3.0,Mw,-0.97,-80.05,6.61,1999,3,6,5,26,4.0
3.0,Mw,-1.33,-77.66,15.0,1999,3,6,8,42,29.0
3.2,Mw,-1.06,-78.32,12.12,1999,3,7,11,50,43.0
3.1,Mw,-1.93,-78.68,12.0,1999,3,8,6,18,0.0
3.2,Mw,-0.5,-78.37,38.44,1999,3,9,9,14,6.0
3.5,Mw,-1.38,-78.21,135.0,1999,3,9,20,58,6.0
3.3,Mw,0.5,-79.13,51.3,1999,3,10,4,7,26.0
3.7,Mw,-1.13,-78.79,22.5,1999,3,10,9,11,35.0
3.2,Mw,-0.26,-77.59,2.4,1999,3,10,12,42,6.0
3.3,Mw,-1.86,-80.06,6.58,1999,3,10,14,31,33.0
3.3,Mw,-1.47,-80.93,33.0,1999,3,11,10,10,54.0
4.9,Mw,2.81,-79.68,16.2,1999,3,11,16,56,34.0
3.3,Mw,-1.45,-80.76,57.13,1999,3,11,18,5,34.0
3.1,Mw,-0.21,-80.49,88.49,1999,3,12,3,40,55.0
3.4,Mw,-2.53,-78.14,11.1,1999,3,13,14,56,34.0
3.7,Mw,-2.31,-80.23,18.93,1999,3,14,2,11,40.0
3.4,Mw,-0.004,-78.51,6.0,1999,3,14,2,15,47.0
3.0,Mw,0.21,-78.1,0.4,1999,3,14,9,5,17.0
3.1,Mw,-0.24,-80.64,33.0,1999,3,14,10,10,25.0
3.0,Mw,-1.34,-79.54,90.72,1999,3,14,14,22,35.0
3.4,Mw,-0.002,-80.02,32.6,1999,3,14,21,21,55.0
3.1,Mw,-1.57,-80.43,11.79,1999,3,15,8,10,13.0
3.3,Mw,0.03,-77.94,3.05,1999,3,15,12,21,58.0
3.2,Mw,-2.4,-77.57,14.3,1999,3,15,12,49,45.0
3.2,Mw,-2.7,-78.18,12.0,1999,3,15,18,0,49.0
3.0,Mw,-1.1,-78.91,12.0,1999,3,15,19,59,25.0
3.0,Mw,0.26,-79.83,13.99,1999,3,16,13,38,54.0
3.1,Mw,-1.01,-79.59,34.0,1999,3,17,5,5,28.0
3.1,Mw,0.34,-80.09,33.0,1999,3,17,13,4,0.0
3.2,Mw,0.2,-80.07,5.44,1999,3,18,5,22,28.0
3.5,Mw,-2.83,-80.14,33.0,1999,3,18,8,2,29.0
3.1,Mw,-0.69,-78.73,15.19,1999,3,19,3,56,53.0
3.0,Mw,-0.94,-79.2,59.4,1999,3,20,3,31,39.0
3.6,Mw,-2.7,-78.18,12.0,1999,3,20,22,30,36.0
3.1,Mw,-0.69,-79.72,34.41,1999,3,21,10,47,28.0
3.0,Mw,0.02,-77.74,5.8,1999,3,21,16,14,3.0
3.2,Mw,-1.4,-80.89,44.43,1999,3,22,2,13,15.0
3.1,Mw,1.14,-79.37,20.0,1999,3,22,21,19,17.0
3.7,Mw,-2.85,-79.83,53.6,1999,3,23,15,50,37.0
3.1,Mw,-2.8,-77.62,17.84,1999,3,24,4,53,45.0
3.1,Mw,-2.63,-79.98,33.0,1999,3,24,11,26,56.0
3.2,Mw,-1.07,-78.29,13.2,1999,3,25,10,46,21.0
3.3,Mw,-0.02,-78.52,12.43,1999,3,25,14,19,57.0
3.0,Mw,-1.06,-78.39,13.04,1999,3,25,14,40,37.0
3.1,Mw,-1.05,-78.31,11.6,1999,3,25,17,35,5.0
3.1,Mw,-1.04,-78.38,12.0,1999,3,25,19,44,56.0
3.0,Mw,-1.05,-78.29,15.46,1999,3,25,20,50,59.0
3.0,Mw,0.2,-79.96,25.0,1999,3,26,6,12,11.0
3.5,Mw,0.05,-78.96,6.9,1999,3,26,17,33,1.0
3.7,Mw,-1.03,-78.32,11.9,1999,3,26,18,50,39.0
3.2,Mw,1.02,-78.76,9.52,1999,3,26,22,42,12.0
3.3,Mw,-1.04,-78.26,12.53,1999,3,27,0,35,6.0
3.3,Mw,-1.88,-81.03,40.0,1999,3,27,5,55,23.0
3.2,Mw,-0.72,-79.44,19.4,1999,3,27,13,20,16.0
3.2,Mw,-1.13,-78.47,9.5,1999,3,27,21,27,9.0
3.4,Mw,-0.76,-78.68,18.0,1999,3,28,8,40,13.0
3.5,Mw,-0.27,-79.28,26.2,1999,3,28,14,36,8.0
3.0,Mw,-1.04,-78.24,10.4,1999,3,29,0,10,16.0
3.1,Mw,-2.76,-78.08,10.0,1999,3,30,13,27,55.0
3.2,Mw,-1.0,-78.28,10.2,1999,3,31,9,54,11.0
3.1,Mw,-1.99,-79.88,25.0,1999,3,31,16,44,34.0
3.1,Mw,-1.09,-78.25,4.5,1999,3,31,19,35,9.0
3.6,Mw,-1.32,-77.44,274.2,1999,4,1,6,15,59.0
4.9,Mw,-3.02,-80.09,69.5,1995,6,14,17,31,7.0
3.5,Mw,-1.42,-77.9,149.5,1995,6,15,7,17,32.0
3.9,Mw,1.18,-77.37,0.0,1995,6,18,0,7,9.0
4.3,Mw,-5.76,-78.37,33.0,1995,6,21,1,18,16.0
4.4,Mw,3.67,-82.71,12.0,1995,6,21,17,7,41.0
4.2,Mw,-4.13,-77.33,137.2,1995,7,2,3,2,36.0
4.0,Mw,-1.44,-78.21,159.6,1995,7,6,13,41,19.0
4.4,Mw,3.48,-77.46,33.0,1995,7,17,14,9,56.0
4.3,Mw,-4.02,-80.92,54.4,1995,7,17,15,51,44.0
4.9,Mw,0.59,-80.16,23.8,1995,7,20,11,13,31.0
4.1,Mw,-1.47,-77.59,15.3,1995,7,25,1,12,2.0
4.3,Mw,2.63,-80.0,10.0,1995,7,26,15,11,58.0
4.6,Mw,-3.85,-77.25,106.0,1995,8,2,10,34,55.0
4.0,Mw,-3.39,-82.89,29.1,1995,8,7,0,31,35.0
4.1,Mw,-1.37,-78.12,161.5,1995,8,12,5,4,12.0
4.5,Mw,-2.62,-80.49,61.0,1995,8,13,15,53,1.0
4.0,Mw,-5.76,-76.43,25.9,1995,8,17,4,3,20.0
4.1,Mw,-1.07,-77.61,51.3,1995,9,15,3,54,15.0
4.4,Mw,2.96,-77.83,75.0,1995,9,26,6,43,13.0
4.2,Mw,-2.58,-78.24,108.2,1995,10,2,2,33,22.0
7.0,Mw,-2.77,-78.0,12.6,1995,10,3,1,51,24.0
5.5,Mw,-2.65,-77.78,40.5,1995,10,3,1,57,5.0
4.8,Mw,-2.71,-78.03,33.0,1995,10,3,2,10,46.0
4.1,Mw,-2.88,-77.97,6.2,1995,10,3,2,33,35.0
5.3,Mw,-2.87,-78.44,23.0,1995,10,3,2,53,23.0
4.7,Mw,-3.07,-78.45,33.0,1995,10,3,3,3,39.0
4.7,Mw,-3.04,-78.42,33.0,1995,10,3,4,15,10.0
4.4,Mw,-3.11,-78.19,33.0,1995,10,3,4,26,24.0
3.9,Mw,-2.87,-78.22,33.0,1995,10,3,4,32,51.0
4.2,Mw,-2.68,-78.07,5.2,1995,10,3,4,46,34.0
4.4,Mw,-2.75,-77.89,35.8,1995,10,3,4,58,21.0
4.8,Mw,-2.74,-77.81,44.3,1995,10,3,5,20,29.0
3.2,Mw,-2.98,-78.13,38.5,1995,10,3,5,52,42.0
3.9,Mw,-2.77,-77.87,0.0,1995,10,3,6,19,6.0
5.1,Mw,-2.74,-77.97,7.1,1995,10,3,6,27,27.0
4.6,Mw,-2.74,-77.94,35.0,1995,10,3,6,31,49.0
4.3,Mw,-2.73,-78.16,50.5,1995,10,3,6,43,31.0
4.2,Mw,-2.48,-78.11,33.0,1995,10,3,7,5,13.0
4.1,Mw,-2.64,-77.82,65.4,1995,10,3,7,10,22.0
4.1,Mw,-2.35,-77.57,33.0,1995,10,3,7,38,18.0
4.6,Mw,-2.91,-78.02,25.1,1995,10,3,9,30,53.0
4.7,Mw,-2.63,-78.03,3.4,1995,10,3,10,6,1.0
4.4,Mw,-2.59,-77.78,12.0,1995,10,3,10,16,30.0
4.2,Mw,-2.8,-78.3,0.0,1995,10,3,11,9,55.0
4.3,Mw,-2.71,-78.01,3.9,1995,10,3,11,12,19.0
4.6,Mw,-2.73,-77.98,8.6,1995,10,3,11,39,52.0
6.4,Mw,-2.74,-78.0,0.8,1995,10,3,12,44,59.0
4.0,Mw,-2.7,-77.59,69.6,1995,10,3,13,12,34.0
4.3,Mw,-2.49,-77.59,15.2,1995,10,3,13,21,11.0
4.0,Mw,-2.87,-78.03,68.0,1995,10,3,14,17,35.0
4.6,Mw,-2.7,-78.04,5.8,1995,10,3,14,29,30.0
4.4,Mw,-2.99,-77.86,16.0,1995,10,3,14,54,24.0
4.3,Mw,-2.85,-77.98,56.1,1995,10,3,15,7,55.0
5.6,Mw,-2.77,-77.9,6.0,1995,10,3,17,1,0.0
4.5,Mw,-2.91,-77.73,55.3,1995,10,3,18,4,30.0
4.4,Mw,-2.72,-77.9,39.9,1995,10,3,18,13,58.0
4.5,Mw,-2.52,-78.23,16.0,1995,10,3,19,59,4.0
4.5,Mw,-2.53,-78.16,16.0,1995,10,3,20,8,2.0
4.1,Mw,-2.57,-77.39,133.2,1995,10,3,20,43,24.0
4.3,Mw,-2.65,-78.04,2.3,1995,10,3,23,22,42.0
3.7,Mw,-2.91,-77.95,20.0,1995,10,4,1,14,45.0
4.0,Mw,-3.18,-78.29,33.0,1995,10,4,1,57,33.0
4.2,Mw,-2.88,-78.12,47.1,1995,10,4,5,8,30.0
4.4,Mw,-2.73,-77.84,15.0,1995,10,4,6,18,56.0
4.0,Mw,-2.88,-77.88,16.7,1995,10,4,6,33,47.0
4.2,Mw,-2.3,-77.41,44.3,1995,10,4,7,23,16.0
5.3,Mw,-2.71,-77.8,15.0,1995,10,4,8,38,8.0
4.3,Mw,-3.31,-78.09,33.0,1995,10,4,11,33,47.0
3.9,Mw,-2.8,-77.51,81.3,1995,10,4,12,41,12.0
4.6,Mw,-2.6,-77.62,60.8,1995,10,4,12,56,43.0
4.5,Mw,-2.66,-77.91,3.49,1995,10,4,22,45,19.0
4.3,Mw,-3.16,-78.01,84.2,1995,10,4,23,59,54.0
4.4,Mw,-2.94,-78.03,55.9,1995,10,5,0,16,53.0
4.2,Mw,-2.68,-78.17,16.0,1995,10,5,1,12,17.0
5.2,Mw,-2.72,-77.84,54.1,1995,10,5,1,36,59.0
4.8,Mw,-2.67,-78.0,6.0,1995,10,5,2,44,19.0
4.2,Mw,-2.67,-78.05,2.7,1995,10,5,4,33,22.0
4.5,Mw,-2.7,-78.01,11.1,1995,10,5,12,3,25.0
4.5,Mw,-2.83,-78.02,36.8,1995,10,6,0,13,48.0
4.8,Mw,-2.72,-78.0,1.7,1995,10,6,18,4,55.0
4.4,Mw,-2.78,-77.97,4.8,1995,10,6,23,12,25.0
4.1,Mw,-2.8,-77.92,0.7,1995,10,6,23,16,28.0
4.5,Mw,-2.77,-78.01,2.2,1995,10,7,5,52,52.0
4.6,Mw,-2.62,-78.04,1.0,1995,10,7,9,14,25.0
4.3,Mw,-2.61,-78.04,2.5,1995,10,7,9,57,53.0
4.3,Mw,-2.69,-77.56,33.0,1995,10,7,11,2,15.0
4.6,Mw,-2.84,-77.96,30.8,1995,10,7,14,15,36.0
4.7,Mw,-2.8,-77.73,53.2,1995,10,7,21,19,53.0
5.7,Mw,-2.8,-77.97,8.3,1995,10,7,21,27,6.0
4.5,Mw,-2.65,-77.67,33.0,1995,10,7,21,37,15.0
4.2,Mw,-2.83,-77.88,47.0,1995,10,8,0,0,8.0
5.4,Mw,-2.62,-78.0,0.7,1995,10,8,10,26,37.0
4.3,Mw,-2.63,-78.06,1.5,1995,10,8,10,38,46.0
4.3,Mw,-2.81,-78.11,52.1,1995,10,8,11,6,2.0
4.4,Mw,-2.94,-77.79,12.83,1995,10,10,14,49,45.0
4.4,Mw,-2.98,-77.82,0.0,1995,10,10,17,7,45.0
5.1,Mw,0.96,-79.13,27.61,1995,10,10,17,29,25.0
4.4,Mw,-2.89,-78.35,33.0,1995,10,11,9,52,51.0
4.3,Mw,-3.25,-77.65,8.0,1995,10,12,2,37,28.0
4.1,Mw,-2.82,-78.0,0.0,1995,10,13,20,39,15.0
4.4,Mw,-2.76,-77.98,5.5,1995,10,14,8,18,57.0
4.2,Mw,-2.83,-77.98,4.5,1995,10,15,3,46,34.0
4.7,Mw,-2.69,-78.07,5.4,1995,10,18,2,24,35.0
4.5,Mw,-3.08,-78.01,52.3,1995,10,19,8,51,18.0
4.6,Mw,-2.82,-78.02,7.6,1995,10,19,9,13,40.0
4.1,Mw,-3.59,-77.55,8.0,1995,10,19,15,31,51.0
4.3,Mw,-2.76,-77.97,0.4,1995,10,20,12,30,8.0
5.5,Mw,-2.71,-77.93,8.9,1995,10,20,20,18,56.0
4.2,Mw,-2.65,-77.89,6.8,1995,10,21,15,31,25.0
4.9,Mw,-2.57,-78.09,8.8,1995,10,21,15,36,15.0
4.7,Mw,-2.73,-77.9,4.9,1995,10,23,0,42,11.0
4.2,Mw,-2.86,-78.36,2.93,1995,10,23,3,46,18.0
4.5,Mw,-2.87,-77.93,2.9,1995,10,23,17,49,54.0
4.4,Mw,-2.76,-78.02,5.9,1995,10,25,4,54,58.0
4.1,Mw,-2.63,-78.02,17.3,1995,10,26,22,47,17.0
4.2,Mw,-3.15,-77.71,5.6,1995,10,27,0,21,49.0
4.3,Mw,-2.67,-78.02,0.7,1995,10,27,17,3,54.0
4.7,Mw,-4.69,-80.38,66.3,1995,10,28,0,12,3.0
4.5,Mw,2.67,-79.66,18.5,1995,10,28,1,26,55.0
4.4,Mw,-2.08,-80.24,68.0,1995,10,28,6,9,55.0
5.0,Mw,-2.77,-77.83,5.8,1995,10,29,5,28,46.0
4.2,Mw,-2.68,-77.95,1.6,1995,10,29,5,50,21.0
5.2,Mw,-2.91,-78.93,86.6,1995,11,5,9,24,30.0
5.1,Mw,-2.45,-77.85,5.22,1995,11,7,4,4,21.0
5.3,Mw,2.88,-79.39,29.2,1995,11,13,12,36,57.0
4.2,Mw,3.93,-82.5,10.0,1995,11,22,18,58,8.0
5.5,Mw,-6.08,-81.82,35.0,1995,11,30,18,0,31.0
4.8,Mw,-6.46,-75.74,28.6,1995,12,6,15,38,25.0
4.8,Mw,-4.28,-79.53,89.8,1995,12,7,4,55,26.0
3.7,Mw,-1.51,-78.13,193.0,1995,12,7,13,39,7.0
3.8,Mw,-2.9,-78.08,9.1,1995,12,13,19,1,22.0
4.4,Mw,-5.51,-78.64,2.8,1995,12,16,10,35,38.0
4.2,Mw,-2.62,-78.07,3.6,1995,12,16,19,55,9.0
4.0,Mw,2.6,-79.8,11.6,1995,12,19,9,35,33.0
3.7,Mw,0.22,-79.45,9.8,1995,12,23,11,45,46.0
4.3,Mw,-4.86,-80.92,54.0,1995,12,24,6,57,4.0
4.2,Mw,-4.03,-77.26,114.4,1995,12,28,13,44,4.0
3.6,Mw,-2.89,-78.07,54.1,1995,12,30,3,22,6.0
4.3,Mw,-5.38,-77.53,49.3,1995,12,30,15,22,5.0
3.6,Mw,-0.71,-80.31,5.15,1995,12,30,15,41,46.0
4.2,Mw,-5.5,-75.55,32.4,1996,1,4,11,17,25.0
4.0,Mw,-2.95,-77.93,54.8,1996,1,9,23,45,5.0
4.0,Mw,-1.99,-79.91,69.0,1996,1,11,1,55,24.0
4.4,Mw,-5.66,-80.75,33.0,1996,1,12,10,51,42.0
3.8,Mw,-0.01,-78.4,1.1,1996,1,17,16,41,29.0
4.7,Mw,-0.008,-78.98,14.1,1996,1,17,19,46,0.0
4.0,Mw,-2.52,-77.94,3.0,1996,1,21,11,7,53.0
4.2,Mw,-6.89,-80.41,48.5,1996,1,24,0,30,12.0
3.7,Mw,-1.62,-78.02,167.3,1996,1,26,4,15,45.0
4.0,Mw,-4.3,-78.78,33.0,1996,1,26,10,55,48.0
4.4,Mw,-2.65,-78.03,9.0,1996,1,27,0,36,55.0
4.1,Mw,3.66,-82.77,33.0,1996,1,27,22,49,19.0
5.3,Mw,-2.13,-77.77,179.2,1996,1,28,0,28,28.0
5.0,Mw,2.64,-79.87,15.7,1996,2,3,12,26,48.0
4.7,Mw,2.85,-79.75,30.8,1996,2,3,12,44,31.0
5.5,Mw,-2.47,-77.76,43.3,1996,2,5,8,46,13.0
3.7,Mw,-1.48,-77.96,177.0,1996,2,19,1,26,46.0
4.0,Mw,-5.05,-77.12,33.0,1996,2,21,14,0,59.0
4.6,Mw,-1.88,-81.08,4.1,1996,2,21,22,16,15.0
3.8,Mw,-2.58,-78.16,4.6,1996,3,11,8,27,47.0
4.4,Mw,-6.73,-75.29,16.3,1996,3,18,5,53,23.0
4.0,Mw,-1.76,-78.11,161.0,1996,3,26,13,1,19.0
5.9,Mw,-1.04,-78.72,14.36,1996,3,28,23,2,46.0
3.9,Mw,-1.04,-78.73,8.7,1996,3,28,23,29,37.0
3.5,Mw,-0.95,-78.77,16.1,1996,3,29,11,57,18.0
3.7,Mw,-1.03,-78.73,3.4,1996,3,29,13,57,22.0
4.5,Mw,-2.69,-77.91,36.1,1996,4,1,21,37,54.0
3.9,Mw,-0.95,-78.71,0.2,1996,4,4,7,42,39.0
4.7,Mw,2.27,-80.34,10.8,1996,4,7,20,23,50.0
3.8,Mw,-2.42,-77.8,0.0,1996,4,14,19,26,29.0
4.0,Mw,-3.83,-80.23,63.3,1996,4,19,2,12,59.0
6.1,Mw,2.34,-79.38,15.0,1996,4,27,8,40,44.0
4.4,Mw,2.38,-79.34,1.6,1996,5,2,10,21,45.0
3.7,Mw,-0.1,-80.71,6.0,1996,5,4,6,16,33.0
4.0,Mw,-6.89,-75.12,104.0,1996,5,6,5,4,33.0
4.3,Mw,-5.74,-77.25,21.2,1996,5,6,18,30,59.0
3.5,Mw,-2.56,-79.52,20.41,1996,5,8,5,19,20.0
4.0,Mw,-5.69,-77.61,33.0,1996,5,8,9,0,53.0
3.7,Mw,-0.93,-80.61,12.0,1998,4,5,20,33,31.0
3.1,Mw,-1.95,-80.1,5.0,1998,4,6,4,49,55.0
3.2,Mw,-1.05,-78.3,9.1,1998,4,6,13,40,43.0
3.4,Mw,-1.05,-78.29,9.2,1998,4,7,0,26,28.0
3.1,Mw,-2.08,-80.14,12.0,1998,4,8,4,9,41.0
3.1,Mw,-1.12,-78.39,8.4,1998,4,9,12,9,13.0
3.0,Mw,-1.4,-79.82,9.0,1998,4,9,17,10,36.0
3.3,Mw,-1.93,-80.29,8.84,1998,4,9,17,35,18.0
3.2,Mw,0.94,-78.11,3.8,1998,4,9,22,29,51.0
3.5,Mw,-1.02,-78.33,4.0,1998,4,10,0,4,19.0
4.0,Mw,0.92,-78.12,1.8,1998,4,10,14,50,35.0
3.4,Mw,0.91,-78.13,0.5,1998,4,10,16,31,13.0
3.0,Mw,-1.13,-78.29,4.0,1998,4,11,5,44,9.0
3.0,Mw,-0.09,-78.47,10.0,1998,4,11,7,18,47.0
3.2,Mw,-0.6,-79.26,22.1,1998,4,11,10,41,34.0
3.8,Mw,0.92,-78.13,2.2,1998,4,11,17,38,15.0
4.0,Mw,-2.48,-78.01,9.3,1998,4,12,1,33,6.0
3.8,Mw,-0.82,-79.43,17.8,1998,4,12,23,43,32.0
4.0,Mw,-2.69,-77.92,11.94,1998,4,13,9,42,13.0
3.4,Mw,-1.11,-78.37,2.4,1998,4,13,22,57,17.0
3.4,Mw,0.21,-80.21,12.0,1998,4,14,8,23,27.0
3.5,Mw,-0.67,-79.71,33.08,1998,4,15,7,24,50.0
3.0,Mw,-0.45,-78.65,11.88,1998,4,16,20,40,58.0
3.2,Mw,0.55,-78.69,25.3,1998,4,17,6,22,24.0
3.1,Mw,-2.74,-78.21,50.86,1998,4,17,21,58,58.0
3.1,Mw,-1.84,-79.66,6.9,1998,4,18,3,39,53.0
3.7,Mw,-0.91,-80.82,33.0,1998,4,18,5,16,24.0
3.1,Mw,-1.12,-79.26,4.0,1998,4,18,6,48,57.0
3.7,Mw,-1.48,-77.35,164.0,1998,4,19,17,47,35.0
3.5,Mw,-1.17,-80.44,12.0,1998,4,19,20,10,56.0
3.1,Mw,0.7,-78.02,2.8,1998,4,20,0,39,38.0
3.0,Mw,-1.01,-77.5,11.7,1998,4,20,1,32,33.0
3.5,Mw,-2.42,-79.62,19.18,1998,4,21,9,5,22.0
4.2,Mw,-0.84,-81.16,12.0,1998,4,21,9,8,19.0
4.0,Mw,3.25,-74.36,68.0,1998,4,22,0,57,33.0
3.0,Mw,-2.37,-78.06,7.2,1998,4,22,10,20,1.0
3.1,Mw,-1.91,-78.87,7.44,1998,4,22,15,8,59.0
3.5,Mw,-2.67,-77.94,0.0,1998,4,23,22,50,8.0
3.0,Mw,-1.03,-78.28,7.0,1998,4,24,7,27,43.0
3.3,Mw,-2.24,-79.76,26.26,1998,4,24,7,43,17.0
3.8,Mw,-1.06,-79.37,18.8,1998,4,24,20,18,17.0
3.2,Mw,-2.37,-78.04,6.1,1998,4,25,8,13,18.0
3.3,Mw,-2.11,-79.77,23.19,1998,4,25,9,13,13.0
3.4,Mw,-2.09,-79.78,19.03,1998,4,25,9,15,45.0
3.4,Mw,-2.13,-78.1,17.0,1998,4,26,13,9,42.0
3.0,Mw,-2.31,-79.71,40.86,1998,4,27,5,20,48.0
3.0,Mw,-1.78,-79.99,2.05,1998,4,27,11,54,56.0
3.1,Mw,-0.8,-78.98,87.9,1998,4,27,16,37,50.0
3.4,Mw,0.51,-77.95,2.58,1998,4,27,18,8,3.0
3.6,Mw,-1.44,-78.25,131.6,1998,4,28,0,59,57.0
3.9,Mw,-0.95,-79.28,112.7,1998,4,28,3,16,2.0
3.2,Mw,-0.68,-79.54,4.3,1998,4,28,4,8,57.0
4.4,Mw,-6.52,-80.63,47.8,1998,4,28,8,40,10.0
3.4,Mw,-2.77,-79.16,13.9,1998,4,28,13,7,49.0
3.1,Mw,-2.29,-78.04,13.1,1998,4,28,14,16,25.0
3.9,Mw,-0.79,-78.76,12.5,1998,4,28,22,8,35.0
3.2,Mw,-2.22,-77.98,15.2,1998,4,29,1,21,14.0
3.5,Mw,-2.29,-78.07,9.2,1998,4,29,2,48,28.0
3.1,Mw,-1.02,-78.27,9.6,1998,4,29,10,54,49.0
3.5,Mw,-2.89,-78.15,12.0,1998,4,29,19,59,48.0
3.2,Mw,0.03,-77.72,4.6,1998,4,29,21,54,54.0
3.5,Mw,-2.99,-78.09,10.0,1998,5,1,20,10,44.0
3.0,Mw,-1.04,-79.84,4.5,1998,5,2,6,54,44.0
3.1,Mw,-2.91,-78.11,12.0,1998,5,2,19,9,44.0
3.3,Mw,-1.71,-78.69,0.0,1998,5,2,21,53,55.0
3.1,Mw,-1.04,-79.33,20.2,1998,5,3,2,44,29.0
3.0,Mw,-0.04,-79.25,15.0,1998,5,3,7,1,9.0
3.4,Mw,-1.1,-78.76,17.3,1998,5,3,14,33,31.0
3.1,Mw,-0.98,-78.76,11.6,1998,5,3,14,50,52.0
3.0,Mw,0.12,-77.11,5.2,1998,5,3,14,57,28.0
3.7,Mw,-1.1,-78.76,16.1,1998,5,3,16,33,52.0
3.3,Mw,-2.92,-78.18,12.0,1998,5,3,17,23,14.0
3.3,Mw,-1.07,-78.29,5.2,1998,5,4,1,5,37.0
3.2,Mw,-1.11,-80.45,47.0,1998,5,5,2,10,18.0
3.0,Mw,-0.32,-79.84,12.06,1998,5,5,8,22,26.0
3.2,Mw,-2.15,-79.8,12.0,1998,5,5,14,49,19.0
3.2,Mw,-1.21,-77.61,7.0,1998,5,6,8,4,37.0
3.3,Mw,-1.16,-78.38,3.1,1998,5,6,21,32,11.0
3.1,Mw,-0.83,-79.49,17.11,1998,5,7,3,35,25.0
3.2,Mw,-1.64,-78.72,8.0,1998,5,7,19,37,25.0
3.9,Mw,-1.2,-77.78,18.0,1998,5,8,1,18,59.0
3.0,Mw,-1.04,-78.35,11.82,1998,5,8,2,39,0.0
3.0,Mw,-1.03,-78.36,11.86,1998,5,8,4,1,37.0
3.5,Mw,-0.97,-79.7,78.6,1998,5,8,6,50,39.0
3.1,Mw,-1.05,-78.33,9.2,1998,5,8,7,57,1.0
3.2,Mw,-1.07,-78.3,8.3,1998,5,9,10,31,46.0
3.4,Mw,-1.05,-79.32,115.1,1998,5,10,7,31,26.0
3.7,Mw,-1.43,-80.49,12.0,1998,5,10,8,52,34.0
3.1,Mw,-2.24,-79.77,16.17,1998,5,11,1,50,24.0
3.0,Mw,0.12,-77.75,5.7,1998,5,12,0,2,46.0
3.0,Mw,-1.08,-78.74,15.7,1998,5,12,0,58,5.0
3.2,Mw,-0.89,-79.58,27.44,1998,5,12,21,14,19.0
3.6,Mw,-2.21,-77.49,5.0,1998,5,13,2,33,36.0
3.5,Mw,-2.37,-80.61,12.0,1998,5,13,6,17,6.0
3.2,Mw,-0.95,-79.15,130.5,1998,5,13,22,20,50.0
4.5,Mw,3.33,-79.53,11.8,1998,5,14,19,3,35.0
3.2,Mw,0.22,-79.28,11.1,1998,5,15,2,46,24.0
3.0,Mw,-1.1,-78.24,0.0,1998,5,15,3,19,2.0
3.1,Mw,-1.08,-78.23,1.3,1998,5,15,16,30,5.0
3.6,Mw,-2.11,-79.88,12.0,1998,5,15,19,3,23.0
3.0,Mw,-0.8,-79.91,15.84,1998,5,15,20,28,55.0
3.8,Mw,0.4,-80.19,33.8,2001,8,19,14,5,42.0
3.0,Mw,-1.02,-79.41,114.0,2001,8,20,3,11,12.0
3.7,Mw,-1.35,-78.01,142.8,2001,8,21,16,7,23.0
3.3,Mw,-0.34,-77.61,37.4,2001,8,21,19,17,43.0
3.3,Mw,-0.9,-78.73,3.6,2001,8,25,8,4,51.0
3.2,Mw,-2.3,-79.89,16.0,2001,8,25,11,58,38.0
3.4,Mw,0.35,-78.06,47.34,2001,8,25,20,51,57.0
3.3,Mw,-2.08,-78.48,185.3,2001,8,25,22,56,29.0
3.0,Mw,0.3,-79.8,15.49,2001,8,26,7,59,24.0
3.2,Mw,-2.52,-77.38,14.08,2001,8,27,6,51,15.0
3.3,Mw,-2.07,-77.67,23.2,2001,8,28,16,3,19.0
3.6,Mw,-1.39,-78.0,8.52,2008,8,6,4,53,19.0
3.3,Mw,-1.78,-78.02,178.8,2008,8,6,22,50,18.0
3.0,Mw,-1.26,-77.88,24.01,2008,8,7,8,56,49.0
3.3,Mw,0.31,-78.34,10.75,2008,8,9,0,37,26.0
3.2,Mw,0.07,-78.44,12.0,2008,8,10,10,33,4.0
3.3,Mw,-1.51,-78.08,178.7,2008,8,11,16,16,32.0
3.1,Mw,-2.5,-77.4,8.62,2008,8,12,2,57,10.0
3.4,Mw,-1.16,-77.62,16.61,2008,8,12,21,31,58.0
3.4,Mw,-0.97,-79.52,17.0,2008,8,13,8,47,1.0
3.2,Mw,-0.68,-78.01,12.26,2008,8,13,22,0,40.0
3.3,Mw,-1.97,-80.19,12.0,2008,8,15,4,57,21.0
4.3,Mw,-5.51,-77.2,61.0,1969,5,18,20,1,33.0
4.3,Mw,-0.99,-80.4,61.0,1969,5,20,13,4,56.0
4.0,Mw,-2.0,-79.8,108.0,1969,5,21,20,35,56.0
3.9,Mw,-1.24,-77.36,212.0,1969,5,28,9,52,36.0
4.0,Mw,-0.93,-80.5,44.0,1970,8,14,4,40,7.0
4.3,Mw,-0.28,-78.82,48.0,1970,8,16,13,3,28.0
4.9,Mw,-4.03,-76.59,135.0,1970,8,27,8,22,52.0
4.0,Mw,-2.0,-84.0,33.0,1970,9,10,4,32,8.0
4.5,Mw,2.86,-74.78,85.0,1970,9,29,4,54,43.0
4.0,Mw,-6.8,-80.2,33.0,1970,10,16,2,11,52.0
4.7,Mw,3.9,-76.1,183.0,1970,10,21,5,30,36.0
4.6,Mw,-0.85,-80.98,31.0,1970,11,6,7,33,30.0
4.4,Mw,-1.65,-77.92,184.0,1970,11,14,19,1,11.0
4.6,Mw,-2.64,-78.71,95.6,1970,11,15,19,36,44.0
4.1,Mw,-6.2,-76.6,297.0,1970,11,20,2,56,36.0
4.1,Mw,2.23,-78.93,74.0,1970,11,20,11,55,26.0
5.0,Mw,-1.47,-77.74,176.2,1970,12,9,16,28,34.0
7.1,Mw,-4.08,-80.65,19.5,1970,12,10,4,34,39.0
5.3,Mw,-3.5,-80.63,29.0,1970,12,10,4,49,44.0
4.7,Mw,-4.03,-80.51,109.0,1970,12,10,5,15,30.0
4.8,Mw,-3.8,-80.7,75.0,1970,12,10,5,26,58.0
5.2,Mw,-4.02,-80.8,37.2,1970,12,10,5,32,51.0
4.6,Mw,-4.0,-81.0,33.0,1970,12,10,5,45,48.0
4.7,Mw,-3.98,-80.85,37.3,1970,12,10,6,51,19.0
4.6,Mw,-3.88,-80.83,53.3,1970,12,10,9,18,54.0
4.8,Mw,-4.12,-81.02,40.5,1970,12,10,9,59,2.0
4.6,Mw,-4.17,-80.6,66.0,1970,12,10,11,3,30.0
5.4,Mw,-4.03,-80.8,34.2,1970,12,10,11,37,44.0
4.7,Mw,-4.0,-80.86,82.0,1970,12,10,13,47,42.0
5.0,Mw,-4.01,-80.89,33.5,1970,12,10,17,29,40.0
5.0,Mw,-4.25,-80.75,56.2,1970,12,10,19,50,46.0
5.0,Mw,-3.99,-80.79,38.8,1970,12,10,21,46,43.0
4.5,Mw,-3.8,-81.2,35.0,1970,12,11,3,9,45.0
4.2,Mw,-4.0,-80.7,33.0,1970,12,11,3,19,58.0
4.6,Mw,-3.98,-80.58,99.0,1970,12,11,3,57,27.0
4.6,Mw,-4.5,-81.4,98.0,1970,12,11,10,1,25.0
3.2,Mw,-2.88,-78.0,12.0,1998,5,16,1,41,5.0
3.1,Mw,-1.08,-78.31,6.6,1998,5,16,10,37,19.0
3.0,Mw,-1.09,-78.3,4.3,1998,5,16,10,51,45.0
3.0,Mw,-2.37,-78.08,14.0,1998,5,17,8,5,1.0
3.8,Mw,-1.51,-78.15,136.8,1998,5,17,9,39,43.0
3.2,Mw,-0.75,-79.67,41.9,1998,5,18,17,3,53.0
3.4,Mw,-1.07,-78.29,3.1,1998,5,19,11,2,1.0
3.2,Mw,0.37,-78.59,16.93,1998,5,19,21,14,25.0
3.4,Mw,-2.27,-78.43,97.92,1998,5,20,0,48,3.0
3.4,Mw,0.76,-79.44,6.3,1998,5,20,10,34,2.0
3.2,Mw,-2.38,-79.49,30.0,1998,5,20,22,35,13.0
3.5,Mw,-2.45,-78.16,2.0,1998,5,21,9,23,12.0
3.1,Mw,-1.1,-78.32,-0.4,1998,5,21,11,43,42.0
4.0,Mw,-1.17,-78.35,7.3,1998,5,21,18,12,36.0
3.8,Mw,-0.87,-80.93,3.8,1998,5,21,23,30,16.0
3.0,Mw,-1.06,-78.21,3.3,1998,5,22,11,48,31.0
3.2,Mw,-1.03,-78.25,9.0,1998,5,22,19,47,42.0
3.4,Mw,-2.86,-78.01,12.0,1998,5,22,23,58,3.0
3.5,Mw,-0.04,-79.2,81.4,1998,5,23,12,16,4.0
3.3,Mw,0.71,-79.3,27.29,1998,5,24,6,24,32.0
3.3,Mw,-1.05,-78.29,9.3,1998,5,24,9,10,35.0
3.2,Mw,-1.06,-78.27,10.19,1998,5,24,19,15,10.0
4.0,Mw,-0.87,-80.87,3.0,1998,5,24,22,48,2.0
3.7,Mw,-2.97,-77.69,12.0,1998,5,25,3,39,54.0
3.8,Mw,-0.8,-80.85,1.4,1998,5,25,11,31,52.0
3.5,Mw,-1.08,-80.86,12.0,1998,5,25,14,13,40.0
3.1,Mw,-2.66,-78.11,14.0,1998,5,25,22,2,36.0
3.4,Mw,-1.12,-80.63,2.1,1998,5,25,22,11,35.0
3.5,Mw,-0.9,-80.91,2.5,1998,5,25,22,45,42.0
3.6,Mw,-1.05,-78.29,7.8,1998,5,25,23,26,27.0
3.2,Mw,-1.03,-78.32,12.0,1998,5,26,3,59,41.0
3.5,Mw,-1.05,-78.3,6.1,1998,5,26,4,19,14.0
3.1,Mw,-1.07,-78.26,10.18,1998,5,26,4,22,53.0
3.6,Mw,-0.87,-80.6,3.8,1998,5,26,5,15,11.0
3.2,Mw,-1.05,-78.3,9.2,1998,5,26,8,43,27.0
3.2,Mw,-1.06,-78.3,12.39,1998,5,26,9,42,15.0
3.3,Mw,-1.19,-78.23,5.4,1998,5,26,11,7,21.0
3.0,Mw,-1.06,-78.29,10.93,1998,5,26,14,38,1.0
3.2,Mw,-0.87,-81.08,12.0,1998,5,26,14,48,3.0
3.0,Mw,-0.76,-79.72,30.64,1998,5,26,15,46,21.0
3.9,Mw,-2.57,-80.02,12.0,1998,5,26,22,28,9.0
4.3,Mw,-0.85,-80.85,8.3,1998,5,26,23,29,3.0
3.4,Mw,0.56,-79.99,14.4,1998,5,28,20,1,14.0
3.9,Mw,-0.98,-80.85,3.4,1998,5,28,20,43,33.0
3.6,Mw,-0.99,-80.85,2.8,1998,5,28,21,27,0.0
4.6,Mw,-3.62,-78.91,98.9,1998,5,29,3,51,29.0
3.6,Mw,-0.95,-81.12,19.99,1998,5,29,15,56,18.0
3.2,Mw,-0.84,-80.54,3.5,1998,5,29,16,19,38.0
3.3,Mw,0.69,-79.81,15.8,1998,5,29,16,38,7.0
3.4,Mw,-1.99,-77.67,196.2,1998,5,29,20,7,50.0
3.4,Mw,-1.92,-79.94,7.95,1998,5,29,22,41,27.0
3.3,Mw,-1.14,-78.25,7.2,1998,5,30,5,5,26.0
3.2,Mw,-1.14,-78.24,5.0,1998,5,30,5,8,6.0
3.0,Mw,-2.13,-78.16,24.0,1998,5,30,12,38,4.0
3.6,Mw,-0.9,-80.9,2.7,1998,5,30,23,43,6.0
4.0,Mw,-0.88,-80.87,25.86,1998,5,31,0,39,25.0
3.6,Mw,-2.17,-78.36,143.4,1998,5,31,9,7,31.0
3.4,Mw,1.09,-79.68,12.0,1998,6,1,11,33,33.0
3.3,Mw,-0.11,-78.41,1.7,1998,6,1,16,53,52.0
3.2,Mw,-1.05,-78.31,9.0,1998,6,2,3,38,35.0
3.2,Mw,-0.1,-78.41,0.5,1998,6,3,11,35,42.0
3.1,Mw,-1.69,-79.14,12.0,1998,6,3,12,13,9.0
3.0,Mw,-2.19,-79.84,5.68,1998,6,3,17,12,40.0
3.4,Mw,-1.18,-78.31,-2.4,1998,6,3,20,24,56.0
3.9,Mw,-0.77,-80.88,4.0,1998,6,3,21,19,40.0
3.3,Mw,-1.39,-79.38,10.2,1998,6,4,6,33,30.0
3.5,Mw,-2.11,-80.56,20.0,1998,6,4,18,50,46.0
3.4,Mw,-1.17,-78.42,9.9,1998,6,4,23,27,13.0
3.0,Mw,0.11,-77.38,18.1,1998,6,5,3,4,9.0
3.1,Mw,-2.34,-78.03,11.8,1998,6,5,5,41,31.0
3.3,Mw,-1.95,-79.98,28.8,1998,6,5,6,53,24.0
3.6,Mw,-1.18,-78.41,8.9,1998,6,5,9,31,16.0
3.4,Mw,0.08,-78.79,2.9,1998,6,6,11,21,18.0
3.3,Mw,-1.91,-79.68,52.8,1998,6,8,13,35,33.0
3.6,Mw,-2.35,-78.08,7.5,1998,6,8,19,47,30.0
3.0,Mw,-0.17,-77.69,2.5,1998,6,8,20,41,31.0
3.4,Mw,-0.81,-80.93,6.9,1998,6,9,7,33,15.0
3.0,Mw,-1.2,-78.33,17.3,1998,6,9,11,10,58.0
3.2,Mw,-1.03,-78.74,14.2,1998,6,9,14,24,30.0
3.7,Mw,-0.6,-81.11,17.28,1998,6,10,0,23,43.0
3.2,Mw,-2.53,-78.0,6.0,1998,6,10,5,8,28.0
3.7,Mw,-1.31,-80.88,5.2,1998,6,10,6,24,9.0
3.2,Mw,-1.05,-78.3,8.9,1998,6,11,2,9,52.0
3.5,Mw,-2.45,-77.98,130.7,1998,6,11,8,41,58.0
4.0,Mw,-1.02,-78.18,12.0,1998,6,12,6,53,3.0
3.2,Mw,-2.87,-77.61,38.07,1998,6,12,19,22,43.0
3.5,Mw,-1.76,-81.13,12.0,1998,6,13,5,39,38.0
4.1,Mw,-1.42,-81.03,13.3,1998,6,13,6,12,36.0
3.0,Mw,-1.11,-78.28,7.22,2008,8,16,11,52,15.0
3.9,Mw,-2.49,-80.11,12.0,2008,8,16,22,39,2.0
3.6,Mw,-1.55,-77.78,208.9,2008,8,18,0,19,26.0
4.6,Mw,-1.07,-78.16,6.42,2008,8,18,0,41,26.0
3.4,Mw,-1.76,-78.01,178.5,2008,8,18,8,33,36.0
5.1,Mw,-5.84,-80.92,48.0,2008,8,18,15,38,8.0
3.0,Mw,-0.74,-79.62,38.5,2008,8,19,19,16,16.0
3.2,Mw,-0.98,-78.28,11.29,2008,8,20,11,43,54.0
3.6,Mw,-0.24,-80.43,36.63,2008,8,22,22,58,4.0
3.2,Mw,-1.03,-78.3,8.58,2008,8,25,12,24,26.0
3.2,Mw,-1.03,-78.3,8.0,2008,8,25,16,8,27.0
3.5,Mw,-0.78,-80.72,44.42,2008,8,27,4,2,47.0
3.5,Mw,-1.06,-81.25,18.6,2008,8,28,3,18,48.0
3.4,Mw,-2.93,-78.34,27.57,2008,8,28,11,5,17.0
3.8,Mw,-2.34,-79.2,5.0,2008,8,29,6,5,38.0
3.1,Mw,-2.01,-79.12,29.82,2008,8,29,19,7,51.0
3.3,Mw,-2.89,-80.29,34.07,2008,8,30,9,24,49.0
4.1,Mw,-2.05,-81.38,10.0,2008,8,30,19,57,56.0
3.2,Mw,-1.32,-77.89,21.79,2008,8,31,1,47,58.0
3.3,Mw,-1.03,-78.33,14.1,2008,9,1,0,52,23.0
3.0,Mw,-0.01,-79.86,13.36,2008,9,1,6,26,52.0
3.4,Mw,0.6,-79.97,8.13,2008,9,2,4,24,35.0
3.4,Mw,-2.16,-77.67,16.9,2008,9,2,4,52,4.0
3.7,Mw,-1.8,-80.19,6.89,2008,9,2,15,23,48.0
4.9,Mw,2.95,-75.98,23.0,2008,9,2,17,21,0.0
4.2,Mw,-6.07,-75.15,24.0,2008,9,2,21,37,40.0
3.7,Mw,-1.69,-77.9,183.2,2008,9,3,7,53,10.0
4.4,Mw,2.91,-75.9,25.0,2008,9,5,15,30,34.0
3.7,Mw,-2.22,-79.2,80.08,2008,9,6,12,26,47.0
3.1,Mw,-0.95,-79.35,137.6,2008,9,9,5,52,52.0
3.0,Mw,-0.19,-78.41,12.0,2008,9,9,6,8,23.0
3.5,Mw,-1.57,-78.22,180.6,2008,9,11,12,35,18.0
3.1,Mw,0.84,-79.63,12.0,2008,9,12,11,30,18.0
4.1,Mw,2.88,-76.0,31.0,2008,9,14,18,29,28.0
3.3,Mw,0.04,-77.95,8.95,2008,9,16,23,29,47.0
3.1,Mw,-2.29,-78.13,130.1,2008,9,20,12,9,19.0
4.5,Mw,-2.16,-77.74,173.5,2008,9,21,23,34,47.0
3.6,Mw,-2.89,-78.06,26.61,2008,9,22,5,42,41.0
3.1,Mw,-1.63,-77.71,19.92,2008,9,22,13,22,50.0
3.0,Mw,-0.69,-78.69,23.07,2008,9,23,2,46,33.0
3.0,Mw,-1.86,-77.51,184.9,2008,9,23,4,32,38.0
3.4,Mw,-1.67,-78.13,175.3,2008,9,24,1,3,17.0
3.5,Mw,0.96,-79.84,8.59,2008,9,24,3,32,20.0
3.1,Mw,0.9,-79.81,6.12,2008,9,24,3,36,4.0
3.9,Mw,-2.81,-79.39,6.01,2008,9,24,23,32,20.0
3.2,Mw,-1.01,-78.64,30.93,2008,9,26,2,41,53.0
3.4,Mw,-2.15,-79.78,19.52,2008,9,26,6,32,10.0
3.5,Mw,-0.16,-78.64,4.83,2008,9,29,6,53,13.0
3.5,Mw,-1.13,-78.75,10.6,2008,9,29,15,39,21.0
3.3,Mw,-1.05,-79.43,112.2,2008,9,30,4,58,56.0
3.7,Mw,0.07,-78.44,10.35,2008,10,1,7,6,21.0
3.3,Mw,-1.6,-77.77,12.0,2008,10,1,15,43,19.0
3.2,Mw,-0.34,-78.73,19.12,2008,10,2,20,55,20.0
3.4,Mw,-2.61,-79.15,45.0,2008,10,3,1,45,6.0
3.9,Mw,-0.16,-78.65,6.46,2008,10,4,19,10,47.0
3.4,Mw,-0.97,-78.58,12.41,2008,10,4,19,40,29.0
3.4,Mw,-0.97,-78.59,12.0,2008,10,4,19,51,40.0
3.6,Mw,-1.63,-79.65,40.48,2008,10,4,21,13,37.0
3.6,Mw,-1.29,-81.0,12.0,2008,10,5,5,4,4.0
3.3,Mw,-2.84,-78.21,12.0,2008,10,5,19,16,36.0
3.2,Mw,-2.26,-79.02,5.13,2008,10,6,15,7,20.0
3.0,Mw,-1.38,-77.94,22.07,2008,10,7,3,58,52.0
3.1,Mw,-2.48,-79.38,28.08,2008,10,8,9,47,8.0
3.3,Mw,-2.7,-78.55,40.39,2008,10,8,11,47,26.0
3.6,Mw,-2.01,-79.97,20.33,2008,10,8,15,33,57.0
3.5,Mw,-1.17,-78.41,12.46,2008,10,8,22,42,7.0
5.7,Mw,-4.05,-80.78,36.0,1970,12,11,10,24,37.0
4.7,Mw,-4.13,-80.9,57.0,1970,12,11,20,24,12.0
4.8,Mw,-4.02,-80.88,29.4,1970,12,11,21,0,43.0
4.3,Mw,-4.3,-81.2,94.0,1970,12,12,4,35,19.0
4.9,Mw,-5.89,-74.89,42.0,1970,12,12,5,37,49.0
4.3,Mw,-3.99,-80.9,56.0,1970,12,12,8,51,11.0
4.4,Mw,-3.82,-80.8,42.0,1970,12,12,13,13,42.0
4.2,Mw,-3.82,-80.56,82.0,1970,12,12,14,58,40.0
4.0,Mw,-2.6,-79.2,35.0,1970,12,12,19,47,53.0
4.6,Mw,-4.0,-80.86,64.0,1970,12,12,21,13,20.0
4.5,Mw,-3.96,-80.93,51.0,1970,12,12,22,38,40.0
4.9,Mw,-4.14,-80.86,42.1,1970,12,13,0,15,23.0
4.8,Mw,-4.07,-80.78,60.0,1970,12,13,0,50,58.0
4.2,Mw,-3.82,-80.7,86.0,1970,12,13,17,1,17.0
4.2,Mw,-3.9,-80.9,67.0,1970,12,13,20,20,18.0
4.5,Mw,-3.98,-80.75,61.0,1970,12,13,23,36,57.0
4.8,Mw,-3.96,-80.71,53.7,1970,12,14,6,23,37.0
5.7,Mw,-1.29,-80.85,17.2,1970,12,14,7,32,52.0
4.7,Mw,-1.45,-80.85,56.0,1970,12,14,8,1,45.0
4.9,Mw,-4.06,-80.91,45.7,1970,12,14,8,28,54.0
4.7,Mw,-3.96,-80.72,54.1,1970,12,14,9,41,37.0
4.0,Mw,-1.36,-80.4,87.0,1970,12,14,10,46,33.0
4.7,Mw,-1.48,-80.57,63.5,1970,12,14,15,29,31.0
5.1,Mw,-4.0,-80.8,49.2,1970,12,15,21,15,23.0
4.4,Mw,-1.6,-80.7,46.0,1970,12,17,7,10,29.0
4.7,Mw,-4.12,-81.1,40.0,1970,12,17,15,16,49.0
4.6,Mw,-4.23,-80.99,37.5,1970,12,18,7,8,13.0
4.5,Mw,-3.96,-81.0,71.0,1970,12,18,22,14,10.0
4.4,Mw,3.42,-78.32,55.5,1986,4,16,22,1,58.0
4.4,Mw,-2.64,-78.46,118.5,1986,4,18,2,3,53.0
5.3,Mw,-3.92,-81.0,47.1,1986,4,23,20,27,14.0
4.2,Mw,-1.96,-78.49,132.9,1986,5,13,23,10,56.0
4.4,Mw,-2.22,-76.56,212.0,1986,5,16,5,40,10.0
4.5,Mw,1.99,-80.09,10.0,1986,5,17,5,1,38.0
4.9,Mw,-3.44,-76.69,126.1,1986,5,21,3,56,56.0
4.6,Mw,-1.41,-77.74,182.3,1986,5,24,17,1,17.0
3.4,Mw,-1.71,-81.23,20.0,1998,6,13,6,57,50.0
3.8,Mw,-1.62,-81.31,14.51,1998,6,13,7,49,49.0
3.2,Mw,-0.43,-77.57,7.6,1998,6,13,10,58,45.0
3.7,Mw,-1.37,-81.06,9.6,1998,6,14,11,27,21.0
3.3,Mw,-1.18,-80.87,2.8,1998,6,14,21,56,43.0
3.2,Mw,-1.53,-77.85,153.1,1998,6,15,7,48,34.0
3.2,Mw,-1.09,-79.26,95.0,1998,6,16,17,5,6.0
3.4,Mw,-0.4,-78.07,-0.3,1998,6,17,0,12,39.0
3.3,Mw,-1.54,-81.27,25.0,1998,6,17,11,49,10.0
3.5,Mw,-2.98,-77.8,12.0,1998,6,18,8,32,54.0
3.1,Mw,-1.53,-77.88,27.86,1998,6,18,12,45,36.0
3.9,Mw,-1.39,-81.14,8.8,1998,6,19,7,11,40.0
3.0,Mw,-1.99,-79.86,12.0,1998,6,19,7,37,44.0
3.1,Mw,-1.9,-80.21,14.0,1998,6,19,13,34,33.0
3.5,Mw,-0.16,-80.0,30.7,1998,6,19,14,44,18.0
3.1,Mw,-0.44,-77.59,-0.1,1998,6,19,23,19,15.0
3.4,Mw,-2.77,-78.01,12.0,1998,6,20,22,54,26.0
4.4,Mw,3.67,-82.75,33.0,1998,6,21,8,19,14.0
4.4,Mw,2.77,-76.76,138.3,1998,6,22,7,3,14.0
3.6,Mw,-1.6,-81.33,25.0,1998,6,22,13,56,16.0
3.1,Mw,-1.01,-78.29,8.4,1998,6,23,7,48,52.0
3.2,Mw,0.48,-79.89,23.8,1998,6,24,0,52,18.0
3.2,Mw,-1.08,-78.29,7.2,1998,6,24,19,7,28.0
3.0,Mw,-0.02,-78.49,4.5,1998,6,26,5,55,53.0
3.5,Mw,0.84,-79.51,4.0,1998,6,26,14,36,40.0
3.6,Mw,-1.47,-81.01,1.2,1998,6,27,3,44,16.0
3.6,Mw,-1.33,-80.94,3.8,1998,6,27,20,32,8.0
3.4,Mw,-1.27,-80.92,2.4,1998,6,27,22,58,2.0
3.4,Mw,-1.13,-80.56,15.0,1998,6,27,23,54,52.0
3.8,Mw,-1.27,-80.85,6.0,1998,6,28,1,38,36.0
4.1,Mw,-1.36,-80.92,9.8,1998,6,29,7,33,7.0
3.3,Mw,-1.42,-80.78,2.0,1998,6,29,7,38,49.0
3.6,Mw,-1.51,-80.9,3.4,1998,6,29,7,40,59.0
3.2,Mw,-1.36,-80.89,3.4,1998,6,29,8,15,38.0
3.3,Mw,-0.27,-80.7,30.3,1998,6,29,9,20,55.0
4.1,Mw,-1.34,-80.98,8.4,1998,6,29,10,22,53.0
3.3,Mw,-2.73,-77.95,12.0,1998,6,29,11,3,57.0
3.1,Mw,-0.72,-78.75,24.52,1998,6,29,17,37,23.0
3.6,Mw,-1.35,-80.83,9.9,1998,6,29,21,12,0.0
3.3,Mw,0.71,-80.29,37.27,1998,6,29,21,39,21.0
3.3,Mw,0.61,-80.07,18.4,1998,6,30,1,4,0.0
3.7,Mw,-2.46,-78.01,6.1,1998,6,30,2,23,10.0
3.8,Mw,0.6,-80.05,19.3,1998,6,30,6,23,35.0
3.2,Mw,-1.39,-80.57,14.0,1998,6,30,10,1,27.0
3.8,Mw,-1.27,-80.89,6.7,1998,6,30,22,59,17.0
3.7,Mw,-1.47,-80.88,1.5,1998,7,1,1,16,22.0
3.7,Mw,-1.5,-80.98,3.9,1998,7,1,5,50,41.0
3.6,Mw,-1.17,-80.81,11.7,1998,7,1,6,49,30.0
3.5,Mw,-1.22,-81.04,12.0,1998,7,1,10,26,51.0
3.7,Mw,-1.13,-81.2,9.35,1998,7,1,11,44,44.0
3.7,Mw,-1.11,-80.84,9.6,1998,7,1,14,53,40.0
3.1,Mw,-1.6,-77.89,19.6,1998,12,18,3,31,6.0
3.0,Mw,-0.09,-77.74,0.9,1998,12,18,21,38,52.0
3.3,Mw,-0.97,-78.16,21.1,1998,12,19,1,24,55.0
3.4,Mw,-0.2,-79.68,30.63,1998,12,19,3,40,21.0
3.3,Mw,-0.89,-80.16,45.0,1998,12,19,4,12,51.0
3.6,Mw,-2.1,-79.95,29.65,1998,12,20,22,31,42.0
4.0,Mw,0.54,-79.96,21.8,1998,12,21,18,13,24.0
3.0,Mw,0.64,-80.29,41.77,1998,12,21,20,47,21.0
3.2,Mw,-1.07,-79.54,85.5,1998,12,22,4,16,53.0
3.1,Mw,0.52,-79.79,6.2,1998,12,22,6,15,12.0
3.2,Mw,0.55,-79.96,17.0,1998,12,22,11,30,46.0
3.5,Mw,0.64,-80.12,39.22,1998,12,22,11,32,34.0
3.1,Mw,0.55,-79.91,12.48,1998,12,22,12,3,39.0
3.1,Mw,0.56,-79.92,17.2,1998,12,22,12,9,53.0
3.7,Mw,0.55,-79.94,19.7,1998,12,22,16,8,5.0
3.0,Mw,0.52,-80.0,22.2,1998,12,22,16,25,38.0
3.4,Mw,0.56,-79.97,18.6,1998,12,22,18,4,58.0
3.5,Mw,0.55,-79.86,10.2,1998,12,23,0,57,37.0
3.4,Mw,-1.5,-80.95,2.6,1998,12,23,8,49,22.0
3.8,Mw,0.51,-79.93,24.0,1998,12,23,16,12,14.0
3.0,Mw,-0.72,-79.76,56.4,1998,12,23,17,11,47.0
3.7,Mw,-1.03,-78.31,8.5,1998,12,24,1,23,37.0
3.3,Mw,-2.54,-78.12,2.1,1998,12,24,3,38,52.0
3.5,Mw,-2.03,-80.12,4.49,1998,12,24,19,59,44.0
3.3,Mw,0.79,-80.36,37.56,1998,12,24,23,28,57.0
3.3,Mw,-1.17,-78.43,7.9,1998,12,25,3,45,16.0
3.3,Mw,-1.75,-80.19,21.44,1998,12,25,8,9,17.0
3.8,Mw,-1.58,-78.21,158.4,1998,12,26,7,15,42.0
3.2,Mw,-0.73,-78.61,8.7,1998,12,26,14,21,4.0
3.3,Mw,-1.85,-79.95,8.92,1998,12,26,20,14,7.0
3.2,Mw,0.009,-79.07,18.0,1998,12,26,22,24,43.0
3.6,Mw,-2.13,-80.11,20.53,1998,12,27,7,12,46.0
3.0,Mw,-0.12,-78.58,107.3,1998,12,27,7,30,52.0
3.2,Mw,-1.05,-78.76,19.5,1998,12,27,10,45,58.0
3.4,Mw,-1.05,-78.3,8.9,1998,12,27,17,43,37.0
3.0,Mw,-0.02,-78.49,11.26,1998,12,27,18,24,39.0
3.5,Mw,-2.53,-79.51,45.0,1998,12,27,23,0,9.0
3.1,Mw,-0.05,-78.45,12.93,1998,12,28,4,41,26.0
3.5,Mw,-2.67,-77.89,0.0,1998,12,28,23,20,26.0
3.1,Mw,0.51,-80.01,22.0,1998,12,29,0,40,45.0
3.2,Mw,-0.87,-79.77,22.3,1998,12,29,22,35,33.0
3.3,Mw,-1.18,-78.44,12.7,1998,12,30,0,46,18.0
5.3,Mw,-1.65,-78.13,163.8,1998,12,30,3,32,35.0
3.1,Mw,-2.43,-78.05,9.7,1998,12,30,9,6,14.0
3.0,Mw,0.33,-79.48,27.68,1998,12,30,10,13,29.0
3.2,Mw,-1.05,-78.19,11.8,1998,12,31,0,46,44.0
3.0,Mw,0.31,-78.86,105.6,1998,12,31,5,49,39.0
4.6,Mw,1.93,-83.19,15.0,1998,12,31,21,41,36.0
3.4,Mw,-2.44,-78.9,9.0,1999,1,1,0,56,1.0
3.3,Mw,-1.86,-77.88,196.0,1999,1,1,19,33,37.0
3.5,Mw,-1.31,-78.25,14.2,1999,1,2,0,53,1.0
3.5,Mw,-0.68,-80.83,3.8,1999,1,3,8,12,42.0
3.4,Mw,-0.68,-80.99,20.0,1999,1,3,8,40,14.0
3.1,Mw,-1.08,-78.29,9.3,1999,1,3,9,44,56.0
3.0,Mw,0.75,-78.6,30.0,1999,1,3,15,1,53.0
3.0,Mw,-1.07,-78.36,13.47,1999,1,4,5,39,10.0
3.0,Mw,-0.13,-79.05,14.4,1999,1,4,13,28,56.0
3.7,Mw,-0.88,-79.17,93.1,1999,1,4,15,15,44.0
3.4,Mw,-1.01,-78.31,8.9,1999,1,4,17,12,40.0
3.7,Mw,-2.1,-79.84,10.0,1999,1,5,7,0,21.0
3.4,Mw,-1.79,-79.7,24.6,1999,7,2,1,49,22.0
3.7,Mw,-1.15,-78.8,12.1,1999,7,3,4,30,0.0
3.1,Mw,-0.8,-77.66,6.0,1999,7,3,8,40,14.0
3.8,Mw,-1.34,-79.07,138.0,1999,7,3,13,41,12.0
3.3,Mw,-1.12,-78.82,7.5,1999,7,3,15,16,0.0
3.4,Mw,0.07,-80.27,24.5,1999,7,3,23,49,39.0
3.2,Mw,-0.02,-78.27,11.3,1999,7,4,10,45,18.0
3.3,Mw,-1.06,-80.1,12.0,1999,7,5,21,33,8.0
3.4,Mw,-1.05,-81.02,20.0,1999,7,6,10,19,46.0
3.0,Mw,-1.08,-78.27,7.4,1999,7,7,10,46,11.0
4.0,Mw,-3.54,-81.82,28.0,1999,7,7,23,37,58.0
3.7,Mw,-2.73,-80.21,10.0,1999,7,9,20,51,22.0
3.1,Mw,-0.43,-77.52,4.0,1999,7,10,1,6,25.0
3.2,Mw,-0.45,-77.43,0.6,1999,7,10,6,21,23.0
3.2,Mw,-2.72,-78.0,12.0,1999,7,10,10,25,33.0
3.4,Mw,-2.58,-78.08,12.0,1999,7,10,10,29,4.0
3.0,Mw,-2.96,-78.27,12.0,1999,7,10,10,41,51.0
3.3,Mw,-0.45,-77.4,1.8,1999,7,10,23,59,1.0
3.2,Mw,-0.29,-79.22,17.7,1999,7,11,8,22,52.0
3.3,Mw,-1.64,-79.59,3.0,1999,7,11,8,43,24.0
3.8,Mw,-0.97,-79.29,113.5,1999,7,13,2,45,51.0
4.0,Mw,-2.65,-79.71,31.65,1999,7,14,20,11,0.0
3.2,Mw,-1.74,-77.73,8.8,1999,7,15,4,53,38.0
3.4,Mw,-1.64,-80.22,10.0,1999,7,15,10,18,57.0
3.1,Mw,-2.08,-79.92,16.0,1999,7,15,13,48,16.0
3.9,Mw,-2.81,-78.99,25.0,1999,7,15,18,55,14.0
3.0,Mw,-1.03,-78.71,12.0,1999,7,16,2,17,57.0
3.0,Mw,-0.71,-78.74,12.33,1999,7,20,15,27,15.0
3.2,Mw,-0.008,-78.47,2.7,1999,7,21,5,53,50.0
3.0,Mw,0.04,-78.8,12.8,1999,7,21,15,29,34.0
3.0,Mw,-1.63,-79.5,123.8,2001,8,11,12,24,14.0
3.8,Mw,-1.29,-79.61,32.48,2001,8,11,19,26,54.0
4.3,Mw,-5.5,-80.66,48.5,2001,8,12,2,42,45.0
3.2,Mw,-0.89,-78.7,17.04,2001,8,13,22,9,31.0
3.3,Mw,-0.93,-78.68,31.67,2001,8,14,8,15,30.0
3.0,Mw,-2.23,-77.58,18.91,2001,8,14,9,12,23.0
3.5,Mw,-1.4,-78.19,138.4,2001,8,14,22,18,5.0
3.6,Mw,-0.49,-79.35,15.23,2001,8,16,13,25,56.0
3.1,Mw,-2.01,-77.36,16.46,2001,8,17,10,12,35.0
3.1,Mw,-1.02,-79.29,114.5,2001,8,17,13,59,31.0
4.6,Mw,-3.05,-77.64,18.6,2001,8,18,5,35,39.0
3.3,Mw,0.53,-80.6,37.85,2001,8,18,12,34,19.0
3.1,Mw,0.51,-79.73,15.36,2001,8,18,15,48,25.0
3.9,Mw,-3.61,-79.5,58.0,2008,10,10,2,20,55.0
3.4,Mw,-1.04,-78.29,7.34,2008,10,11,10,33,4.0
3.2,Mw,-1.3,-78.21,87.97,2008,10,11,10,36,32.0
3.3,Mw,-2.36,-78.99,12.53,2008,10,11,11,20,51.0
3.3,Mw,-2.44,-78.03,56.53,2008,10,11,21,59,53.0
3.0,Mw,-0.89,-79.71,27.24,2008,10,12,6,28,29.0
3.0,Mw,-0.55,-79.29,24.49,2008,10,14,11,42,15.0
5.0,Mw,2.67,-78.77,33.0,1979,12,12,8,42,19.0
4.9,Mw,2.0,-78.95,33.0,1979,12,12,8,50,38.0
4.5,Mw,2.03,-78.52,33.0,1979,12,12,10,48,33.0
5.2,Mw,2.38,-79.34,33.6,1979,12,12,11,53,50.0
4.8,Mw,1.55,-79.47,25.0,1979,12,12,12,3,45.0
4.9,Mw,2.89,-78.67,33.0,1979,12,12,14,59,2.0
5.0,Mw,3.62,-78.22,60.9,1979,12,12,17,49,7.0
4.7,Mw,2.11,-79.31,62.2,1979,12,12,18,36,29.0
4.9,Mw,2.47,-79.14,74.3,1979,12,12,20,8,2.0
4.3,Mw,2.02,-79.46,33.0,1979,12,12,20,18,32.0
4.6,Mw,3.59,-78.28,33.0,1979,12,12,23,51,33.0
4.6,Mw,2.46,-79.33,33.0,1979,12,13,1,46,35.0
4.9,Mw,3.15,-79.36,33.0,1979,12,13,2,1,36.0
4.6,Mw,2.34,-78.83,33.0,1979,12,13,4,20,34.0
5.0,Mw,2.05,-79.14,15.0,1979,12,13,4,46,44.0
6.3,Mw,2.47,-79.43,28.8,1979,12,13,5,37,49.0
4.4,Mw,2.42,-79.22,33.0,1979,12,13,6,59,0.0
4.4,Mw,1.61,-80.0,52.5,1979,12,13,8,5,31.0
4.5,Mw,3.18,-79.06,33.0,1979,12,13,12,42,3.0
4.9,Mw,2.9,-79.49,28.9,1979,12,13,13,16,54.0
4.3,Mw,1.97,-79.09,95.2,1979,12,13,17,53,16.0
4.5,Mw,2.11,-79.54,33.0,1979,12,13,19,33,49.0
4.4,Mw,1.92,-79.41,51.4,1979,12,13,20,41,54.0
5.2,Mw,2.41,-79.35,33.0,1979,12,13,21,34,51.0
3.4,Mw,-0.72,-77.6,19.6,1997,11,26,12,41,24.0
3.0,Mw,-1.59,-77.64,6.8,1997,11,26,18,7,25.0
4.0,Mw,-1.02,-78.3,6.0,1997,11,27,18,33,24.0
3.0,Mw,-1.01,-78.29,4.4,1997,11,27,18,37,46.0
3.0,Mw,-1.03,-78.31,8.2,1997,11,27,18,47,33.0
3.0,Mw,-1.02,-78.3,7.6,1997,11,27,18,49,57.0
3.0,Mw,-0.92,-78.12,14.1,1997,11,28,15,0,56.0
3.6,Mw,-1.02,-78.3,8.8,1997,11,28,23,28,12.0
3.1,Mw,-2.56,-78.0,6.0,1997,11,28,23,46,31.0
3.7,Mw,-1.04,-78.29,5.9,1997,11,29,0,22,38.0
3.0,Mw,-1.03,-78.3,6.9,1997,11,29,0,47,50.0
3.6,Mw,-1.03,-78.31,9.1,1997,11,29,7,52,50.0
3.0,Mw,0.11,-78.46,10.9,1997,11,29,9,30,2.0
3.3,Mw,-1.1,-78.3,12.0,1997,11,29,13,25,34.0
3.9,Mw,-2.98,-77.85,9.0,1997,11,29,15,51,54.0
3.1,Mw,-1.03,-78.31,9.0,1997,11,30,2,5,48.0
3.1,Mw,-0.93,-79.57,32.67,1997,11,30,8,28,9.0
3.0,Mw,-1.06,-78.31,8.8,1997,11,30,8,45,53.0
3.0,Mw,0.57,-79.8,31.36,1997,11,30,18,28,23.0
3.2,Mw,-2.22,-79.77,21.66,1997,12,1,1,46,54.0
3.0,Mw,-0.52,-79.99,16.56,1997,12,1,16,0,53.0
3.1,Mw,-1.99,-77.59,3.0,1997,12,1,20,13,22.0
3.2,Mw,-2.7,-77.28,12.0,1997,12,2,9,19,47.0
3.6,Mw,-0.29,-77.86,-1.2,1997,12,3,3,52,59.0
3.5,Mw,-1.96,-79.88,12.0,1997,12,3,6,23,45.0
3.0,Mw,-1.03,-78.31,8.5,1997,12,3,20,2,18.0
3.5,Mw,-2.31,-77.74,162.6,1997,12,6,17,46,52.0
4.2,Mw,-1.69,-77.75,174.2,2001,8,29,11,36,34.0
4.2,Mw,-4.03,-81.22,20.1,2001,8,29,21,50,36.0
3.7,Mw,-2.77,-77.63,16.0,2001,8,29,23,18,18.0
3.3,Mw,-0.63,-78.36,12.24,2001,8,30,1,31,25.0
3.1,Mw,-0.64,-78.35,12.48,2001,8,30,1,52,47.0
3.2,Mw,1.29,-79.16,11.5,2001,8,30,21,3,50.0
3.3,Mw,-1.2,-80.11,44.69,2001,8,30,21,58,44.0
3.1,Mw,-1.06,-78.3,15.98,2001,9,1,20,36,25.0
3.2,Mw,-2.37,-78.19,12.0,2001,9,2,13,2,26.0
3.3,Mw,-2.25,-79.89,10.84,2001,9,3,12,56,4.0
3.1,Mw,-1.62,-77.8,192.1,2001,9,3,23,46,19.0
3.4,Mw,-1.11,-79.47,13.4,2001,9,4,13,8,3.0
3.1,Mw,-0.97,-78.0,7.1,2001,9,4,22,51,41.0
3.2,Mw,-0.58,-78.63,20.85,2001,9,5,23,21,50.0
3.2,Mw,-0.71,-78.7,26.48,2001,9,7,23,12,42.0
3.5,Mw,-0.89,-78.6,4.9,2001,9,8,8,3,29.0
3.7,Mw,-1.25,-77.7,13.2,2001,9,8,14,46,23.0
3.1,Mw,-1.06,-79.23,105.0,2001,9,8,17,47,40.0
3.6,Mw,-1.97,-79.02,-3.0,2001,9,10,1,55,35.0
3.5,Mw,-2.3,-79.11,0.3,2001,9,10,3,4,7.0
3.6,Mw,-2.25,-78.13,8.8,2001,9,10,5,50,49.0
3.5,Mw,-2.2,-79.74,19.25,2001,9,10,13,49,46.0
3.1,Mw,-0.11,-78.43,12.0,2001,9,11,4,10,2.0
3.1,Mw,-0.12,-78.42,12.0,2001,9,11,4,19,24.0
3.5,Mw,-2.05,-80.08,10.41,2001,9,11,5,56,9.0
3.2,Mw,-0.97,-79.23,125.3,2001,9,11,9,14,33.0
3.7,Mw,-0.96,-79.21,128.8,2001,9,12,10,59,50.0
3.1,Mw,-0.95,-79.17,96.4,2001,9,12,11,50,6.0
3.2,Mw,-2.99,-78.36,16.0,2001,9,12,16,59,52.0
3.5,Mw,-0.09,-80.43,35.6,2001,9,13,5,4,40.0
4.1,Mw,1.39,-79.53,6.3,2001,9,14,16,3,40.0
3.8,Mw,-1.62,-77.68,196.2,2001,9,15,2,25,47.0
3.3,Mw,-2.86,-77.87,10.0,2001,9,15,3,30,16.0
3.2,Mw,0.28,-80.43,26.17,2001,9,16,0,31,3.0
3.2,Mw,-2.12,-80.07,15.11,2001,9,16,1,14,9.0
3.0,Mw,-1.32,-77.75,50.0,2001,9,16,9,46,39.0
3.4,Mw,0.89,-79.17,5.7,2001,9,16,14,20,35.0
3.0,Mw,-1.35,-78.54,16.88,2001,9,16,17,30,47.0
3.2,Mw,0.55,-79.76,8.83,2001,9,17,6,35,10.0
3.1,Mw,-1.88,-78.33,8.94,2001,9,17,20,6,34.0
3.1,Mw,-1.74,-79.98,18.93,2001,9,18,12,5,2.0
3.6,Mw,-2.11,-81.01,17.81,2001,9,18,15,4,26.0
3.3,Mw,-1.06,-78.78,4.4,2001,9,20,10,53,19.0
3.0,Mw,-2.19,-78.19,2.7,2001,9,21,4,11,20.0
3.2,Mw,0.79,-78.9,22.2,2001,9,21,11,23,57.0
3.3,Mw,-1.03,-78.28,16.2,2001,9,21,13,52,55.0
5.9,Mw,3.85,-75.88,168.0,2001,9,22,3,23,38.0
3.0,Mw,-1.78,-77.28,26.0,2001,9,22,5,34,41.0
4.6,Mw,-1.94,-79.71,40.49,2001,9,23,4,6,38.0
3.2,Mw,-2.38,-78.6,12.0,2001,9,23,22,50,40.0
3.6,Mw,-1.03,-78.32,8.3,2001,9,24,2,35,23.0
3.1,Mw,0.11,-80.18,10.0,2001,9,24,15,52,44.0
3.4,Mw,0.22,-78.78,81.2,2001,9,25,7,48,15.0
3.0,Mw,-2.79,-78.19,16.0,2001,9,26,4,53,24.0
3.4,Mw,-1.67,-81.03,6.5,2001,9,26,8,12,8.0
3.1,Mw,-0.14,-80.34,12.0,2001,9,27,7,19,48.0
3.1,Mw,-0.15,-78.75,14.28,2001,9,27,19,58,28.0
3.6,Mw,-1.62,-77.83,206.7,2001,9,28,0,14,12.0
3.2,Mw,0.05,-78.38,11.6,2001,9,28,4,30,25.0
3.5,Mw,-2.81,-78.16,12.0,2001,9,28,15,24,13.0
3.9,Mw,0.73,-79.97,19.3,2001,9,28,19,28,32.0
3.6,Mw,-2.25,-79.84,8.92,2001,9,28,22,27,20.0
3.2,Mw,0.51,-78.71,3.51,2001,9,28,23,34,42.0
3.0,Mw,-0.2,-80.03,16.0,2001,9,29,3,47,53.0
3.1,Mw,-1.47,-79.93,77.79,2001,9,29,6,7,6.0
3.8,Mw,-1.29,-79.91,12.48,2001,9,29,8,0,24.0
3.3,Mw,-2.96,-78.19,12.0,2001,9,30,2,28,49.0
3.0,Mw,-0.54,-78.43,8.43,2001,9,30,7,5,2.0
3.7,Mw,0.45,-78.29,97.6,2001,9,30,11,2,43.0
3.5,Mw,-1.81,-80.23,7.2,2001,9,30,21,48,17.0
4.2,Mw,-1.84,-80.26,11.85,2001,10,1,3,10,53.0
3.4,Mw,0.13,-77.95,3.0,2001,10,1,3,29,16.0
3.0,Mw,-1.1,-78.26,28.0,2001,10,1,15,38,39.0
3.3,Mw,-1.15,-78.33,10.7,2001,10,1,22,54,2.0
3.0,Mw,-0.64,-78.94,38.39,2001,10,2,8,51,4.0
3.3,Mw,-1.55,-79.95,137.3,2001,10,3,12,39,43.0
3.4,Mw,-0.73,-79.84,30.47,2001,10,3,21,57,21.0
3.4,Mw,-2.34,-78.22,137.5,2001,10,4,8,21,37.0
3.1,Mw,-0.39,-78.88,22.97,2001,10,5,16,53,28.0
3.6,Mw,-1.03,-78.31,10.1,2001,10,5,20,57,6.0
3.1,Mw,-0.38,-77.4,15.5,2001,10,6,1,26,20.0
3.2,Mw,-1.18,-79.24,6.0,2001,10,8,1,21,5.0
3.1,Mw,-1.07,-78.27,16.94,2001,10,8,10,29,35.0
3.3,Mw,0.28,-77.34,11.5,2001,10,9,2,55,29.0
3.3,Mw,-1.02,-78.75,23.78,2001,10,9,9,12,19.0
3.4,Mw,-1.0,-79.55,133.3,2001,10,11,0,22,56.0
3.6,Mw,-1.59,-80.88,45.08,2001,10,11,13,46,46.0
3.1,Mw,-1.03,-78.23,17.83,2001,10,11,22,17,1.0
3.2,Mw,-1.05,-78.32,11.7,2001,10,12,0,1,6.0
3.3,Mw,-1.03,-78.29,8.7,2001,10,12,0,29,14.0
3.0,Mw,-1.03,-78.29,5.0,2001,10,12,2,53,8.0
3.3,Mw,-1.03,-78.3,6.0,2001,10,12,18,45,39.0
3.4,Mw,-1.05,-78.32,23.0,2001,10,13,21,14,54.0
3.2,Mw,-1.02,-78.33,-1.3,2001,10,13,22,8,13.0
3.4,Mw,-1.05,-78.35,8.3,2001,10,14,7,18,7.0
3.3,Mw,-1.02,-78.31,9.8,2001,10,14,15,53,18.0
3.6,Mw,0.89,-79.0,18.58,2001,10,15,15,0,54.0
3.2,Mw,-2.09,-77.43,153.1,2001,10,15,21,18,38.0
3.1,Mw,0.6,-79.23,10.97,2001,10,16,8,10,14.0
3.0,Mw,-1.0,-79.04,112.8,2001,10,17,5,50,53.0
3.0,Mw,-0.04,-77.23,18.74,2001,10,19,2,20,56.0
3.0,Mw,1.17,-78.71,41.8,2001,10,19,4,6,47.0
3.0,Mw,-2.38,-77.59,1.56,2001,10,19,8,48,20.0
3.3,Mw,-1.52,-78.21,163.6,2001,10,19,11,26,54.0
3.2,Mw,-0.23,-79.0,10.7,2001,10,19,14,40,13.0
4.3,Mw,-1.93,-77.84,151.0,2001,10,19,18,25,2.0
3.2,Mw,-1.09,-78.24,20.0,2001,10,19,18,29,24.0
3.1,Mw,-1.85,-79.27,30.6,2001,10,19,21,11,22.0
3.3,Mw,-0.94,-79.64,65.5,2001,10,20,5,44,34.0
3.3,Mw,-0.13,-78.75,14.55,2001,10,20,7,38,46.0
3.6,Mw,-1.35,-79.36,9.1,2001,10,20,10,23,12.0
3.3,Mw,-0.01,-78.43,7.34,2001,10,20,20,40,0.0
3.3,Mw,-0.1,-78.85,9.0,2001,10,21,1,28,41.0
3.4,Mw,-0.008,-78.44,2.4,2001,10,21,13,27,48.0
4.1,Mw,2.58,-79.65,33.0,2001,10,21,13,29,16.0
3.0,Mw,-1.14,-78.34,31.92,2001,10,23,7,32,54.0
3.6,Mw,-1.84,-77.92,26.0,2001,10,23,21,5,25.0
3.2,Mw,-1.31,-79.18,6.0,2001,10,24,2,28,46.0
3.2,Mw,0.87,-78.92,23.0,2001,10,24,11,42,57.0
3.2,Mw,-0.88,-79.74,25.7,2001,10,25,15,52,42.0
3.0,Mw,0.38,-78.61,10.25,2001,10,25,21,39,36.0
3.0,Mw,-0.82,-77.78,12.0,2001,10,25,23,32,40.0
3.0,Mw,-1.2,-78.32,18.14,2001,10,26,5,48,48.0
3.2,Mw,-2.74,-78.24,10.0,2001,10,26,23,49,54.0
3.7,Mw,-0.53,-77.21,7.6,2001,10,27,6,38,52.0
3.6,Mw,-1.51,-81.08,5.0,2001,10,27,9,36,7.0
3.5,Mw,-1.06,-81.16,31.21,2001,10,27,18,4,2.0
3.2,Mw,-1.84,-79.26,2.5,2001,10,28,9,18,5.0
3.4,Mw,-0.96,-79.6,26.0,2001,10,28,10,59,21.0
3.1,Mw,-1.04,-78.7,21.47,2001,10,29,5,36,31.0
3.7,Mw,-1.6,-78.02,199.6,2001,10,29,5,39,40.0
3.0,Mw,-2.8,-78.08,16.0,2001,10,29,12,20,51.0
3.1,Mw,0.52,-78.7,18.35,2001,10,29,15,15,25.0
3.2,Mw,-0.54,-78.44,2.87,2001,10,29,23,37,15.0
3.8,Mw,-1.04,-78.22,5.3,2001,10,30,11,25,13.0
4.2,Mw,-5.1,-77.35,37.7,2001,10,31,4,14,11.0
3.0,Mw,-1.06,-78.24,11.8,2001,10,31,5,59,3.0
4.6,Mw,3.99,-82.54,10.0,2001,10,31,11,30,18.0
3.8,Mw,-0.91,-78.55,13.4,2001,11,2,4,18,15.0
3.3,Mw,-2.27,-79.87,12.0,2001,11,2,12,51,16.0
3.4,Mw,-2.94,-78.14,12.0,2001,11,2,13,40,0.0
3.0,Mw,-2.05,-79.64,106.8,2001,11,2,15,57,47.0
3.1,Mw,-0.56,-77.36,16.2,2001,11,2,20,15,52.0
3.3,Mw,-1.06,-78.21,10.83,2001,11,3,14,45,13.0
3.5,Mw,-1.07,-78.21,10.3,2001,11,3,14,51,46.0
3.0,Mw,1.06,-79.3,12.25,2001,11,3,22,47,55.0
3.0,Mw,-1.17,-78.34,9.47,2001,11,4,8,47,26.0
3.2,Mw,-1.25,-78.53,24.36,2001,11,4,15,27,56.0
3.0,Mw,-1.57,-80.1,93.17,2001,11,5,4,16,38.0
3.7,Mw,0.8,-79.13,41.1,2001,11,5,15,7,43.0
3.1,Mw,0.49,-78.57,12.0,2001,11,5,18,42,56.0
3.2,Mw,-2.99,-79.01,12.0,2001,11,5,21,30,45.0
3.0,Mw,0.84,-79.79,9.89,2001,11,7,10,5,20.0
3.0,Mw,-1.06,-78.3,11.99,2001,11,8,19,44,26.0
3.0,Mw,-2.78,-78.21,16.0,2001,11,8,22,25,28.0
3.1,Mw,-0.7,-78.46,8.96,2001,11,9,0,58,54.0
3.0,Mw,0.95,-79.68,26.0,2001,11,9,5,28,12.0
3.6,Mw,-0.26,-79.0,15.0,2001,11,9,9,37,6.0
3.3,Mw,-0.26,-78.95,14.6,2001,11,9,10,0,24.0
3.4,Mw,-0.26,-78.94,16.4,2001,11,9,10,33,18.0
3.3,Mw,-0.29,-78.97,12.9,2001,11,9,11,8,12.0
3.2,Mw,-1.33,-79.07,106.7,2001,11,9,13,33,17.0
3.4,Mw,-0.26,-78.93,20.3,2001,11,9,14,43,40.0
3.4,Mw,-2.84,-77.99,12.0,2001,11,9,23,28,7.0
3.0,Mw,-0.61,-78.6,11.57,2001,11,10,15,27,20.0
3.2,Mw,-0.26,-78.94,12.27,2001,11,11,4,20,20.0
3.2,Mw,-0.6,-79.64,33.6,2001,11,11,9,16,45.0
3.3,Mw,-1.64,-78.13,147.9,2001,11,11,10,8,13.0
3.0,Mw,-0.24,-78.94,12.0,2001,11,11,16,1,7.0
3.2,Mw,-1.34,-78.35,36.0,2001,11,12,1,41,27.0
3.1,Mw,-0.005,-78.41,9.66,2001,11,12,5,50,54.0
3.2,Mw,-1.07,-78.26,10.65,2001,11,12,9,37,44.0
3.1,Mw,-1.2,-78.31,13.4,2001,11,12,17,53,55.0
3.0,Mw,-0.74,-78.72,14.87,2001,11,12,18,47,31.0
3.6,Mw,-1.11,-78.31,10.72,2001,11,13,5,44,25.0
3.1,Mw,-0.8,-80.01,16.0,2001,11,13,9,9,27.0
3.4,Mw,-2.6,-77.46,16.0,2001,11,13,11,36,26.0
3.5,Mw,-0.85,-81.0,16.0,2001,11,13,20,25,21.0
3.3,Mw,-1.07,-78.25,12.0,2001,11,13,21,58,21.0
3.6,Mw,-1.05,-78.28,6.0,2001,11,14,5,44,44.0
3.0,Mw,-2.08,-78.87,26.0,2001,11,14,12,27,57.0
3.5,Mw,-1.02,-78.28,8.2,2001,11,14,14,28,2.0
3.1,Mw,-1.06,-78.27,11.43,2001,11,14,15,52,31.0
3.6,Mw,-1.08,-78.73,21.8,2001,11,14,20,15,7.0
3.7,Mw,-2.07,-79.41,86.2,2001,11,14,22,29,0.0
4.0,Mw,-4.19,-80.99,32.6,2001,11,15,7,22,48.0
4.1,Mw,-1.3,-79.72,19.08,2001,11,15,21,33,46.0
3.2,Mw,-0.24,-78.27,26.0,2001,11,15,22,17,40.0
3.3,Mw,-0.26,-78.96,14.9,2001,11,16,8,22,35.0
3.0,Mw,-1.72,-77.4,16.0,2001,11,16,14,42,0.0
5.1,Mw,-3.39,-77.7,104.6,2001,11,17,16,30,56.0
3.2,Mw,-1.25,-78.36,18.51,2001,11,18,0,13,27.0
3.2,Mw,0.97,-79.73,12.0,2001,11,18,6,45,59.0
3.0,Mw,-0.59,-79.52,74.0,2001,11,18,13,13,29.0
3.1,Mw,-1.05,-78.26,11.16,2001,11,19,0,16,40.0
3.1,Mw,-1.18,-79.23,12.03,2001,11,19,4,51,43.0
3.3,Mw,-2.05,-79.09,128.4,2001,11,19,13,50,13.0
3.7,Mw,-1.56,-77.34,26.0,2001,11,20,2,25,48.0
3.4,Mw,-2.21,-79.65,115.4,2001,11,20,4,58,29.0
3.5,Mw,-1.06,-79.0,120.0,2001,11,20,5,5,44.0
3.4,Mw,-1.09,-78.27,13.5,2001,11,20,15,52,35.0
3.1,Mw,-1.93,-79.91,12.0,2001,11,21,5,36,14.0
3.0,Mw,-0.99,-79.56,12.0,2001,11,21,10,5,15.0
3.0,Mw,-0.11,-79.55,35.77,2001,11,22,5,30,56.0
3.1,Mw,-1.01,-78.29,12.0,2001,11,22,11,35,48.0
3.2,Mw,-1.7,-77.72,6.5,2001,11,23,0,38,35.0
3.9,Mw,0.62,-79.0,16.2,2001,11,23,4,56,36.0
4.0,Mw,-0.09,-80.83,30.4,2001,11,23,7,44,50.0
3.2,Mw,-1.05,-78.31,15.46,2001,11,23,14,48,36.0
3.2,Mw,-0.11,-80.77,41.98,2001,11,23,17,3,0.0
3.4,Mw,-1.3,-81.08,16.0,2001,11,23,21,26,16.0
3.4,Mw,-1.01,-78.25,8.7,2001,11,24,4,54,59.0
3.0,Mw,-1.08,-78.32,9.0,2001,11,24,16,20,53.0
3.4,Mw,-0.7,-78.67,8.8,2001,11,26,6,0,11.0
3.1,Mw,0.27,-78.43,48.77,2001,11,27,3,3,50.0
3.1,Mw,-1.8,-77.5,173.2,2001,11,27,14,3,26.0
3.3,Mw,-0.7,-78.67,6.6,2001,11,27,19,3,34.0
3.3,Mw,-0.7,-78.66,24.49,2001,11,27,20,3,39.0
3.3,Mw,-0.7,-78.67,10.2,2001,11,27,21,39,28.0
3.2,Mw,0.13,-78.87,70.3,2001,11,28,2,59,11.0
4.0,Mw,3.48,-82.36,10.0,2001,11,28,14,22,53.0
3.3,Mw,-0.3,-77.58,5.1,2001,11,29,9,2,59.0
3.2,Mw,-0.72,-78.66,21.26,2001,11,29,9,24,44.0
3.2,Mw,-2.74,-78.02,153.6,2001,11,30,0,15,5.0
3.3,Mw,-2.0,-78.06,171.9,2001,11,30,0,44,4.0
3.3,Mw,-2.69,-78.27,12.0,2001,11,30,5,11,46.0
3.6,Mw,-0.9,-78.62,16.6,2001,11,30,15,46,2.0
3.2,Mw,-2.16,-77.62,16.0,2001,12,1,11,0,55.0
3.5,Mw,-1.06,-78.28,8.2,2001,12,2,6,53,52.0
3.0,Mw,0.52,-80.03,5.0,2001,12,2,10,57,9.0
3.9,Mw,-1.23,-80.58,12.1,2001,12,3,5,33,56.0
3.5,Mw,-2.15,-77.31,187.7,2001,12,5,1,1,8.0
3.0,Mw,0.09,-78.72,121.7,2001,12,5,2,41,12.0
3.9,Mw,0.75,-79.13,10.5,2001,12,6,3,10,28.0
3.2,Mw,-0.75,-78.67,28.87,2001,12,6,18,7,37.0
3.1,Mw,0.84,-79.72,12.0,2001,12,8,11,22,57.0
3.8,Mw,-0.98,-79.35,17.0,2001,12,9,19,46,40.0
3.4,Mw,-1.71,-78.5,109.0,2001,12,10,6,5,47.0
3.3,Mw,-0.72,-78.67,31.66,2001,12,10,11,20,2.0
3.1,Mw,-1.19,-79.17,125.3,2001,12,11,7,23,17.0
3.6,Mw,0.35,-77.23,6.1,2001,12,12,18,21,38.0
3.3,Mw,1.12,-78.69,48.1,2001,12,13,2,39,45.0
3.2,Mw,-1.1,-78.26,2.8,2001,12,14,16,25,46.0
3.4,Mw,-0.009,-78.48,3.2,2001,12,14,20,9,25.0
3.0,Mw,0.92,-79.37,13.48,2001,12,16,10,30,35.0
3.2,Mw,-1.8,-78.09,176.9,2001,12,17,11,8,0.0
4.3,Mw,-6.17,-79.61,75.6,2008,3,16,12,37,56.0
3.3,Mw,-1.59,-78.55,153.5,2008,3,17,0,58,18.0
3.3,Mw,0.55,-78.15,18.62,2008,3,17,4,29,53.0
3.0,Mw,-0.33,-77.47,22.74,2008,3,17,19,17,17.0
3.3,Mw,-0.84,-80.44,12.0,2008,3,19,20,21,55.0
3.6,Mw,-0.22,-78.93,19.27,2008,3,20,6,7,28.0
3.4,Mw,-0.95,-79.3,119.5,2008,3,20,7,44,1.0
3.2,Mw,-1.05,-78.31,12.66,2008,3,20,13,23,26.0
3.3,Mw,-1.04,-78.31,13.29,2008,3,20,13,32,2.0
3.0,Mw,-1.11,-78.28,10.21,2008,3,21,2,46,24.0
4.0,Mw,-3.18,-79.15,86.1,2008,3,21,5,32,18.0
3.4,Mw,-1.74,-80.0,10.02,2008,3,21,18,32,24.0
3.5,Mw,-2.2,-80.58,40.0,2008,3,22,5,19,45.0
3.4,Mw,-1.35,-79.38,102.7,2008,3,23,12,14,6.0
3.3,Mw,-1.59,-77.83,8.28,2008,3,24,10,45,27.0
3.8,Mw,-2.27,-79.16,103.5,2008,3,25,11,1,56.0
3.4,Mw,-1.11,-78.38,10.56,2008,3,25,16,27,26.0
3.6,Mw,-2.52,-79.02,32.14,2008,3,26,0,43,33.0
3.0,Mw,-1.36,-79.5,12.0,2008,3,26,5,36,42.0
4.3,Mw,-1.81,-78.12,7.47,2008,3,28,15,47,29.0
3.6,Mw,0.59,-79.08,8.46,2008,3,28,17,5,22.0
3.3,Mw,-1.14,-80.05,27.92,2008,3,29,20,40,54.0
3.1,Mw,-1.73,-77.79,7.2,2008,3,30,8,47,0.0
3.2,Mw,-1.19,-78.42,12.56,2008,3,30,17,2,16.0
4.5,Mw,-2.99,-80.48,42.68,2008,4,1,20,57,7.0
3.1,Mw,-1.04,-78.9,12.67,2008,4,2,5,28,20.0
3.0,Mw,-0.39,-78.56,14.2,2008,4,4,17,52,38.0
3.0,Mw,-2.59,-78.33,14.33,2008,4,5,2,14,51.0
3.1,Mw,-0.8,-78.64,16.97,2008,4,5,6,54,30.0
3.2,Mw,-0.79,-78.64,18.19,2008,4,5,8,29,51.0
3.2,Mw,-2.93,-79.23,9.17,2008,4,5,17,14,55.0
3.4,Mw,-0.35,-78.91,11.98,2008,4,7,1,19,47.0
3.0,Mw,0.33,-77.2,18.64,2008,4,7,2,3,6.0
3.3,Mw,-0.87,-79.29,131.8,2008,4,7,10,12,44.0
3.4,Mw,-1.53,-77.51,166.0,2008,4,7,18,29,22.0
3.1,Mw,-0.5,-78.59,23.6,2008,4,8,2,16,49.0
3.8,Mw,-0.92,-79.17,114.4,2008,4,15,10,35,53.0
3.2,Mw,-1.65,-80.06,13.15,2008,4,16,7,50,1.0
3.1,Mw,-0.58,-79.46,18.92,2008,4,19,8,39,56.0
3.0,Mw,-0.5,-79.49,17.57,2008,4,20,3,8,40.0
3.1,Mw,-0.29,-79.61,24.93,2008,4,20,9,55,58.0
3.3,Mw,-1.39,-80.25,8.42,2008,4,20,13,50,21.0
3.0,Mw,-2.01,-78.52,153.6,2008,4,20,14,43,36.0
3.0,Mw,-1.04,-78.27,14.8,2008,4,20,23,1,42.0
3.2,Mw,0.95,-77.67,12.0,2008,4,21,3,34,14.0
3.3,Mw,-1.49,-78.77,12.0,2008,4,22,17,1,54.0
3.2,Mw,-1.12,-80.13,12.0,2008,4,22,21,12,21.0
3.6,Mw,-2.51,-80.02,12.0,2008,4,23,8,45,38.0
3.8,Mw,-2.14,-78.6,149.3,2008,4,23,10,45,35.0
4.6,Mw,3.2,-83.01,10.0,2008,4,23,14,41,5.0
3.0,Mw,-2.17,-79.65,31.13,2008,4,24,2,38,9.0
3.1,Mw,-2.53,-78.97,40.76,2008,4,25,5,8,27.0
3.0,Mw,0.04,-79.94,24.31,2008,4,25,5,31,40.0
3.2,Mw,-2.2,-79.02,6.51,2008,4,26,14,13,46.0
3.7,Mw,-0.7,-78.71,9.31,2008,4,26,19,14,15.0
3.9,Mw,-0.71,-78.73,11.15,2008,4,26,21,58,48.0
3.8,Mw,-2.95,-78.23,12.0,2008,4,27,7,37,25.0
3.1,Mw,-1.16,-78.4,16.64,2008,4,28,1,31,53.0
3.1,Mw,-0.77,-80.31,12.0,2008,4,28,6,47,43.0
3.1,Mw,-2.65,-78.14,12.0,2008,4,28,17,13,59.0
3.1,Mw,-1.0,-79.26,107.1,2008,4,29,14,37,19.0
3.0,Mw,-0.86,-79.3,121.3,2008,4,29,15,33,3.0
3.2,Mw,-0.97,-79.11,126.5,2008,4,30,10,57,58.0
3.0,Mw,-2.72,-79.36,10.83,2008,4,30,14,22,44.0
3.0,Mw,0.73,-78.95,23.63,2008,5,2,6,54,6.0
3.1,Mw,0.76,-79.17,16.23,2008,5,4,0,11,24.0
3.1,Mw,-0.29,-77.29,62.34,2008,5,4,2,22,45.0
3.1,Mw,-0.89,-78.17,14.8,2008,5,4,3,50,2.0
3.3,Mw,-1.8,-77.53,121.2,2008,5,4,19,29,28.0
4.3,Mw,-3.88,-77.14,123.0,2008,5,5,17,7,1.0
3.7,Mw,-0.84,-81.17,10.0,2008,5,9,6,40,2.0
4.5,Mw,-5.48,-76.62,114.0,2008,5,10,11,43,31.0
3.7,Mw,-0.92,-79.18,118.0,2008,5,10,12,36,12.0
3.7,Mw,0.005,-78.51,18.95,2008,5,11,11,5,36.0
3.3,Mw,-2.31,-78.95,97.64,2008,5,12,0,36,51.0
3.2,Mw,-0.01,-78.47,6.12,2008,5,13,7,18,31.0
3.5,Mw,-1.92,-78.53,158.2,2008,5,13,14,6,22.0
4.5,Mw,-2.84,-78.03,12.0,2008,5,15,1,54,41.0
3.1,Mw,-1.58,-77.96,188.8,2008,5,15,6,35,17.0
3.5,Mw,-0.69,-78.7,21.48,2008,5,15,7,29,32.0
3.7,Mw,-1.88,-80.24,9.58,2008,5,15,17,23,48.0
3.5,Mw,-0.69,-79.17,12.93,2008,5,16,8,35,27.0
3.6,Mw,-2.66,-80.95,12.0,2008,5,16,11,56,9.0
3.5,Mw,-2.78,-79.92,12.0,2008,5,19,14,28,16.0
3.9,Mw,-1.37,-80.58,50.0,2008,5,20,23,51,5.0
3.5,Mw,-0.9,-79.69,101.7,2008,5,21,0,37,22.0
3.6,Mw,-1.28,-80.17,20.31,2008,5,21,0,54,47.0
3.7,Mw,-2.85,-78.1,9.74,2008,5,21,18,49,8.0
3.3,Mw,-2.21,-79.82,90.68,2008,5,23,8,41,12.0
3.5,Mw,-0.66,-80.11,11.51,2008,5,24,4,27,33.0
3.9,Mw,-2.28,-78.39,116.0,2008,5,25,9,5,45.0
3.1,Mw,-0.92,-79.09,137.8,2008,5,25,11,12,42.0
3.7,Mw,-1.33,-80.32,9.14,2008,5,26,11,58,44.0
3.7,Mw,-1.61,-77.91,186.3,2008,5,27,1,29,49.0
4.0,Mw,-0.42,-80.83,44.89,2008,5,27,6,48,33.0
4.4,Mw,3.41,-83.99,35.0,2008,5,27,23,40,3.0
3.3,Mw,-2.33,-77.27,103.0,2008,5,28,14,16,6.0
4.4,Mw,0.71,-78.92,15.11,2008,5,31,6,13,53.0
3.0,Mw,-0.89,-79.68,19.27,2008,5,31,17,35,36.0
3.1,Mw,-1.85,-79.94,13.47,2008,6,5,5,14,8.0
3.4,Mw,-2.65,-78.31,108.5,2008,6,7,11,28,41.0
3.3,Mw,-0.66,-77.98,11.09,2008,6,8,18,40,12.0
3.5,Mw,-0.91,-80.77,33.57,2008,6,9,3,23,29.0
3.3,Mw,-0.66,-77.98,12.7,2008,6,9,7,27,23.0
4.6,Mw,-1.38,-77.48,239.2,2008,6,9,7,31,47.0
3.1,Mw,0.31,-79.05,90.46,2008,6,9,8,16,15.0
3.3,Mw,-0.65,-77.98,10.3,2008,6,9,8,30,34.0
3.2,Mw,-0.95,-79.15,132.4,2008,6,9,23,24,44.0
3.2,Mw,-1.07,-78.35,9.06,2008,6,11,2,7,37.0
3.1,Mw,-0.22,-79.69,88.6,2008,6,11,3,6,14.0
3.7,Mw,-1.03,-78.32,11.64,2008,6,11,4,10,53.0
3.5,Mw,-1.03,-78.33,10.64,2008,6,11,4,33,12.0
3.2,Mw,-0.69,-78.63,28.71,2008,6,11,15,31,45.0
3.7,Mw,-1.04,-78.29,10.68,2008,6,11,21,34,21.0
3.3,Mw,-1.04,-78.3,15.12,2008,6,11,21,36,28.0
3.0,Mw,-1.04,-78.23,12.77,2008,6,12,1,56,36.0
3.5,Mw,-0.94,-79.22,105.6,2008,6,12,15,46,58.0
3.3,Mw,-1.11,-79.85,127.8,2008,6,13,7,58,58.0
3.4,Mw,-2.2,-79.58,4.84,2008,6,13,22,41,8.0
3.0,Mw,-1.11,-78.74,12.0,2008,6,14,3,14,12.0
3.2,Mw,-0.64,-79.3,31.3,2008,6,14,10,33,29.0
3.2,Mw,-1.13,-78.25,10.2,2008,6,15,14,7,12.0
3.4,Mw,-1.02,-78.32,11.59,2008,6,15,23,37,33.0
3.1,Mw,-0.64,-77.98,12.63,2008,6,16,1,9,13.0
3.2,Mw,-2.19,-79.68,84.51,2008,6,19,14,17,36.0
3.0,Mw,-1.03,-78.3,4.92,2008,6,20,6,20,18.0
3.1,Mw,-2.02,-78.23,7.12,2008,6,23,3,34,27.0
3.0,Mw,-0.09,-79.07,24.25,2008,6,24,2,8,3.0
3.2,Mw,0.27,-78.38,21.92,2008,6,26,1,25,31.0
3.7,Mw,-1.03,-78.31,8.34,2008,6,26,12,43,43.0
3.2,Mw,-1.54,-79.25,103.7,2008,6,26,15,31,6.0
3.0,Mw,-1.53,-80.64,18.22,2008,6,28,0,52,2.0
3.3,Mw,0.06,-79.02,17.27,2008,6,28,23,0,27.0
3.2,Mw,-1.04,-78.29,12.69,2008,7,1,9,33,57.0
3.0,Mw,-0.71,-79.51,24.71,2008,7,1,13,43,52.0
3.0,Mw,1.46,-78.49,27.71,2008,7,2,4,25,46.0
3.1,Mw,-2.27,-80.08,12.0,2008,7,2,8,2,4.0
3.8,Mw,-2.24,-79.8,13.39,2008,7,2,18,52,22.0
3.5,Mw,-0.68,-77.6,12.92,2008,7,3,3,14,36.0
3.7,Mw,-2.45,-78.18,128.5,2008,7,4,2,51,34.0
5.2,Mw,-1.47,-77.83,211.3,2008,7,4,6,2,46.0
3.4,Mw,1.03,-79.52,5.15,2008,7,6,0,22,33.0
3.3,Mw,-2.53,-79.29,18.88,2008,7,6,5,47,44.0
3.3,Mw,-1.9,-77.94,179.4,2008,7,6,15,17,46.0
3.5,Mw,-1.11,-78.27,9.47,2008,7,6,20,13,32.0
4.5,Mw,-3.34,-76.9,110.0,2008,7,8,5,8,17.0
3.2,Mw,-0.72,-80.87,10.0,2008,7,8,17,14,24.0
3.5,Mw,-1.03,-78.32,9.17,2008,7,8,23,44,56.0
3.2,Mw,-1.03,-78.32,8.16,2008,7,9,5,25,9.0
4.0,Mw,-1.03,-78.32,8.47,2008,7,10,9,24,17.0
3.0,Mw,-1.01,-78.3,14.8,2008,7,10,9,27,5.0
3.3,Mw,-1.04,-78.3,14.8,2008,7,10,18,53,44.0
3.3,Mw,0.33,-78.9,92.27,2008,7,11,1,24,3.0
3.2,Mw,-1.03,-78.32,7.86,2008,7,12,2,37,35.0
3.2,Mw,-1.04,-78.27,11.44,2008,7,13,9,4,0.0
3.1,Mw,0.68,-79.25,28.64,2008,7,16,1,19,54.0
3.3,Mw,-2.59,-78.04,12.8,2008,7,18,3,11,26.0
5.0,Mw,-2.04,-80.58,74.03,2008,7,18,5,41,50.0
3.2,Mw,-0.94,-79.21,123.8,2008,7,18,6,44,53.0
3.9,Mw,1.39,-78.93,12.0,2008,7,18,15,37,35.0
3.0,Mw,-1.04,-78.27,10.96,2008,7,19,6,44,44.0
3.0,Mw,-0.61,-78.04,13.37,2008,7,19,21,12,9.0
3.1,Mw,-2.2,-79.77,12.0,2008,7,20,0,57,0.0
4.1,Mw,-2.14,-79.99,10.0,2008,7,20,10,20,24.0
3.0,Mw,-0.55,-78.62,15.82,2008,7,20,16,26,55.0
3.3,Mw,0.18,-79.13,14.96,2008,7,21,0,32,49.0
3.0,Mw,-0.81,-77.69,23.28,2008,7,24,1,31,34.0
3.4,Mw,-2.04,-79.82,26.06,2008,7,25,7,44,49.0
3.3,Mw,-1.76,-80.44,12.0,2008,7,26,4,15,44.0
3.6,Mw,-2.48,-80.67,12.0,2008,7,27,4,56,26.0
3.0,Mw,0.46,-78.72,34.98,2008,7,27,19,33,44.0
3.0,Mw,0.21,-78.34,11.32,2008,7,29,4,6,3.0
3.2,Mw,-1.66,-78.59,25.55,2008,7,29,21,16,17.0
3.1,Mw,-0.73,-79.74,103.5,2008,7,30,15,50,39.0
3.1,Mw,-0.05,-77.79,8.66,2008,7,31,1,50,15.0
3.0,Mw,-0.67,-79.6,40.29,2008,8,1,4,22,40.0
4.2,Mw,-6.65,-79.97,88.0,2008,8,1,14,40,34.0
3.6,Mw,0.53,-80.12,16.64,2008,8,3,0,51,44.0
3.2,Mw,-0.95,-79.16,138.9,2008,8,3,22,27,36.0
3.7,Mw,-1.79,-78.79,12.61,2008,8,3,22,59,47.0
3.0,Mw,-1.05,-78.3,13.57,2008,8,4,4,19,40.0
3.2,Mw,-1.05,-78.27,9.94,2008,8,4,4,37,28.0
3.0,Mw,-1.05,-78.32,13.94,2008,8,4,6,18,33.0
3.8,Mw,-2.36,-77.27,136.3,2008,8,4,20,37,43.0
3.7,Mw,-1.04,-78.3,10.34,2008,8,4,22,7,18.0
3.0,Mw,0.77,-79.81,39.81,2008,8,5,11,46,21.0
4.7,Mw,2.13,-79.29,33.0,1979,12,13,22,1,12.0
4.9,Mw,1.99,-79.47,44.1,1979,12,13,22,40,33.0
4.2,Mw,2.09,-79.42,33.0,1979,12,14,1,25,29.0
3.8,Mw,1.19,-79.82,33.0,1979,12,14,4,57,51.0
4.8,Mw,2.46,-79.12,24.9,1979,12,14,6,14,12.0
5.1,Mw,2.54,-79.07,18.4,1979,12,14,6,16,5.0
4.4,Mw,-5.77,-77.52,87.0,1968,12,10,0,58,59.0
4.8,Mw,2.53,-83.51,34.4,1968,12,10,6,6,59.0
4.3,Mw,0.19,-78.2,55.0,1968,12,23,13,0,35.0
4.3,Mw,-6.09,-77.2,100.0,1969,1,1,8,4,34.0
4.1,Mw,-6.14,-77.8,14.0,1969,1,4,5,38,4.0
4.1,Mw,-6.3,-78.8,153.0,1969,1,15,8,19,58.0
3.8,Mw,-1.89,-79.2,141.0,1969,1,21,11,41,43.0
4.4,Mw,-6.39,-81.3,91.0,1969,1,30,12,57,29.0
4.9,Mw,-5.72,-77.18,18.0,1969,2,3,21,37,31.0
4.2,Mw,-5.8,-77.5,126.0,1969,2,6,14,36,48.0
4.4,Mw,-2.54,-76.4,144.5,1969,2,22,1,19,23.0
3.9,Mw,-2.02,-77.2,158.0,1969,2,22,2,52,57.0
4.6,Mw,-6.7,-74.48,33.0,1969,2,23,15,56,13.0
4.2,Mw,3.75,-75.51,213.0,1969,3,2,12,44,12.0
4.7,Mw,-6.27,-76.85,188.0,1969,3,4,0,11,39.0
4.1,Mw,-6.4,-79.6,33.0,1969,3,4,19,7,11.0
4.6,Mw,-6.59,-76.2,43.0,1969,3,5,23,18,0.0
4.6,Mw,-5.45,-76.95,51.0,1969,3,8,13,37,6.0
4.4,Mw,2.92,-74.6,99.0,1969,3,18,22,7,47.0
4.7,Mw,-5.47,-77.0,30.0,1969,3,21,23,34,39.0
4.6,Mw,-4.3,-80.71,68.0,1969,3,30,5,5,38.0
4.8,Mw,-1.97,-77.22,173.0,1969,3,30,20,14,6.0
4.0,Mw,-0.32,-78.38,33.0,1969,4,2,3,7,18.0
4.9,Mw,-5.2,-78.8,121.0,1969,4,10,21,32,23.0
5.1,Mw,-5.37,-77.23,47.0,1969,4,19,9,21,48.0
4.2,Mw,-5.54,-77.11,21.0,1969,5,3,4,9,31.0
4.8,Mw,-5.39,-76.9,134.9,1986,6,7,12,26,27.0
4.5,Mw,-2.29,-79.82,96.9,1986,6,12,18,16,21.0
4.2,Mw,-6.73,-74.98,140.1,1986,6,21,9,41,21.0
4.3,Mw,0.05,-77.38,37.7,1986,6,27,21,7,57.0
4.5,Mw,-5.04,-81.69,119.1,1986,7,11,2,39,59.0
4.8,Mw,-0.59,-77.96,0.7,1986,7,13,10,26,6.0
4.5,Mw,-3.08,-77.59,122.4,1986,7,13,19,2,42.0
4.4,Mw,-2.25,-77.91,189.0,1986,7,29,9,56,24.0
4.6,Mw,-1.59,-77.35,221.4,1986,8,18,1,0,37.0
4.3,Mw,-1.59,-77.94,132.0,1986,8,21,11,46,8.0
4.6,Mw,-4.59,-76.16,134.8,1986,8,27,23,44,17.0
4.5,Mw,-1.78,-77.75,167.0,1986,9,3,23,58,50.0
4.4,Mw,-2.21,-78.1,33.0,1986,9,7,18,34,8.0
4.2,Mw,1.93,-79.34,33.0,1986,9,13,4,25,43.0
4.4,Mw,-5.05,-76.9,138.6,1986,9,20,7,1,35.0
4.2,Mw,-4.91,-77.28,140.9,1986,10,12,8,7,12.0
4.9,Mw,-2.58,-79.75,35.5,1986,10,28,18,42,24.0
4.3,Mw,-2.2,-76.46,176.6,1986,10,31,1,11,15.0
4.5,Mw,-1.55,-77.43,227.9,1986,11,1,1,12,38.0
4.5,Mw,-1.08,-78.55,33.0,1986,11,6,3,34,31.0
4.6,Mw,-1.55,-77.43,206.7,1986,11,19,1,14,53.0
4.9,Mw,-6.19,-76.52,33.0,1986,11,19,1,48,9.0
4.8,Mw,0.15,-79.51,100.5,1986,11,22,15,0,35.0
6.8,Mw,-3.41,-77.38,109.4,1986,11,23,1,39,25.0
5.3,Mw,-0.24,-78.48,33.0,1986,11,23,16,30,5.0
4.7,Mw,-6.11,-75.07,53.0,1986,12,12,16,56,39.0
4.1,Mw,2.75,-79.81,33.0,1986,12,16,6,7,34.0
4.8,Mw,-4.87,-76.37,121.6,1986,12,25,21,2,54.0
4.6,Mw,-4.4,-77.0,148.8,1986,12,28,5,27,18.0
4.6,Mw,-6.69,-76.51,33.0,1987,1,1,1,58,22.0
4.4,Mw,-2.72,-78.07,106.1,1987,1,8,8,52,16.0
4.5,Mw,-4.57,-81.7,33.0,1987,1,15,22,37,46.0
4.2,Mw,-1.05,-77.54,138.0,1987,1,21,16,35,12.0
5.7,Mw,3.04,-79.29,15.8,1987,1,25,10,31,24.0
4.7,Mw,2.67,-79.79,22.7,1987,1,28,15,4,25.0
5.1,Mw,3.04,-79.22,30.2,1987,2,10,2,48,59.0
4.4,Mw,3.21,-79.16,10.0,1987,2,11,22,22,0.0
4.9,Mw,-5.9,-78.99,33.0,1987,3,5,11,8,22.0
6.4,Mw,0.03,-77.66,12.9,1987,3,6,1,54,51.0
7.1,Mw,-0.08,-77.81,12.0,1987,3,6,4,10,45.0
5.5,Mw,-0.33,-77.56,10.0,1987,3,6,4,17,31.0
4.1,Mw,-0.48,-77.06,225.8,1987,3,6,5,17,12.0
5.1,Mw,-0.03,-77.64,24.8,1987,3,6,6,33,6.0
4.7,Mw,-0.24,-78.05,33.0,1987,3,6,6,48,47.0
6.0,Mw,0.1,-77.86,6.0,1987,3,6,8,14,49.0
4.9,Mw,-0.18,-77.63,56.9,1987,3,6,12,40,10.0
4.8,Mw,0.07,-77.39,63.2,1987,3,6,13,49,58.0
4.3,Mw,-0.24,-77.82,33.0,1987,3,7,19,16,35.0
4.7,Mw,-0.15,-77.55,59.4,1987,3,7,22,58,20.0
4.4,Mw,-5.51,-81.29,155.1,1987,3,8,22,41,8.0
4.7,Mw,-0.53,-78.62,46.3,1987,3,9,9,25,33.0
4.7,Mw,-0.13,-77.75,78.7,1987,3,10,1,35,36.0
4.5,Mw,-0.23,-77.83,33.0,1987,3,10,6,38,59.0
4.6,Mw,-0.31,-77.77,35.0,1987,3,10,14,59,28.0
5.1,Mw,-3.91,-81.49,39.5,1987,3,12,11,2,30.0
4.3,Mw,-0.09,-77.71,34.6,1987,3,16,7,31,52.0
4.0,Mw,3.96,-76.24,126.0,1987,3,20,9,15,30.0
3.7,Mw,-0.04,-77.75,10.0,1987,3,24,15,53,1.0
4.5,Mw,-4.89,-78.75,33.0,1987,4,13,12,15,25.0
4.6,Mw,3.61,-77.43,55.9,1987,4,21,21,31,21.0
4.0,Mw,-0.92,-80.86,33.0,1987,4,26,10,7,18.0
4.9,Mw,3.41,-83.16,10.0,1987,4,27,6,3,52.0
4.4,Mw,-2.1,-77.51,170.3,1987,5,11,1,32,30.0
5.9,Mw,-5.71,-81.36,31.1,1987,5,14,16,4,28.0
4.9,Mw,-1.88,-77.42,161.6,1987,5,20,23,41,24.0
4.6,Mw,-3.14,-80.78,62.2,1987,6,6,6,25,10.0
4.3,Mw,-1.69,-77.72,184.6,1987,6,7,15,18,4.0
4.7,Mw,-2.8,-76.58,132.8,1987,6,11,18,52,20.0
4.7,Mw,-2.94,-80.64,33.0,1987,7,17,2,34,33.0
4.8,Mw,-1.23,-80.48,25.0,1987,7,31,19,5,47.0
4.8,Mw,-1.15,-78.07,57.0,1987,8,15,13,46,38.0
4.2,Mw,-1.41,-77.39,201.3,1987,9,6,6,54,0.0
4.6,Mw,-2.87,-81.81,10.0,1987,9,7,20,59,6.0
4.9,Mw,-3.87,-82.95,33.0,1987,9,19,19,33,31.0
6.3,Mw,-1.0,-78.03,4.3,1987,9,22,13,43,38.0
3.8,Mw,-0.9,-79.4,33.0,1987,9,22,15,49,12.0
6.0,Mw,-1.07,-78.08,47.8,1987,9,22,16,21,41.0
4.0,Mw,-1.13,-79.19,33.0,1987,9,23,6,40,9.0
5.2,Mw,-1.0,-80.79,33.0,1987,9,23,9,43,47.0
4.2,Mw,-1.01,-78.08,55.8,1987,9,26,14,58,43.0
5.5,Mw,-6.66,-81.14,30.2,1987,9,27,4,6,54.0
4.6,Mw,-2.78,-80.2,33.0,1987,10,19,12,34,31.0
4.3,Mw,-1.91,-77.15,174.6,1990,9,26,7,55,47.0
4.9,Mw,-2.14,-79.91,97.2,1990,10,13,11,14,35.0
5.4,Mw,-3.96,-77.26,118.2,1990,10,21,15,10,45.0
4.1,Mw,3.12,-75.24,33.0,1990,10,23,9,13,4.0
4.8,Mw,-4.81,-76.89,33.0,1990,10,28,2,27,44.0
4.1,Mw,-0.95,-79.13,108.2,1990,11,6,15,39,8.0
4.8,Mw,-6.82,-80.02,33.0,1990,11,10,17,20,30.0
4.5,Mw,2.34,-79.78,10.0,1990,11,14,18,34,7.0
4.2,Mw,-4.58,-76.74,125.1,1990,11,17,14,16,47.0
4.9,Mw,-3.61,-80.82,33.0,1990,11,23,7,27,35.0
4.6,Mw,-1.77,-78.05,159.5,1990,11,23,22,15,0.0
5.3,Mw,-2.67,-77.71,25.1,1990,11,25,12,32,46.0
3.6,Mw,-1.87,-79.46,10.0,1990,12,5,16,50,20.0
3.1,Mw,-1.87,-78.28,187.6,1990,12,8,10,39,32.0
3.6,Mw,-1.99,-81.02,10.0,1990,12,8,10,39,32.0
4.7,Mw,-5.1,-78.29,45.1,1990,12,26,5,58,31.0
4.3,Mw,3.27,-77.45,92.0,1990,12,29,1,55,13.0
4.5,Mw,2.77,-79.68,33.0,1990,12,30,7,33,35.0
4.4,Mw,2.69,-79.21,31.0,1990,12,31,17,58,3.0
4.3,Mw,-4.2,-79.7,10.0,1991,1,3,9,56,5.0
4.5,Mw,-3.83,-79.72,103.0,1991,1,6,1,47,43.0
4.4,Mw,-4.82,-76.5,42.5,1991,1,10,13,7,24.0
4.4,Mw,-1.83,-78.57,144.8,1991,1,13,9,19,36.0
3.6,Mw,-1.83,-80.85,33.0,1991,1,15,7,15,52.0
4.4,Mw,3.6,-82.83,33.0,1991,1,28,10,19,54.0
4.1,Mw,2.27,-78.8,152.0,1991,2,11,9,40,6.0
4.8,Mw,-4.42,-80.62,64.5,1991,2,14,12,10,44.0
4.7,Mw,-1.43,-77.96,48.4,1991,2,17,4,37,37.0
3.6,Mw,-0.97,-80.73,33.0,1991,2,20,7,38,42.0
4.4,Mw,-1.59,-77.95,176.0,1991,2,20,23,17,4.0
5.1,Mw,-6.59,-74.84,142.5,1991,2,22,18,39,12.0
5.6,Mw,3.16,-83.38,15.0,1991,3,5,13,49,7.0
4.3,Mw,3.38,-75.88,174.9,1991,3,6,23,7,58.0
4.6,Mw,-3.36,-75.66,138.7,1991,3,12,13,41,30.0
6.0,Mw,-5.81,-80.93,26.4,1991,3,20,13,8,58.0
4.9,Mw,2.08,-79.06,32.3,1991,3,25,23,51,0.0
4.4,Mw,2.39,-83.12,10.0,1991,3,27,8,29,7.0
5.6,Mw,-3.98,-80.91,37.6,1991,3,29,20,13,49.0
4.5,Mw,-3.83,-80.79,67.8,1991,3,30,1,53,22.0
4.6,Mw,-0.23,-78.52,20.2,1991,4,1,13,1,7.0
6.4,Mw,-6.05,-77.13,21.0,1991,4,4,15,23,22.0
5.2,Mw,-5.99,-77.08,29.9,1991,4,4,16,8,20.0
4.5,Mw,-6.08,-76.95,51.0,1991,4,4,20,9,4.0
4.4,Mw,-6.07,-77.34,44.9,1991,4,4,22,54,41.0
6.9,Mw,-5.97,-77.08,20.0,1991,4,5,4,19,50.0
5.4,Mw,-5.82,-77.3,23.4,1991,4,5,5,1,11.0
4.9,Mw,-5.77,-77.18,56.0,1991,4,5,5,20,28.0
5.0,Mw,-5.9,-77.14,56.9,1991,4,5,5,29,56.0
4.7,Mw,-5.74,-77.65,33.0,1991,4,5,5,46,45.0
4.8,Mw,-5.69,-77.04,33.0,1991,4,5,5,53,39.0
4.4,Mw,-5.31,-76.65,33.0,1991,4,5,6,1,52.0
4.8,Mw,-5.52,-77.43,33.0,1991,4,5,6,45,55.0
4.7,Mw,-5.36,-77.01,33.0,1991,4,5,6,54,12.0
4.4,Mw,-5.6,-76.84,33.0,1991,4,5,11,12,25.0
4.7,Mw,-5.7,-76.96,46.9,1991,4,5,13,40,25.0
5.2,Mw,-6.07,-77.01,54.9,1991,4,5,17,13,0.0
4.4,Mw,-5.87,-77.46,33.0,1991,4,5,17,50,8.0
4.4,Mw,-5.79,-77.07,33.0,1991,4,5,20,18,44.0
4.7,Mw,-6.05,-76.88,38.2,1991,4,5,20,37,30.0
4.8,Mw,-5.67,-77.01,46.7,1991,4,5,21,38,31.0
4.2,Mw,-5.77,-77.5,25.3,1991,4,5,23,9,44.0
4.7,Mw,-5.83,-77.55,33.0,1991,4,5,23,55,29.0
4.6,Mw,-5.69,-77.13,52.0,1991,4,6,3,57,45.0
4.3,Mw,-5.67,-76.99,51.9,1991,4,6,4,20,23.0
5.2,Mw,-6.07,-77.1,46.0,1991,4,6,14,21,49.0
4.9,Mw,-5.54,-77.29,53.1,1991,4,6,14,48,37.0
4.7,Mw,-5.92,-76.96,67.8,1991,4,6,16,30,33.0
4.6,Mw,-5.87,-77.11,53.0,1991,4,6,18,13,24.0
4.2,Mw,-5.85,-77.16,33.0,1991,4,6,20,46,57.0
4.4,Mw,-5.79,-77.83,33.0,1991,4,6,20,53,59.0
4.2,Mw,-5.87,-77.12,53.5,1991,4,6,23,19,32.0
4.6,Mw,-5.96,-77.0,46.9,1991,4,7,0,40,57.0
4.6,Mw,-5.79,-77.06,50.7,1991,4,7,13,44,32.0
5.0,Mw,-6.0,-77.17,35.9,1991,4,7,23,16,29.0
4.8,Mw,-6.05,-77.0,33.0,1991,4,8,10,40,21.0
4.7,Mw,-5.82,-77.93,33.0,1991,4,8,19,53,3.0
4.8,Mw,-5.93,-76.89,55.5,1991,4,9,0,9,13.0
4.8,Mw,-5.96,-77.12,47.6,1991,4,9,15,35,24.0
4.7,Mw,-6.01,-77.04,34.7,1991,4,9,17,41,33.0
4.4,Mw,-5.77,-77.15,63.0,1991,4,10,5,55,17.0
4.2,Mw,-5.89,-76.89,54.7,1991,4,11,6,39,57.0
5.2,Mw,-5.72,-77.04,39.5,1991,4,12,3,50,9.0
5.0,Mw,-5.89,-77.08,30.3,1991,4,12,17,0,5.0
4.9,Mw,-5.73,-77.15,24.9,1991,4,13,0,59,36.0
4.5,Mw,-5.75,-77.01,51.4,1991,4,13,3,35,33.0
4.7,Mw,-5.49,-76.78,14.9,1991,4,14,8,18,33.0
4.7,Mw,-5.75,-76.9,52.6,1991,4,15,14,15,38.0
4.7,Mw,-5.8,-76.9,39.9,1991,4,15,22,54,49.0
4.9,Mw,-6.01,-77.19,31.6,1991,4,21,18,11,5.0
4.7,Mw,-0.31,-78.91,29.1,1991,4,22,11,3,10.0
6.1,Mw,2.54,-79.7,26.6,1991,4,24,5,13,11.0
4.0,Mw,2.65,-79.8,10.0,1991,4,24,5,50,44.0
4.7,Mw,-6.08,-76.93,38.3,1991,4,28,8,9,45.0
4.6,Mw,-5.5,-76.98,101.2,1991,5,2,7,26,3.0
5.0,Mw,-6.05,-77.12,33.0,1991,5,4,13,0,52.0
4.2,Mw,-5.95,-76.89,72.8,1991,5,7,1,57,22.0
4.1,Mw,-3.74,-80.57,102.5,1991,5,7,6,59,3.0
4.0,Mw,0.007,-77.36,67.0,1991,5,11,17,58,14.0
4.8,Mw,-6.08,-76.76,35.0,1991,5,13,17,42,24.0
3.7,Mw,-1.1,-78.36,33.0,1991,5,13,19,58,10.0
4.1,Mw,-2.17,-79.83,90.0,1991,5,17,8,5,18.0
4.8,Mw,-5.58,-77.03,46.2,1991,5,18,8,47,48.0
4.1,Mw,-1.71,-77.87,139.0,1991,5,21,19,44,56.0
4.5,Mw,-5.92,-77.52,33.0,1991,5,25,22,25,10.0
3.7,Mw,-1.25,-77.31,221.1,1991,5,26,4,32,30.0
4.8,Mw,-5.81,-77.04,37.5,1991,5,28,3,22,23.0
4.2,Mw,-3.6,-75.63,66.7,1991,5,29,23,52,27.0
5.7,Mw,-2.23,-78.87,94.0,1991,6,12,0,45,41.0
4.0,Mw,3.2,-78.65,33.0,1991,6,20,5,14,56.0
4.5,Mw,3.18,-79.35,33.0,1991,6,25,7,25,28.0
4.4,Mw,3.94,-82.18,10.0,1991,7,1,4,23,14.0
4.4,Mw,-4.86,-80.89,66.3,1991,7,25,1,45,15.0
5.4,Mw,-0.89,-80.81,32.1,1991,8,4,7,45,34.0
4.8,Mw,-2.32,-77.11,33.0,1991,8,4,22,0,11.0
4.6,Mw,-2.33,-79.36,106.6,1991,8,19,0,46,14.0
4.9,Mw,-6.31,-81.06,33.0,1991,8,24,8,35,6.0
3.9,Mw,-1.69,-79.53,134.2,1991,8,27,8,31,41.0
5.2,Mw,-4.35,-81.53,23.4,1991,8,30,0,16,22.0
4.2,Mw,-5.89,-77.12,44.2,1991,9,1,17,48,19.0
4.5,Mw,0.53,-78.67,33.0,1991,9,19,15,18,41.0
4.6,Mw,3.05,-76.43,152.8,1991,10,4,20,45,50.0
4.6,Mw,-1.86,-77.07,179.3,1991,10,6,16,7,53.0
5.0,Mw,3.43,-83.37,35.0,1991,10,10,23,20,12.0
4.4,Mw,3.61,-83.29,10.0,1991,10,10,23,34,14.0
4.6,Mw,3.54,-83.26,10.0,1991,10,12,0,6,57.0
4.9,Mw,2.97,-76.39,148.6,1991,11,13,13,21,47.0
5.1,Mw,3.16,-78.58,18.0,1991,11,13,20,27,35.0
4.4,Mw,2.51,-79.21,33.0,1991,11,13,22,41,41.0
4.2,Mw,-2.32,-80.18,69.2,1991,11,21,7,47,13.0
4.2,Mw,-6.94,-75.88,114.1,1991,11,23,6,58,57.0
4.2,Mw,1.79,-80.8,33.0,1991,11,24,15,35,39.0
4.1,Mw,2.37,-79.55,33.0,1991,11,24,18,51,33.0
4.8,Mw,2.55,-78.96,41.4,1991,11,24,19,12,6.0
4.1,Mw,-5.93,-77.42,106.8,1991,12,10,5,28,27.0
4.2,Mw,-1.53,-77.81,204.4,1991,12,12,7,12,57.0
4.6,Mw,-1.46,-80.76,33.0,1991,12,15,21,43,12.0
4.6,Mw,-3.16,-75.67,150.4,1991,12,17,8,43,40.0
3.3,Mw,-1.36,-78.05,203.4,1991,12,24,10,32,10.0
4.4,Mw,-4.29,-81.21,33.0,1991,12,27,6,33,42.0
5.5,Mw,-2.13,-76.96,148.4,1992,1,15,1,18,14.0
3.9,Mw,0.53,-77.83,10.0,1992,1,26,22,1,53.0
4.5,Mw,-3.52,-77.56,87.9,1992,2,6,9,42,57.0
4.9,Mw,-6.79,-75.88,34.1,1992,3,1,6,15,21.0
4.5,Mw,0.04,-80.05,33.0,1992,3,1,12,0,25.0
4.1,Mw,3.19,-83.68,33.0,1992,3,10,19,2,50.0
4.2,Mw,-1.39,-77.72,178.5,1992,3,28,9,26,43.0
4.2,Mw,3.24,-76.42,59.8,1992,4,8,5,30,4.0
4.5,Mw,-4.87,-75.89,131.5,1992,4,22,23,41,22.0
4.4,Mw,2.74,-79.75,33.0,1992,4,30,0,1,51.0
4.6,Mw,3.95,-83.41,10.0,1992,6,28,2,17,48.0
5.0,Mw,2.65,-79.82,13.4,1992,7,5,6,0,13.0
6.3,Mw,-3.91,-76.56,97.0,1992,7,13,18,11,34.0
3.7,Mw,-2.79,-78.24,128.0,1992,7,14,23,4,57.0
4.5,Mw,-4.89,-80.71,80.0,1992,8,3,14,19,6.0
4.7,Mw,2.61,-79.81,33.4,1992,8,12,21,12,16.0
5.2,Mw,-4.68,-77.9,47.0,1992,8,17,0,52,9.0
5.2,Mw,-2.95,-79.92,32.0,1992,8,18,12,53,57.0
4.3,Mw,-2.37,-76.32,173.3,1992,8,26,21,52,51.0
5.2,Mw,3.97,-82.57,14.0,1992,9,8,5,41,44.0
4.7,Mw,3.66,-82.74,33.0,1992,9,16,9,11,57.0
4.6,Mw,3.39,-82.97,33.0,1992,9,18,1,14,59.0
4.6,Mw,3.85,-82.37,33.0,1992,9,18,6,58,31.0
5.1,Mw,3.32,-83.08,13.6,1992,9,18,9,30,42.0
5.1,Mw,3.4,-82.94,24.3,1992,9,18,10,50,36.0
4.8,Mw,3.58,-83.03,8.3,1992,9,18,13,40,36.0
4.5,Mw,3.56,-82.77,33.0,1992,9,20,10,6,15.0
4.5,Mw,-4.42,-76.37,49.7,1992,9,22,6,49,1.0
4.3,Mw,2.45,-83.61,81.6,1992,9,26,18,26,3.0
4.7,Mw,3.21,-82.73,33.9,1992,10,18,5,12,53.0
5.6,Mw,3.1,-82.92,10.0,1992,10,19,10,11,12.0
4.6,Mw,3.52,-82.62,10.0,1992,10,20,13,23,54.0
4.9,Mw,2.97,-79.74,10.0,1992,10,23,4,52,45.0
4.5,Mw,2.73,-79.72,33.0,1992,10,23,6,55,12.0
4.6,Mw,2.86,-84.0,33.0,1992,11,20,10,4,52.0
4.6,Mw,-3.16,-75.66,142.6,1992,11,30,5,1,37.0
4.7,Mw,-4.27,-81.23,24.9,1992,12,3,10,28,2.0
4.9,Mw,1.81,-75.61,18.4,1992,12,6,0,40,36.0
3.8,Mw,-1.09,-81.15,24.0,1992,12,6,13,19,36.0
4.4,Mw,-6.77,-75.6,51.2,1992,12,17,13,9,46.0
5.8,Mw,-1.02,-78.03,12.0,1992,12,26,14,57,40.0
3.9,Mw,-1.05,-78.82,10.0,1992,12,26,16,8,56.0
4.6,Mw,-0.88,-77.79,65.7,1992,12,27,1,18,22.0
3.7,Mw,-1.22,-78.72,10.0,1992,12,28,6,32,32.0
3.5,Mw,-1.03,-80.95,8.0,1993,1,5,5,55,22.0
4.3,Mw,-4.35,-78.05,33.0,1993,1,7,23,15,24.0
4.0,Mw,3.75,-77.06,59.7,1993,1,11,14,1,52.0
4.6,Mw,-1.55,-80.82,35.5,1993,1,14,8,41,33.0
4.5,Mw,-5.77,-79.3,33.0,1993,1,25,1,15,28.0
4.6,Mw,-1.74,-81.05,41.8,1993,2,12,23,38,20.0
5.0,Mw,2.64,-79.88,9.6,1993,2,13,0,19,48.0
4.1,Mw,-1.65,-81.26,33.0,1993,2,15,16,0,43.0
4.7,Mw,2.76,-79.66,10.0,1993,2,26,21,52,53.0
3.5,Mw,-1.92,-80.12,92.5,1993,3,10,15,2,20.0
4.3,Mw,-6.52,-75.6,33.0,1993,3,16,10,37,43.0
3.3,Mw,-2.36,-79.92,100.0,1993,3,21,11,12,28.0
4.5,Mw,-6.01,-74.94,22.8,1993,4,3,8,29,3.0
4.8,Mw,2.77,-78.92,42.9,1993,4,5,21,0,14.0
4.3,Mw,-2.27,-79.74,23.0,1993,4,17,1,53,43.0
4.4,Mw,-1.99,-79.83,87.9,1993,4,27,3,21,10.0
4.7,Mw,-4.42,-79.32,101.7,1993,5,8,14,42,0.0
4.5,Mw,-4.47,-81.01,40.7,1993,5,16,14,59,51.0
4.8,Mw,-1.49,-77.26,203.4,1993,5,24,11,10,58.0
5.2,Mw,2.6,-79.76,24.0,1993,6,6,2,10,38.0
4.5,Mw,2.64,-79.68,7.2,1993,6,9,7,45,57.0
4.4,Mw,-2.62,-79.65,70.1,1993,6,24,13,56,6.0
4.4,Mw,2.69,-79.76,19.1,1993,7,30,6,20,25.0
4.6,Mw,2.54,-79.97,10.0,1993,7,30,9,10,46.0
4.7,Mw,-1.16,-80.38,42.6,1993,8,20,6,35,13.0
4.5,Mw,-3.19,-78.94,23.0,1993,9,4,3,43,59.0
4.6,Mw,2.55,-79.1,18.0,1993,9,6,6,27,34.0
4.4,Mw,2.78,-79.64,20.8,1997,10,18,11,6,32.0
3.1,Mw,-1.58,-80.61,12.0,1997,10,19,6,39,59.0
3.2,Mw,-1.98,-79.84,0.0,1997,10,19,16,3,57.0
3.3,Mw,-0.81,-81.13,45.0,1997,10,22,16,30,40.0
3.2,Mw,-1.09,-78.33,9.6,1997,10,23,8,55,5.0
3.1,Mw,-2.82,-78.72,0.0,1997,10,24,9,18,36.0
3.6,Mw,-0.15,-80.47,13.9,1997,10,24,15,33,32.0
3.3,Mw,0.69,-79.78,12.0,1997,10,24,18,56,29.0
3.7,Mw,0.28,-79.14,11.4,1997,10,25,0,41,23.0
3.1,Mw,-2.71,-78.67,21.1,1997,10,25,8,23,43.0
3.1,Mw,-0.79,-79.12,12.0,1997,10,25,22,0,28.0
3.8,Mw,-2.97,-80.76,5.0,1997,10,26,2,33,9.0
3.2,Mw,-0.9,-80.94,13.0,1997,10,26,3,26,20.0
3.2,Mw,0.34,-78.32,8.8,1997,10,26,5,41,37.0
3.3,Mw,-1.76,-78.32,6.43,1997,10,26,12,7,18.0
3.3,Mw,-1.73,-79.88,16.52,1997,10,26,20,49,41.0
3.8,Mw,0.82,-78.87,14.1,1997,10,27,1,9,8.0
3.4,Mw,0.82,-78.85,9.2,1997,10,27,1,34,31.0
3.1,Mw,-1.59,-80.4,12.0,1997,10,27,6,38,1.0
7.2,Mw,-4.35,-76.6,112.0,1997,10,28,6,15,18.0
3.2,Mw,-0.73,-80.05,13.5,1997,10,28,15,23,24.0
3.0,Mw,0.96,-78.97,24.0,1997,10,29,1,24,39.0
3.5,Mw,-0.23,-78.27,2.15,1997,10,30,20,1,7.0
3.9,Mw,-1.65,-77.88,46.98,1997,10,31,3,10,14.0
3.0,Mw,0.42,-78.66,7.7,1997,10,31,3,19,59.0
3.5,Mw,-2.18,-78.16,30.0,1997,10,31,4,17,51.0
3.2,Mw,-0.31,-79.19,8.25,1997,11,1,16,57,40.0
3.0,Mw,-0.99,-78.29,3.0,1997,11,2,17,4,12.0
3.1,Mw,-1.26,-77.81,8.4,1997,11,2,22,2,27.0
3.8,Mw,-1.4,-78.21,127.6,1997,11,2,23,10,55.0
3.4,Mw,-1.84,-80.0,0.0,1997,11,3,1,39,43.0
3.2,Mw,0.19,-80.03,3.37,1997,11,3,7,2,46.0
3.5,Mw,-1.48,-78.53,17.01,1997,11,3,19,51,53.0
3.2,Mw,-0.69,-80.99,42.56,1997,11,4,4,6,45.0
3.5,Mw,-2.21,-79.86,6.0,1997,11,4,22,9,0.0
4.6,Mw,-2.37,-78.94,101.8,1997,11,5,10,37,52.0
3.1,Mw,-1.47,-77.59,3.34,1997,11,6,5,52,35.0
3.5,Mw,-1.69,-79.59,6.9,1997,11,6,19,39,27.0
3.0,Mw,-1.02,-78.29,7.5,1997,11,7,11,30,43.0
3.4,Mw,0.09,-80.11,6.0,1997,11,7,21,14,43.0
3.5,Mw,0.28,-80.01,10.4,1997,11,8,6,56,52.0
3.5,Mw,-2.93,-80.25,12.0,1997,11,8,10,10,43.0
3.3,Mw,-1.07,-78.78,1.4,1997,11,8,14,56,12.0
3.8,Mw,-1.95,-78.24,25.7,1997,11,8,16,16,11.0
3.2,Mw,-2.49,-79.93,52.0,1997,11,8,19,16,15.0
3.7,Mw,-1.2,-78.2,129.9,1997,11,8,23,40,11.0
3.6,Mw,-2.6,-80.0,12.0,1997,11,8,23,50,31.0
3.0,Mw,0.91,-79.65,1.48,1997,11,9,4,45,49.0
3.3,Mw,-2.35,-79.29,20.0,1997,11,9,5,44,55.0
3.2,Mw,-1.23,-78.23,3.7,1997,11,9,8,26,22.0
3.1,Mw,-1.42,-79.25,12.0,1997,11,9,15,33,31.0
3.1,Mw,-1.0,-78.75,13.49,1997,11,9,16,43,7.0
3.0,Mw,-0.99,-78.74,1.5,1997,11,9,16,46,18.0
3.0,Mw,-2.24,-78.02,15.0,1997,11,9,17,12,42.0
3.5,Mw,-2.23,-79.72,4.92,1997,11,10,16,53,42.0
4.3,Mw,-1.84,-77.73,12.0,1997,11,10,21,7,43.0
3.2,Mw,-2.59,-79.18,0.0,1997,11,10,23,46,28.0
3.0,Mw,-2.32,-78.43,12.0,1997,11,11,8,27,27.0
4.4,Mw,-1.48,-80.97,7.0,1997,11,11,10,15,3.0
3.9,Mw,0.09,-80.08,12.5,1997,11,11,16,54,55.0
4.6,Mw,-4.9,-80.31,33.0,1997,11,12,21,57,40.0
3.9,Mw,-2.28,-80.09,5.0,1997,11,13,4,42,50.0
3.4,Mw,-1.52,-81.28,12.0,1997,11,13,5,12,32.0
3.2,Mw,-2.75,-78.04,6.0,1997,11,13,6,30,49.0
3.1,Mw,-1.29,-79.91,15.79,1997,11,15,4,33,47.0
3.2,Mw,-1.02,-79.37,102.3,1997,11,15,4,37,42.0
3.1,Mw,-2.35,-78.01,4.8,1997,11,15,14,33,50.0
3.2,Mw,-2.48,-79.86,114.0,1997,11,15,17,58,10.0
3.2,Mw,1.0,-78.72,24.3,1997,11,16,4,31,59.0
4.3,Mw,1.96,-83.79,33.0,1997,11,16,10,19,30.0
3.3,Mw,-1.59,-78.36,11.06,1997,11,16,14,52,24.0
3.4,Mw,-2.15,-77.58,160.4,1997,11,16,18,35,6.0
3.3,Mw,-0.77,-78.85,14.1,1997,11,16,19,26,14.0
3.3,Mw,-2.97,-78.21,12.0,1997,11,16,21,11,35.0
3.8,Mw,-1.21,-80.45,34.0,1997,11,17,13,31,10.0
3.4,Mw,-1.05,-78.75,13.1,1997,11,17,14,26,58.0
3.1,Mw,-1.07,-78.32,5.5,1997,11,17,16,57,21.0
3.1,Mw,-1.05,-78.76,15.4,1997,11,17,18,21,36.0
3.0,Mw,-0.76,-78.43,12.08,1997,11,17,21,42,48.0
4.4,Mw,3.29,-76.46,86.2,1997,11,19,10,34,17.0
3.0,Mw,-0.95,-79.24,109.3,1997,11,21,4,2,37.0
3.1,Mw,-0.34,-79.19,5.8,1997,11,21,4,12,13.0
3.3,Mw,-1.6,-78.08,164.0,1997,11,22,16,46,12.0
3.3,Mw,-0.8,-79.3,98.7,1997,11,23,1,40,23.0
3.7,Mw,-0.79,-77.67,23.1,1997,11,23,4,46,32.0
3.3,Mw,-1.82,-79.99,21.99,1997,11,23,12,20,11.0
3.3,Mw,-0.05,-77.07,10.51,1997,11,23,13,6,11.0
3.6,Mw,-1.5,-77.85,17.9,1997,11,23,23,23,14.0
3.6,Mw,-1.45,-77.84,194.5,1997,11,24,1,51,45.0
3.0,Mw,-2.71,-77.86,6.0,1997,11,25,23,19,30.0
3.6,Mw,-2.86,-77.72,17.34,1997,12,7,3,48,30.0
3.2,Mw,-1.05,-78.77,7.1,1997,12,7,23,54,48.0
3.6,Mw,0.1,-78.45,3.2,1997,12,8,0,35,46.0
4.1,Mw,0.24,-79.92,25.9,1997,12,8,8,20,39.0
3.4,Mw,-1.89,-77.75,190.4,1997,12,9,2,53,2.0
3.5,Mw,-2.71,-77.55,25.43,1997,12,9,6,20,20.0
4.0,Mw,2.61,-83.34,33.0,1997,12,10,20,15,34.0
3.0,Mw,-2.83,-78.09,12.0,1997,12,10,22,3,31.0
3.4,Mw,-1.08,-78.71,15.0,1997,12,11,1,58,45.0
6.4,Mw,3.91,-75.76,178.0,1997,12,11,7,56,30.0
3.4,Mw,0.93,-79.68,12.0,1997,12,11,9,10,42.0
3.6,Mw,-1.02,-78.3,9.0,1997,12,11,14,40,23.0
3.6,Mw,-1.02,-78.3,8.6,1997,12,11,15,25,7.0
3.0,Mw,-2.24,-78.37,12.0,1997,12,12,1,29,49.0
3.1,Mw,-2.29,-77.66,17.27,1997,12,12,1,54,53.0
3.3,Mw,0.94,-78.56,54.8,1997,12,12,7,33,50.0
4.0,Mw,-2.36,-79.74,33.22,1997,12,14,20,1,39.0
3.6,Mw,-1.07,-78.8,19.6,1997,12,15,12,43,54.0
3.2,Mw,-1.01,-78.31,6.7,1997,12,15,21,11,32.0
3.5,Mw,-0.9,-80.65,12.0,1997,12,17,3,57,53.0
3.4,Mw,-2.05,-79.84,6.35,1997,12,17,5,36,31.0
3.0,Mw,-1.01,-77.79,27.0,1997,12,18,8,0,33.0
3.4,Mw,-0.99,-78.74,0.1,1997,12,19,3,28,44.0
3.8,Mw,-1.05,-79.35,15.2,1997,12,19,5,37,38.0
4.2,Mw,-1.11,-81.25,4.27,1997,12,19,21,41,35.0
3.5,Mw,-1.17,-81.13,12.0,1997,12,19,23,7,42.0
3.1,Mw,-1.01,-78.37,9.0,1997,12,20,5,7,38.0
3.0,Mw,-2.97,-78.11,14.0,1997,12,20,6,34,41.0
3.0,Mw,-1.07,-79.54,111.4,1997,12,20,7,8,15.0
3.0,Mw,-2.96,-78.2,12.0,1997,12,20,16,0,19.0
3.2,Mw,-2.74,-78.64,12.0,1997,12,20,17,21,55.0
3.5,Mw,-2.58,-79.32,12.0,1997,12,21,0,55,25.0
3.3,Mw,-2.75,-78.51,12.0,1997,12,21,11,0,37.0
3.3,Mw,-2.74,-78.53,12.0,1997,12,21,11,8,14.0
3.6,Mw,-1.11,-81.25,21.41,1997,12,22,4,13,8.0
3.1,Mw,0.01,-78.38,5.6,1997,12,23,9,27,9.0
3.1,Mw,0.007,-78.37,5.1,1997,12,23,11,25,28.0
4.4,Mw,-1.07,-78.29,7.5,1997,12,25,14,16,55.0
3.2,Mw,-2.49,-78.0,9.4,1997,12,25,16,15,8.0
4.4,Mw,-1.08,-78.28,4.5,1997,12,25,23,11,32.0
4.2,Mw,-1.86,-78.13,12.0,1997,12,26,9,1,57.0
3.2,Mw,-1.49,-80.47,12.0,1997,12,26,11,22,30.0
3.1,Mw,-0.3,-77.85,0.3,1997,12,27,1,39,38.0
3.0,Mw,-1.74,-78.76,11.99,1997,12,27,2,36,45.0
3.4,Mw,-1.03,-78.31,8.3,1997,12,27,15,0,53.0
3.3,Mw,-1.04,-78.31,7.3,1997,12,27,15,3,8.0
3.0,Mw,-2.95,-78.09,12.0,1997,12,30,7,59,27.0
3.2,Mw,-1.08,-78.77,13.8,1997,12,30,9,55,8.0
3.5,Mw,0.02,-80.07,9.0,1997,12,30,19,58,23.0
3.3,Mw,-1.08,-78.29,5.3,1997,12,30,21,52,43.0
3.3,Mw,-1.92,-81.18,52.0,1997,12,30,22,26,46.0
3.5,Mw,-1.95,-78.86,4.4,1997,12,31,12,42,3.0
3.0,Mw,-0.49,-78.64,12.0,1997,12,31,15,22,34.0
3.1,Mw,-1.14,-78.16,5.4,1998,1,1,2,55,27.0
3.2,Mw,-1.16,-78.29,3.25,1998,1,1,11,44,16.0
3.1,Mw,-1.34,-79.32,10.4,1998,1,1,19,36,18.0
3.1,Mw,0.58,-77.99,12.0,1998,1,1,20,16,43.0
3.5,Mw,0.52,-79.11,48.1,1998,1,1,21,15,27.0
4.3,Mw,-2.29,-78.03,14.4,1998,1,1,21,45,56.0
3.0,Mw,-1.04,-78.31,11.23,1998,1,1,22,47,49.0
3.3,Mw,-2.83,-80.04,52.0,1998,1,2,3,5,32.0
3.3,Mw,-2.65,-77.52,12.0,1998,1,2,19,5,36.0
3.6,Mw,-2.92,-80.27,4.0,1998,1,3,0,15,45.0
3.2,Mw,-1.08,-78.28,3.5,1998,1,3,0,24,44.0
3.4,Mw,-1.1,-79.71,27.9,1998,1,3,7,45,14.0
3.4,Mw,-1.02,-80.68,12.0,1998,1,3,17,46,32.0
3.9,Mw,-2.18,-78.13,30.0,1998,1,7,9,4,18.0
3.3,Mw,-1.39,-79.67,80.1,1998,1,7,13,37,48.0
3.2,Mw,0.79,-79.39,4.9,1998,1,7,15,10,24.0
3.0,Mw,-0.86,-79.77,28.11,1998,1,7,16,38,49.0
3.0,Mw,-1.67,-79.82,26.35,1998,1,8,2,48,29.0
3.6,Mw,0.63,-80.14,5.0,1998,1,8,5,22,27.0
3.1,Mw,-2.91,-78.01,6.0,1998,1,8,8,37,40.0
3.1,Mw,-0.05,-80.3,5.0,1998,1,9,3,14,59.0
3.1,Mw,-1.51,-79.39,9.7,1998,1,9,14,11,0.0
3.0,Mw,-1.37,-77.71,27.1,1998,1,9,15,59,34.0
3.1,Mw,0.74,-80.0,27.1,1998,1,9,20,22,54.0
3.2,Mw,-2.38,-79.75,16.0,1998,1,11,1,15,10.0
3.1,Mw,-0.83,-79.71,17.1,1998,1,11,19,54,23.0
3.0,Mw,-0.92,-79.23,108.0,1998,1,12,12,42,43.0
3.1,Mw,-1.49,-79.14,0.2,1998,1,14,18,47,33.0
3.4,Mw,-1.54,-78.23,18.6,1998,1,14,22,21,17.0
3.0,Mw,-2.06,-79.92,12.0,1998,1,15,9,3,45.0
3.8,Mw,-2.65,-78.13,12.0,1998,1,15,22,2,45.0
3.8,Mw,-2.54,-80.07,12.0,1998,1,17,1,48,26.0
4.4,Mw,-1.84,-80.01,14.6,1998,1,17,3,17,29.0
3.4,Mw,-2.32,-78.12,14.5,1998,1,18,23,47,44.0
3.2,Mw,-0.82,-79.29,110.9,1998,1,19,7,32,45.0
3.2,Mw,-1.13,-78.39,9.1,1998,1,19,14,55,49.0
3.7,Mw,-2.1,-80.0,14.0,1998,1,19,23,48,59.0
3.5,Mw,-2.18,-78.05,12.0,1998,1,20,0,1,15.0
3.6,Mw,-1.67,-77.72,8.0,1998,1,20,23,23,41.0
3.1,Mw,-2.87,-78.1,12.0,1998,1,21,10,27,0.0
3.7,Mw,-0.13,-80.88,18.66,1998,8,6,9,48,9.0
3.7,Mw,-0.14,-80.56,57.7,1998,8,6,11,2,31.0
3.5,Mw,-0.22,-80.45,72.0,1998,8,6,11,57,28.0
3.5,Mw,-2.28,-80.65,12.0,1998,8,6,12,10,20.0
3.5,Mw,-0.18,-80.66,6.3,1998,8,6,17,21,58.0
3.4,Mw,-0.09,-80.95,48.2,1998,8,6,20,55,14.0
3.5,Mw,-0.05,-78.46,9.81,1998,8,6,23,53,44.0
4.0,Mw,-0.91,-80.57,16.9,1998,8,7,0,2,22.0
3.0,Mw,-0.03,-78.49,4.8,1998,8,7,2,36,40.0
4.0,Mw,-0.77,-80.91,2.7,1998,8,7,2,59,28.0
4.0,Mw,-0.78,-80.94,4.0,1998,8,7,3,6,33.0
4.0,Mw,-0.83,-80.84,2.4,1998,8,7,4,35,0.0
3.9,Mw,-0.84,-80.92,4.3,1998,8,7,5,38,22.0
4.4,Mw,-0.59,-80.61,42.0,1998,8,7,5,50,41.0
3.3,Mw,-0.02,-78.49,3.6,1998,8,7,6,43,7.0
4.1,Mw,-0.82,-80.87,0.5,1998,8,8,1,33,28.0
3.7,Mw,-0.67,-80.58,24.4,1998,8,8,2,57,34.0
3.9,Mw,-0.21,-80.58,12.2,1998,8,8,3,3,24.0
3.6,Mw,-0.79,-81.2,3.72,1998,8,8,3,51,20.0
3.3,Mw,-1.18,-80.37,10.0,1998,8,8,6,8,14.0
4.3,Mw,-0.8,-80.88,2.0,1998,8,8,6,26,23.0
3.1,Mw,-0.03,-78.48,8.0,1998,8,8,7,25,23.0
3.6,Mw,-0.84,-81.17,18.37,1998,8,8,7,33,43.0
3.1,Mw,-0.34,-79.66,53.0,1998,8,8,8,29,38.0
3.8,Mw,-0.79,-81.16,10.31,1998,8,8,10,13,54.0
3.7,Mw,-0.87,-81.11,3.07,1998,8,8,13,2,10.0
3.6,Mw,-0.68,-80.56,39.49,1998,8,8,14,56,57.0
3.0,Mw,-0.03,-78.49,4.4,1998,8,8,16,38,57.0
3.3,Mw,-0.03,-78.52,13.8,1998,8,8,16,40,50.0
3.3,Mw,-1.43,-79.29,16.1,1998,8,8,17,9,57.0
3.7,Mw,-0.71,-80.91,6.6,1998,8,8,22,58,3.0
3.7,Mw,-0.62,-81.18,49.0,1998,8,8,23,28,37.0
3.4,Mw,-2.67,-77.96,6.8,1998,8,9,2,15,3.0
3.3,Mw,-0.95,-80.79,22.97,1998,8,9,2,56,54.0
3.8,Mw,-0.94,-80.86,12.2,1998,8,9,6,42,22.0
3.1,Mw,-0.006,-78.5,4.4,1998,8,9,9,49,42.0
3.2,Mw,-0.97,-78.54,7.1,1998,8,9,9,54,36.0
3.7,Mw,-0.44,-81.02,19.22,1998,8,9,10,23,40.0
3.0,Mw,-0.02,-78.5,8.8,1998,8,9,12,1,2.0
3.0,Mw,-0.63,-80.96,2.8,1998,8,9,13,28,7.0
3.3,Mw,-0.59,-81.0,16.72,1998,8,9,13,34,31.0
3.5,Mw,-0.02,-78.47,7.4,1998,8,9,14,52,56.0
3.0,Mw,-0.02,-78.49,8.4,1998,8,9,20,57,19.0
4.1,Mw,-0.79,-80.99,3.2,1998,8,9,22,35,16.0
3.6,Mw,-0.62,-80.77,52.0,1998,8,10,6,28,47.0
3.8,Mw,-0.65,-80.49,39.08,1998,8,10,7,18,54.0
3.5,Mw,-1.15,-81.15,13.05,1998,8,10,11,27,55.0
3.6,Mw,-1.0,-80.44,10.0,1998,8,10,13,30,39.0
3.7,Mw,-0.1,-80.92,17.63,1998,8,10,16,9,52.0
3.3,Mw,-0.39,-80.14,35.1,1998,8,10,16,30,49.0
3.2,Mw,1.16,-77.42,9.9,1998,8,11,3,28,21.0
3.4,Mw,-0.84,-80.72,5.4,1998,8,11,5,48,2.0
3.7,Mw,-2.87,-78.69,82.4,1998,8,11,14,4,10.0
3.6,Mw,-0.24,-80.95,46.27,1998,8,11,16,32,18.0
3.4,Mw,-0.12,-78.47,2.5,1998,8,11,18,9,0.0
4.2,Mw,-0.73,-80.61,18.3,1998,8,11,20,53,2.0
3.4,Mw,-0.47,-80.33,19.5,1998,8,12,14,27,36.0
3.3,Mw,-0.07,-80.56,27.0,1998,8,13,21,32,37.0
3.8,Mw,-0.45,-80.29,27.6,1998,8,14,0,58,21.0
3.3,Mw,-0.64,-80.81,20.45,1998,8,14,6,20,21.0
3.3,Mw,-0.34,-79.69,63.1,1998,8,15,7,16,23.0
3.7,Mw,-1.47,-81.1,20.0,1998,8,15,16,18,34.0
3.1,Mw,-0.43,-79.6,38.31,1998,8,15,16,55,6.0
3.2,Mw,-0.02,-78.52,13.7,1998,8,15,18,49,1.0
3.0,Mw,-0.6,-77.49,2.5,1998,8,16,4,47,5.0
3.0,Mw,-0.95,-79.17,101.5,1998,8,16,13,31,57.0
3.5,Mw,-0.67,-80.61,37.3,1998,8,16,15,35,24.0
3.3,Mw,-1.14,-78.4,12.2,1998,8,16,21,56,2.0
3.2,Mw,-0.8,-80.24,38.4,1998,8,17,3,58,10.0
4.0,Mw,-1.15,-78.41,12.1,1998,8,17,4,25,46.0
3.3,Mw,-0.38,-81.11,29.0,1998,8,17,9,16,22.0
3.1,Mw,-0.04,-78.48,15.26,1998,8,17,12,53,1.0
3.5,Mw,-0.03,-78.48,3.1,1998,8,17,13,1,46.0
3.8,Mw,-1.22,-80.27,0.0,1998,8,17,14,17,8.0
3.8,Mw,-1.14,-80.49,9.1,1998,8,17,14,18,4.0
3.7,Mw,-0.69,-80.63,35.0,1998,8,17,17,27,59.0
3.3,Mw,-2.92,-79.39,57.32,1998,8,19,0,29,18.0
3.2,Mw,-0.02,-78.49,2.5,1998,8,19,4,59,14.0
3.0,Mw,-1.05,-78.76,16.4,1998,8,19,10,23,52.0
3.1,Mw,-2.27,-78.84,103.4,1998,8,19,20,34,51.0
3.7,Mw,-1.36,-80.61,27.24,1998,8,20,2,48,25.0
3.3,Mw,0.17,-78.96,20.2,1998,8,20,6,47,40.0
3.1,Mw,-1.16,-78.43,19.18,1998,8,20,11,45,30.0
3.1,Mw,-0.02,-78.49,5.4,1998,8,20,17,42,43.0
4.1,Mw,-5.54,-77.58,33.0,1998,8,20,20,46,24.0
4.2,Mw,-2.61,-77.98,3.4,1998,8,20,22,22,14.0
3.0,Mw,-0.01,-78.49,0.9,1998,8,21,1,43,36.0
3.0,Mw,-0.02,-78.49,5.5,1998,8,21,7,12,23.0
3.0,Mw,-0.3,-79.28,8.5,1998,8,21,22,21,40.0
4.1,Mw,0.94,-78.8,6.4,1998,8,22,0,27,26.0
3.0,Mw,-0.06,-78.46,10.52,1998,8,22,5,29,33.0
3.0,Mw,-0.04,-78.49,14.21,1998,8,22,21,35,37.0
3.0,Mw,-0.01,-78.49,1.9,1998,8,23,18,20,41.0
3.3,Mw,1.21,-77.38,25.0,1998,8,25,3,53,4.0
3.7,Mw,-1.18,-80.5,19.3,1998,8,25,4,3,6.0
3.1,Mw,-0.63,-79.58,72.3,1998,8,25,6,54,24.0
4.0,Mw,-0.68,-80.47,25.61,1998,8,25,21,46,30.0
3.4,Mw,-1.08,-78.76,17.4,1998,8,26,4,15,19.0
3.3,Mw,-0.69,-80.62,45.0,1998,8,26,15,44,54.0
3.1,Mw,-0.87,-78.41,0.6,1998,8,27,19,25,25.0
3.0,Mw,-0.05,-78.44,13.63,1998,8,28,6,22,56.0
3.2,Mw,-1.56,-80.88,4.1,1998,8,28,10,19,55.0
3.0,Mw,-0.08,-78.44,10.33,1998,8,28,19,28,23.0
3.0,Mw,0.03,-78.53,13.8,1998,8,28,20,27,36.0
3.3,Mw,-0.51,-80.85,33.0,1998,8,29,1,9,15.0
3.4,Mw,-1.03,-78.74,10.5,1998,8,29,2,17,8.0
3.3,Mw,-0.02,-78.49,4.6,1998,8,29,7,15,16.0
3.0,Mw,-0.74,-80.64,41.84,1998,8,29,23,12,8.0
3.3,Mw,-2.82,-77.98,7.0,1998,8,30,4,23,3.0
3.8,Mw,-2.51,-78.11,9.1,1998,8,30,17,6,15.0
3.3,Mw,0.01,-78.5,12.0,1998,8,30,18,17,22.0
3.4,Mw,-2.0,-78.92,118.9,1998,9,1,4,57,18.0
3.0,Mw,0.37,-79.18,23.37,1998,9,1,16,32,21.0
3.5,Mw,-2.64,-78.02,6.3,1998,9,2,14,17,21.0
3.2,Mw,-1.02,-78.3,11.5,1998,9,2,14,52,52.0
3.0,Mw,-0.005,-78.49,1.3,1998,9,2,15,18,35.0
3.0,Mw,0.002,-78.53,14.1,1998,9,3,12,39,52.0
3.0,Mw,-2.42,-78.82,0.0,1998,9,4,3,31,53.0
3.1,Mw,-0.99,-80.41,80.81,1998,9,4,21,57,7.0
3.0,Mw,0.005,-78.49,2.6,1998,9,5,4,47,4.0
3.6,Mw,-0.64,-80.61,26.2,1998,9,5,6,13,46.0
3.9,Mw,-2.59,-80.15,12.0,1998,9,5,17,8,49.0
3.4,Mw,-1.05,-78.71,5.0,1998,9,5,21,15,44.0
3.9,Mw,-1.04,-78.72,12.0,1998,9,5,21,26,36.0
3.9,Mw,-1.02,-78.74,0.0,1998,9,5,21,32,34.0
3.0,Mw,-2.28,-79.79,28.7,1998,9,7,9,49,24.0
4.4,Mw,-4.08,-76.99,106.8,1998,9,7,20,55,21.0
3.2,Mw,-0.53,-80.34,38.8,1998,9,8,20,44,57.0
3.7,Mw,-1.15,-80.43,10.5,1998,9,9,4,40,38.0
3.2,Mw,-0.002,-78.49,1.9,1998,9,9,8,3,44.0
3.5,Mw,-0.89,-79.19,90.7,1998,9,10,1,43,7.0
3.0,Mw,-1.21,-78.18,17.7,1998,9,10,13,54,24.0
3.6,Mw,-0.66,-80.67,24.1,1998,9,10,19,45,53.0
3.3,Mw,-2.52,-78.1,12.4,1998,9,11,0,37,5.0
4.1,Mw,-0.9,-81.1,6.5,1998,9,12,22,40,2.0
3.5,Mw,-0.77,-80.92,2.7,1998,9,13,0,16,24.0
3.7,Mw,-0.44,-80.48,38.64,1998,9,13,0,19,17.0
3.3,Mw,0.97,-78.56,16.1,1998,9,13,1,40,46.0
3.6,Mw,-1.06,-78.74,0.5,1998,9,13,3,9,22.0
4.2,Mw,-0.82,-81.06,25.0,1998,9,13,5,12,33.0
3.4,Mw,-2.46,-79.87,88.0,1998,9,14,1,8,38.0
3.1,Mw,-1.18,-79.43,40.0,1998,9,14,1,30,17.0
3.6,Mw,-1.34,-79.93,23.5,1998,9,15,6,57,25.0
3.1,Mw,-0.02,-78.48,8.0,1998,9,15,12,14,49.0
3.5,Mw,0.01,-80.42,18.1,1998,9,15,17,43,6.0
3.1,Mw,-1.05,-78.34,8.4,1998,9,15,21,33,52.0
4.7,Mw,-3.22,-79.4,91.5,1998,9,16,11,28,56.0
3.5,Mw,-0.65,-81.11,25.0,1998,9,16,15,53,33.0
3.0,Mw,0.05,-77.72,1.2,1998,9,17,2,47,7.0
3.1,Mw,-0.76,-80.57,32.51,1998,9,17,8,48,47.0
3.1,Mw,-1.09,-79.33,117.0,1998,9,17,16,1,43.0
3.3,Mw,-1.56,-77.91,180.0,1998,9,17,21,0,45.0
3.4,Mw,-1.0,-78.3,8.5,1998,9,18,6,24,37.0
3.2,Mw,-0.009,-78.48,4.5,1998,9,18,6,29,10.0
3.2,Mw,-0.79,-80.8,39.2,1998,9,18,19,37,29.0
3.5,Mw,-2.07,-79.96,22.7,1998,9,19,2,8,42.0
3.2,Mw,-2.89,-79.55,45.0,1998,9,19,13,12,23.0
3.3,Mw,-1.02,-78.25,7.5,1998,9,19,18,36,44.0
3.0,Mw,-0.76,-78.53,134.3,1998,9,20,1,41,53.0
3.5,Mw,0.17,-78.9,76.7,1998,9,20,13,1,50.0
3.7,Mw,-2.17,-77.38,156.9,1998,9,21,3,2,22.0
3.0,Mw,-0.94,-78.18,11.1,1998,9,21,14,42,55.0
3.4,Mw,-1.16,-80.75,14.0,1998,9,21,15,19,34.0
3.3,Mw,1.01,-79.19,9.0,1998,9,21,22,2,0.0
3.8,Mw,-1.06,-80.77,16.1,1998,9,22,14,13,58.0
3.4,Mw,-2.9,-77.97,130.0,1998,9,23,5,8,14.0
3.3,Mw,0.0,-80.08,30.5,1998,9,23,5,43,47.0
3.1,Mw,-1.83,-78.93,81.3,1998,9,23,8,38,32.0
4.6,Mw,-5.36,-76.79,37.8,1998,9,23,9,35,44.0
3.2,Mw,-2.47,-77.99,6.3,1998,9,23,11,43,47.0
3.0,Mw,-1.11,-78.39,8.2,1998,9,24,18,22,55.0
3.4,Mw,-0.21,-78.44,5.8,1998,9,24,21,2,18.0
3.4,Mw,-1.69,-78.18,168.4,1998,9,24,22,25,47.0
3.4,Mw,-0.23,-79.04,14.0,1998,9,25,0,28,37.0
3.4,Mw,-0.79,-79.7,14.8,1998,9,25,7,47,17.0
3.0,Mw,-0.05,-77.25,4.4,1998,9,25,19,56,13.0
3.4,Mw,-0.67,-80.85,43.83,1998,9,27,6,54,19.0
3.0,Mw,-0.004,-78.48,4.2,1998,9,27,9,34,53.0
3.0,Mw,-0.03,-78.46,9.42,1998,9,27,9,40,1.0
3.2,Mw,-2.4,-77.89,12.71,1998,9,27,16,15,49.0
3.4,Mw,-2.61,-78.08,13.0,1999,4,16,22,10,41.0
3.4,Mw,-2.56,-78.0,0.0,1999,4,16,22,37,55.0
3.1,Mw,-0.46,-79.99,24.0,1999,4,17,5,16,2.0
4.0,Mw,2.66,-79.63,132.0,1999,4,18,5,49,50.0
3.6,Mw,-1.64,-78.05,179.1,1999,4,18,12,32,22.0
3.3,Mw,-2.63,-77.94,5.0,1999,4,18,20,53,6.0
3.3,Mw,0.96,-79.76,20.0,1999,4,19,3,29,41.0
3.1,Mw,0.95,-78.12,3.24,1999,4,19,8,2,36.0
3.3,Mw,-0.29,-78.49,0.03,1999,4,19,9,2,17.0
3.1,Mw,-1.08,-78.25,12.53,1999,4,20,9,14,50.0
3.3,Mw,-1.41,-78.1,161.1,1999,4,21,2,20,36.0
3.1,Mw,0.79,-78.61,3.0,1999,4,21,6,23,56.0
4.1,Mw,-0.28,-77.42,7.1,1999,4,21,11,29,20.0
3.4,Mw,-1.54,-77.75,9.8,1999,4,23,1,27,13.0
3.1,Mw,-0.05,-78.46,16.1,1999,4,23,8,17,43.0
3.1,Mw,-1.05,-78.32,7.4,1999,4,23,14,20,2.0
3.5,Mw,-1.61,-80.83,12.0,1999,4,24,0,41,1.0
3.2,Mw,0.61,-79.98,18.0,1999,4,25,23,59,6.0
3.2,Mw,-2.21,-78.21,27.0,1999,4,26,10,8,13.0
6.0,Mw,-1.7,-77.92,171.7,1999,4,26,18,17,25.0
3.2,Mw,-1.16,-78.37,21.5,1999,4,27,20,26,45.0
3.2,Mw,-1.17,-78.32,8.9,1999,4,28,0,46,45.0
3.2,Mw,-1.09,-78.69,25.6,1999,4,28,6,1,33.0
4.0,Mw,-6.59,-81.44,29.9,1999,4,29,9,10,9.0
3.4,Mw,-2.36,-78.38,89.96,1999,4,29,23,30,8.0
3.1,Mw,-1.11,-78.93,1.6,1999,4,30,9,15,47.0
3.4,Mw,-1.75,-80.43,12.0,1999,5,1,4,22,5.0
3.1,Mw,-2.29,-80.33,33.0,1999,5,1,12,20,42.0
3.2,Mw,0.94,-78.5,56.9,1999,5,2,10,56,52.0
3.0,Mw,-1.05,-78.27,5.3,1999,5,2,11,7,48.0
3.1,Mw,-2.73,-77.88,14.0,1999,5,3,18,52,16.0
3.3,Mw,-2.18,-79.82,21.86,1999,5,4,8,2,24.0
3.3,Mw,-1.97,-78.89,2.3,1999,5,4,8,58,56.0
3.0,Mw,-0.16,-79.96,14.77,1999,5,5,5,40,57.0
3.0,Mw,-1.59,-77.52,10.0,1999,5,6,8,5,4.0
3.0,Mw,0.79,-79.36,5.7,1999,5,6,9,9,56.0
3.0,Mw,0.04,-78.85,3.7,1999,5,6,23,59,30.0
3.7,Mw,0.04,-78.93,3.5,1999,5,7,1,32,23.0
3.4,Mw,-1.57,-77.73,211.6,1999,5,7,3,49,29.0
3.0,Mw,-1.06,-78.28,6.9,1999,5,7,4,38,39.0
3.3,Mw,-0.001,-78.42,11.2,1999,5,7,10,19,28.0
3.3,Mw,1.07,-78.13,25.0,1999,5,7,18,51,24.0
3.2,Mw,0.02,-78.88,8.4,1999,5,7,21,21,33.0
3.2,Mw,-1.9,-77.52,18.5,1999,5,8,7,52,6.0
3.0,Mw,-0.94,-79.19,104.7,1999,5,8,9,56,20.0
3.0,Mw,-2.22,-79.74,22.79,1999,5,8,14,55,30.0
3.2,Mw,-1.91,-77.72,157.7,1999,5,9,7,24,15.0
3.1,Mw,-1.09,-78.32,7.9,1999,5,9,9,45,57.0
4.2,Mw,-4.79,-76.36,58.8,1999,5,9,13,26,34.0
3.3,Mw,-0.02,-78.47,7.4,1999,5,10,4,36,10.0
3.1,Mw,-2.81,-77.98,7.0,1999,5,10,12,40,51.0
3.7,Mw,-0.79,-79.25,20.1,1999,5,11,2,24,57.0
3.0,Mw,0.87,-79.38,2.8,1999,5,11,5,26,37.0
3.0,Mw,-0.44,-79.02,26.4,1999,5,11,6,55,30.0
3.6,Mw,-2.0,-77.44,217.0,1999,5,11,12,54,29.0
3.0,Mw,-2.01,-77.2,20.0,1999,5,11,13,37,59.0
3.0,Mw,-1.1,-78.23,4.8,1999,5,12,8,28,37.0
3.1,Mw,-2.03,-79.79,20.0,1999,5,12,10,1,2.0
3.3,Mw,-1.77,-77.86,164.7,1999,5,12,16,22,48.0
3.3,Mw,-2.9,-78.14,16.0,1999,5,12,16,38,52.0
3.1,Mw,-2.05,-79.06,123.1,1999,5,15,16,0,4.0
4.1,Mw,2.87,-79.7,46.3,1999,5,17,7,14,22.0
3.0,Mw,0.03,-78.89,6.0,1999,5,17,9,26,5.0
3.0,Mw,-1.09,-78.27,0.1,1999,5,20,10,6,24.0
3.1,Mw,-2.62,-77.65,9.42,1999,5,21,2,19,26.0
3.3,Mw,-0.75,-79.44,49.7,1999,5,22,23,49,1.0
4.0,Mw,-1.41,-78.01,153.8,1999,5,23,10,26,49.0
3.2,Mw,-2.78,-79.59,14.0,1999,5,24,6,7,51.0
3.4,Mw,0.17,-77.43,0.1,1999,5,25,0,24,20.0
4.3,Mw,-0.68,-80.45,39.4,1999,5,25,2,15,51.0
4.6,Mw,-4.32,-80.62,32.4,1999,5,25,2,18,12.0
3.1,Mw,-1.43,-80.62,7.56,1999,5,27,8,40,5.0
3.2,Mw,-1.03,-78.26,8.4,1999,5,27,8,47,40.0
3.6,Mw,-1.08,-78.27,5.4,1999,5,27,20,41,54.0
3.2,Mw,1.45,-79.59,21.0,1999,6,1,5,51,35.0
3.1,Mw,0.9,-79.77,26.98,1999,6,1,7,56,32.0
3.0,Mw,-0.89,-79.18,96.0,1999,6,2,5,47,37.0
3.3,Mw,-1.34,-78.05,171.5,1999,6,6,4,12,31.0
3.2,Mw,-1.01,-78.29,6.9,1999,6,6,22,11,55.0
3.3,Mw,-2.46,-77.17,38.6,1999,6,7,2,14,2.0
3.2,Mw,-0.94,-79.15,112.9,1999,6,8,8,51,13.0
3.2,Mw,-1.08,-78.27,3.7,1999,6,9,11,18,2.0
3.1,Mw,-0.71,-79.69,60.6,1999,6,9,14,27,25.0
3.0,Mw,-2.71,-78.38,6.1,1999,6,10,1,44,30.0
3.0,Mw,-1.08,-79.71,37.64,1999,6,11,6,27,3.0
3.7,Mw,-2.4,-77.19,29.33,1999,6,12,4,1,20.0
3.0,Mw,-2.52,-77.22,11.48,1999,6,13,15,14,13.0
3.2,Mw,-0.8,-79.26,108.5,1999,6,14,2,30,47.0
3.1,Mw,-0.83,-79.7,23.07,1999,6,15,17,42,53.0
4.0,Mw,-0.16,-79.83,100.0,1999,6,17,17,6,16.0
3.2,Mw,-1.66,-77.9,175.1,1999,6,18,4,47,44.0
3.2,Mw,-2.3,-80.62,45.0,1999,6,19,0,3,50.0
3.0,Mw,-1.45,-79.81,92.64,1999,6,19,3,2,39.0
3.3,Mw,-1.09,-79.44,96.0,1999,6,19,17,7,48.0
3.2,Mw,-2.08,-79.75,34.8,1999,6,20,8,23,13.0
4.0,Mw,-2.26,-79.91,10.0,1999,6,20,15,22,3.0
3.1,Mw,-2.42,-79.89,25.0,1999,6,22,7,47,29.0
3.2,Mw,-2.62,-79.72,33.0,1999,6,23,2,15,52.0
3.0,Mw,-0.63,-77.44,7.6,1999,6,23,6,46,42.0
3.5,Mw,-1.28,-78.35,10.8,1999,6,24,0,53,10.0
3.4,Mw,-1.71,-78.17,170.7,1999,6,26,2,8,43.0
3.8,Mw,-1.44,-78.31,149.2,1999,6,26,7,58,52.0
3.3,Mw,0.24,-80.06,24.1,1999,6,26,18,16,39.0
3.2,Mw,0.25,-80.08,21.0,1999,6,26,18,55,15.0
4.1,Mw,-4.98,-81.02,33.0,1999,6,27,0,31,8.0
3.4,Mw,-0.004,-78.51,3.8,1999,6,27,0,40,36.0
3.2,Mw,-0.02,-78.48,-1.4,1999,6,27,1,45,42.0
3.5,Mw,-0.01,-78.49,-0.1,1999,6,27,1,52,5.0
3.1,Mw,-1.16,-78.34,8.8,1999,6,27,3,47,20.0
3.4,Mw,-0.01,-78.49,-1.3,1999,6,27,5,7,55.0
3.3,Mw,-0.009,-78.53,10.6,1999,6,27,10,27,26.0
3.2,Mw,0.1,-80.28,5.0,1999,6,28,3,50,34.0
3.0,Mw,-1.86,-77.95,216.1,1999,6,28,14,39,39.0
3.0,Mw,-0.68,-78.69,11.0,1999,6,29,6,54,59.0
3.1,Mw,-1.06,-78.3,7.9,1999,6,29,7,7,5.0
3.5,Mw,0.8,-79.21,47.6,1999,6,29,11,7,12.0
3.2,Mw,-2.56,-80.82,51.47,1999,6,30,7,50,0.0
3.1,Mw,-1.08,-78.28,4.0,1999,6,30,13,11,36.0
3.2,Mw,0.19,-77.25,4.3,1999,7,1,5,3,58.0
3.3,Mw,-2.57,-79.77,10.0,1999,7,1,18,28,43.0
4.7,Mw,2.49,-79.67,33.0,1979,12,18,17,34,34.0
4.0,Mw,2.51,-79.5,33.0,1979,12,19,0,50,29.0
4.9,Mw,2.57,-79.44,33.0,1979,12,19,22,49,40.0
4.4,Mw,3.13,-77.9,58.7,1979,12,20,2,8,36.0
4.7,Mw,2.34,-79.67,33.0,1979,12,20,18,19,44.0
5.0,Mw,-2.6,-79.01,90.5,1979,12,21,0,26,8.0
4.5,Mw,2.2,-78.71,91.5,1979,12,21,1,49,22.0
4.4,Mw,2.89,-79.17,33.0,1979,12,21,3,4,57.0
4.6,Mw,2.02,-79.31,65.4,1979,12,21,6,35,28.0
4.7,Mw,3.08,-79.42,33.0,1979,12,21,10,0,7.0
4.5,Mw,1.99,-79.26,69.7,1979,12,21,18,55,10.0
4.6,Mw,2.97,-79.05,33.0,1979,12,21,19,43,32.0
4.8,Mw,2.39,-79.2,33.0,1979,12,21,22,57,47.0
4.8,Mw,3.13,-77.88,58.2,1979,12,21,23,2,16.0
4.5,Mw,2.67,-78.85,33.0,1979,12,22,14,13,3.0
4.3,Mw,3.47,-78.25,75.1,1979,12,22,15,21,55.0
4.5,Mw,2.28,-79.03,80.1,1979,12,23,8,29,47.0
5.0,Mw,3.46,-78.36,16.3,1979,12,23,8,47,19.0
4.4,Mw,2.24,-79.28,57.6,1979,12,24,6,22,30.0
4.9,Mw,2.28,-78.84,51.5,1979,12,24,12,46,8.0
4.3,Mw,2.33,-78.38,33.0,1979,12,25,3,25,44.0
4.8,Mw,2.12,-79.41,33.0,1979,12,25,14,55,58.0
4.0,Mw,2.86,-78.76,33.0,1979,12,26,5,50,59.0
4.8,Mw,3.64,-78.2,64.4,1979,12,28,15,6,2.0
4.9,Mw,2.16,-79.2,61.4,1979,12,29,22,8,6.0
4.2,Mw,2.73,-79.29,33.0,1979,12,30,2,9,35.0
4.8,Mw,3.06,-79.41,29.9,1979,12,30,16,12,22.0
4.5,Mw,3.1,-79.48,33.0,1979,12,30,16,15,31.0
4.1,Mw,3.2,-79.06,33.0,1979,12,31,4,21,2.0
5.0,Mw,3.57,-78.3,20.0,1979,12,31,11,58,39.0
4.5,Mw,3.11,-79.25,33.0,1979,12,31,12,30,18.0
4.2,Mw,-2.9,-81.94,33.0,1979,12,31,19,28,23.0
6.0,Mw,2.05,-79.01,34.3,1979,12,31,23,7,25.0
4.1,Mw,3.25,-79.39,33.0,1980,1,1,23,55,14.0
4.8,Mw,2.9,-79.57,39.3,1980,1,2,19,4,3.0
4.5,Mw,3.29,-79.23,33.0,1980,1,3,3,37,19.0
4.1,Mw,3.1,-79.29,33.0,1980,1,3,4,48,21.0
4.4,Mw,3.15,-79.18,33.0,1980,1,4,3,43,46.0
4.4,Mw,2.33,-79.38,33.0,1980,1,5,4,9,19.0
4.5,Mw,2.65,-78.38,65.6,1980,1,6,4,0,17.0
4.9,Mw,2.81,-78.79,33.0,1980,1,6,20,14,14.0
5.3,Mw,2.92,-78.74,27.3,1980,1,7,0,33,38.0
4.7,Mw,-0.11,-78.6,126.9,1980,1,13,0,29,9.0
4.6,Mw,3.42,-78.47,65.6,1980,1,17,19,48,27.0
4.3,Mw,-4.38,-77.26,161.3,1980,1,22,1,8,8.0
5.6,Mw,2.4,-79.49,23.7,1980,1,26,15,27,16.0
4.4,Mw,1.73,-79.67,67.3,1980,1,28,4,39,7.0
4.5,Mw,2.77,-79.13,73.8,1980,1,31,7,31,47.0
4.2,Mw,2.37,-79.19,132.3,1980,2,6,13,25,41.0
4.1,Mw,3.65,-78.84,33.0,1980,2,8,3,3,58.0
4.5,Mw,1.99,-79.14,83.2,1980,2,9,11,14,37.0
4.1,Mw,2.25,-79.64,44.4,1980,2,11,15,56,21.0
4.4,Mw,3.65,-74.02,37.7,1980,2,12,8,18,49.0
4.7,Mw,3.4,-77.82,55.4,1980,2,13,11,13,12.0
4.3,Mw,-2.78,-80.26,71.0,1980,2,15,21,19,42.0
5.7,Mw,-2.26,-79.77,72.0,1980,2,18,13,3,23.0
4.4,Mw,2.44,-79.19,44.3,1980,2,21,10,42,57.0
4.2,Mw,2.18,-79.32,54.3,1980,2,23,14,13,4.0
4.4,Mw,-4.82,-77.14,151.0,1980,2,24,11,0,51.0
4.3,Mw,2.9,-78.83,33.0,1980,3,3,9,13,56.0
4.1,Mw,1.58,-79.84,33.0,1980,3,16,3,26,12.0
4.7,Mw,3.72,-83.98,33.0,1980,3,19,22,11,37.0
4.6,Mw,-4.99,-80.72,75.7,1980,3,20,14,32,38.0
4.6,Mw,-1.79,-77.89,170.4,1980,3,28,15,39,40.0
4.6,Mw,2.27,-79.66,33.0,1980,4,15,10,27,54.0
4.4,Mw,1.91,-79.37,33.0,1980,4,17,5,38,54.0
5.2,Mw,-2.53,-78.51,101.1,1980,4,20,11,26,23.0
4.5,Mw,-5.66,-79.15,79.0,1980,5,4,23,28,55.0
5.5,Mw,1.75,-80.41,31.0,1980,5,11,9,25,1.0
4.6,Mw,3.18,-79.06,26.8,1980,5,12,13,56,10.0
4.7,Mw,-0.48,-79.16,11.0,1980,5,16,2,52,53.0
4.4,Mw,1.76,-80.41,35.0,1980,5,16,5,33,39.0
4.4,Mw,1.97,-79.44,33.0,1980,5,30,13,59,16.0
4.9,Mw,2.55,-79.14,27.8,1980,5,31,11,31,38.0
4.9,Mw,2.49,-78.79,50.1,1980,6,24,0,15,54.0
4.1,Mw,0.39,-77.13,236.7,1980,7,3,23,14,0.0
4.5,Mw,2.3,-78.89,56.9,1980,7,6,18,3,27.0
4.4,Mw,1.07,-78.98,33.0,1980,7,6,18,10,10.0
4.8,Mw,2.99,-79.08,58.9,1980,7,10,19,1,52.0
4.5,Mw,-5.66,-81.11,33.0,1980,7,15,4,1,51.0
4.8,Mw,2.98,-79.4,41.5,1980,7,15,5,30,17.0
4.3,Mw,2.95,-79.36,33.0,1980,7,19,18,9,59.0
4.5,Mw,2.84,-78.71,37.1,1980,7,22,4,4,44.0
4.2,Mw,-2.31,-78.36,126.2,1980,7,23,8,43,55.0
4.3,Mw,2.51,-79.15,33.0,1980,7,23,15,15,49.0
4.5,Mw,-1.51,-77.8,173.6,1980,7,29,11,43,44.0
4.4,Mw,2.59,-78.99,56.3,1980,8,1,10,3,27.0
4.5,Mw,-5.52,-79.11,33.0,1980,8,5,10,21,49.0
4.7,Mw,2.97,-79.46,29.6,1980,8,9,19,46,10.0
4.2,Mw,2.83,-79.29,64.0,1980,8,9,20,3,43.0
5.0,Mw,-1.1,-78.03,33.0,1987,10,23,15,49,57.0
5.9,Mw,-6.97,-80.55,29.7,1987,10,31,8,52,31.0
4.8,Mw,-5.88,-81.92,33.0,1987,12,2,4,14,33.0
4.2,Mw,2.27,-78.8,33.0,1987,12,3,3,11,47.0
4.6,Mw,2.39,-79.16,10.0,1987,12,7,1,34,18.0
4.8,Mw,-1.09,-80.75,63.1,1987,12,15,14,20,49.0
5.5,Mw,-1.37,-77.76,178.2,1987,12,18,5,1,24.0
4.5,Mw,-1.09,-80.84,33.0,1987,12,18,7,45,31.0
4.9,Mw,-0.68,-80.54,54.3,1987,12,19,13,26,40.0
4.6,Mw,-2.61,-76.92,124.7,1987,12,21,7,56,46.0
4.6,Mw,3.58,-82.54,33.0,1987,12,23,6,25,30.0
4.2,Mw,-5.13,-76.59,33.0,1987,12,23,8,26,38.0
4.7,Mw,-3.68,-80.97,33.0,1987,12,25,19,29,13.0
4.3,Mw,-3.06,-75.51,142.1,1988,1,17,10,58,7.0
4.8,Mw,-2.39,-76.55,139.4,1988,1,18,13,48,13.0
4.3,Mw,-3.64,-77.59,102.6,1988,2,3,21,55,38.0
4.9,Mw,-6.01,-76.73,28.1,1988,3,17,12,2,43.0
4.1,Mw,3.48,-82.49,33.0,1988,3,21,17,8,13.0
4.8,Mw,3.89,-77.12,76.8,1988,3,27,9,9,35.0
5.3,Mw,-5.81,-80.99,34.0,1988,4,2,19,45,5.0
4.0,Mw,-0.3,-78.56,33.0,1988,4,12,3,41,55.0
5.2,Mw,-2.74,-77.57,18.8,1988,4,12,15,26,20.0
4.8,Mw,-3.11,-75.65,154.4,1988,4,13,22,6,25.0
4.9,Mw,-3.77,-77.55,131.1,1988,4,14,10,43,43.0
4.8,Mw,3.76,-82.7,33.0,1988,4,28,21,3,9.0
4.5,Mw,3.75,-82.74,10.0,1988,4,28,22,1,37.0
4.4,Mw,2.54,-82.83,10.0,1988,5,19,9,54,19.0
5.1,Mw,2.48,-82.91,15.0,1988,5,19,10,46,6.0
3.8,Mw,-1.5,-77.73,180.5,1988,5,21,1,44,2.0
4.7,Mw,2.81,-79.54,33.0,1988,6,3,23,22,13.0
4.1,Mw,2.67,-82.68,33.0,1988,6,5,8,39,32.0
4.4,Mw,-2.17,-79.35,33.0,1988,6,6,12,34,53.0
4.8,Mw,-0.15,-77.71,36.9,1988,6,16,16,33,4.0
4.7,Mw,-4.05,-80.43,44.9,1988,6,25,5,49,11.0
4.4,Mw,3.45,-82.59,33.0,1988,6,27,9,54,36.0
4.9,Mw,-4.75,-81.21,33.0,1988,7,11,1,53,2.0
5.3,Mw,-6.0,-80.89,87.4,1988,7,29,14,10,6.0
4.7,Mw,-5.79,-80.9,43.9,1988,8,2,8,54,44.0
4.5,Mw,-2.4,-80.15,33.0,1988,8,4,11,38,10.0
5.0,Mw,-2.46,-79.53,63.8,1988,8,20,3,6,33.0
4.7,Mw,-1.95,-77.66,59.0,1988,8,22,8,57,1.0
4.9,Mw,-6.03,-79.96,67.6,1988,8,29,21,33,24.0
6.2,Mw,-1.43,-77.84,175.0,1988,9,15,18,48,2.0
4.8,Mw,-1.44,-77.91,171.0,1988,9,21,13,57,45.0
4.4,Mw,2.99,-77.57,88.7,1988,10,30,0,48,49.0
4.1,Mw,3.92,-75.43,33.0,1988,11,10,15,42,21.0
4.4,Mw,-4.78,-77.44,92.0,1988,11,14,10,6,1.0
4.6,Mw,-2.91,-80.46,77.2,1988,11,17,3,29,24.0
4.5,Mw,-3.87,-80.04,33.0,1988,11,22,21,45,59.0
5.4,Mw,-2.78,-77.63,36.0,1988,12,9,20,29,32.0
5.2,Mw,-2.59,-77.69,60.7,1988,12,11,8,49,34.0
4.7,Mw,-2.45,-77.57,86.5,1988,12,11,9,5,23.0
4.3,Mw,-2.79,-78.04,33.0,1988,12,13,2,47,42.0
5.4,Mw,-6.99,-74.54,146.8,1989,1,18,17,32,13.0
4.4,Mw,-1.51,-77.39,198.4,1989,2,8,11,34,25.0
5.1,Mw,2.74,-79.78,2.8,1989,2,12,20,3,13.0
4.8,Mw,3.12,-78.55,17.4,1989,2,23,3,5,39.0
4.7,Mw,-4.82,-76.74,42.8,1989,2,26,10,12,30.0
4.8,Mw,-4.39,-80.54,41.4,1989,3,1,13,31,22.0
4.7,Mw,-4.12,-77.92,73.9,1989,3,2,11,32,58.0
5.0,Mw,-0.59,-77.45,47.4,1989,3,2,14,10,29.0
4.8,Mw,-3.05,-80.41,54.4,1989,3,6,11,44,7.0
4.8,Mw,-5.51,-80.61,66.0,1989,3,23,17,50,4.0
4.6,Mw,3.78,-82.72,33.0,1989,4,15,8,4,3.0
4.8,Mw,-1.0,-80.42,118.9,1989,4,29,22,1,54.0
4.4,Mw,0.47,-80.42,33.0,1989,5,2,5,49,37.0
4.6,Mw,-1.1,-78.23,10.0,1989,5,3,3,40,48.0
5.1,Mw,-6.61,-75.71,29.3,1989,5,4,10,30,7.0
4.9,Mw,-2.37,-80.69,33.0,1989,5,4,20,22,2.0
4.7,Mw,-1.69,-77.83,168.4,1989,5,19,2,46,48.0
5.0,Mw,-6.75,-75.74,41.7,1989,5,20,15,35,42.0
4.6,Mw,-2.73,-77.43,124.8,1989,5,23,17,52,21.0
4.9,Mw,-1.38,-79.29,38.3,1989,5,25,15,30,22.0
4.2,Mw,-5.17,-76.76,150.8,1989,6,3,19,54,36.0
4.0,Mw,-1.68,-77.71,184.8,1989,6,10,9,9,54.0
4.7,Mw,2.06,-78.99,33.0,1989,6,18,21,11,59.0
4.9,Mw,-6.75,-81.72,16.5,1989,6,22,15,8,45.0
5.2,Mw,1.92,-79.04,26.2,1989,6,24,15,2,9.0
6.3,Mw,1.13,-79.58,15.0,1989,6,25,20,37,33.0
4.8,Mw,-2.37,-79.41,110.0,1989,6,26,14,1,14.0
4.4,Mw,-1.24,-77.64,191.8,1989,7,2,14,7,27.0
4.0,Mw,-4.57,-80.26,112.0,1989,7,6,5,55,40.0
4.4,Mw,2.47,-79.52,16.0,1989,7,17,21,53,54.0
4.2,Mw,2.44,-79.73,10.0,1989,7,18,6,38,40.0
4.5,Mw,-1.33,-77.63,182.6,1989,7,21,2,52,58.0
4.7,Mw,0.86,-79.92,65.6,1989,7,23,19,19,46.0
4.4,Mw,1.51,-79.85,44.0,1989,7,29,11,28,30.0
4.4,Mw,-1.4,-77.86,173.7,1989,8,12,3,55,43.0
4.9,Mw,-2.25,-77.65,52.0,1989,8,16,0,17,22.0
4.3,Mw,-2.41,-79.89,33.0,1989,8,22,18,7,28.0
4.5,Mw,3.89,-76.04,131.3,1989,8,31,16,2,10.0
5.7,Mw,2.43,-79.74,14.0,1989,9,9,1,40,38.0
4.6,Mw,2.45,-79.63,18.6,1989,9,9,2,19,2.0
4.3,Mw,2.43,-79.64,10.0,1989,9,9,4,11,25.0
5.4,Mw,-0.57,-77.51,16.8,1989,9,16,1,49,18.0
4.5,Mw,-3.78,-80.68,71.7,1989,9,22,5,43,18.0
3.4,Mw,-0.36,-80.78,10.0,1989,9,30,22,44,40.0
4.4,Mw,-4.33,-80.9,33.0,1989,10,5,15,39,32.0
4.6,Mw,-0.64,-77.51,10.0,1989,10,6,21,15,41.0
4.9,Mw,-4.99,-78.17,65.3,1989,10,7,1,17,58.0
5.4,Mw,-4.26,-77.67,34.7,1989,10,9,10,3,21.0
4.7,Mw,-2.09,-79.59,102.9,1989,10,12,18,33,8.0
4.6,Mw,0.94,-78.94,56.0,1989,10,24,4,27,19.0
4.9,Mw,-2.72,-77.71,44.9,1989,10,24,17,29,43.0
4.7,Mw,-4.84,-81.08,42.7,1989,10,25,5,56,13.0
4.5,Mw,-2.67,-79.74,77.8,1989,10,29,4,56,16.0
4.9,Mw,-3.48,-80.25,35.7,1989,11,4,15,39,17.0
5.0,Mw,-3.06,-80.43,72.3,1989,11,6,21,0,42.0
4.2,Mw,-3.24,-80.63,55.9,1989,11,7,11,39,5.0
4.3,Mw,-5.56,-76.15,33.0,1989,11,8,10,15,8.0
4.5,Mw,3.75,-83.2,33.0,1989,11,19,3,13,22.0
4.5,Mw,-4.72,-81.11,82.7,1989,11,27,8,7,51.0
4.7,Mw,-1.78,-77.77,104.0,1989,12,3,19,27,11.0
4.8,Mw,-4.27,-76.54,130.5,1989,12,7,16,38,33.0
4.8,Mw,-1.13,-78.16,67.7,1989,12,17,7,32,33.0
5.0,Mw,-4.09,-80.92,39.2,1990,1,5,15,18,46.0
5.4,Mw,-5.91,-81.08,27.8,1990,1,20,16,59,4.0
4.9,Mw,2.6,-79.81,26.1,1990,1,21,13,10,9.0
4.2,Mw,-0.64,-80.79,33.0,1990,1,22,2,31,45.0
4.9,Mw,3.5,-82.87,33.0,1990,2,9,22,29,5.0
5.0,Mw,3.46,-82.82,23.8,1990,2,10,6,45,12.0
5.1,Mw,3.5,-82.84,10.0,1990,2,10,6,56,13.0
4.3,Mw,3.46,-82.94,10.0,1990,2,10,7,52,39.0
4.8,Mw,3.58,-82.74,10.0,1990,2,10,8,3,29.0
5.5,Mw,-3.18,-80.79,53.5,1990,2,10,17,12,11.0
5.1,Mw,-3.22,-81.75,33.0,1990,2,10,18,40,29.0
5.1,Mw,-3.84,-81.72,33.0,1990,2,11,11,23,53.0
5.3,Mw,-3.07,-80.71,71.4,1990,2,16,15,12,48.0
4.8,Mw,0.18,-80.21,61.9,1990,2,21,21,33,32.0
4.7,Mw,2.74,-79.7,20.8,1990,2,28,21,13,33.0
4.3,Mw,-2.83,-79.71,48.5,1990,3,1,4,28,50.0
3.9,Mw,-1.64,-78.39,160.0,1990,3,9,8,11,2.0
3.9,Mw,-1.09,-78.37,10.0,1990,3,12,7,32,8.0
5.6,Mw,-3.37,-76.87,117.2,1990,3,13,19,40,35.0
4.6,Mw,-6.59,-75.7,33.0,1990,3,16,4,51,29.0
4.9,Mw,-6.54,-75.62,10.0,1990,3,16,8,51,0.0
4.2,Mw,-1.67,-77.9,164.4,1990,3,19,1,12,20.0
4.7,Mw,2.69,-79.72,33.0,1990,3,19,13,15,2.0
4.1,Mw,-2.36,-80.04,33.0,1990,3,25,3,37,35.0
4.3,Mw,-2.77,-79.43,84.4,1990,3,31,10,2,15.0
4.6,Mw,3.87,-76.3,167.7,1990,4,13,15,25,4.0
4.3,Mw,-3.27,-75.82,142.0,1990,4,18,3,31,56.0
4.4,Mw,-2.99,-77.62,34.0,1990,4,21,19,26,42.0
4.5,Mw,-5.48,-79.2,61.6,1990,4,28,9,44,50.0
4.7,Mw,-2.71,-79.58,41.5,1990,5,5,17,10,11.0
4.5,Mw,-2.17,-80.65,21.1,1990,5,9,8,5,32.0
3.3,Mw,-2.51,-80.77,33.0,1990,5,15,3,0,16.0
5.0,Mw,-4.96,-81.02,37.3,1990,5,15,5,7,6.0
4.6,Mw,2.63,-79.7,32.1,1990,5,18,16,42,58.0
6.5,Mw,-6.02,-77.2,24.0,1990,5,30,2,34,7.0
4.3,Mw,-2.85,-78.04,5.0,1996,5,8,13,27,51.0
4.3,Mw,-2.73,-77.87,40.4,1996,5,10,4,35,28.0
4.0,Mw,-5.34,-74.45,33.0,1996,5,20,19,4,56.0
4.3,Mw,1.97,-79.58,31.6,1996,5,22,23,30,34.0
4.2,Mw,3.15,-79.2,25.0,1996,5,28,11,3,13.0
4.3,Mw,-3.98,-80.98,48.4,1996,5,29,11,41,26.0
3.4,Mw,-2.0,-79.74,83.2,1996,6,1,7,25,6.0
4.0,Mw,2.88,-79.63,22.0,1996,6,1,22,34,29.0
4.4,Mw,-5.76,-80.9,31.2,1996,6,2,0,45,21.0
3.3,Mw,0.26,-80.46,14.9,1996,6,2,13,16,30.0
4.3,Mw,3.0,-79.21,60.2,1996,6,3,19,38,48.0
4.2,Mw,-3.61,-76.92,109.7,1996,6,14,10,4,26.0
4.0,Mw,-2.74,-81.25,8.5,1996,6,15,12,31,59.0
4.0,Mw,0.76,-80.35,19.4,1996,6,18,4,49,48.0
4.2,Mw,0.66,-80.22,12.4,1996,6,18,8,1,25.0
4.0,Mw,-4.39,-81.39,52.0,1996,6,21,1,40,4.0
4.1,Mw,-5.59,-77.24,55.1,1996,6,22,12,50,25.0
4.0,Mw,-1.39,-77.64,206.0,1996,6,30,11,44,43.0
4.0,Mw,-6.03,-80.12,82.1,1996,7,4,17,7,2.0
4.0,Mw,-6.23,-80.94,44.6,1996,7,19,14,22,2.0
4.6,Mw,-2.48,-77.8,8.8,1996,7,23,14,52,48.0
4.0,Mw,2.43,-79.98,9.9,1996,7,29,0,28,11.0
4.4,Mw,-2.78,-78.02,12.5,1996,8,3,6,8,33.0
3.8,Mw,-1.97,-80.77,33.0,1996,8,5,9,24,54.0
6.3,Mw,-1.96,-81.05,12.0,1996,8,5,21,39,10.0
3.6,Mw,-1.97,-81.05,31.0,1996,8,5,22,29,41.0
4.4,Mw,-2.27,-79.49,142.3,1996,8,8,2,15,34.0
4.2,Mw,-5.61,-77.11,23.6,1996,8,12,21,17,18.0
5.4,Mw,-1.05,-78.74,9.0,1996,8,25,14,8,57.0
4.1,Mw,-2.92,-78.17,9.0,1996,8,27,15,1,14.0
4.3,Mw,0.75,-78.63,3.0,1996,8,31,9,15,36.0
4.0,Mw,-5.36,-75.13,63.3,1996,9,14,1,41,32.0
4.6,Mw,-4.07,-79.22,99.6,1996,9,25,17,30,34.0
4.1,Mw,-2.16,-77.09,182.1,1996,10,1,21,57,38.0
4.4,Mw,-5.87,-81.02,42.7,1996,10,6,15,25,15.0
4.0,Mw,-1.48,-78.54,39.0,1996,10,7,15,8,58.0
4.5,Mw,-0.53,-81.06,27.5,1996,11,9,9,5,3.0
4.1,Mw,3.28,-82.78,33.0,1996,11,11,0,23,34.0
4.0,Mw,-1.47,-78.19,166.1,1996,11,16,11,12,56.0
4.0,Mw,-4.41,-80.84,49.3,1996,12,6,22,50,31.0
4.0,Mw,-5.87,-76.31,33.0,1996,12,9,11,0,52.0
4.3,Mw,-0.31,-80.97,9.5,1996,12,9,13,5,47.0
4.2,Mw,-1.68,-77.78,154.5,1996,12,9,13,24,21.0
3.4,Mw,-0.12,-80.88,18.54,1996,12,11,0,8,11.0
4.2,Mw,-5.51,-79.89,95.4,1996,12,14,22,18,19.0
4.1,Mw,-2.65,-78.16,12.0,1996,12,14,23,25,40.0
4.4,Mw,-0.12,-80.79,7.5,1996,12,15,23,30,3.0
5.5,Mw,-0.12,-80.8,5.0,1996,12,16,1,46,32.0
3.4,Mw,-0.23,-80.61,11.8,1996,12,16,5,14,24.0
3.2,Mw,-0.2,-80.63,12.7,1996,12,16,5,40,33.0
4.4,Mw,-0.38,-80.89,13.5,1996,12,17,7,31,53.0
3.8,Mw,-0.17,-80.57,12.7,1996,12,17,15,13,0.0
3.2,Mw,-0.2,-80.54,15.0,1996,12,17,15,19,22.0
3.7,Mw,-0.14,-80.66,7.9,1996,12,17,15,21,54.0
4.0,Mw,2.67,-79.43,46.4,1996,12,19,13,46,43.0
3.7,Mw,-0.22,-80.63,9.6,1996,12,21,20,26,20.0
4.1,Mw,-0.19,-80.65,8.4,1996,12,22,12,49,22.0
3.8,Mw,-0.22,-80.67,9.0,1996,12,23,1,43,2.0
3.3,Mw,0.35,-79.64,33.0,1996,12,23,1,44,7.0
4.6,Mw,-5.9,-77.24,41.0,1996,12,27,15,7,57.0
3.8,Mw,-1.2,-80.63,69.2,1996,12,31,3,28,14.0
4.1,Mw,-1.11,-80.88,12.0,1996,12,31,9,25,42.0
3.5,Mw,-2.87,-78.22,12.0,1997,1,1,14,24,54.0
4.0,Mw,-0.1,-80.75,12.5,1997,1,1,22,47,13.0
3.4,Mw,-2.64,-78.08,3.7,1997,1,2,3,17,55.0
3.3,Mw,-2.47,-77.64,36.08,1997,1,2,3,34,48.0
3.1,Mw,0.8,-78.64,9.7,1997,1,2,7,29,7.0
3.1,Mw,-2.89,-78.31,12.0,1997,1,3,1,8,22.0
3.7,Mw,-0.16,-80.69,6.6,1997,1,3,1,44,46.0
3.0,Mw,-1.18,-80.54,22.99,1997,1,3,13,30,22.0
3.1,Mw,-1.11,-78.35,3.6,1997,1,4,3,7,53.0
3.0,Mw,-1.11,-78.38,4.8,1997,1,4,3,34,13.0
3.1,Mw,-1.19,-79.84,100.9,1997,1,4,4,37,28.0
3.0,Mw,-1.13,-78.34,14.7,1997,1,4,14,50,56.0
3.1,Mw,-1.12,-78.38,0.2,1997,1,4,21,26,19.0
3.5,Mw,-0.99,-81.21,0.81,1997,1,5,7,31,41.0
3.0,Mw,-0.01,-78.93,1.9,1997,1,5,18,33,19.0
3.1,Mw,-0.82,-78.77,27.81,1997,1,6,16,32,55.0
3.0,Mw,-0.98,-79.17,130.1,1997,1,7,4,50,36.0
3.1,Mw,-2.75,-78.78,119.7,1997,1,7,10,41,0.0
3.5,Mw,-1.94,-80.23,18.5,1997,1,7,13,12,49.0
3.1,Mw,-0.92,-77.64,18.2,1997,1,7,17,29,30.0
3.5,Mw,-1.33,-78.12,149.8,1997,1,8,2,36,33.0
3.3,Mw,-2.77,-77.92,5.0,1997,1,8,3,8,9.0
3.1,Mw,-2.51,-77.89,0.0,1997,1,9,0,20,39.0
3.8,Mw,-2.02,-79.94,20.66,1997,1,9,6,3,4.0
3.4,Mw,-1.08,-78.29,9.2,1997,1,9,20,35,53.0
3.4,Mw,-2.59,-77.89,12.0,1997,1,10,5,58,47.0
4.6,Mw,-5.88,-81.02,35.0,1997,1,10,11,47,51.0
3.5,Mw,-0.21,-80.73,12.1,1997,1,10,14,19,7.0
4.1,Mw,-0.09,-80.61,9.1,1997,1,11,10,27,31.0
3.3,Mw,-0.06,-80.87,17.03,1997,1,11,11,56,35.0
3.9,Mw,-0.15,-80.78,5.1,1997,1,11,13,41,54.0
3.7,Mw,-0.17,-80.75,5.3,1997,1,13,11,23,17.0
3.3,Mw,-1.03,-78.84,19.7,1997,1,14,18,39,8.0
3.3,Mw,-1.74,-77.75,16.13,1997,1,14,21,1,9.0
3.3,Mw,-2.84,-78.37,0.0,1997,1,15,20,8,12.0
3.2,Mw,0.21,-78.74,80.5,1997,1,16,19,8,14.0
4.3,Mw,3.35,-83.96,10.0,1997,1,16,20,18,55.0
3.1,Mw,-1.38,-79.25,108.0,1997,1,17,0,40,40.0
3.3,Mw,-2.3,-80.26,18.44,1997,1,19,1,48,32.0
3.4,Mw,-2.12,-80.23,14.0,1997,1,21,2,29,34.0
3.4,Mw,-0.1,-80.82,20.89,1997,1,21,9,48,24.0
3.4,Mw,-2.13,-77.28,16.0,1997,1,21,19,40,23.0
3.0,Mw,-1.09,-78.27,6.2,1997,1,22,7,25,21.0
3.9,Mw,-2.1,-78.27,36.0,1997,1,24,4,32,31.0
3.5,Mw,-0.69,-79.62,53.5,1997,1,25,4,41,11.0
3.3,Mw,-0.9,-79.79,51.4,1997,1,25,15,16,5.0
3.3,Mw,-0.94,-79.23,58.9,1997,1,26,23,44,49.0
3.0,Mw,0.79,-79.03,9.95,1997,1,28,6,32,39.0
3.4,Mw,-0.79,-78.52,5.49,1997,1,28,11,48,49.0
3.8,Mw,-2.97,-79.13,36.67,1997,1,28,12,29,32.0
3.3,Mw,-2.88,-78.29,9.9,1997,1,29,1,40,55.0
3.2,Mw,-1.1,-78.44,12.8,1997,1,29,16,3,45.0
3.0,Mw,-1.01,-78.8,20.99,1997,1,30,0,29,6.0
3.2,Mw,-1.36,-78.22,139.0,1997,1,30,1,54,43.0
3.4,Mw,-1.74,-78.23,104.8,1997,2,1,11,13,49.0
4.1,Mw,2.63,-79.64,33.0,1997,2,1,23,43,13.0
3.0,Mw,-1.08,-78.3,11.52,1997,2,2,2,7,9.0
3.1,Mw,-0.75,-79.73,37.5,1997,2,2,6,34,26.0
3.3,Mw,-2.78,-78.0,4.0,1997,6,25,17,7,14.0
3.5,Mw,-2.21,-79.85,6.0,1997,6,25,20,9,41.0
3.0,Mw,-1.04,-78.28,6.8,1997,6,25,21,36,39.0
4.2,Mw,2.01,-79.9,15.0,1997,6,26,1,31,9.0
3.1,Mw,-0.77,-78.7,24.0,1997,6,26,5,57,45.0
3.2,Mw,-0.96,-78.73,16.9,1997,6,26,7,54,11.0
4.0,Mw,-2.4,-79.88,65.7,1997,6,26,18,21,45.0
3.0,Mw,-1.19,-78.43,12.1,1997,6,26,23,2,36.0
3.7,Mw,-2.87,-77.64,12.0,1997,6,26,23,53,21.0
3.1,Mw,-1.52,-78.76,12.0,1997,6,27,0,18,33.0
3.8,Mw,-1.06,-78.77,3.0,1997,6,27,0,38,14.0
3.5,Mw,-2.98,-77.99,5.0,1997,6,27,0,46,49.0
3.0,Mw,-1.08,-78.8,14.8,1997,6,27,1,2,5.0
3.2,Mw,-2.68,-78.11,12.0,1997,6,27,2,2,56.0
4.3,Mw,-2.77,-77.88,10.0,1997,6,27,7,10,12.0
3.0,Mw,-1.36,-79.44,6.1,1997,6,27,8,13,0.0
3.1,Mw,-1.42,-78.16,16.8,1997,6,27,17,20,12.0
3.2,Mw,-0.5,-78.79,3.54,1997,6,27,19,43,44.0
3.9,Mw,-2.22,-78.13,18.4,1997,6,27,20,50,47.0
3.0,Mw,-1.02,-78.21,8.7,1997,6,27,22,20,47.0
3.1,Mw,-1.07,-78.28,5.0,1997,6,28,17,49,57.0
5.8,Mw,-4.12,-80.84,44.5,1997,6,30,18,56,30.0
3.0,Mw,-0.88,-79.21,84.8,1997,7,1,6,50,4.0
3.2,Mw,0.83,-79.66,5.0,1997,7,1,19,42,1.0
3.5,Mw,-1.3,-78.45,18.01,1997,7,1,21,41,7.0
3.2,Mw,-0.91,-79.8,32.3,1997,7,2,3,19,3.0
3.2,Mw,0.83,-79.7,5.0,1997,7,2,3,45,26.0
3.4,Mw,-0.7,-78.67,16.1,1997,7,2,19,31,36.0
3.1,Mw,-0.71,-78.68,12.38,1997,7,2,19,40,27.0
4.3,Mw,2.94,-79.36,41.8,1997,7,3,4,47,19.0
3.2,Mw,-0.77,-79.72,5.2,1997,7,3,20,28,0.0
3.3,Mw,-1.06,-78.73,-2.3,1997,7,5,11,27,4.0
3.0,Mw,-1.76,-78.72,14.05,1997,7,6,1,26,11.0
3.2,Mw,-0.61,-77.52,2.7,1997,7,7,18,51,18.0
3.2,Mw,-1.07,-78.82,17.5,1997,7,8,0,22,57.0
3.2,Mw,-1.56,-78.34,143.1,1997,7,8,4,31,50.0
3.3,Mw,-0.17,-78.44,8.0,1997,7,8,11,23,51.0
3.8,Mw,-1.92,-79.65,101.9,1997,7,9,14,14,32.0
3.7,Mw,-1.9,-77.39,12.0,1997,7,9,22,43,19.0
3.0,Mw,-0.52,-78.06,13.26,1997,7,10,21,30,6.0
3.0,Mw,-0.46,-78.18,7.33,1997,7,11,1,15,17.0
4.1,Mw,2.53,-79.53,30.0,1997,7,11,6,14,54.0
3.0,Mw,-1.34,-78.38,23.58,1997,7,11,23,45,18.0
3.0,Mw,-1.07,-78.31,15.96,1997,7,12,13,13,44.0
3.1,Mw,-1.32,-78.41,22.44,1997,7,13,2,11,39.0
3.7,Mw,-2.17,-79.85,32.41,1997,7,13,6,11,27.0
3.4,Mw,-2.15,-77.61,5.2,1997,7,13,12,39,16.0
3.9,Mw,-2.96,-78.15,12.0,1997,7,13,22,20,28.0
4.0,Mw,-1.16,-80.24,76.1,1997,7,13,23,51,16.0
3.5,Mw,0.86,-78.98,17.0,1997,7,14,8,55,9.0
3.1,Mw,-0.006,-77.95,7.0,1997,7,15,5,14,49.0
4.0,Mw,1.59,-77.59,33.0,1997,7,15,7,18,57.0
3.5,Mw,-2.34,-80.23,12.0,1997,7,15,16,54,46.0
3.2,Mw,-1.06,-78.27,2.7,1997,7,16,9,51,12.0
3.5,Mw,-1.52,-81.07,22.0,1997,7,16,21,18,56.0
3.3,Mw,-2.8,-77.49,3.63,1997,7,17,0,45,16.0
4.7,Mw,3.8,-74.03,38.8,1997,7,17,12,45,38.0
3.0,Mw,0.56,-79.6,21.41,1997,7,18,0,50,51.0
3.4,Mw,-2.45,-80.82,12.0,1997,7,18,1,45,13.0
3.1,Mw,0.66,-78.83,12.1,1997,7,18,17,33,34.0
3.4,Mw,0.06,-77.35,9.5,1997,7,19,7,53,59.0
3.0,Mw,-0.34,-77.51,12.0,1997,7,21,21,1,45.0
5.2,Mw,-6.06,-75.91,29.4,1997,7,23,14,3,31.0
3.2,Mw,0.14,-78.83,65.2,1997,7,23,16,56,28.0
3.3,Mw,-1.17,-78.17,11.4,1997,7,23,19,23,23.0
3.9,Mw,-1.25,-80.88,8.6,1997,7,24,17,48,12.0
3.1,Mw,-0.78,-79.42,11.5,1997,7,25,4,28,35.0
3.0,Mw,-1.07,-79.25,91.4,1997,7,25,5,59,11.0
3.1,Mw,-1.86,-79.99,4.0,1997,7,25,7,56,27.0
3.1,Mw,-0.11,-78.42,2.9,1997,7,25,19,28,58.0
3.4,Mw,-0.1,-78.4,-2.0,1997,7,25,19,37,57.0
3.7,Mw,0.74,-79.34,36.5,1997,7,27,18,0,11.0
3.2,Mw,-1.06,-78.28,11.33,1997,7,28,16,7,16.0
3.0,Mw,-1.06,-78.29,7.4,1997,7,29,0,47,36.0
3.8,Mw,-1.62,-78.0,150.1,1997,7,29,1,47,8.0
3.2,Mw,-2.53,-78.0,0.0,1997,7,30,10,24,43.0
3.5,Mw,-1.09,-79.61,46.2,1997,7,30,16,6,21.0
4.1,Mw,-5.83,-75.36,50.0,1997,7,31,4,43,22.0
3.0,Mw,-0.3,-78.99,73.6,1997,8,3,6,27,42.0
3.1,Mw,-2.59,-77.66,5.0,1997,8,6,4,16,19.0
3.8,Mw,0.78,-78.61,3.8,1997,8,6,18,53,52.0
3.2,Mw,-2.81,-78.22,6.0,1997,8,6,21,6,23.0
3.2,Mw,-1.07,-78.81,15.7,1997,8,7,1,21,19.0
4.0,Mw,3.56,-76.77,103.9,1997,8,7,13,12,38.0
3.3,Mw,-2.89,-78.06,4.0,1997,8,7,13,37,53.0
3.5,Mw,-1.08,-78.3,5.2,1997,8,9,2,28,23.0
3.2,Mw,-1.08,-78.26,3.0,1997,8,9,5,38,59.0
3.1,Mw,-1.07,-78.25,5.7,1997,8,9,6,44,36.0
3.8,Mw,-2.79,-78.67,12.0,1997,8,9,7,26,26.0
4.2,Mw,-5.44,-76.8,116.1,1997,8,9,21,19,54.0
3.0,Mw,-1.11,-78.31,-0.9,1997,8,10,2,43,0.0
3.0,Mw,-1.14,-78.28,15.7,1997,8,10,9,9,32.0
4.3,Mw,-1.15,-78.42,17.61,1997,8,10,13,55,38.0
3.8,Mw,-1.86,-79.48,16.0,1997,8,10,18,39,52.0
4.8,Mw,-2.71,-77.68,35.4,1997,8,11,12,55,6.0
3.2,Mw,-2.86,-77.96,7.0,1997,8,11,16,10,30.0
3.2,Mw,-2.2,-79.81,5.58,1997,8,11,23,8,45.0
3.5,Mw,-2.79,-77.93,5.0,1997,8,12,1,39,2.0
3.1,Mw,-2.81,-77.82,6.0,1997,8,12,4,25,25.0
3.0,Mw,-2.7,-78.34,37.33,1997,8,14,9,58,1.0
3.4,Mw,-0.34,-77.37,8.4,1997,8,15,19,2,41.0
5.7,Mw,-5.92,-81.02,20.0,1997,8,15,22,53,31.0
3.2,Mw,-1.38,-77.85,7.0,1997,8,17,17,9,55.0
3.2,Mw,-2.8,-77.87,12.0,1997,8,17,18,32,54.0
3.0,Mw,-1.09,-78.27,4.3,1997,8,17,21,41,40.0
3.1,Mw,-2.78,-77.82,12.0,1997,8,17,21,59,36.0
4.0,Mw,-1.19,-81.22,12.0,1997,8,18,8,32,39.0
3.1,Mw,-2.6,-77.91,12.0,1997,8,19,1,38,13.0
3.3,Mw,-0.94,-79.18,106.1,1997,8,19,7,48,26.0
3.5,Mw,-2.61,-78.08,7.0,1997,8,19,12,30,32.0
3.2,Mw,-1.48,-80.76,12.0,1997,8,20,0,22,24.0
3.2,Mw,-1.03,-78.32,6.8,1997,8,20,7,55,29.0
3.9,Mw,-2.43,-77.55,33.0,1997,8,21,23,17,36.0
3.2,Mw,0.14,-80.2,13.0,1997,8,22,3,6,45.0
3.1,Mw,-1.42,-79.88,26.0,1997,8,22,6,29,37.0
3.4,Mw,-2.89,-77.85,12.0,1997,8,22,16,42,5.0
3.0,Mw,-0.78,-78.7,34.89,1997,8,22,17,20,52.0
3.2,Mw,-2.61,-77.93,19.0,1997,8,22,23,5,17.0
3.2,Mw,-1.13,-78.38,8.9,1997,8,23,11,1,57.0
4.5,Mw,-2.81,-77.96,5.0,1997,8,23,17,37,29.0
3.7,Mw,-2.74,-79.94,52.0,1997,8,24,3,41,28.0
3.7,Mw,-2.57,-77.96,5.0,1997,8,24,10,8,54.0
3.5,Mw,-2.83,-78.25,12.0,1997,8,26,7,47,57.0
3.3,Mw,-2.57,-79.31,29.01,1997,8,26,9,38,7.0
3.2,Mw,-0.98,-78.73,12.6,1997,8,26,11,30,38.0
4.5,Mw,-5.55,-81.32,30.0,1997,8,26,14,27,2.0
3.5,Mw,-0.57,-78.82,15.5,1997,8,27,5,56,27.0
3.2,Mw,-0.63,-79.61,59.7,1997,8,27,19,39,35.0
3.0,Mw,-1.01,-78.3,11.61,1997,8,28,1,30,57.0
3.8,Mw,-2.1,-79.92,5.66,1997,8,28,11,43,12.0
3.1,Mw,-1.03,-78.25,9.5,1997,8,29,9,54,40.0
3.0,Mw,-1.04,-78.77,19.2,1997,8,30,0,53,46.0
4.3,Mw,-2.77,-80.66,5.0,1997,8,30,6,49,26.0
3.4,Mw,-0.24,-77.7,2.2,1997,8,30,7,43,37.0
3.1,Mw,-0.93,-79.29,29.1,1997,8,31,1,30,6.0
3.7,Mw,-1.4,-81.16,12.0,1997,8,31,2,59,27.0
3.4,Mw,-1.05,-78.31,9.8,1997,8,31,5,16,34.0
3.1,Mw,-2.54,-77.97,12.0,1997,8,31,13,36,45.0
3.4,Mw,-2.91,-77.98,12.0,1997,9,1,0,32,1.0
3.3,Mw,-0.04,-80.92,19.33,1997,9,1,3,8,40.0
3.0,Mw,-1.13,-78.34,2.3,1997,9,1,18,3,45.0
3.7,Mw,-2.67,-78.71,5.0,1997,9,2,8,5,40.0
3.4,Mw,-2.65,-78.69,5.0,1997,9,2,10,26,43.0
3.3,Mw,-1.25,-80.86,5.1,1997,9,2,11,34,42.0
6.7,Mw,3.8,-75.71,206.0,1997,9,2,12,13,24.0
3.3,Mw,-2.5,-77.86,5.0,1997,9,3,1,15,4.0
3.6,Mw,-2.55,-77.22,27.0,1997,9,3,17,21,41.0
3.7,Mw,-1.35,-78.0,151.3,1997,9,3,21,19,38.0
3.7,Mw,-2.46,-77.17,25.04,1997,9,3,23,38,0.0
3.0,Mw,-1.04,-79.28,98.5,1997,9,4,0,56,56.0
3.1,Mw,0.09,-79.82,34.1,1997,9,4,5,40,27.0
3.0,Mw,-2.58,-77.92,0.13,1997,9,5,9,13,20.0
3.6,Mw,-2.05,-80.58,5.0,1997,9,5,14,39,55.0
4.9,Mw,2.73,-79.7,13.2,1997,9,7,2,45,2.0
4.1,Mw,-3.45,-81.63,34.8,1997,9,8,14,23,57.0
4.7,Mw,2.66,-79.77,15.0,1997,9,8,20,48,28.0
4.1,Mw,0.71,-80.43,33.0,1997,9,9,16,17,39.0
4.4,Mw,-5.74,-76.18,123.6,1997,9,9,18,54,18.0
3.4,Mw,-2.63,-78.72,5.0,1997,9,9,19,54,53.0
3.4,Mw,-1.14,-78.33,4.1,1997,9,9,23,34,28.0
3.2,Mw,-2.63,-77.96,5.0,1997,9,9,23,56,36.0
3.3,Mw,-0.58,-78.8,16.4,1997,9,10,9,46,54.0
3.1,Mw,-0.56,-78.81,10.5,1997,9,10,10,9,57.0
3.1,Mw,-1.12,-78.43,169.1,1997,9,10,10,25,16.0
3.3,Mw,-1.48,-78.42,131.8,1997,9,10,20,52,38.0
3.8,Mw,-2.7,-79.41,12.71,1997,9,11,1,3,28.0
3.7,Mw,-1.15,-78.27,0.61,1997,9,11,2,13,7.0
3.4,Mw,-1.18,-80.47,8.8,1997,9,11,5,12,28.0
3.3,Mw,-1.06,-78.75,24.14,1997,9,11,7,13,41.0
3.6,Mw,-2.9,-78.08,5.0,1997,9,12,20,21,25.0
3.8,Mw,-1.39,-78.07,169.4,1997,9,13,13,58,32.0
3.4,Mw,-1.76,-77.79,233.6,1997,9,15,13,1,23.0
3.2,Mw,-1.09,-78.26,3.6,1997,9,15,20,36,30.0
3.5,Mw,-2.01,-78.73,12.08,1997,9,15,23,51,10.0
3.2,Mw,-2.09,-78.6,9.08,1997,9,16,2,28,18.0
3.1,Mw,-2.57,-78.17,3.1,1997,9,17,14,34,58.0
3.1,Mw,-1.9,-80.03,8.02,1997,9,19,22,28,28.0
3.3,Mw,-2.88,-78.0,0.0,1997,9,20,19,0,8.0
3.5,Mw,-1.31,-80.89,8.4,1997,9,20,20,17,25.0
3.0,Mw,-0.49,-79.17,8.2,1997,9,20,22,56,24.0
3.1,Mw,0.64,-80.02,11.0,1997,9,21,0,55,37.0
3.6,Mw,0.96,-79.67,3.26,1997,9,21,1,20,29.0
3.3,Mw,-2.57,-80.32,52.0,1997,9,22,0,40,35.0
3.4,Mw,-2.15,-79.78,22.18,1997,9,22,4,17,38.0
3.6,Mw,-2.03,-77.64,187.7,1997,9,22,9,28,17.0
3.9,Mw,-1.37,-78.22,126.2,1997,9,23,0,8,28.0
3.7,Mw,-0.94,-79.64,94.13,1997,9,24,20,15,6.0
3.6,Mw,-1.1,-80.32,10.0,1997,9,26,0,36,2.0
3.0,Mw,-1.13,-78.27,12.0,1997,9,26,1,55,38.0
3.0,Mw,-1.11,-78.35,0.8,1997,9,26,17,37,48.0
3.4,Mw,-1.03,-78.28,9.0,1997,9,27,1,10,9.0
3.5,Mw,-1.03,-78.15,25.1,1997,9,27,4,0,6.0
3.5,Mw,-1.04,-78.2,12.38,1997,9,27,5,35,33.0
3.0,Mw,-1.02,-78.31,-2.9,1997,9,27,7,26,13.0
3.7,Mw,-0.22,-77.77,2.15,1997,9,29,2,35,21.0
3.4,Mw,-1.08,-78.33,5.5,1997,9,29,21,9,47.0
3.2,Mw,-2.83,-78.1,8.0,1997,9,29,21,57,19.0
3.6,Mw,-1.41,-81.28,4.86,1997,9,30,4,21,27.0
3.4,Mw,-2.43,-79.76,12.0,1997,9,30,6,11,43.0
3.0,Mw,-2.81,-78.02,14.0,1997,10,1,19,46,54.0
3.2,Mw,-2.5,-79.95,12.0,1997,10,2,6,2,56.0
3.6,Mw,-2.81,-78.14,12.0,1997,10,2,11,23,27.0
3.5,Mw,-1.09,-81.15,16.0,1997,10,3,9,29,34.0
3.3,Mw,1.06,-79.01,19.51,1997,10,3,18,52,27.0
3.1,Mw,-1.0,-78.75,2.85,1997,10,3,21,26,32.0
3.1,Mw,-0.45,-77.61,3.07,1997,10,4,0,4,1.0
3.2,Mw,-0.77,-80.86,5.4,1997,10,4,9,19,43.0
5.3,Mw,2.57,-79.79,15.0,1997,10,5,0,54,59.0
3.4,Mw,-1.03,-78.24,9.0,1997,10,5,15,24,10.0
3.0,Mw,-0.47,-77.47,5.7,1997,10,5,16,11,56.0
3.6,Mw,-2.08,-78.09,22.2,1997,10,5,19,1,0.0
3.9,Mw,-2.98,-78.14,12.0,1997,10,5,23,41,30.0
3.4,Mw,-1.61,-78.63,43.68,1997,10,6,0,59,44.0
3.1,Mw,-2.23,-79.77,12.0,1997,10,6,2,44,30.0
3.7,Mw,-0.02,-78.42,5.3,1997,10,7,5,58,8.0
3.5,Mw,-2.09,-80.07,8.0,1997,10,7,16,53,54.0
3.3,Mw,-1.67,-77.86,18.2,1997,10,9,6,49,37.0
3.9,Mw,-0.57,-78.39,-1.6,1997,10,9,12,14,30.0
3.1,Mw,-0.62,-78.38,4.29,1997,10,9,12,36,14.0
3.0,Mw,-0.58,-78.38,0.0,1997,10,9,13,25,49.0
3.0,Mw,0.17,-79.59,18.69,1997,10,10,23,58,41.0
3.0,Mw,-1.32,-79.71,59.2,1997,10,11,11,43,2.0
3.0,Mw,-0.41,-77.33,7.4,1997,10,11,17,48,35.0
3.2,Mw,-1.61,-81.01,29.0,1997,10,12,11,56,2.0
3.2,Mw,-1.05,-78.74,19.0,1997,10,12,21,53,20.0
3.3,Mw,-1.06,-78.74,20.5,1997,10,12,22,2,20.0
3.2,Mw,-0.53,-79.23,18.4,1997,10,13,15,54,27.0
3.8,Mw,-2.66,-77.18,12.0,1997,10,13,17,14,55.0
3.1,Mw,0.57,-80.12,9.8,1997,10,13,22,33,5.0
3.1,Mw,-0.53,-79.13,18.6,1997,10,15,0,7,23.0
3.0,Mw,-2.58,-77.9,6.24,1997,10,15,7,6,22.0
3.5,Mw,-2.09,-79.86,38.12,1997,10,15,12,11,51.0
3.2,Mw,-0.96,-79.61,27.0,1997,10,15,14,25,48.0
3.2,Mw,-2.41,-78.82,118.4,1997,10,16,13,7,43.0
3.1,Mw,-1.05,-78.75,12.0,1997,10,16,14,19,13.0
3.1,Mw,0.84,-79.26,12.0,1997,10,17,2,15,56.0
3.3,Mw,1.4,-78.44,19.11,1997,10,17,5,18,22.0
3.2,Mw,-2.73,-77.9,0.0,1997,10,17,7,3,48.0
3.1,Mw,-0.72,-79.84,15.14,1997,10,17,20,24,22.0
3.0,Mw,-1.05,-78.73,16.3,1997,10,18,3,4,36.0
3.2,Mw,-1.39,-79.82,5.3,1998,3,25,21,44,8.0
3.4,Mw,-2.18,-78.21,30.0,1998,3,26,9,55,46.0
3.9,Mw,-2.98,-79.2,20.1,1998,3,26,16,12,46.0
3.5,Mw,-2.68,-78.13,5.0,1998,3,26,18,3,10.0
3.0,Mw,-0.42,-77.51,2.4,1998,3,27,11,40,50.0
3.3,Mw,-1.06,-78.28,6.1,1998,3,28,5,35,23.0
3.3,Mw,-1.63,-80.46,12.0,1998,3,28,18,10,13.0
4.5,Mw,-5.76,-80.78,60.7,1998,3,28,19,59,16.0
3.6,Mw,-0.98,-78.75,11.2,1998,3,29,14,5,6.0
3.5,Mw,-1.01,-78.31,6.1,1998,3,29,20,49,38.0
3.1,Mw,-2.14,-77.43,14.49,1998,3,29,22,33,35.0
3.0,Mw,-0.07,-79.98,10.31,1998,3,30,9,45,56.0
3.0,Mw,-1.2,-78.42,6.9,1998,3,30,15,30,23.0
3.3,Mw,-1.2,-78.42,6.0,1998,3,30,16,10,54.0
3.0,Mw,0.42,-79.1,69.7,1998,3,31,15,19,7.0
4.8,Mw,-6.72,-74.27,163.3,1998,3,31,16,12,46.0
3.4,Mw,-1.27,-78.47,14.1,1998,4,1,9,18,3.0
3.5,Mw,-2.34,-78.09,10.1,1998,4,1,10,10,55.0
3.2,Mw,0.09,-80.29,5.0,1998,4,1,14,13,49.0
3.2,Mw,-1.19,-78.42,10.3,1998,4,2,0,14,25.0
3.6,Mw,-1.13,-77.87,24.0,1998,4,2,12,57,12.0
3.0,Mw,-1.13,-77.86,23.7,1998,4,2,13,52,44.0
3.7,Mw,-1.05,-78.3,9.0,1998,4,3,4,29,12.0
3.5,Mw,-0.29,-78.63,10.4,1998,4,3,8,58,50.0
3.7,Mw,-1.05,-78.31,5.8,1998,4,4,7,10,35.0
3.6,Mw,-1.07,-79.52,112.2,1998,4,4,8,44,43.0
5.1,Mw,-3.7,-77.36,114.4,1998,4,4,14,42,54.0
3.7,Mw,-1.04,-80.91,12.0,1998,4,5,7,44,42.0
3.7,Mw,-1.01,-81.1,12.0,1998,4,5,8,14,27.0
3.7,Mw,-0.74,-79.58,66.0,1998,4,5,13,24,21.0
4.0,Mw,3.93,-75.78,53.9,1999,7,22,19,59,52.0
3.3,Mw,-2.28,-79.96,33.0,1999,7,23,18,44,57.0
3.4,Mw,-0.42,-79.92,32.29,1999,7,23,20,0,48.0
3.5,Mw,-2.02,-79.95,12.0,1999,7,23,23,12,49.0
3.5,Mw,1.14,-76.63,33.08,1999,7,26,2,2,36.0
3.1,Mw,0.04,-79.05,5.9,1999,7,26,10,22,2.0
3.3,Mw,-1.0,-79.18,120.8,1999,7,28,12,50,21.0
4.0,Mw,0.81,-78.84,33.65,1999,7,31,7,12,53.0
3.3,Mw,0.63,-78.55,8.3,1999,8,1,13,38,34.0
3.1,Mw,-1.53,-79.09,20.4,1999,8,2,13,10,13.0
3.0,Mw,-1.19,-78.22,12.0,1999,8,2,23,56,20.0
5.8,Mw,-3.4,-79.08,85.9,1999,8,3,15,58,58.0
3.4,Mw,-2.02,-79.12,9.7,1999,8,4,5,18,44.0
3.1,Mw,-1.06,-78.25,-1.3,1999,8,5,2,59,44.0
4.2,Mw,0.66,-79.23,45.2,1999,8,6,0,53,14.0
3.0,Mw,-1.09,-78.76,16.9,1999,8,6,7,17,43.0
3.6,Mw,-2.07,-78.78,104.9,1999,8,6,17,38,13.0
3.0,Mw,-0.98,-79.25,85.2,1999,8,7,9,15,47.0
3.7,Mw,-1.05,-78.73,6.0,1999,8,10,18,33,36.0
3.7,Mw,0.09,-79.33,39.2,1999,8,11,1,10,1.0
3.5,Mw,0.63,-79.2,37.0,1999,8,11,4,13,9.0
3.1,Mw,1.42,-78.75,7.62,1999,8,12,20,48,32.0
3.0,Mw,-1.59,-80.91,33.0,1999,8,13,14,2,46.0
3.4,Mw,-1.85,-80.39,12.0,1999,8,15,16,42,55.0
3.3,Mw,-0.39,-79.88,10.0,1999,8,16,8,3,57.0
3.1,Mw,-0.71,-78.69,24.72,1999,8,16,22,23,47.0
3.8,Mw,-0.66,-78.71,2.6,1999,8,17,0,29,19.0
4.2,Mw,-6.12,-80.99,57.1,1999,8,17,7,44,17.0
3.1,Mw,-2.48,-79.03,9.0,1999,8,17,13,44,52.0
3.3,Mw,0.94,-78.73,46.4,1999,8,18,11,21,49.0
4.4,Mw,-2.52,-78.04,3.6,1999,8,19,2,21,29.0
3.2,Mw,0.26,-78.24,6.6,1999,8,19,8,49,59.0
3.7,Mw,-2.44,-78.15,15.6,1999,8,19,18,9,5.0
3.2,Mw,-1.04,-78.25,-2.4,1999,8,19,20,10,46.0
3.5,Mw,-0.14,-80.89,34.03,1999,8,19,20,47,10.0
3.0,Mw,-1.13,-77.67,18.5,1999,8,20,1,17,41.0
3.0,Mw,-2.17,-79.67,12.53,1999,8,21,23,40,27.0
3.2,Mw,0.46,-80.66,33.0,1999,8,22,1,10,58.0
3.2,Mw,-1.13,-78.36,2.6,1999,8,22,4,58,55.0
3.4,Mw,-1.62,-81.14,33.0,1999,8,23,9,6,49.0
3.6,Mw,-1.05,-78.25,5.8,1999,8,25,6,13,55.0
3.1,Mw,-2.05,-80.1,33.0,1999,8,25,21,35,45.0
3.8,Mw,0.69,-80.33,6.2,1999,8,25,21,41,6.0
3.0,Mw,-1.29,-77.84,10.4,1999,8,25,22,55,6.0
3.0,Mw,-0.49,-79.53,26.4,1999,8,26,5,51,10.0
3.0,Mw,-1.69,-77.74,6.8,1999,8,27,14,43,14.0
3.9,Mw,0.8,-80.5,36.0,1999,8,28,1,6,23.0
3.1,Mw,0.57,-80.41,42.92,1999,8,28,2,43,10.0
4.5,Mw,0.71,-80.39,12.5,1999,8,28,2,52,8.0
3.3,Mw,-1.72,-77.71,9.1,1999,8,28,7,33,19.0
6.2,Mw,-1.37,-77.91,195.3,1999,8,28,12,40,1.0
3.0,Mw,-1.81,-80.07,33.0,1999,8,28,14,7,28.0
3.4,Mw,-0.9,-79.15,107.4,1999,8,28,15,33,24.0
3.2,Mw,0.55,-80.09,15.2,1999,8,29,2,25,3.0
3.3,Mw,0.57,-80.14,12.6,1999,8,29,3,19,48.0
3.0,Mw,-0.96,-79.09,114.4,1999,8,29,5,6,41.0
3.0,Mw,-0.96,-79.77,45.67,1999,8,30,1,27,19.0
3.5,Mw,0.27,-80.28,16.0,1999,8,30,3,46,5.0
4.0,Mw,0.24,-80.4,5.0,1999,8,30,7,13,33.0
3.8,Mw,-0.01,-78.49,1.3,1999,8,30,14,59,34.0
3.8,Mw,-2.85,-79.65,45.0,1999,8,31,1,22,46.0
3.4,Mw,-1.87,-77.96,182.5,1999,8,31,3,2,31.0
3.3,Mw,-2.52,-79.09,81.0,1999,9,1,2,38,46.0
4.7,Mw,2.53,-79.8,15.0,1999,9,1,2,54,20.0
3.3,Mw,0.63,-80.42,37.28,1999,9,1,23,49,33.0
3.0,Mw,-1.02,-78.28,2.7,1999,9,3,5,18,54.0
3.0,Mw,-0.01,-78.48,3.0,1999,9,3,11,55,4.0
3.0,Mw,-0.03,-78.47,10.64,1999,9,3,12,5,23.0
3.4,Mw,-1.02,-78.27,3.1,1999,9,3,14,20,47.0
3.0,Mw,0.69,-78.46,6.5,1999,9,3,16,55,39.0
3.8,Mw,-1.94,-78.86,18.0,1999,9,4,12,39,14.0
3.1,Mw,-1.26,-79.89,8.1,1999,9,8,6,48,16.0
3.0,Mw,1.22,-78.81,32.12,1999,9,9,8,8,8.0
3.2,Mw,-1.62,-77.74,11.7,1999,9,9,20,31,43.0
3.1,Mw,-1.25,-79.48,80.0,1999,9,10,2,42,36.0
4.3,Mw,-5.47,-77.98,65.6,1999,9,10,13,48,46.0
3.2,Mw,-2.59,-78.13,20.0,1999,9,10,20,57,30.0
3.3,Mw,-0.78,-80.51,14.3,1999,9,10,23,12,3.0
3.1,Mw,-1.03,-78.29,6.0,1999,9,11,18,12,6.0
3.1,Mw,0.04,-79.59,9.5,1999,9,11,20,11,25.0
3.2,Mw,-1.02,-78.27,9.0,1999,9,12,7,8,24.0
3.2,Mw,0.09,-77.38,18.0,1999,9,12,10,9,32.0
3.5,Mw,-0.99,-78.55,20.1,1999,9,13,3,45,14.0
3.2,Mw,-1.0,-78.55,13.4,1999,9,13,19,7,41.0
3.3,Mw,0.16,-79.91,23.5,1999,9,13,19,39,40.0
3.2,Mw,-0.99,-78.55,14.5,1999,9,13,21,17,23.0
3.0,Mw,-1.42,-77.21,27.78,1999,9,14,3,35,39.0
3.4,Mw,-1.23,-77.64,236.7,1999,9,15,1,44,13.0
3.2,Mw,-1.13,-78.41,11.9,1999,9,16,0,10,45.0
3.1,Mw,-1.14,-78.43,8.9,1999,9,16,0,40,10.0
3.0,Mw,-1.14,-79.65,65.82,1999,9,16,15,5,54.0
3.2,Mw,-1.02,-78.3,5.8,1999,9,16,17,57,28.0
4.3,Mw,-6.32,-74.91,96.1,1999,9,17,3,45,19.0
4.7,Mw,-1.15,-78.34,15.1,1999,9,17,8,54,21.0
3.7,Mw,-1.14,-78.36,14.9,1999,9,17,9,2,27.0
3.2,Mw,-1.15,-78.35,9.1,1999,9,17,10,23,43.0
3.4,Mw,-1.13,-78.38,8.6,1999,9,17,11,0,59.0
3.3,Mw,-1.15,-78.38,9.1,1999,9,17,16,22,1.0
3.2,Mw,-2.29,-79.65,38.59,1999,9,18,7,34,21.0
3.4,Mw,-2.89,-80.0,33.0,1999,9,18,9,18,49.0
3.3,Mw,-2.46,-78.23,33.0,1999,9,20,5,27,17.0
3.3,Mw,0.03,-78.87,2.8,1999,9,20,19,4,11.0
3.2,Mw,-1.11,-78.33,-0.6,1999,9,21,4,7,36.0
3.0,Mw,-1.11,-78.31,-1.7,1999,9,21,4,9,40.0
3.3,Mw,-1.12,-78.33,2.4,1999,9,21,10,55,30.0
3.1,Mw,-1.03,-78.16,8.4,1999,9,21,13,59,47.0
3.0,Mw,-1.03,-78.16,7.8,1999,9,21,14,10,33.0
3.7,Mw,0.2,-80.19,12.0,1999,9,21,19,10,47.0
3.0,Mw,-1.0,-79.32,114.3,1999,9,21,21,14,25.0
3.7,Mw,0.7,-79.26,32.4,1999,9,22,13,9,55.0
3.3,Mw,-1.34,-79.36,95.06,1999,9,23,10,4,33.0
3.4,Mw,-1.87,-78.74,6.0,1999,9,23,18,56,24.0
3.1,Mw,-0.91,-79.8,8.7,1999,9,23,22,15,18.0
3.4,Mw,-2.2,-80.08,33.0,1999,9,25,23,54,16.0
3.3,Mw,-2.84,-78.12,17.0,1999,10,1,0,39,28.0
3.1,Mw,-2.26,-79.85,33.0,1999,10,1,12,30,29.0
3.1,Mw,0.66,-80.48,33.0,1999,10,1,22,27,56.0
3.1,Mw,-2.05,-80.32,10.0,1999,10,3,17,47,48.0
3.6,Mw,-0.8,-77.6,8.7,1999,10,4,3,1,47.0
3.1,Mw,-0.86,-78.66,15.7,1999,10,5,0,5,32.0
3.3,Mw,-0.87,-78.65,13.5,1999,10,6,2,0,34.0
4.2,Mw,-0.42,-77.87,0.0,1999,10,7,6,53,16.0
3.0,Mw,-0.67,-79.74,80.0,1999,10,7,20,51,59.0
3.0,Mw,-0.99,-77.98,4.8,1999,10,7,22,53,57.0
3.3,Mw,-1.02,-78.29,5.9,1999,10,10,5,59,38.0
3.0,Mw,0.93,-79.71,12.0,1999,10,10,9,0,31.0
3.3,Mw,-2.22,-80.09,27.2,1999,10,10,14,5,9.0
3.6,Mw,-1.08,-78.78,21.9,1999,10,10,16,7,47.0
3.3,Mw,-1.46,-81.24,33.0,1999,10,11,8,4,58.0
3.6,Mw,-1.38,-81.01,25.0,1999,10,11,8,20,56.0
3.0,Mw,-0.9,-79.33,107.1,1999,10,11,14,57,43.0
4.5,Mw,-3.57,-79.51,76.0,1999,10,12,13,9,12.0
3.0,Mw,-0.02,-78.49,12.0,1999,10,13,23,22,26.0
3.0,Mw,0.53,-79.01,79.8,1999,10,15,2,32,51.0
3.3,Mw,-1.71,-79.9,48.03,1999,10,15,4,46,2.0
3.1,Mw,0.8,-78.9,19.9,1999,10,19,6,59,26.0
3.0,Mw,-1.35,-79.73,33.0,1999,10,20,0,24,20.0
3.5,Mw,-1.46,-81.07,35.0,1999,10,20,10,43,55.0
4.0,Mw,-2.43,-79.48,23.51,1999,10,21,4,47,46.0
3.2,Mw,-1.96,-78.15,24.72,1999,10,21,5,53,35.0
3.0,Mw,-0.36,-78.19,6.97,1999,10,21,6,15,17.0
4.6,Mw,-1.49,-78.29,156.1,1999,10,21,6,36,16.0
4.0,Mw,-2.31,-78.74,10.0,1999,10,22,14,29,26.0
3.5,Mw,-2.1,-78.21,30.0,1999,10,23,16,34,37.0
3.4,Mw,-0.71,-79.76,20.74,1999,10,23,18,14,17.0
3.6,Mw,-2.11,-78.11,6.8,1999,10,23,23,18,12.0
3.4,Mw,-1.12,-78.17,15.2,1999,10,25,0,43,16.0
3.2,Mw,-1.02,-78.71,18.3,1999,10,25,14,11,17.0
3.2,Mw,-2.12,-78.66,162.5,1999,10,25,18,32,44.0
3.1,Mw,-0.81,-79.7,11.9,1999,10,26,1,10,41.0
3.2,Mw,0.1,-78.45,5.8,1999,10,26,10,20,45.0
3.3,Mw,-2.9,-78.19,14.0,1999,10,27,8,55,13.0
3.2,Mw,-1.07,-78.3,13.9,1999,10,27,16,12,51.0
4.0,Mw,3.58,-75.78,202.0,1999,10,29,14,5,48.0
3.0,Mw,-0.25,-79.67,18.5,1999,10,30,7,59,2.0
3.2,Mw,0.05,-78.42,112.5,1999,11,1,1,30,25.0
3.9,Mw,-2.65,-79.02,33.0,1999,11,2,4,52,43.0
3.1,Mw,0.57,-78.92,20.24,1999,11,4,19,16,7.0
4.6,Mw,-5.16,-80.76,43.3,1999,11,6,16,45,2.0
3.2,Mw,0.87,-78.48,64.5,1999,11,7,0,14,56.0
3.0,Mw,-0.93,-79.12,104.2,1999,11,8,0,49,47.0
3.0,Mw,-0.48,-78.67,11.4,1999,11,8,16,59,24.0
3.2,Mw,-2.45,-77.34,22.57,1999,11,10,4,41,48.0
3.0,Mw,-1.06,-77.73,24.9,1999,11,10,6,12,8.0
3.1,Mw,-1.09,-78.26,8.3,1999,11,12,11,15,55.0
4.1,Mw,2.72,-79.7,43.0,1999,11,13,4,2,42.0
3.7,Mw,-0.98,-77.69,10.3,1999,11,13,4,4,21.0
3.4,Mw,-0.43,-78.66,21.87,1999,11,14,11,43,3.0
3.9,Mw,-1.5,-77.75,183.9,1999,11,14,17,14,24.0
3.1,Mw,-1.05,-78.69,12.53,1999,11,15,3,50,26.0
3.2,Mw,-0.31,-80.54,14.0,1999,11,15,10,3,16.0
3.1,Mw,-0.07,-78.56,8.09,1999,11,15,13,24,52.0
3.1,Mw,-0.03,-78.5,12.0,1999,11,16,2,42,45.0
3.1,Mw,-0.03,-78.49,9.98,1999,11,16,3,37,4.0
3.1,Mw,-0.99,-78.36,12.74,1999,11,16,14,49,51.0
3.3,Mw,-0.03,-78.46,12.34,1999,11,16,16,14,4.0
3.0,Mw,-0.86,-79.63,22.51,1999,11,19,10,50,58.0
3.1,Mw,-2.59,-77.92,12.0,1999,11,22,14,47,0.0
3.2,Mw,-1.58,-77.36,12.0,1999,11,22,15,58,15.0
3.2,Mw,-1.04,-78.09,15.14,1999,11,23,14,42,12.0
3.2,Mw,-1.09,-78.23,9.7,1999,11,24,21,59,39.0
3.1,Mw,-1.39,-79.24,8.9,1999,11,25,6,39,50.0
3.1,Mw,-0.02,-78.49,11.79,1999,11,26,13,31,56.0
3.0,Mw,-1.07,-78.26,11.8,1999,11,27,3,58,47.0
3.1,Mw,-1.09,-79.38,9.0,1999,11,27,9,47,41.0
3.0,Mw,-1.14,-78.39,9.0,1999,11,29,10,8,46.0
3.3,Mw,-0.36,-77.53,9.8,1999,12,4,20,26,3.0
3.2,Mw,0.28,-77.56,10.0,1999,12,5,8,10,2.0
4.2,Mw,-0.2,-80.44,17.9,1999,12,6,0,26,27.0
3.3,Mw,-1.21,-80.28,13.23,1999,12,7,17,41,32.0
3.4,Mw,-1.15,-78.41,13.4,1999,12,9,2,23,57.0
3.0,Mw,-2.66,-77.98,9.7,1999,12,10,12,38,57.0
3.6,Mw,-0.52,-78.47,4.5,1999,12,14,2,29,24.0
3.0,Mw,-1.05,-78.28,11.0,1999,12,15,23,50,19.0
3.0,Mw,-1.04,-78.3,10.6,1999,12,16,3,4,11.0
3.0,Mw,-1.04,-78.29,11.6,1999,12,16,3,52,7.0
3.1,Mw,-2.67,-78.17,20.0,1999,12,16,10,52,48.0
3.4,Mw,-2.08,-80.1,18.0,1999,12,17,6,23,36.0
3.0,Mw,0.39,-79.0,111.9,1999,12,17,18,24,29.0
3.1,Mw,-1.04,-78.36,15.83,1999,12,18,10,6,13.0
3.1,Mw,-0.06,-78.46,15.46,1999,12,20,18,43,14.0
3.1,Mw,-1.79,-79.91,13.75,1999,12,21,0,49,15.0
3.4,Mw,-1.45,-78.07,23.7,1999,12,22,11,14,56.0
3.3,Mw,0.32,-79.97,12.68,1999,12,23,0,53,17.0
3.0,Mw,0.04,-80.19,25.0,1999,12,23,2,28,23.0
3.4,Mw,-1.37,-79.65,13.0,1999,12,23,19,49,30.0
3.1,Mw,0.22,-80.1,12.0,1999,12,24,13,50,10.0
3.2,Mw,-1.07,-78.3,3.34,1999,12,24,19,24,28.0
3.3,Mw,-1.05,-78.32,12.11,1999,12,24,21,11,37.0
3.7,Mw,-1.08,-78.32,6.0,1999,12,25,2,29,37.0
3.5,Mw,-1.06,-78.29,8.1,1999,12,25,15,0,34.0
5.5,Mw,-6.16,-75.24,26.0,1999,12,25,18,19,31.0
3.3,Mw,-1.05,-79.8,25.28,1999,12,26,0,25,46.0
3.8,Mw,-2.37,-79.88,12.0,1999,12,27,23,22,56.0
3.8,Mw,-2.27,-79.93,9.76,1999,12,27,23,47,55.0
3.0,Mw,-0.02,-78.49,12.16,1999,12,29,8,6,51.0
3.8,Mw,3.4,-77.48,76.0,1999,12,30,9,30,5.0
3.0,Mw,-1.07,-78.25,10.5,1999,12,31,7,10,15.0
3.2,Mw,-0.14,-78.48,6.49,2000,1,1,19,54,52.0
3.2,Mw,-1.19,-78.29,10.57,2000,1,1,20,2,6.0
3.3,Mw,0.35,-78.26,5.7,2000,1,6,0,50,49.0
3.6,Mw,-2.54,-77.54,200.0,2000,1,7,15,43,56.0
3.1,Mw,-1.17,-79.88,24.75,2000,1,8,19,36,46.0
3.4,Mw,-2.44,-79.73,32.02,2000,1,9,0,40,57.0
3.1,Mw,-0.05,-78.47,12.81,2000,1,10,8,24,17.0
3.3,Mw,-1.1,-78.18,0.8,2000,1,10,13,13,38.0
3.5,Mw,-1.62,-78.65,8.9,2000,1,11,0,1,54.0
3.4,Mw,-0.83,-79.82,16.0,2000,1,12,10,54,57.0
4.4,Mw,-5.23,-78.9,105.0,2000,1,15,19,51,28.0
3.2,Mw,-0.41,-78.05,7.73,2000,1,16,6,5,28.0
3.0,Mw,-2.12,-79.85,4.02,2000,1,19,22,44,44.0
3.2,Mw,-1.08,-78.28,5.9,2000,1,20,15,40,51.0
3.7,Mw,-2.32,-77.41,20.82,2000,1,21,14,29,43.0
3.7,Mw,-0.99,-78.72,121.1,2000,1,21,18,49,24.0
3.2,Mw,-1.21,-78.33,20.8,2000,1,21,23,1,36.0
3.2,Mw,-1.21,-78.36,21.0,2000,1,22,4,6,5.0
3.5,Mw,-1.36,-78.2,150.5,2000,1,26,11,18,12.0
3.0,Mw,-2.72,-77.95,16.0,2000,1,27,10,16,25.0
4.4,Mw,1.49,-78.35,16.0,2000,1,28,8,50,53.0
3.0,Mw,-0.34,-78.41,14.12,2000,1,28,17,17,48.0
3.1,Mw,-2.49,-77.16,19.22,2000,1,28,23,44,27.0
3.7,Mw,-2.79,-78.73,37.41,2000,1,29,13,57,49.0
3.4,Mw,-0.32,-78.4,7.3,2000,1,29,17,33,10.0
3.0,Mw,-0.01,-78.52,4.3,2000,1,30,6,8,16.0
3.0,Mw,-0.01,-78.5,-0.2,2000,1,30,6,9,55.0
3.3,Mw,-0.01,-78.5,0.5,2000,1,30,8,48,27.0
3.2,Mw,-1.15,-78.34,11.1,2000,1,31,6,5,38.0
4.2,Mw,0.31,-80.32,10.0,2000,1,31,7,55,13.0
3.4,Mw,0.15,-80.28,24.1,2000,1,31,9,58,39.0
3.3,Mw,0.09,-80.27,12.0,2000,1,31,10,11,39.0
3.2,Mw,0.03,-80.38,12.0,2000,1,31,10,17,46.0
4.6,Mw,-0.06,-79.75,2.0,2000,1,31,10,32,12.0
3.2,Mw,0.15,-80.21,12.0,2000,1,31,11,24,23.0
3.9,Mw,-1.18,-80.86,42.4,2000,1,31,23,5,22.0
3.4,Mw,-1.16,-81.22,18.0,2000,1,31,23,11,10.0
3.0,Mw,0.12,-80.22,12.0,2000,2,1,14,46,27.0
4.3,Mw,2.08,-76.52,60.6,2000,2,2,23,40,20.0
3.2,Mw,0.68,-79.37,16.31,2000,2,3,6,36,21.0
4.6,Mw,-4.33,-80.4,75.1,2000,2,6,7,12,39.0
4.7,Mw,-4.29,-80.38,73.0,2000,2,8,7,9,14.0
4.3,Mw,-6.2,-75.6,43.5,2000,2,9,12,2,15.0
3.1,Mw,-1.96,-77.62,7.19,2000,2,9,14,38,50.0
3.5,Mw,-1.63,-77.43,252.0,2000,2,10,2,51,43.0
3.3,Mw,0.21,-79.64,15.1,2000,2,12,23,13,47.0
3.1,Mw,0.26,-80.16,10.0,2000,2,13,4,30,52.0
3.1,Mw,0.2,-80.25,22.57,2000,2,13,4,49,30.0
3.0,Mw,-0.67,-78.69,9.0,2000,2,13,10,49,57.0
4.6,Mw,-5.7,-77.26,35.6,2000,2,14,17,51,57.0
3.0,Mw,-2.08,-79.71,45.0,2000,2,14,22,47,11.0
3.1,Mw,-2.98,-78.06,12.0,2000,2,15,19,8,3.0
3.0,Mw,-1.92,-78.26,22.16,2000,2,16,15,45,32.0
3.0,Mw,-0.03,-79.07,22.8,2000,2,16,22,9,56.0
3.4,Mw,-2.23,-77.48,20.0,2000,2,18,19,53,38.0
3.2,Mw,-2.8,-78.09,12.0,2000,2,21,6,8,47.0
3.0,Mw,-1.13,-79.86,27.0,2000,2,21,8,40,7.0
3.6,Mw,-2.24,-78.16,27.0,2000,2,22,4,0,5.0
3.0,Mw,0.27,-79.12,6.3,2000,2,24,1,47,31.0
3.3,Mw,-1.68,-78.67,0.1,2000,2,24,11,58,51.0
3.2,Mw,-0.76,-79.08,119.0,2000,2,25,17,56,13.0
3.2,Mw,0.97,-79.37,12.0,2000,2,26,8,53,37.0
3.8,Mw,-2.62,-79.78,12.0,2000,2,27,10,39,14.0
3.3,Mw,-0.86,-80.95,34.9,2000,2,27,13,27,55.0
4.2,Mw,-5.55,-80.93,66.6,2000,2,27,22,20,13.0
3.3,Mw,-1.03,-79.36,110.9,2000,3,4,11,39,49.0
3.3,Mw,-0.75,-78.66,20.4,2000,3,5,14,11,28.0
3.1,Mw,-0.93,-79.15,109.3,2000,3,7,15,10,29.0
3.8,Mw,-1.43,-80.38,5.09,2000,3,8,19,41,8.0
3.2,Mw,-0.72,-78.64,8.4,2000,3,9,1,25,58.0
3.1,Mw,-0.74,-78.67,20.4,2000,3,9,4,25,43.0
3.0,Mw,-0.93,-79.09,132.2,2000,3,9,9,11,37.0
3.0,Mw,0.03,-77.96,1.3,2000,3,12,1,4,22.0
3.6,Mw,-2.57,-78.05,0.2,2000,3,12,3,47,54.0
3.7,Mw,-2.33,-79.24,26.67,2000,3,12,22,48,32.0
3.1,Mw,-1.15,-79.04,108.0,2000,3,13,21,52,17.0
3.2,Mw,-1.04,-78.24,9.0,2000,3,14,18,50,3.0
3.2,Mw,-1.05,-78.26,12.7,2000,3,15,7,8,56.0
3.0,Mw,-0.37,-77.41,7.5,2000,3,16,10,31,36.0
3.0,Mw,-0.08,-77.51,7.6,2000,3,17,4,58,16.0
3.4,Mw,-1.23,-80.89,2.9,2000,3,18,12,22,33.0
3.3,Mw,-1.89,-79.03,134.1,2000,3,18,19,29,16.0
3.4,Mw,-1.25,-80.86,8.9,2000,3,19,5,47,4.0
3.2,Mw,-1.3,-80.93,28.06,2000,3,19,6,55,47.0
3.5,Mw,-0.39,-77.31,6.3,2000,3,20,1,15,40.0
3.3,Mw,-1.5,-80.45,12.0,2000,3,21,10,22,43.0
3.2,Mw,-1.9,-79.75,54.6,2000,3,21,20,47,32.0
3.0,Mw,-1.01,-78.26,10.3,2000,3,22,5,29,18.0
3.3,Mw,0.64,-79.24,29.2,2000,3,22,9,44,58.0
3.0,Mw,0.03,-77.63,-0.8,2000,3,24,19,50,26.0
3.3,Mw,-2.2,-79.67,35.88,2000,3,25,6,43,24.0
3.8,Mw,-1.7,-78.14,172.7,2000,3,25,12,40,18.0
3.0,Mw,-2.54,-78.01,5.8,2000,3,25,14,5,49.0
3.5,Mw,-0.97,-79.41,87.0,2000,3,25,23,17,10.0
3.1,Mw,-2.39,-80.19,26.0,2000,3,26,9,22,22.0
4.1,Mw,-5.48,-79.79,82.5,2000,3,27,9,54,21.0
3.9,Mw,-2.53,-77.98,11.9,2000,3,27,18,56,8.0
3.4,Mw,-2.59,-78.01,3.0,2000,3,28,1,23,29.0
3.1,Mw,-2.06,-78.01,18.0,2000,3,28,3,6,4.0
3.0,Mw,-1.18,-79.91,172.9,2000,3,28,8,1,42.0
3.5,Mw,-0.93,-79.22,109.7,2000,3,28,21,3,48.0
4.2,Mw,-2.61,-75.34,28.4,2000,3,28,23,28,49.0
3.7,Mw,-2.49,-79.49,16.0,2000,3,30,11,43,32.0
3.5,Mw,-1.98,-78.14,2.8,2000,3,31,10,56,48.0
3.0,Mw,-2.08,-78.02,21.0,2000,4,2,1,45,23.0
3.0,Mw,-1.09,-78.74,22.0,2000,4,2,14,2,24.0
3.0,Mw,0.84,-79.03,37.5,2000,4,3,0,0,44.0
4.8,Mw,3.59,-75.84,184.1,2000,4,3,9,52,46.0
3.4,Mw,-2.96,-78.78,28.76,2000,4,4,2,56,38.0
3.3,Mw,-2.47,-79.29,82.87,2000,4,4,5,2,10.0
3.0,Mw,-1.15,-78.35,7.8,2000,4,5,10,51,47.0
3.2,Mw,-1.43,-78.96,129.3,2000,4,7,4,32,14.0
3.0,Mw,-1.47,-79.69,5.9,2000,4,7,18,2,13.0
4.0,Mw,2.14,-79.73,10.0,2000,4,7,19,14,19.0
3.0,Mw,-1.91,-77.89,20.0,2000,4,7,20,26,10.0
3.1,Mw,-2.68,-78.0,8.0,2000,4,10,21,10,12.0
3.5,Mw,-1.01,-78.31,8.0,2000,4,11,23,2,53.0
3.6,Mw,-1.79,-78.31,155.6,2000,4,12,20,19,30.0
4.1,Mw,-2.99,-79.57,54.0,2000,4,14,11,59,51.0
3.7,Mw,-0.03,-78.49,0.3,2000,4,15,1,16,18.0
3.0,Mw,-0.14,-80.89,27.91,2000,4,15,19,46,54.0
4.0,Mw,-3.92,-81.08,63.2,2000,4,16,18,29,2.0
3.1,Mw,-0.24,-78.52,4.3,2000,4,17,14,16,48.0
3.1,Mw,-2.33,-78.6,163.7,2000,4,18,1,29,15.0
3.2,Mw,-2.13,-78.91,11.17,2000,4,18,5,50,5.0
3.0,Mw,-0.85,-78.75,18.47,2000,4,20,0,13,5.0
3.0,Mw,-1.87,-77.95,125.5,2000,4,20,5,31,15.0
3.2,Mw,-0.93,-79.29,109.2,2000,4,21,4,23,45.0
3.2,Mw,-1.05,-78.33,8.9,2000,4,21,19,4,18.0
3.4,Mw,-1.65,-77.68,159.5,2000,4,21,21,53,3.0
3.1,Mw,-1.04,-78.29,11.9,2000,4,23,11,29,1.0
3.2,Mw,-1.07,-78.16,-0.8,2000,4,23,21,3,5.0
3.6,Mw,-1.24,-80.26,11.57,2000,4,24,4,50,44.0
3.4,Mw,-0.4,-79.11,24.5,2000,4,24,22,29,12.0
3.1,Mw,0.83,-79.17,24.02,2000,4,25,8,0,7.0
3.1,Mw,1.13,-79.54,14.82,2000,4,26,2,15,59.0
3.1,Mw,-1.01,-79.52,6.2,2000,4,26,14,3,52.0
3.1,Mw,-1.33,-81.26,57.39,2000,4,27,1,3,59.0
3.8,Mw,0.62,-79.95,12.0,2000,4,27,21,0,12.0
3.0,Mw,0.32,-78.21,6.5,2000,4,28,16,1,38.0
3.6,Mw,0.27,-79.16,8.6,2000,4,29,5,18,3.0
3.6,Mw,-1.42,-78.42,123.2,2000,4,29,9,57,59.0
3.2,Mw,-1.12,-78.2,10.0,2000,4,29,12,32,7.0
5.7,Mw,-6.4,-76.93,128.0,2000,4,29,19,52,23.0
3.2,Mw,-0.55,-78.68,18.92,2000,4,30,23,46,23.0
3.0,Mw,1.16,-79.21,12.0,2000,5,2,17,51,8.0
3.1,Mw,-1.23,-80.52,12.0,2000,5,3,1,58,39.0
3.0,Mw,-2.53,-78.14,12.0,2000,5,3,14,27,42.0
3.2,Mw,1.06,-79.3,12.0,2000,5,4,2,43,55.0
3.5,Mw,-2.73,-80.0,12.0,2000,5,4,4,0,57.0
3.3,Mw,1.21,-79.26,12.0,2000,5,4,4,57,35.0
3.0,Mw,-1.42,-78.24,100.0,2000,5,4,5,59,6.0
3.7,Mw,0.87,-79.14,33.0,2000,5,4,7,30,37.0
3.7,Mw,1.01,-79.11,12.0,2000,5,4,7,37,42.0
3.2,Mw,-1.74,-79.35,12.0,2000,5,5,8,17,3.0
3.5,Mw,-2.54,-79.05,100.0,2000,5,6,12,40,47.0
3.3,Mw,-1.02,-78.29,12.0,2000,5,6,16,23,49.0
3.0,Mw,-1.02,-78.27,12.0,2000,5,6,17,24,17.0
3.2,Mw,-1.01,-78.26,8.4,2000,5,7,7,31,11.0
3.5,Mw,-1.19,-78.18,15.5,2000,5,7,13,3,39.0
4.3,Mw,-6.41,-80.76,46.0,2000,5,8,18,12,6.0
3.8,Mw,-2.6,-80.29,0.0,2000,5,13,23,49,43.0
3.2,Mw,-1.08,-78.33,7.3,2000,5,14,23,6,44.0
3.0,Mw,-0.88,-78.76,21.7,2000,5,15,22,26,8.0
4.1,Mw,-0.87,-78.81,20.9,2000,5,15,22,58,1.0
3.2,Mw,-2.66,-77.22,9.74,2000,5,17,10,4,13.0
3.2,Mw,-2.0,-79.51,115.4,2000,5,17,11,52,7.0
3.5,Mw,-0.63,-79.63,75.6,2000,5,17,17,58,42.0
3.7,Mw,-2.19,-77.6,12.0,2000,5,18,5,17,35.0
3.5,Mw,-1.31,-77.95,100.0,2000,5,18,9,1,14.0
3.5,Mw,-1.91,-78.47,100.0,2000,5,18,9,11,28.0
3.2,Mw,1.03,-79.28,12.0,2000,5,18,14,22,47.0
3.0,Mw,1.15,-79.3,12.0,2000,5,18,16,43,17.0
3.1,Mw,-0.03,-77.71,2.9,2000,5,18,23,39,59.0
3.9,Mw,1.02,-79.13,12.0,2000,5,19,9,43,0.0
3.0,Mw,-1.19,-78.25,7.15,2000,5,20,18,23,39.0
3.2,Mw,-1.1,-78.29,12.5,2000,5,21,5,0,0.0
3.3,Mw,-1.1,-77.69,27.3,2000,5,22,11,47,30.0
5.8,Mw,-4.08,-81.0,40.1,2000,5,22,13,15,11.0
5.2,Mw,2.13,-78.35,41.4,2000,5,23,16,36,48.0
3.8,Mw,-1.39,-79.58,125.7,2000,5,24,2,50,56.0
4.2,Mw,1.94,-79.92,45.1,2000,5,24,10,36,5.0
3.1,Mw,-0.48,-80.27,12.0,2000,5,25,2,47,58.0
3.1,Mw,-2.08,-79.77,12.0,2000,5,25,11,3,56.0
3.3,Mw,-0.53,-78.71,40.56,2000,5,26,21,38,44.0
3.1,Mw,-0.34,-79.58,12.0,2000,5,31,9,58,43.0
3.4,Mw,-2.95,-79.96,12.0,2000,6,1,7,51,30.0
3.2,Mw,0.62,-78.72,122.3,2000,6,1,8,51,22.0
3.5,Mw,-2.24,-79.37,100.0,2000,6,2,7,0,2.0
3.2,Mw,1.5,-79.49,100.0,2000,6,2,10,50,7.0
3.2,Mw,-2.66,-78.29,12.0,2000,6,3,3,12,30.0
3.8,Mw,-0.75,-78.66,17.0,2000,6,5,0,28,8.0
3.2,Mw,-2.98,-77.63,12.0,2000,6,5,5,11,15.0
3.2,Mw,-1.13,-79.99,168.0,2000,6,5,6,7,43.0
3.9,Mw,0.33,-80.08,10.22,2000,6,5,8,3,32.0
3.7,Mw,-0.59,-80.8,2.2,2000,6,6,18,43,23.0
3.1,Mw,0.12,-78.35,2.7,2000,6,8,23,50,4.0
3.3,Mw,-2.65,-78.36,12.0,2000,6,9,1,56,51.0
3.2,Mw,-2.73,-78.3,12.0,2000,6,9,2,3,21.0
3.1,Mw,-2.68,-77.98,12.0,2000,6,9,14,1,21.0
4.6,Mw,2.35,-79.53,17.4,2000,6,9,15,9,9.0
3.3,Mw,-0.73,-78.68,1.9,2000,6,10,12,50,4.0
4.3,Mw,-6.76,-79.67,68.0,2000,6,10,14,9,23.0
3.1,Mw,-2.66,-78.0,12.0,2000,6,10,17,13,6.0
3.3,Mw,0.65,-78.57,95.19,2000,6,10,20,27,24.0
3.4,Mw,0.59,-80.03,7.27,2000,6,11,12,25,58.0
3.3,Mw,-1.94,-78.6,61.2,2000,6,12,18,38,41.0
3.1,Mw,0.53,-79.73,36.45,2000,6,12,21,51,10.0
3.0,Mw,0.33,-79.27,70.28,2000,6,13,5,2,37.0
3.9,Mw,-0.28,-79.42,15.5,2000,6,14,4,17,47.0
3.0,Mw,-0.3,-79.43,6.3,2000,6,14,6,41,20.0
3.4,Mw,-1.3,-79.1,41.47,2000,6,14,20,4,20.0
3.1,Mw,0.16,-80.2,12.0,2000,6,16,0,7,28.0
3.7,Mw,1.47,-79.7,12.0,2000,6,16,1,44,42.0
3.4,Mw,-1.62,-79.24,9.0,2000,6,16,11,42,31.0
3.1,Mw,-1.27,-78.7,12.0,2000,6,16,19,40,0.0
3.5,Mw,-2.54,-79.83,24.54,2000,6,16,21,25,33.0
3.4,Mw,-0.77,-78.68,25.11,2000,6,17,8,48,6.0
3.3,Mw,-1.93,-80.25,14.07,2000,6,20,1,18,50.0
3.3,Mw,-0.36,-79.01,14.0,2000,6,22,22,1,45.0
3.3,Mw,1.15,-79.17,12.0,2000,6,24,19,51,49.0
3.7,Mw,-0.91,-78.68,24.1,2000,6,25,7,28,40.0
3.0,Mw,0.62,-78.57,22.49,2000,6,25,11,53,21.0
3.8,Mw,-1.31,-77.46,203.4,2000,6,26,19,43,18.0
5.0,Mw,1.42,-77.44,138.2,2000,6,27,7,10,30.0
3.2,Mw,-1.0,-79.2,129.0,2000,6,27,19,21,35.0
3.2,Mw,-1.67,-78.24,174.0,2000,6,29,17,38,15.0
3.3,Mw,1.26,-79.38,39.0,2000,6,30,1,36,15.0
3.0,Mw,-0.97,-78.57,18.17,2000,7,2,11,42,5.0
3.0,Mw,1.29,-79.25,41.01,2000,7,3,5,43,49.0
3.2,Mw,-2.18,-79.75,6.72,2000,7,4,8,3,15.0
3.0,Mw,-0.78,-78.68,14.7,2000,7,4,13,31,45.0
3.2,Mw,-2.32,-78.1,9.2,2000,7,4,17,21,36.0
3.8,Mw,-2.25,-78.08,5.8,2000,7,4,17,25,58.0
3.0,Mw,-2.59,-78.14,12.0,2000,7,5,14,11,38.0
3.7,Mw,-0.53,-78.66,15.0,2000,7,6,22,45,39.0
3.4,Mw,-1.94,-79.72,78.0,2000,7,7,12,2,12.0
3.5,Mw,-2.62,-79.46,25.37,2000,7,7,16,17,7.0
3.1,Mw,1.16,-79.29,12.0,2000,7,8,6,3,47.0
3.0,Mw,-0.94,-78.99,99.0,2000,7,8,6,53,56.0
3.4,Mw,-1.69,-79.94,20.36,2000,7,9,3,1,52.0
3.6,Mw,-1.91,-78.91,4.3,2000,7,10,11,26,5.0
3.1,Mw,-1.97,-78.2,2.9,2000,7,10,22,5,28.0
3.6,Mw,-1.22,-80.78,16.1,2000,7,11,16,49,31.0
3.0,Mw,-1.05,-78.35,12.0,2000,7,11,22,38,48.0
3.4,Mw,-0.27,-80.06,9.1,2000,7,12,8,2,12.0
3.4,Mw,0.36,-78.22,3.4,2000,7,14,7,39,39.0
3.4,Mw,-2.66,-77.85,12.0,2000,7,16,6,20,25.0
3.1,Mw,0.69,-78.98,21.38,2000,7,16,11,14,0.0
4.0,Mw,3.91,-82.3,33.0,2000,7,17,3,19,26.0
3.3,Mw,-1.48,-78.25,134.3,2000,7,18,5,31,17.0
3.2,Mw,-1.85,-77.42,5.05,2000,7,18,22,0,33.0
3.1,Mw,-0.58,-79.88,12.0,2000,7,20,7,24,13.0
3.1,Mw,-1.77,-78.43,45.2,2000,7,20,9,58,41.0
3.5,Mw,-2.25,-77.16,60.0,2000,7,22,1,58,29.0
3.7,Mw,0.92,-78.92,74.12,2000,7,22,17,51,37.0
3.0,Mw,-1.07,-78.28,10.9,2000,7,22,19,8,26.0
3.6,Mw,-1.14,-78.2,1.3,2000,7,24,11,31,26.0
3.6,Mw,-0.38,-77.46,3.1,2000,7,24,19,29,29.0
3.6,Mw,-1.29,-78.39,10.4,2000,7,26,1,58,15.0
3.7,Mw,-1.78,-80.04,12.0,2000,7,26,15,17,31.0
3.1,Mw,-0.51,-78.69,15.47,2000,7,26,22,17,23.0
3.1,Mw,-2.55,-77.8,0.0,2000,7,27,22,44,37.0
3.1,Mw,-1.29,-79.76,8.1,2000,7,29,7,53,22.0
3.2,Mw,0.24,-77.4,6.8,2000,7,29,21,36,6.0
3.0,Mw,-0.98,-79.24,116.1,2000,7,30,7,30,19.0
3.9,Mw,1.21,-77.31,7.9,2000,7,30,14,35,38.0
3.9,Mw,-1.56,-77.81,8.3,2000,7,30,21,44,9.0
3.4,Mw,-2.83,-78.08,10.0,2000,7,31,5,46,19.0
3.2,Mw,-1.27,-77.97,100.0,2000,8,1,19,28,7.0
4.2,Mw,-2.73,-77.52,12.0,2000,8,2,2,4,59.0
3.4,Mw,-0.04,-77.7,0.2,2000,8,2,6,52,24.0
3.7,Mw,-0.77,-81.16,43.37,2000,8,2,10,10,19.0
3.3,Mw,-2.32,-77.89,21.0,2000,8,2,19,44,32.0
3.1,Mw,-1.02,-78.21,0.4,2000,8,3,13,27,3.0
3.3,Mw,-1.31,-77.74,25.1,2000,8,3,20,7,17.0
3.1,Mw,-1.01,-78.28,8.5,2000,8,3,21,24,45.0
3.3,Mw,-0.97,-79.25,116.3,2000,8,4,6,50,58.0
4.6,Mw,-5.26,-77.76,29.4,2000,8,5,19,25,0.0
3.2,Mw,-1.11,-77.85,188.0,2000,8,6,0,56,36.0
4.5,Mw,-5.25,-77.72,46.8,2000,8,6,5,15,44.0
3.1,Mw,-1.1,-78.25,4.2,2000,8,6,20,31,56.0
3.2,Mw,0.94,-80.41,10.0,2000,8,7,6,33,17.0
3.0,Mw,0.86,-80.38,10.0,2000,8,7,6,51,26.0
3.2,Mw,0.92,-80.11,22.22,2000,8,7,8,12,30.0
4.0,Mw,3.06,-78.51,33.0,2000,8,7,19,49,27.0
3.2,Mw,0.07,-78.27,12.1,2000,8,9,10,43,32.0
3.0,Mw,-0.27,-79.34,18.0,2000,8,10,4,57,15.0
3.0,Mw,-1.8,-79.99,34.52,2000,8,10,5,10,22.0
3.2,Mw,-0.9,-79.71,29.27,2000,8,10,15,36,32.0
3.1,Mw,-0.52,-78.68,34.59,2000,8,11,18,38,44.0
4.3,Mw,2.25,-78.95,21.6,2000,8,12,2,52,48.0
5.0,Mw,-5.19,-77.67,29.2,2000,8,13,4,19,3.0
4.3,Mw,-2.15,-80.28,12.0,2000,8,14,4,4,56.0
3.4,Mw,-2.29,-77.19,154.4,2000,8,14,5,43,29.0
3.1,Mw,-2.71,-78.04,12.0,2000,8,15,10,8,19.0
4.1,Mw,-5.1,-80.85,33.0,2000,8,19,0,50,50.0
3.2,Mw,-1.01,-78.29,11.3,2000,8,19,10,8,48.0
3.5,Mw,-1.12,-78.23,8.4,2000,8,19,15,3,27.0
3.2,Mw,-2.29,-79.81,5.13,2000,8,21,3,14,26.0
5.1,Mw,1.31,-82.18,46.4,2000,8,22,1,17,28.0
3.1,Mw,0.66,-77.34,2.1,2000,8,22,8,18,12.0
3.1,Mw,-0.52,-79.36,74.0,2000,8,22,22,18,52.0
3.1,Mw,-2.51,-77.92,0.46,2000,8,25,3,15,35.0
3.1,Mw,-1.58,-77.62,214.6,2000,8,26,9,18,19.0
3.5,Mw,-1.44,-80.17,8.9,2000,8,27,0,54,23.0
3.6,Mw,-0.84,-79.84,40.2,2000,8,28,19,48,35.0
3.8,Mw,-2.97,-78.59,51.43,2000,8,29,23,0,39.0
3.3,Mw,-1.63,-78.19,187.4,2000,8,31,0,34,43.0
4.4,Mw,-5.95,-78.23,100.0,2000,9,2,4,5,11.0
3.2,Mw,-1.61,-77.86,15.0,2000,9,2,4,53,51.0
3.3,Mw,-2.2,-77.99,6.3,2000,9,3,4,41,12.0
4.2,Mw,-5.41,-77.27,63.8,2000,9,3,7,4,20.0
4.2,Mw,2.04,-79.98,33.0,2000,9,4,5,33,45.0
3.2,Mw,-2.24,-78.1,15.0,2000,9,4,22,19,40.0
3.5,Mw,-1.9,-78.28,27.2,2000,9,6,12,46,24.0
3.2,Mw,-2.84,-77.9,12.0,2000,9,7,6,13,8.0
4.5,Mw,-4.55,-80.98,27.8,2000,9,8,10,26,23.0
3.4,Mw,-1.21,-78.43,15.0,2000,9,9,3,53,16.0
4.4,Mw,3.49,-83.08,33.0,2000,9,10,0,44,50.0
4.4,Mw,-3.26,-77.61,38.3,2000,9,10,4,37,32.0
4.0,Mw,-0.83,-79.94,74.5,2000,9,14,12,46,21.0
3.2,Mw,-1.43,-79.95,24.32,2000,9,16,3,24,20.0
3.6,Mw,-0.85,-78.64,11.3,2000,9,16,10,14,45.0
3.7,Mw,-1.36,-78.01,144.7,2000,9,16,16,11,52.0
3.5,Mw,-2.23,-79.86,35.47,2000,9,16,20,4,4.0
3.4,Mw,0.76,-79.37,4.52,2000,9,16,20,41,31.0
3.3,Mw,-1.26,-78.0,168.4,2000,9,16,21,42,29.0
3.4,Mw,-0.76,-79.75,25.98,2000,9,18,5,43,28.0
3.2,Mw,-2.54,-79.23,51.0,2000,9,18,6,46,26.0
3.9,Mw,-1.91,-78.34,160.0,2000,9,18,13,7,29.0
3.3,Mw,-2.68,-78.12,16.0,2000,9,18,18,3,53.0
3.1,Mw,0.34,-78.07,9.9,2000,9,20,5,3,5.0
5.5,Mw,-1.88,-80.71,16.41,2000,9,20,8,37,12.0
3.8,Mw,-2.22,-79.65,13.0,2000,9,20,17,13,34.0
3.0,Mw,-1.07,-78.28,6.3,2000,9,20,19,3,1.0
3.5,Mw,1.34,-78.35,3.3,2000,9,21,11,16,45.0
3.3,Mw,-1.7,-77.66,204.1,2000,9,21,18,40,13.0
3.6,Mw,-1.86,-78.85,10.0,2000,9,22,8,21,2.0
3.3,Mw,-1.9,-77.65,207.4,2000,9,22,21,9,5.0
5.6,Mw,-5.13,-76.59,31.9,2000,9,23,2,31,56.0
3.3,Mw,-2.06,-80.81,31.92,2000,9,23,13,5,17.0
3.7,Mw,-0.22,-80.8,9.6,2000,9,24,12,1,56.0
3.3,Mw,-1.93,-80.5,19.23,2000,9,24,16,8,5.0
3.7,Mw,-1.99,-80.57,20.87,2000,9,24,16,48,23.0
4.0,Mw,1.58,-78.35,94.9,2000,9,26,1,40,14.0
3.5,Mw,-0.24,-80.8,7.2,2000,9,27,0,33,19.0
3.0,Mw,-0.04,-79.72,65.9,2000,9,27,9,8,58.0
3.0,Mw,0.8,-78.54,23.6,2000,9,27,10,51,48.0
3.9,Mw,-0.22,-80.73,5.1,2000,9,27,15,58,34.0
3.4,Mw,-0.17,-80.81,21.81,2000,9,27,22,32,24.0
3.4,Mw,-0.95,-79.31,90.1,2000,9,27,22,38,58.0
3.3,Mw,-1.67,-81.28,22.4,2000,9,28,10,51,49.0
3.1,Mw,-0.2,-80.77,3.9,2000,9,28,15,12,31.0
3.2,Mw,-0.28,-80.71,7.9,2000,9,28,20,2,6.0
6.4,Mw,-0.22,-80.61,11.3,2000,9,28,23,23,39.0
3.8,Mw,-0.19,-80.67,3.6,2000,9,28,23,51,2.0
3.6,Mw,-0.16,-80.69,6.0,2000,9,29,0,1,57.0
3.4,Mw,-0.27,-80.63,6.2,2000,9,29,0,7,52.0
4.0,Mw,-0.2,-80.6,12.0,2000,9,29,0,15,19.0
3.3,Mw,-0.14,-80.68,8.6,2000,9,29,0,21,16.0
3.5,Mw,-0.18,-80.66,7.3,2000,9,29,0,40,46.0
3.5,Mw,-0.19,-80.61,10.8,2000,9,29,0,52,50.0
3.4,Mw,-0.12,-80.83,23.72,2000,9,29,2,21,12.0
3.2,Mw,-0.18,-80.66,5.6,2000,9,29,3,25,53.0
3.1,Mw,-0.19,-80.67,6.3,2000,9,29,5,1,12.0
4.0,Mw,-2.93,-76.98,158.0,2000,9,29,5,27,46.0
3.4,Mw,-0.31,-80.86,14.0,2000,9,29,6,36,2.0
3.5,Mw,-0.25,-80.58,11.3,2000,9,29,7,1,15.0
3.2,Mw,-0.2,-80.64,6.0,2000,9,29,9,2,7.0
3.0,Mw,-0.14,-80.63,9.4,2000,9,29,10,31,45.0
3.9,Mw,-1.28,-79.62,5.4,2000,9,29,15,2,4.0
3.4,Mw,-0.24,-80.8,21.98,2000,9,29,17,8,37.0
3.0,Mw,-1.86,-78.83,8.1,2000,9,29,19,53,22.0
3.4,Mw,1.16,-79.28,8.09,2000,9,29,20,8,5.0
4.2,Mw,-0.42,-80.72,40.2,2000,9,29,23,38,35.0
3.3,Mw,0.69,-79.54,10.14,2000,9,30,1,4,0.0
3.6,Mw,-0.2,-80.69,8.6,2000,9,30,3,32,32.0
3.5,Mw,-0.22,-80.76,13.5,2000,9,30,4,34,31.0
3.3,Mw,-0.22,-80.83,3.8,2000,9,30,6,4,25.0
3.3,Mw,-0.09,-80.92,40.95,2000,9,30,12,18,12.0
3.0,Mw,-0.05,-80.61,13.76,2000,9,30,15,31,46.0
3.6,Mw,-0.17,-80.66,6.0,2000,9,30,17,7,57.0
3.3,Mw,-0.88,-80.97,34.46,2000,10,1,2,57,47.0
4.3,Mw,-0.34,-80.92,16.5,2000,10,1,7,12,28.0
3.2,Mw,-0.36,-81.06,13.88,2000,10,1,9,37,14.0
3.3,Mw,-0.38,-81.11,31.65,2000,10,1,12,33,10.0
3.5,Mw,-2.34,-79.42,12.0,2000,10,1,12,49,41.0
3.2,Mw,-0.33,-80.79,42.02,2000,10,1,20,33,1.0
3.9,Mw,-0.17,-80.68,7.2,2000,10,2,2,59,23.0
3.4,Mw,-0.22,-80.81,6.1,2000,10,2,3,4,16.0
3.1,Mw,-0.17,-80.68,7.7,2000,10,2,3,7,23.0
3.7,Mw,-0.71,-80.88,2.8,2000,10,2,4,31,53.0
3.5,Mw,-0.32,-80.93,23.46,2000,10,2,5,11,43.0
3.6,Mw,-0.73,-80.87,3.0,2000,10,2,5,58,51.0
4.4,Mw,3.57,-82.56,10.0,2000,10,3,1,7,17.0
3.1,Mw,-1.37,-78.15,169.0,2000,10,3,7,42,25.0
3.3,Mw,-1.42,-77.93,185.1,2000,10,4,3,56,11.0
3.0,Mw,0.82,-79.55,12.0,2000,10,4,10,23,42.0
3.8,Mw,-0.15,-80.66,5.7,2000,10,4,19,13,48.0
3.2,Mw,-2.97,-77.87,16.0,2000,10,5,2,21,30.0
3.0,Mw,0.69,-79.8,14.03,2000,10,5,9,11,34.0
3.9,Mw,0.2,-79.15,16.7,2000,10,5,17,35,3.0
3.5,Mw,0.29,-80.5,9.0,2000,10,6,4,38,42.0
3.2,Mw,-1.08,-78.31,10.0,2000,10,6,6,45,25.0
4.4,Mw,-3.19,-78.79,92.2,2000,10,7,0,0,7.0
4.1,Mw,-5.63,-82.14,33.0,2000,10,7,0,40,20.0
3.7,Mw,-0.28,-80.92,1.7,2000,10,7,6,8,3.0
3.2,Mw,-0.18,-80.99,41.0,2000,10,7,6,51,14.0
3.2,Mw,-1.39,-80.75,37.23,2000,10,7,7,55,21.0
3.8,Mw,-2.53,-77.93,2.4,2000,10,7,21,29,32.0
3.5,Mw,-0.91,-79.14,97.0,2000,10,8,0,23,43.0
3.2,Mw,0.59,-78.02,10.0,2000,10,8,8,11,15.0
3.3,Mw,0.58,-77.99,10.0,2000,10,8,8,22,42.0
4.2,Mw,-0.42,-81.05,33.0,2000,10,8,11,20,59.0
5.1,Mw,0.34,-78.09,3.9,2000,10,8,20,12,29.0
3.0,Mw,0.35,-78.11,12.0,2000,10,8,20,20,4.0
3.7,Mw,-0.88,-79.2,93.7,2000,10,9,0,58,46.0
3.5,Mw,-0.92,-80.65,38.0,2000,10,9,9,12,25.0
3.2,Mw,-0.22,-80.56,12.0,2000,10,9,10,12,18.0
3.3,Mw,-0.19,-80.61,9.2,2000,10,9,11,59,51.0
3.1,Mw,-1.9,-78.3,26.0,2000,10,10,18,14,33.0
3.7,Mw,-0.1,-80.83,7.7,2000,10,11,14,37,0.0
3.6,Mw,-0.09,-80.68,12.5,2000,10,11,22,24,41.0
4.5,Mw,-6.28,-80.63,46.4,2000,10,11,23,8,54.0
3.7,Mw,-0.14,-80.77,6.5,2000,10,12,2,53,34.0
3.9,Mw,-0.04,-80.93,23.27,2000,10,12,8,42,10.0
4.8,Mw,-0.06,-80.4,23.49,2000,10,12,11,0,59.0
3.3,Mw,-0.28,-80.85,2.7,2000,10,12,17,59,44.0
3.9,Mw,-0.13,-80.76,18.3,2000,10,13,11,0,30.0
3.1,Mw,-0.24,-80.69,10.9,2000,10,13,12,49,37.0
3.1,Mw,-2.62,-78.08,11.0,2000,10,14,19,5,19.0
3.1,Mw,-1.67,-78.15,170.8,2000,10,15,3,6,23.0
3.1,Mw,-2.05,-77.25,16.0,2000,10,15,5,41,12.0
3.0,Mw,0.36,-78.08,9.0,2000,10,15,6,51,24.0
3.1,Mw,-1.38,-80.01,59.5,2000,10,15,15,3,10.0
3.9,Mw,-0.13,-80.71,19.9,2000,10,15,18,33,12.0
4.8,Mw,-0.33,-80.92,4.6,2000,10,17,19,27,49.0
3.1,Mw,0.34,-78.09,11.8,2000,10,18,1,10,13.0
3.0,Mw,-0.05,-79.07,23.8,2000,10,18,7,19,31.0
3.8,Mw,-0.05,-80.91,28.62,2000,10,18,12,55,10.0
3.0,Mw,-0.64,-78.38,4.94,2000,10,20,1,38,7.0
3.2,Mw,0.76,-78.61,22.1,2000,10,21,7,49,1.0
3.5,Mw,0.77,-78.62,19.3,2000,10,21,8,39,15.0
3.5,Mw,-0.83,-79.86,42.7,2000,10,21,9,52,41.0
3.0,Mw,-1.08,-78.27,6.1,2000,10,21,22,51,9.0
3.2,Mw,-1.97,-80.28,16.0,2000,10,22,6,51,50.0
3.5,Mw,-2.45,-77.94,9.7,2000,10,22,9,12,18.0
3.0,Mw,0.27,-78.28,9.0,2000,10,22,13,25,34.0
3.8,Mw,-0.74,-78.61,21.8,2000,10,23,5,26,45.0
3.3,Mw,-0.73,-78.63,19.2,2000,10,23,8,47,52.0
3.4,Mw,-0.72,-78.7,8.3,2000,10,23,14,54,26.0
3.3,Mw,-1.17,-78.33,19.3,2000,10,25,1,13,9.0
3.3,Mw,-0.71,-80.55,35.31,2000,10,25,5,11,7.0
3.4,Mw,-1.67,-78.25,167.1,2000,10,25,17,12,32.0
3.5,Mw,-2.01,-79.72,76.5,2000,10,25,23,57,50.0
3.3,Mw,0.27,-80.36,18.0,2000,10,26,0,32,23.0
3.9,Mw,-0.79,-80.86,1.1,2000,10,26,9,17,56.0
3.3,Mw,-2.46,-79.58,12.0,2000,10,27,6,16,52.0
3.6,Mw,0.23,-80.02,26.0,2000,10,27,6,47,40.0
3.5,Mw,-1.2,-80.37,18.79,2000,10,27,14,50,39.0
3.3,Mw,-1.74,-77.68,15.55,2000,10,27,19,55,5.0
3.1,Mw,-2.47,-77.9,1.13,2000,10,28,11,6,57.0
3.7,Mw,-2.18,-79.07,101.7,2000,10,28,13,13,20.0
3.0,Mw,-0.9,-78.53,129.7,2000,10,28,15,47,14.0
3.1,Mw,-1.24,-79.63,50.0,2000,10,29,0,18,23.0
3.2,Mw,-0.29,-78.59,2.69,2000,10,29,1,34,28.0
3.3,Mw,0.01,-80.56,20.57,2000,10,29,6,18,17.0
3.5,Mw,-2.51,-78.66,56.3,2000,10,29,13,17,12.0
3.5,Mw,-0.21,-80.59,12.2,2000,10,29,13,53,14.0
3.6,Mw,-1.94,-79.7,59.3,2000,10,30,13,50,35.0
3.5,Mw,-2.45,-80.08,29.1,2000,10,30,17,17,0.0
3.9,Mw,-0.1,-80.7,15.1,2000,10,31,9,12,46.0
3.3,Mw,-2.05,-79.89,50.0,2000,11,1,1,57,35.0
3.3,Mw,0.28,-80.55,45.7,2000,11,1,8,37,48.0
4.0,Mw,-1.95,-77.54,160.9,2000,11,1,9,43,39.0
3.6,Mw,-2.58,-78.82,98.2,2000,11,2,14,39,39.0
3.2,Mw,-1.68,-78.74,6.9,2000,11,2,20,18,32.0
3.2,Mw,-0.51,-77.97,1.1,2000,11,2,22,22,36.0
3.0,Mw,-1.37,-78.0,50.0,2000,11,3,4,50,44.0
3.7,Mw,-1.1,-78.26,5.9,2000,11,3,6,57,52.0
3.3,Mw,-2.75,-78.79,93.59,2000,11,3,7,43,23.0
4.1,Mw,-1.21,-79.69,87.4,2000,11,3,15,5,26.0
3.1,Mw,-1.06,-78.21,0.0,2000,11,4,5,45,26.0
3.0,Mw,-1.05,-78.27,0.0,2000,11,4,14,22,2.0
3.8,Mw,-0.58,-78.43,5.0,2000,11,4,22,31,14.0
3.5,Mw,-1.67,-78.65,-2.1,2000,11,5,3,18,50.0
3.8,Mw,-1.91,-79.66,71.2,2000,11,5,13,50,23.0
4.2,Mw,-3.37,-77.43,33.0,2000,11,5,17,49,19.0
4.0,Mw,-1.28,-78.56,119.0,2000,11,5,23,54,29.0
3.1,Mw,0.06,-78.75,7.5,2000,11,6,4,39,45.0
3.3,Mw,-2.2,-79.74,21.08,2000,11,6,6,26,48.0
3.5,Mw,-0.53,-77.95,0.9,2000,11,6,14,48,58.0
3.3,Mw,-0.55,-77.92,3.9,2000,11,6,14,57,8.0
3.6,Mw,-1.56,-78.14,168.8,2000,11,6,16,57,30.0
3.6,Mw,-1.11,-78.17,10.24,2000,11,6,21,54,11.0
3.5,Mw,0.05,-78.75,2.29,2000,11,7,14,44,3.0
3.6,Mw,-2.22,-77.31,12.88,2000,11,7,16,24,9.0
3.1,Mw,0.35,-79.12,30.0,2000,11,7,18,54,12.0
3.5,Mw,-1.83,-80.33,6.7,2000,11,7,19,14,56.0
3.1,Mw,-1.85,-79.24,50.0,2000,11,9,14,51,22.0
3.1,Mw,0.05,-78.85,3.9,2000,11,10,21,5,28.0
3.4,Mw,0.55,-78.89,50.0,2000,11,11,23,29,34.0
3.1,Mw,-0.19,-78.89,37.02,2000,11,12,15,53,57.0
3.4,Mw,-2.54,-77.78,1.03,2000,11,13,3,24,48.0
3.2,Mw,-0.59,-78.37,0.15,2000,11,13,18,50,54.0
3.9,Mw,-2.8,-79.84,84.0,2000,11,13,21,26,9.0
3.6,Mw,1.0,-77.31,16.0,2000,11,14,20,54,21.0
3.2,Mw,-2.02,-79.76,73.0,2000,11,17,0,49,37.0
3.0,Mw,-1.06,-78.26,3.47,2000,11,17,7,18,12.0
3.0,Mw,-0.8,-77.65,15.36,2000,11,17,15,46,0.0
3.8,Mw,-2.02,-80.06,24.0,2000,11,17,19,4,48.0
4.2,Mw,-0.19,-80.16,11.2,2000,11,18,6,59,59.0
4.4,Mw,-2.13,-76.31,41.0,2000,11,19,15,5,19.0
4.5,Mw,0.01,-77.45,16.0,2000,11,19,23,23,0.0
3.8,Mw,-1.9,-80.14,11.57,2000,11,22,18,57,9.0
3.2,Mw,0.7,-79.45,10.1,2000,11,22,19,30,53.0
3.7,Mw,1.09,-78.91,18.33,2000,11,23,12,33,42.0
3.2,Mw,-1.82,-77.58,203.9,2000,11,23,13,20,7.0
3.2,Mw,-2.17,-79.58,70.3,2000,11,23,15,33,25.0
4.9,Mw,-1.47,-78.03,172.0,2000,11,24,11,29,27.0
3.9,Mw,-0.84,-80.46,13.3,2000,11,24,12,6,27.0
3.4,Mw,-1.4,-80.94,0.9,2000,11,27,1,46,37.0
3.4,Mw,-1.95,-79.87,78.1,2000,11,27,9,19,24.0
3.3,Mw,-0.83,-79.84,55.7,2000,11,27,13,27,34.0
3.3,Mw,-2.04,-80.09,16.0,2000,11,28,0,55,58.0
4.5,Mw,3.82,-83.02,33.0,2000,11,28,17,36,45.0
4.0,Mw,3.9,-82.89,33.0,2000,11,28,18,28,34.0
4.1,Mw,3.67,-83.32,10.0,2000,11,28,18,41,20.0
3.0,Mw,0.007,-79.73,21.81,2000,11,29,8,57,52.0
3.0,Mw,-0.29,-77.56,20.0,2000,11,29,18,15,18.0
3.1,Mw,-0.81,-78.72,16.6,2000,11,30,10,24,37.0
4.4,Mw,2.56,-79.76,15.4,2000,11,30,12,8,45.0
3.2,Mw,-1.66,-79.22,13.1,2000,12,1,2,19,58.0
3.0,Mw,-1.09,-78.28,3.17,2000,12,2,3,6,56.0
3.1,Mw,1.22,-80.03,43.02,2000,12,2,3,8,24.0
3.2,Mw,-1.29,-79.17,90.3,2000,12,2,11,46,11.0
4.2,Mw,3.71,-75.97,191.9,2000,12,4,2,11,25.0
3.3,Mw,-2.03,-80.1,23.4,2000,12,4,6,57,15.0
3.3,Mw,-1.32,-78.03,145.7,2000,12,5,4,0,21.0
3.2,Mw,-2.59,-77.85,0.53,2000,12,5,4,48,19.0
3.3,Mw,-0.92,-79.29,47.07,2000,12,5,8,49,22.0
3.4,Mw,-2.78,-78.66,29.82,2000,12,6,8,45,42.0
3.4,Mw,-0.2,-77.37,11.4,2000,12,6,12,43,7.0
3.2,Mw,0.37,-78.56,116.9,2000,12,6,16,44,31.0
3.3,Mw,-1.2,-78.31,16.9,2000,12,6,20,43,51.0
3.1,Mw,-0.1,-77.75,-0.1,2000,12,7,2,45,47.0
3.0,Mw,-0.9,-79.44,110.0,2000,12,7,10,51,54.0
3.0,Mw,-0.74,-79.63,36.16,2000,12,7,11,27,28.0
3.3,Mw,-0.43,-79.63,15.0,2000,12,8,6,40,56.0
3.1,Mw,-0.66,-78.0,14.28,2000,12,9,12,6,25.0
3.2,Mw,-1.24,-78.51,132.5,2000,12,10,2,38,59.0
3.0,Mw,-0.39,-81.09,20.87,2000,12,12,2,48,33.0
3.3,Mw,-2.01,-77.87,39.93,2000,12,12,4,40,26.0
3.7,Mw,-1.33,-78.19,142.2,2000,12,12,22,57,0.0
3.3,Mw,-1.79,-81.05,3.21,2000,12,13,3,24,53.0
3.0,Mw,-1.49,-79.87,47.4,2000,12,13,15,18,30.0
3.1,Mw,-2.5,-77.74,16.0,2000,12,15,1,53,27.0
3.1,Mw,-1.71,-80.31,16.0,2000,12,16,6,42,34.0
3.3,Mw,-2.66,-79.2,103.7,2000,12,17,4,39,27.0
3.0,Mw,0.94,-79.03,20.97,2000,12,17,7,54,40.0
3.0,Mw,-0.004,-80.18,27.0,2000,12,17,13,46,57.0
3.6,Mw,-0.99,-80.81,33.42,2000,12,17,19,2,24.0
3.6,Mw,-2.92,-80.93,12.0,2000,12,19,3,17,53.0
3.0,Mw,-1.19,-80.15,30.0,2000,12,19,6,26,21.0
3.1,Mw,-2.63,-77.53,11.0,2000,12,19,8,40,26.0
3.0,Mw,-0.77,-79.24,99.2,2000,12,21,7,34,45.0
3.1,Mw,0.14,-78.85,70.1,2000,12,22,16,13,32.0
3.1,Mw,-0.19,-80.3,29.57,2000,12,22,21,10,25.0
3.1,Mw,-0.59,-79.27,11.7,2000,12,23,4,31,44.0
3.3,Mw,-1.02,-78.49,3.0,2000,12,23,7,14,0.0
3.9,Mw,-0.17,-80.73,23.4,2000,12,23,11,1,39.0
3.0,Mw,-0.83,-79.24,3.0,2000,12,23,20,53,49.0
4.7,Mw,-4.22,-77.91,62.1,2000,12,24,17,7,3.0
3.4,Mw,-0.79,-78.73,22.82,2000,12,24,18,21,34.0
4.5,Mw,2.25,-79.7,25.3,2000,12,24,19,9,56.0
4.4,Mw,-4.53,-80.41,62.7,2000,12,25,4,7,59.0
3.4,Mw,-2.7,-78.07,12.0,2000,12,26,0,51,47.0
3.0,Mw,-1.05,-77.66,15.42,2000,12,26,2,38,41.0
3.1,Mw,-2.05,-79.98,11.0,2000,12,29,3,25,59.0
3.0,Mw,0.85,-78.48,15.6,2000,12,29,4,43,25.0
3.1,Mw,-1.36,-78.29,159.1,2000,12,29,17,38,35.0
3.4,Mw,-1.91,-78.92,12.2,2000,12,30,16,41,58.0
3.8,Mw,-0.56,-81.03,31.0,2000,12,30,20,23,15.0
3.3,Mw,-0.07,-80.21,22.9,2001,1,3,21,31,7.0
3.5,Mw,-2.33,-77.66,167.6,2001,1,4,6,31,43.0
4.1,Mw,-2.05,-77.87,6.3,2001,1,4,9,44,9.0
3.1,Mw,-2.88,-78.01,10.76,2001,1,5,4,46,59.0
3.1,Mw,-1.64,-78.73,5.3,2001,1,5,8,2,0.0
3.6,Mw,-0.93,-79.17,105.8,2001,1,7,8,51,16.0
3.5,Mw,1.44,-76.88,34.0,2001,1,9,2,4,21.0
3.2,Mw,-2.09,-77.67,20.91,2001,1,9,13,51,23.0
3.3,Mw,-0.17,-80.63,5.9,2001,1,10,2,12,1.0
3.2,Mw,-0.16,-80.69,25.49,2001,1,10,4,53,55.0
3.2,Mw,-0.3,-78.8,12.0,2001,1,10,22,53,18.0
3.5,Mw,-0.98,-79.28,105.0,2001,1,12,9,49,49.0
3.5,Mw,0.94,-79.5,13.96,2001,1,13,2,38,44.0
3.2,Mw,-0.39,-78.87,21.0,2001,1,13,14,41,8.0
4.1,Mw,-3.26,-80.15,33.0,2001,1,14,2,58,49.0
3.8,Mw,0.3,-78.72,86.0,2001,1,15,5,3,46.0
3.2,Mw,-1.13,-78.29,9.27,2001,1,15,5,53,5.0
3.2,Mw,-0.17,-78.88,3.26,2001,1,16,5,30,18.0
3.9,Mw,0.34,-79.43,3.3,2001,1,17,3,10,18.0
3.3,Mw,-1.34,-78.16,149.2,2001,1,18,0,56,44.0
3.4,Mw,-0.32,-78.5,8.1,2001,1,18,21,1,40.0
3.6,Mw,0.64,-79.03,43.3,2001,1,20,4,47,48.0
3.5,Mw,-1.95,-80.43,12.0,2001,1,20,11,19,37.0
4.1,Mw,-1.05,-78.25,0.6,2001,1,21,19,42,6.0
3.3,Mw,-1.06,-78.73,22.8,2001,1,22,1,33,21.0
3.1,Mw,-0.35,-78.42,14.0,2001,1,22,6,54,0.0
3.5,Mw,-1.23,-78.11,144.1,2001,1,23,4,44,8.0
3.5,Mw,-1.12,-77.75,11.9,2001,1,23,7,16,18.0
3.4,Mw,-1.36,-78.26,147.5,2001,1,23,17,49,22.0
3.3,Mw,-1.02,-78.29,7.3,2001,1,24,1,13,59.0
3.4,Mw,-0.47,-78.68,18.04,2001,1,24,4,6,30.0
3.7,Mw,-0.11,-77.72,1.4,2001,1,24,10,47,29.0
3.0,Mw,-1.04,-79.15,136.4,2001,1,26,19,8,1.0
5.5,Mw,-4.34,-76.76,116.7,2001,1,27,23,56,3.0
3.6,Mw,-1.88,-78.1,167.2,2001,1,28,1,41,22.0
3.2,Mw,-0.43,-78.62,12.0,2001,1,28,10,3,9.0
3.1,Mw,-0.26,-78.26,54.0,2001,1,28,19,47,20.0
3.4,Mw,-0.65,-80.95,42.28,2001,1,29,8,26,22.0
3.3,Mw,-0.39,-79.26,35.9,2001,1,31,8,53,50.0
4.2,Mw,3.93,-76.05,166.1,2001,1,31,17,14,0.0
4.1,Mw,-5.96,-76.17,117.0,2001,2,2,1,52,18.0
3.0,Mw,0.07,-78.39,12.55,2001,2,2,16,39,14.0
3.3,Mw,0.48,-78.11,14.5,2001,2,2,20,1,21.0
3.2,Mw,-1.16,-78.34,12.03,2001,2,2,23,41,26.0
3.2,Mw,0.43,-80.05,37.69,2001,2,3,14,21,46.0
3.3,Mw,-1.05,-80.65,52.0,2001,2,4,2,44,57.0
3.6,Mw,-1.08,-78.25,2.95,2001,2,4,9,44,22.0
3.0,Mw,-0.27,-78.73,13.12,2001,2,4,14,33,2.0
3.1,Mw,-0.27,-78.73,13.13,2001,2,4,14,44,58.0
3.2,Mw,-0.27,-78.68,14.8,2001,2,4,23,49,37.0
4.0,Mw,-6.49,-76.72,33.0,2001,2,6,9,28,51.0
4.5,Mw,-1.44,-80.77,16.0,2001,2,6,12,34,47.0
3.7,Mw,-1.67,-81.16,47.53,2001,2,6,13,18,6.0
3.0,Mw,-1.11,-79.33,40.35,2001,2,11,11,18,44.0
3.6,Mw,-0.82,-79.77,23.79,2001,2,14,8,30,2.0
3.3,Mw,-2.7,-77.9,18.68,2001,2,14,9,20,52.0
3.1,Mw,-1.09,-78.25,3.13,2001,2,15,15,16,16.0
3.3,Mw,0.12,-78.91,101.7,2001,2,16,3,53,55.0
3.5,Mw,1.06,-78.94,11.14,2001,2,16,6,13,19.0
3.3,Mw,-2.56,-78.02,15.0,2001,2,16,10,57,11.0
3.1,Mw,-2.76,-78.6,2.2,2001,2,16,23,6,19.0
3.3,Mw,-0.45,-78.65,12.04,2001,2,17,21,9,46.0
3.1,Mw,-1.67,-79.11,42.23,2001,2,18,2,49,48.0
3.6,Mw,-1.97,-78.04,165.1,2001,2,18,4,46,12.0
3.3,Mw,-0.99,-79.72,37.92,2001,2,18,8,4,20.0
3.9,Mw,-2.44,-79.42,32.58,2001,2,18,10,46,3.0
3.2,Mw,-1.64,-78.93,140.1,2001,2,19,0,19,49.0
4.0,Mw,-2.61,-78.99,115.4,2001,2,19,3,10,20.0
3.2,Mw,0.01,-79.47,43.53,2001,2,19,5,10,40.0
3.2,Mw,-1.03,-78.27,11.83,2001,2,19,15,39,14.0
3.6,Mw,0.01,-78.34,10.89,2001,2,19,16,15,42.0
3.1,Mw,0.01,-78.35,3.17,2001,2,20,5,9,53.0
3.2,Mw,-1.2,-80.53,47.28,2001,2,20,10,47,31.0
3.7,Mw,-2.97,-80.76,57.9,2001,2,20,15,2,57.0
4.7,Mw,0.91,-79.68,13.0,2001,2,21,11,54,51.0
4.3,Mw,1.19,-79.98,23.0,2001,2,21,12,23,6.0
3.5,Mw,1.24,-80.05,43.84,2001,2,21,13,25,13.0
3.7,Mw,1.47,-80.26,48.0,2001,2,21,13,28,38.0
3.1,Mw,1.17,-80.07,41.17,2001,2,21,13,35,29.0
3.1,Mw,-0.76,-78.78,17.36,2001,2,23,1,19,49.0
3.1,Mw,-0.73,-78.68,27.01,2001,2,23,1,23,11.0
3.3,Mw,-0.75,-78.73,25.39,2001,2,23,2,31,27.0
3.4,Mw,-1.15,-78.27,14.0,2001,2,23,22,8,36.0
3.3,Mw,-1.16,-77.74,7.61,2001,2,24,7,59,20.0
3.7,Mw,-2.35,-79.87,34.58,2001,2,24,18,30,44.0
3.5,Mw,-1.03,-78.29,14.5,2001,2,25,23,31,30.0
3.6,Mw,-0.99,-80.51,46.8,2001,2,26,7,48,19.0
3.6,Mw,-1.06,-78.3,35.0,2001,2,26,12,36,35.0
3.5,Mw,-1.94,-80.05,5.08,2001,2,26,12,55,43.0
3.4,Mw,-1.04,-78.27,12.0,2001,2,26,17,2,29.0
3.5,Mw,-1.94,-79.69,118.7,2001,2,27,7,18,33.0
3.2,Mw,-1.03,-78.3,16.17,2001,2,27,16,0,28.0
3.5,Mw,-1.03,-78.29,12.0,2001,2,27,19,18,2.0
4.0,Mw,-1.61,-81.12,43.9,2001,2,28,0,45,40.0
3.2,Mw,-1.45,-80.6,25.3,2001,2,28,1,3,50.0
3.4,Mw,-1.58,-81.27,12.0,2001,2,28,1,31,21.0
4.6,Mw,-6.98,-81.48,36.3,2001,2,28,2,57,43.0
3.0,Mw,-1.95,-78.79,28.0,2001,2,28,7,19,3.0
3.3,Mw,1.34,-78.83,46.49,2001,2,28,10,4,13.0
3.2,Mw,-1.04,-78.21,3.13,2001,2,28,22,45,15.0
3.4,Mw,-2.88,-79.53,36.3,2001,3,1,0,57,40.0
3.4,Mw,-1.03,-78.29,11.0,2001,3,1,1,43,40.0
3.0,Mw,-0.14,-78.45,122.9,2001,3,2,3,47,22.0
3.3,Mw,-1.04,-78.43,11.59,2001,3,2,5,35,29.0
3.3,Mw,-1.03,-78.34,10.0,2001,3,2,5,35,29.0
3.3,Mw,-1.03,-78.3,11.9,2001,3,3,16,14,6.0
3.1,Mw,0.21,-80.3,17.97,2001,3,4,19,52,25.0
3.5,Mw,-0.42,-77.52,5.1,2001,3,5,14,14,7.0
3.0,Mw,1.38,-78.37,38.68,2001,3,6,11,13,40.0
3.5,Mw,0.54,-79.76,17.81,2001,3,6,15,32,30.0
3.1,Mw,-2.03,-80.15,23.0,2001,3,8,9,47,31.0
3.8,Mw,-1.01,-78.24,3.0,2001,3,8,10,45,57.0
3.0,Mw,-1.01,-78.25,11.31,2001,3,8,10,56,45.0
3.3,Mw,-1.03,-78.26,5.2,2001,3,8,12,49,3.0
3.2,Mw,-1.02,-78.2,6.6,2001,3,8,14,16,43.0
3.1,Mw,0.24,-77.81,15.86,2001,3,9,15,20,31.0
3.1,Mw,-0.31,-79.48,4.17,2001,3,11,3,16,16.0
3.9,Mw,-1.56,-81.06,1.9,2001,3,11,4,29,30.0
3.5,Mw,-1.41,-79.82,30.18,2001,3,12,3,59,37.0
3.0,Mw,-1.63,-78.17,5.6,2001,3,12,13,52,38.0
3.0,Mw,-0.01,-79.48,43.7,2001,3,13,4,10,5.0
3.2,Mw,-0.73,-78.68,32.45,2001,3,13,9,15,38.0
3.8,Mw,0.39,-79.87,23.9,2001,3,13,23,33,34.0
3.0,Mw,-0.88,-78.7,16.48,2001,3,14,10,56,53.0
4.8,Mw,-5.69,-76.6,29.6,2001,3,15,8,10,55.0
3.4,Mw,-2.42,-79.77,51.0,2001,3,15,8,51,49.0
4.2,Mw,-5.74,-76.42,33.0,2001,3,15,11,35,59.0
3.2,Mw,-0.81,-78.72,16.72,2001,3,15,14,6,45.0
4.5,Mw,-5.74,-76.56,35.0,2001,3,16,9,14,19.0
4.4,Mw,-5.71,-76.49,25.7,2001,3,17,3,22,4.0
3.9,Mw,-1.03,-78.27,10.2,2001,3,17,3,37,22.0
3.1,Mw,-1.03,-78.24,8.2,2001,3,17,4,55,9.0
3.0,Mw,-1.16,-78.36,9.5,2001,3,17,5,37,18.0
3.2,Mw,-1.04,-78.26,11.7,2001,3,17,12,42,20.0
3.0,Mw,-1.16,-78.37,9.7,2001,3,17,16,21,25.0
3.0,Mw,0.03,-77.92,-1.5,2001,3,18,4,4,37.0
3.3,Mw,-0.44,-79.55,57.4,2001,3,18,6,57,1.0
3.1,Mw,-0.46,-79.66,44.6,2001,3,18,8,16,28.0
3.1,Mw,-0.83,-79.3,46.88,2001,3,18,17,34,40.0
3.9,Mw,-1.07,-78.82,9.3,2001,3,19,9,37,46.0
3.1,Mw,-1.83,-77.96,40.35,2001,3,19,9,56,6.0
3.3,Mw,-2.11,-80.11,51.0,2001,3,20,3,17,15.0
3.0,Mw,-1.01,-78.28,9.5,2001,3,20,8,49,0.0
3.1,Mw,-1.07,-78.28,4.8,2001,3,20,20,59,50.0
4.3,Mw,-3.63,-74.37,58.4,2001,3,21,3,2,11.0
4.0,Mw,-3.0,-79.04,91.5,2001,3,21,11,5,8.0
3.5,Mw,-0.06,-80.29,4.7,2001,3,21,23,20,18.0
3.6,Mw,-0.16,-80.44,15.1,2001,3,21,23,34,16.0
3.6,Mw,-0.07,-80.41,9.6,2001,3,21,23,40,40.0
3.3,Mw,-2.16,-79.76,10.27,2001,3,23,5,49,3.0
3.8,Mw,-1.72,-80.36,8.71,2001,3,24,0,1,22.0
3.1,Mw,-1.1,-78.3,14.7,2001,3,24,17,29,30.0
3.4,Mw,-1.03,-78.25,15.25,2001,3,24,19,3,51.0
3.0,Mw,-1.09,-78.31,3.02,2001,3,25,3,57,7.0
3.0,Mw,-2.06,-77.58,12.0,2001,3,25,16,58,2.0
3.1,Mw,-1.15,-78.23,14.8,2001,3,25,17,15,4.0
3.4,Mw,-1.53,-80.01,27.0,2001,3,25,17,54,26.0
3.1,Mw,0.21,-78.53,75.4,2001,3,27,0,8,24.0
3.1,Mw,-1.68,-78.54,3.4,2001,3,27,15,13,8.0
3.9,Mw,-1.98,-77.62,11.0,2001,3,27,19,6,39.0
3.5,Mw,0.78,-78.02,24.0,2001,3,29,1,58,32.0
3.8,Mw,0.68,-79.38,18.92,2001,3,29,2,42,29.0
3.5,Mw,0.95,-79.58,30.1,2001,3,29,3,20,46.0
3.6,Mw,-2.4,-79.31,33.27,2001,3,29,6,19,47.0
3.0,Mw,-0.6,-78.63,35.12,2001,3,29,8,32,41.0
3.2,Mw,-1.08,-78.32,6.0,2001,3,29,15,10,4.0
3.2,Mw,-1.01,-78.71,21.3,2001,3,30,1,20,13.0
3.1,Mw,-1.04,-78.3,6.1,2001,3,30,23,21,42.0
4.2,Mw,3.51,-79.0,33.0,2001,3,30,23,33,35.0
4.2,Mw,3.36,-78.86,33.0,2001,3,30,23,48,54.0
3.7,Mw,-0.04,-77.63,3.8,2001,3,31,10,59,46.0
3.0,Mw,-1.1,-78.37,7.7,2001,4,1,8,4,38.0
3.8,Mw,-1.03,-78.28,11.4,2001,4,1,8,8,24.0
3.2,Mw,0.95,-79.06,10.4,2001,4,1,8,33,13.0
3.0,Mw,-1.03,-78.27,11.6,2001,4,1,8,40,39.0
3.2,Mw,-1.03,-78.23,3.0,2001,4,1,11,51,47.0
3.0,Mw,0.09,-77.69,3.47,2001,4,2,7,28,1.0
3.0,Mw,-1.58,-77.39,14.39,2001,4,2,8,34,24.0
3.2,Mw,-0.85,-79.75,30.09,2001,4,2,9,50,15.0
4.4,Mw,-2.38,-79.41,53.1,2001,4,4,8,56,37.0
3.3,Mw,-0.19,-80.13,13.62,2001,4,4,10,18,2.0
3.4,Mw,0.79,-79.37,17.01,2001,4,4,14,18,48.0
4.2,Mw,-1.18,-78.33,10.8,2001,4,4,19,31,49.0
4.0,Mw,3.46,-78.88,11.0,2001,4,4,23,55,1.0
3.3,Mw,1.3,-78.4,23.92,2001,4,5,1,33,33.0
3.8,Mw,1.4,-78.69,38.94,2001,4,5,2,45,32.0
3.5,Mw,0.19,-77.7,2.2,2001,4,5,14,2,15.0
3.3,Mw,-1.45,-81.02,3.84,2001,4,5,16,46,16.0
4.5,Mw,-3.85,-75.42,140.4,2001,4,5,23,39,15.0
3.7,Mw,1.22,-78.59,10.55,2001,4,6,0,3,40.0
3.8,Mw,0.11,-78.34,11.8,2001,4,6,11,37,21.0
3.8,Mw,-1.03,-80.85,8.9,2001,4,6,15,40,12.0
3.5,Mw,-0.43,-78.05,1.8,2001,4,6,23,6,42.0
4.4,Mw,3.38,-78.93,33.0,2001,4,7,18,40,59.0
4.6,Mw,3.62,-78.84,33.0,2001,4,7,18,41,0.0
3.3,Mw,-0.11,-80.33,11.7,2001,4,8,10,10,19.0
3.0,Mw,-0.64,-77.5,23.21,2001,4,8,13,6,51.0
4.1,Mw,3.47,-78.59,33.0,2001,4,9,10,32,0.0
3.1,Mw,0.52,-79.12,37.41,2001,4,9,14,24,46.0
3.0,Mw,-0.73,-77.57,25.33,2001,4,9,15,11,25.0
4.2,Mw,-2.67,-80.69,12.0,2001,4,9,22,28,19.0
3.1,Mw,-1.1,-78.38,13.1,2001,4,9,22,36,21.0
3.7,Mw,-0.16,-80.65,37.29,2001,4,10,1,14,33.0
3.1,Mw,-0.09,-79.95,6.87,2001,4,10,2,31,42.0
4.2,Mw,-1.52,-77.72,180.1,2001,4,10,6,34,19.0
3.5,Mw,-1.35,-78.94,158.0,2001,4,10,11,44,58.0
4.3,Mw,2.87,-78.65,21.1,2001,4,10,20,32,12.0
3.4,Mw,-2.12,-80.38,60.71,2001,4,11,9,18,40.0
3.0,Mw,-0.88,-78.72,15.18,2001,4,12,9,33,45.0
3.8,Mw,0.02,-78.78,6.2,2001,4,13,9,53,21.0
3.3,Mw,-2.2,-78.06,17.84,2001,4,13,23,50,36.0
3.2,Mw,-1.85,-79.65,33.14,2001,4,14,3,0,32.0
3.2,Mw,-0.94,-80.44,27.86,2001,4,14,10,16,22.0
3.2,Mw,0.5,-79.79,25.0,2001,4,15,15,53,16.0
4.1,Mw,-3.04,-77.2,33.0,2001,4,15,16,42,44.0
3.2,Mw,-1.11,-78.38,7.49,2001,4,16,0,41,36.0
3.1,Mw,-2.19,-78.35,28.15,2001,4,16,4,11,35.0
4.3,Mw,-3.88,-81.0,33.0,2001,4,17,6,57,45.0
3.0,Mw,-1.09,-77.75,28.5,2001,4,19,2,19,51.0
3.0,Mw,-2.0,-78.3,15.3,2001,4,19,13,44,32.0
3.0,Mw,0.02,-78.78,1.4,2001,4,19,15,25,42.0
3.3,Mw,-1.07,-78.27,6.0,2001,4,20,15,21,57.0
4.0,Mw,-4.37,-80.57,72.4,2001,4,20,19,28,0.0
3.4,Mw,-0.04,-78.41,13.16,2001,4,20,21,38,39.0
3.4,Mw,-1.03,-78.73,15.0,2001,4,20,22,54,27.0
3.2,Mw,-1.61,-80.63,33.36,2001,4,21,4,21,46.0
3.3,Mw,-1.17,-77.25,12.0,2001,4,21,6,17,8.0
3.4,Mw,-0.18,-77.19,9.3,2001,4,21,6,54,6.0
3.2,Mw,-1.75,-77.59,27.98,2001,4,21,10,34,39.0
3.2,Mw,-2.81,-81.37,53.0,2001,4,21,20,27,4.0
4.2,Mw,3.91,-76.52,101.7,2001,4,21,23,28,50.0
3.1,Mw,0.13,-79.92,12.0,2001,4,22,7,8,29.0
3.0,Mw,-0.31,-78.84,48.35,2001,4,23,4,26,52.0
3.6,Mw,-2.39,-79.8,93.63,2001,4,23,7,32,4.0
3.1,Mw,-1.85,-79.13,158.8,2001,4,23,7,45,6.0
3.4,Mw,-2.48,-78.38,27.0,2001,4,25,19,12,0.0
3.0,Mw,-1.18,-78.26,3.5,2001,4,26,10,40,50.0
3.2,Mw,-1.85,-79.99,18.24,2001,4,27,21,58,15.0
3.1,Mw,-2.4,-78.28,12.0,2001,4,28,16,53,38.0
3.2,Mw,-1.07,-78.27,3.1,2001,5,1,13,1,4.0
3.5,Mw,0.1,-78.38,3.3,2001,5,4,6,50,52.0
4.2,Mw,-2.4,-78.75,71.27,2001,5,4,15,42,56.0
3.2,Mw,-2.27,-77.93,11.9,2001,5,5,12,53,6.0
3.2,Mw,-0.41,-78.66,15.74,2001,5,6,1,14,49.0
3.1,Mw,0.05,-78.44,12.5,2001,5,7,7,57,21.0
3.4,Mw,1.19,-79.98,9.1,2001,5,7,10,7,13.0
3.6,Mw,1.05,-79.87,39.19,2001,5,7,19,22,54.0
3.4,Mw,0.92,-79.51,14.1,2001,5,7,19,26,26.0
3.6,Mw,-2.21,-78.37,134.4,2001,5,7,23,32,41.0
3.0,Mw,0.99,-80.0,117.1,2001,5,8,2,59,45.0
3.1,Mw,-1.01,-79.24,110.8,2001,5,8,4,0,6.0
3.5,Mw,-2.73,-79.0,84.35,2001,5,8,23,18,0.0
3.1,Mw,-0.12,-80.01,78.7,2001,5,9,3,54,8.0
3.0,Mw,-0.84,-79.79,30.5,2001,5,9,7,2,41.0
4.1,Mw,-5.08,-77.98,33.0,2001,5,9,10,36,37.0
3.0,Mw,-2.59,-77.85,15.2,2001,5,9,22,1,17.0
3.0,Mw,-1.04,-78.34,11.2,2001,5,10,6,48,6.0
3.3,Mw,-1.19,-78.29,7.0,2001,5,11,0,59,21.0
3.5,Mw,-2.65,-79.02,71.88,2001,5,15,16,15,4.0
3.0,Mw,-0.47,-78.68,11.9,2001,5,16,5,32,21.0
3.4,Mw,-2.07,-79.33,18.8,2001,5,16,8,44,2.0
3.5,Mw,-1.16,-77.4,13.76,2001,5,16,10,38,52.0
3.1,Mw,-0.88,-79.16,99.3,2001,5,16,10,58,58.0
3.6,Mw,-2.76,-77.84,18.49,2001,5,16,17,2,31.0
3.6,Mw,-2.87,-78.0,18.5,2001,5,16,17,42,46.0
3.1,Mw,-1.05,-78.26,11.24,2001,5,17,6,30,55.0
3.1,Mw,-1.02,-78.13,11.97,2001,5,18,19,50,18.0
3.4,Mw,0.06,-80.12,26.5,2001,5,18,23,12,35.0
3.5,Mw,-0.55,-80.87,49.03,2001,5,18,23,51,18.0
3.4,Mw,0.2,-79.87,18.6,2001,5,19,13,4,48.0
3.3,Mw,0.34,-80.2,5.9,2001,5,19,13,17,38.0
3.5,Mw,0.23,-79.91,20.2,2001,5,19,13,19,33.0
3.3,Mw,0.19,-79.73,28.5,2001,5,19,15,45,26.0
3.5,Mw,0.23,-79.87,19.5,2001,5,20,1,56,15.0
3.5,Mw,0.25,-79.83,11.4,2001,5,20,2,0,6.0
3.3,Mw,0.17,-80.0,31.1,2001,5,20,2,5,36.0
3.4,Mw,0.24,-79.72,20.18,2001,5,20,2,39,36.0
3.1,Mw,0.23,-79.74,19.53,2001,5,20,11,19,32.0
3.3,Mw,-1.76,-78.48,141.8,2001,5,20,20,48,37.0
3.2,Mw,-0.27,-78.7,14.33,2001,5,21,12,46,32.0
4.3,Mw,-4.29,-80.71,33.0,2001,5,22,1,45,41.0
3.0,Mw,-0.03,-77.26,13.0,2001,5,22,5,23,36.0
3.1,Mw,-1.03,-78.25,12.4,2001,5,22,5,49,26.0
3.9,Mw,-2.87,-80.31,46.87,2001,5,23,4,21,15.0
3.2,Mw,-1.06,-78.29,10.7,2001,5,23,22,54,52.0
3.3,Mw,-1.06,-78.29,11.6,2001,5,23,23,22,24.0
3.1,Mw,-1.04,-78.15,3.38,2001,5,24,8,1,16.0
3.2,Mw,-2.85,-79.42,61.33,2001,5,24,17,0,55.0
3.2,Mw,-1.05,-78.27,7.1,2001,5,25,22,20,57.0
3.9,Mw,-2.95,-77.93,33.0,2001,5,25,22,48,31.0
3.0,Mw,-1.73,-79.94,53.31,2001,5,26,6,24,39.0
3.1,Mw,-0.21,-79.29,15.0,2001,5,26,19,24,35.0
3.8,Mw,-2.01,-78.81,127.9,2001,5,26,20,51,17.0
3.0,Mw,-1.06,-78.29,13.53,2001,5,27,14,27,40.0
3.2,Mw,-1.11,-78.33,12.0,2001,5,27,23,27,35.0
3.9,Mw,-1.15,-80.62,33.0,2001,5,28,10,0,15.0
3.5,Mw,-2.06,-77.55,32.6,2001,5,28,12,34,10.0
3.1,Mw,0.38,-77.2,10.9,2001,5,28,17,22,20.0
3.1,Mw,-1.03,-78.23,3.71,2001,5,29,10,22,15.0
3.0,Mw,-0.37,-77.5,7.17,2001,5,29,11,31,12.0
3.8,Mw,-0.008,-78.46,-0.6,2001,6,1,22,1,47.0
3.3,Mw,-1.21,-79.51,97.5,2001,6,1,23,6,33.0
4.0,Mw,-2.27,-78.86,79.6,2001,6,2,3,12,9.0
3.0,Mw,-0.78,-78.74,3.23,2001,6,2,10,15,8.0
3.2,Mw,-0.54,-78.42,11.22,2001,6,2,14,45,15.0
3.3,Mw,0.81,-78.48,37.02,2001,6,3,8,39,49.0
3.0,Mw,-0.53,-78.43,8.06,2001,6,3,9,21,31.0
3.5,Mw,-1.07,-79.24,92.7,2001,6,3,10,14,57.0
3.3,Mw,-2.32,-79.59,88.0,2001,6,4,20,33,25.0
3.2,Mw,-1.74,-79.52,110.6,2001,6,5,0,58,44.0
3.2,Mw,0.15,-80.17,84.71,2001,6,6,2,48,21.0
3.4,Mw,-1.38,-79.35,15.7,2001,6,6,6,17,46.0
3.1,Mw,-1.42,-79.37,27.36,2001,6,6,6,40,13.0
3.5,Mw,-1.46,-78.17,169.3,2001,6,7,5,18,59.0
3.1,Mw,-2.47,-78.85,10.15,2001,6,7,15,13,54.0
3.7,Mw,-1.08,-78.8,8.9,2001,6,7,19,33,42.0
3.3,Mw,-2.18,-79.72,27.98,2001,6,8,0,42,19.0
3.3,Mw,-2.38,-78.96,7.5,2001,6,8,3,49,47.0
3.0,Mw,-0.2,-79.05,27.89,2001,6,10,10,11,50.0
3.0,Mw,-0.77,-79.68,46.2,2001,6,14,13,1,22.0
3.4,Mw,-1.07,-78.31,6.1,2001,6,15,13,35,0.0
3.6,Mw,-1.63,-78.18,172.7,2001,6,16,15,22,41.0
3.4,Mw,-0.92,-79.16,100.0,2001,6,17,14,34,49.0
3.2,Mw,-2.02,-78.78,80.6,2001,6,17,18,13,35.0
3.4,Mw,0.1,-80.03,20.9,2001,6,18,1,37,49.0
3.7,Mw,-0.94,-79.17,104.9,2001,6,18,2,27,14.0
3.0,Mw,-0.94,-79.13,116.0,2001,6,18,3,18,8.0
3.6,Mw,-1.32,-78.85,165.4,2001,6,18,23,0,27.0
3.1,Mw,-1.35,-77.99,165.0,2001,6,19,6,3,47.0
3.1,Mw,-1.58,-77.56,7.27,2001,6,19,21,22,37.0
3.5,Mw,-2.4,-78.17,8.38,2001,6,21,11,22,43.0
3.3,Mw,-1.02,-78.28,9.5,2001,6,22,20,28,22.0
3.0,Mw,-0.02,-77.26,9.9,2001,6,23,19,14,52.0
4.3,Mw,-4.24,-81.25,33.0,2001,6,24,0,23,59.0
4.8,Mw,-4.04,-80.93,24.7,2001,6,24,0,28,34.0
4.8,Mw,-4.02,-80.87,30.9,2001,6,24,0,49,35.0
3.1,Mw,-0.54,-78.43,12.0,2001,6,24,21,14,38.0
3.9,Mw,-1.43,-80.88,17.0,2001,6,25,1,46,5.0
3.1,Mw,-1.07,-78.74,3.17,2001,6,25,13,8,24.0
3.1,Mw,-0.02,-78.47,11.78,2001,6,26,8,20,8.0
4.0,Mw,-4.48,-77.18,124.8,2001,6,26,22,15,11.0
4.2,Mw,2.69,-79.87,33.0,2001,6,27,8,54,45.0
3.3,Mw,0.09,-78.42,10.82,2001,6,27,23,35,15.0
5.3,Mw,-4.0,-80.84,38.0,2001,6,29,3,11,30.0
3.8,Mw,-2.9,-78.2,12.0,2001,6,29,12,5,40.0
3.1,Mw,0.28,-79.75,14.03,2001,6,29,21,52,28.0
3.0,Mw,-2.36,-78.57,136.8,2001,6,30,18,36,21.0
3.2,Mw,-1.18,-77.9,37.51,2001,6,30,18,41,17.0
3.2,Mw,-2.41,-79.17,112.9,2001,7,1,1,1,27.0
3.0,Mw,-0.78,-79.59,45.65,2001,7,1,18,47,43.0
3.5,Mw,-1.06,-78.32,6.2,2001,7,1,22,29,38.0
3.0,Mw,-0.75,-78.68,36.72,2001,7,2,0,36,54.0
3.0,Mw,-1.4,-79.14,42.89,2001,7,2,8,15,49.0
3.1,Mw,-1.7,-78.13,176.4,2001,7,2,9,34,6.0
3.5,Mw,-1.39,-78.11,162.0,2001,7,3,5,36,54.0
3.3,Mw,-0.91,-78.77,18.91,2001,7,3,10,27,53.0
3.6,Mw,-2.26,-79.56,15.82,2001,7,3,16,22,20.0
3.0,Mw,-0.41,-78.55,38.04,2001,7,4,5,23,48.0
3.0,Mw,-0.79,-79.76,48.2,2001,7,4,7,24,31.0
3.5,Mw,-1.16,-78.18,25.0,2001,7,4,10,4,31.0
3.6,Mw,-1.27,-78.36,15.3,2001,7,4,17,16,54.0
3.3,Mw,-1.92,-77.42,21.08,2001,7,5,4,15,13.0
3.7,Mw,0.85,-77.52,42.0,2001,7,6,0,24,17.0
3.3,Mw,-0.19,-80.3,14.4,2001,7,6,23,28,52.0
3.4,Mw,-2.05,-79.21,26.02,2001,7,7,15,33,57.0
3.0,Mw,-1.02,-78.59,1.59,2001,7,7,18,13,26.0
3.1,Mw,-1.04,-78.25,10.89,2001,7,8,22,33,3.0
3.8,Mw,-0.93,-79.18,103.1,2001,7,9,3,31,55.0
3.5,Mw,-1.09,-78.24,5.7,2001,7,9,18,58,56.0
3.7,Mw,-1.93,-78.16,187.5,2001,7,10,4,45,35.0
3.4,Mw,-1.04,-78.29,9.2,2001,7,10,18,10,54.0
3.1,Mw,-2.09,-77.74,167.8,2001,7,11,4,35,23.0
3.5,Mw,-2.57,-80.62,20.93,2001,7,11,12,44,40.0
3.2,Mw,-0.71,-78.67,19.58,2001,7,11,21,39,14.0
3.3,Mw,-0.5,-79.67,13.29,2001,7,13,1,40,34.0
3.4,Mw,0.25,-78.24,15.26,2001,7,13,10,29,9.0
3.0,Mw,-1.03,-78.27,22.28,2001,7,13,14,39,31.0
3.0,Mw,-1.12,-78.27,4.6,2001,7,14,4,57,13.0
3.1,Mw,-1.2,-78.39,13.29,2001,7,14,20,48,31.0
3.1,Mw,-0.92,-80.15,102.9,2001,7,15,2,45,10.0
3.0,Mw,-1.79,-78.01,51.56,2001,7,15,11,13,38.0
3.0,Mw,-1.22,-78.33,19.92,2001,7,16,3,40,12.0
3.3,Mw,-1.99,-78.9,10.33,2001,7,16,10,8,9.0
3.3,Mw,1.35,-78.1,8.5,2001,7,16,12,17,32.0
3.1,Mw,-1.24,-80.3,23.41,2001,7,16,15,59,25.0
3.8,Mw,-2.13,-79.71,106.8,2001,7,17,6,50,37.0
4.0,Mw,3.02,-78.95,33.0,2001,7,17,13,8,31.0
4.0,Mw,-2.34,-79.8,50.77,2001,7,17,23,35,33.0
3.2,Mw,-1.15,-78.26,3.25,2001,7,19,3,7,28.0
4.1,Mw,2.79,-79.43,10.0,2001,7,19,5,15,23.0
3.7,Mw,-1.44,-78.11,162.1,2001,7,19,6,41,26.0
3.1,Mw,0.02,-80.16,2.4,2001,7,19,9,19,33.0
3.3,Mw,-1.57,-80.18,32.21,2001,7,19,16,19,30.0
3.4,Mw,0.69,-79.13,30.2,2001,7,20,1,50,35.0
3.1,Mw,0.12,-78.41,3.16,2001,7,20,21,48,20.0
3.0,Mw,-1.21,-78.35,18.2,2001,7,21,6,33,5.0
3.0,Mw,-1.22,-78.38,17.24,2001,7,22,9,5,52.0
3.5,Mw,-1.1,-78.24,-1.8,2001,7,23,3,24,1.0
3.9,Mw,-1.9,-78.89,103.4,2001,7,23,8,47,8.0
3.1,Mw,-1.47,-80.02,112.7,2001,7,23,9,6,14.0
3.3,Mw,-2.19,-79.79,15.53,2001,7,23,12,40,30.0
3.4,Mw,-0.1,-78.8,12.45,2001,7,23,18,43,39.0
3.1,Mw,0.11,-77.84,12.0,2001,7,24,0,55,3.0
3.2,Mw,-1.06,-78.3,12.51,2001,7,24,4,1,52.0
3.7,Mw,-1.04,-78.32,11.3,2001,7,24,7,24,44.0
3.0,Mw,-1.04,-78.33,13.1,2001,7,24,7,30,29.0
3.4,Mw,-1.06,-78.31,13.26,2001,7,24,9,56,24.0
3.2,Mw,-1.05,-78.29,11.69,2001,7,24,10,42,7.0
3.1,Mw,-1.09,-78.32,10.67,2001,7,24,18,33,5.0
3.0,Mw,-1.05,-78.39,26.0,2001,7,24,21,53,1.0
3.2,Mw,-1.05,-78.34,15.41,2001,7,25,3,59,6.0
3.1,Mw,-1.05,-78.31,13.4,2001,7,25,9,50,6.0
3.3,Mw,-2.05,-78.19,3.6,2001,7,25,12,10,9.0
3.0,Mw,-1.05,-78.3,9.8,2001,7,25,16,51,11.0
3.2,Mw,-2.27,-79.91,51.0,2001,7,26,1,38,59.0
3.2,Mw,0.16,-77.89,2.68,2001,7,26,13,8,34.0
3.0,Mw,-1.09,-78.3,14.85,2001,7,27,9,33,50.0
3.6,Mw,-0.25,-77.37,9.8,2001,7,27,14,13,20.0
3.5,Mw,-0.4,-81.07,14.47,2001,7,27,20,22,17.0
3.4,Mw,-1.05,-78.27,16.0,2001,7,27,22,59,33.0
3.3,Mw,-1.05,-78.22,3.12,2001,7,27,23,3,18.0
3.0,Mw,-2.04,-77.76,150.1,2001,7,28,2,58,2.0
3.1,Mw,0.91,-78.1,114.0,2001,7,29,6,28,39.0
3.7,Mw,-1.47,-80.79,16.5,2001,7,29,12,40,13.0
3.5,Mw,-1.77,-77.95,180.4,2001,7,29,13,33,57.0
3.7,Mw,-1.4,-79.23,11.0,2001,7,29,14,58,17.0
3.0,Mw,-1.06,-78.32,16.61,2001,7,29,16,56,17.0
3.4,Mw,-0.74,-79.81,27.0,2001,7,29,22,7,22.0
3.0,Mw,1.42,-78.62,37.49,2001,7,30,0,55,24.0
3.4,Mw,-1.02,-78.34,7.7,2001,7,30,4,33,47.0
3.6,Mw,-1.12,-78.18,4.6,2001,7,30,14,37,45.0
3.7,Mw,-2.17,-79.79,32.54,2001,8,1,5,15,3.0
3.9,Mw,1.49,-78.42,36.0,2001,8,2,2,28,18.0
3.5,Mw,0.87,-78.09,23.0,2001,8,2,2,46,37.0
3.3,Mw,0.1,-77.38,11.0,2001,8,2,3,36,43.0
3.5,Mw,-0.56,-78.41,2.5,2001,8,3,20,43,16.0
3.6,Mw,-0.75,-78.72,9.0,2001,8,4,10,51,45.0
3.8,Mw,-0.75,-78.7,0.7,2001,8,4,21,53,7.0
3.8,Mw,-0.77,-78.63,5.2,2001,8,4,21,55,27.0
3.5,Mw,-0.78,-78.58,28.0,2001,8,6,1,54,42.0
3.7,Mw,1.07,-79.9,48.12,2001,8,6,2,7,56.0
3.7,Mw,0.6,-80.0,68.8,2001,8,6,8,22,0.0
3.6,Mw,-0.13,-78.75,13.01,2001,8,7,0,8,46.0
3.1,Mw,-0.07,-78.75,19.05,2001,8,7,0,10,58.0
3.1,Mw,-0.9,-78.65,3.04,2001,8,7,2,42,58.0
3.4,Mw,-0.78,-78.65,3.32,2001,8,7,5,34,27.0
3.5,Mw,-0.77,-78.51,34.74,2001,8,7,5,59,20.0
4.1,Mw,0.72,-80.2,53.38,2001,8,7,9,10,3.0
3.9,Mw,-0.36,-77.49,22.05,2001,8,8,5,57,12.0
3.1,Mw,-1.02,-78.29,16.05,2001,8,8,8,57,12.0
3.4,Mw,-0.86,-78.68,14.81,2001,8,8,12,59,0.0
3.0,Mw,-1.1,-78.29,16.0,2001,8,8,14,26,39.0
3.7,Mw,-0.94,-78.77,3.05,2001,8,9,6,57,11.0
3.6,Mw,-1.84,-77.95,184.7,2001,8,9,11,24,37.0
4.0,Mw,-0.19,-80.43,16.4,2001,8,9,17,42,2.0
3.1,Mw,-0.4,-79.11,27.27,2001,8,10,10,2,34.0
3.2,Mw,-1.56,-78.86,-0.6,2001,8,10,10,25,2.0
3.1,Mw,-2.2,-77.44,36.0,2001,8,11,4,21,4.0
3.6,Mw,-0.89,-79.17,106.8,2001,12,18,16,7,8.0
3.2,Mw,-2.01,-80.52,11.5,2001,12,18,21,5,24.0
3.2,Mw,0.09,-77.3,10.5,2001,12,21,13,40,1.0
3.3,Mw,-0.84,-79.12,3.02,2001,12,25,15,1,44.0
3.8,Mw,-0.88,-81.09,12.0,2001,12,25,15,35,50.0
3.6,Mw,-2.46,-78.11,8.8,2001,12,25,20,0,52.0
3.6,Mw,-2.87,-80.56,12.0,2001,12,26,7,59,16.0
3.4,Mw,-0.21,-80.1,22.5,2001,12,27,9,16,44.0
3.5,Mw,0.56,-78.69,16.9,2001,12,27,17,7,20.0
3.0,Mw,-1.12,-78.32,12.0,2001,12,27,21,51,34.0
3.6,Mw,-2.23,-80.96,20.0,2001,12,28,0,42,9.0
3.1,Mw,-2.33,-77.49,12.0,2001,12,28,13,7,19.0
3.0,Mw,-1.21,-78.39,12.8,2001,12,30,0,15,31.0
3.2,Mw,-0.36,-78.51,3.0,2001,12,31,1,8,23.0
3.0,Mw,-1.32,-78.11,139.7,2002,1,1,1,30,39.0
3.6,Mw,-0.28,-77.83,14.5,2002,1,1,1,42,26.0
3.2,Mw,-2.4,-79.94,8.0,2002,1,1,6,15,13.0
3.3,Mw,-0.78,-79.56,91.8,2002,1,2,20,32,42.0
3.8,Mw,-1.77,-77.32,12.0,2002,1,3,16,51,31.0
3.7,Mw,-1.04,-78.28,6.0,2002,1,4,4,59,19.0
3.8,Mw,-2.64,-77.94,12.0,2002,1,4,11,8,52.0
3.3,Mw,-0.73,-78.72,14.7,2002,1,4,11,23,12.0
3.0,Mw,0.99,-78.72,19.0,2002,1,4,23,33,9.0
3.2,Mw,-1.02,-78.26,8.3,2002,1,5,2,53,57.0
3.4,Mw,-0.94,-78.5,13.8,2002,1,5,9,24,55.0
3.4,Mw,-1.27,-79.83,53.0,2002,1,6,0,54,43.0
3.2,Mw,-1.89,-80.84,16.0,2002,1,6,4,54,49.0
3.2,Mw,-0.63,-80.92,17.07,2002,1,6,7,17,2.0
3.2,Mw,-0.58,-80.96,14.02,2002,1,6,7,19,24.0
4.0,Mw,3.5,-78.36,33.0,2002,1,6,9,53,25.0
4.1,Mw,-2.3,-79.71,36.0,2002,1,7,7,44,47.0
3.9,Mw,0.22,-80.07,24.5,2002,1,9,23,1,10.0
3.2,Mw,-0.98,-79.22,108.1,2002,1,10,1,59,2.0
4.1,Mw,-6.98,-80.65,43.3,2002,1,11,20,16,19.0
3.5,Mw,-1.74,-79.17,20.06,2002,1,12,0,31,17.0
4.0,Mw,-4.89,-81.13,33.0,2002,1,12,2,21,31.0
3.0,Mw,-1.08,-78.25,1.4,2002,1,12,12,32,43.0
3.0,Mw,-1.07,-78.23,0.17,2002,1,13,0,21,58.0
3.0,Mw,-1.08,-78.29,4.7,2002,1,13,15,29,53.0
3.4,Mw,-1.0,-78.05,8.9,2002,1,14,1,47,23.0
4.6,Mw,-1.08,-78.29,8.9,2002,1,14,6,21,23.0
3.5,Mw,-1.04,-78.26,4.9,2002,1,14,17,10,10.0
3.1,Mw,-1.05,-78.26,12.67,2002,1,14,20,51,25.0
3.4,Mw,-0.87,-78.65,14.2,2002,1,15,13,1,36.0
3.2,Mw,-1.42,-79.23,13.3,2002,1,15,21,9,50.0
3.2,Mw,-0.53,-78.7,22.98,2002,1,16,4,53,14.0
3.5,Mw,-2.24,-79.97,12.0,2002,1,16,5,20,17.0
3.5,Mw,-0.51,-78.66,9.8,2002,1,16,7,36,33.0
3.5,Mw,-1.19,-80.37,9.1,2002,1,17,5,14,25.0
3.5,Mw,0.21,-80.36,8.8,2002,1,18,2,9,37.0
3.1,Mw,-0.14,-78.78,14.87,2002,1,18,4,20,33.0
3.4,Mw,0.55,-80.12,15.5,2002,1,18,17,12,45.0
3.1,Mw,0.53,-79.86,5.7,2002,1,18,19,6,19.0
3.2,Mw,0.78,-80.47,45.0,2002,1,19,2,22,17.0
3.0,Mw,-1.02,-78.28,17.0,2002,1,19,3,0,32.0
3.2,Mw,-1.0,-80.42,32.17,2002,1,19,5,44,27.0
3.0,Mw,-1.71,-80.56,38.16,2002,1,19,8,47,31.0
3.0,Mw,-2.64,-77.83,2.75,2002,1,20,2,51,27.0
3.0,Mw,-1.06,-78.31,11.27,2002,1,20,10,48,35.0
3.9,Mw,-6.5,-81.71,33.0,2002,1,20,17,54,16.0
3.3,Mw,-0.7,-78.68,24.58,2002,1,21,2,47,10.0
3.0,Mw,-1.04,-78.26,12.0,2002,1,21,4,18,0.0
3.0,Mw,-0.39,-78.6,13.45,2002,1,21,20,23,15.0
3.1,Mw,-0.51,-78.64,23.33,2002,1,21,22,15,5.0
3.3,Mw,-2.47,-79.61,12.0,2002,1,22,1,39,0.0
3.0,Mw,0.39,-79.53,29.77,2002,1,22,4,20,26.0
4.3,Mw,-6.91,-80.15,38.3,2002,1,22,13,4,56.0
3.1,Mw,0.22,-77.36,6.5,2002,1,22,22,46,21.0
3.8,Mw,-1.94,-77.58,5.79,2002,1,23,2,28,56.0
3.0,Mw,-2.12,-77.25,26.0,2002,1,23,9,51,38.0
3.2,Mw,0.25,-79.94,20.0,2002,1,23,14,51,39.0
3.4,Mw,-1.41,-78.43,127.1,2002,1,24,6,38,59.0
3.2,Mw,0.46,-79.93,18.0,2002,1,24,13,50,11.0
3.0,Mw,-0.7,-78.64,10.7,2002,1,24,14,23,50.0
3.0,Mw,-0.67,-78.62,16.67,2002,1,24,14,32,38.0
3.1,Mw,0.56,-79.98,16.2,2002,1,24,19,12,22.0
3.2,Mw,0.53,-80.1,24.9,2002,1,24,21,5,39.0
3.7,Mw,0.85,-80.49,26.0,2002,1,24,21,18,58.0
3.3,Mw,-2.03,-80.15,12.0,2002,1,25,13,55,24.0
3.4,Mw,0.55,-78.63,14.8,2002,1,26,4,19,44.0
3.0,Mw,-0.68,-78.63,16.41,2002,1,27,2,42,0.0
3.6,Mw,-1.41,-81.23,41.13,2002,1,28,1,39,59.0
3.5,Mw,-2.84,-78.39,12.0,2002,1,28,7,44,3.0
3.1,Mw,-2.09,-79.71,18.5,2002,1,29,5,5,12.0
4.1,Mw,-6.11,-80.61,52.2,2002,1,29,20,1,52.0
3.0,Mw,-1.89,-77.43,62.0,2002,1,29,22,56,55.0
3.9,Mw,-2.81,-80.24,80.0,2002,1,30,11,51,33.0
3.1,Mw,0.18,-79.34,26.05,2002,1,30,17,5,35.0
3.3,Mw,-1.06,-78.2,12.0,2002,1,31,8,15,15.0
3.1,Mw,-0.52,-78.68,15.79,2002,1,31,19,55,39.0
3.0,Mw,-0.52,-78.67,16.22,2002,1,31,20,12,44.0
3.2,Mw,-1.03,-78.22,3.2,2002,1,31,20,25,54.0
3.2,Mw,-0.56,-78.49,0.0,2002,2,1,1,35,3.0
3.3,Mw,-0.25,-79.05,2.2,2002,2,2,1,26,22.0
3.1,Mw,-1.08,-78.25,10.4,2002,2,2,11,30,56.0
3.3,Mw,-1.18,-78.3,8.4,2002,2,3,3,33,4.0
3.5,Mw,-1.18,-78.32,8.1,2002,2,3,3,49,24.0
3.0,Mw,-0.03,-78.54,16.97,2002,2,3,13,48,37.0
3.2,Mw,-0.01,-78.51,9.6,2002,2,3,14,50,48.0
4.0,Mw,-4.05,-80.92,33.0,2002,2,3,18,0,57.0
3.5,Mw,-1.36,-79.7,92.6,2002,2,3,18,28,9.0
3.3,Mw,0.7,-79.8,11.8,2002,2,4,15,43,56.0
3.1,Mw,-1.33,-78.15,148.5,2002,2,7,4,31,22.0
3.0,Mw,-0.69,-80.03,12.0,2002,2,8,11,36,56.0
3.1,Mw,-0.85,-78.51,3.34,2002,2,8,20,40,3.0
4.4,Mw,-5.62,-77.14,49.0,2002,2,10,0,50,52.0
3.2,Mw,-1.44,-79.26,25.41,2002,2,10,6,29,2.0
3.3,Mw,-0.16,-80.15,21.59,2002,2,10,10,38,41.0
3.1,Mw,-1.1,-80.19,30.89,2002,2,11,8,46,20.0
3.5,Mw,-0.65,-79.38,36.2,2002,2,11,9,52,55.0
3.2,Mw,-0.31,-80.2,12.0,2002,2,12,0,18,49.0
3.2,Mw,0.84,-79.69,17.0,2002,2,12,11,0,2.0
3.0,Mw,-0.42,-79.1,20.2,2002,2,12,16,47,53.0
3.9,Mw,-1.02,-78.23,5.1,2002,2,12,23,30,58.0
3.0,Mw,-1.03,-78.23,10.92,2002,2,13,1,33,24.0
3.0,Mw,-1.04,-78.24,26.0,2002,2,13,9,30,33.0
3.0,Mw,-1.04,-78.22,26.0,2002,2,13,12,12,31.0
3.0,Mw,-0.86,-81.17,45.0,2002,2,14,2,28,59.0
3.2,Mw,-1.76,-77.48,12.0,2002,2,14,13,16,10.0
3.9,Mw,-2.21,-80.1,30.0,2002,2,14,17,14,18.0
3.1,Mw,-1.03,-78.28,12.77,2002,2,14,21,52,43.0
3.1,Mw,0.05,-79.55,37.4,2002,2,15,2,57,36.0
3.2,Mw,-0.65,-77.97,14.0,2002,2,15,5,57,56.0
3.2,Mw,0.09,-79.69,5.0,2002,2,16,22,2,55.0
3.1,Mw,0.59,-78.75,100.1,2002,2,17,10,55,20.0
3.0,Mw,0.64,-79.77,8.6,2002,2,17,18,12,40.0
3.0,Mw,0.38,-78.81,27.61,2002,2,18,2,52,25.0
3.0,Mw,-1.03,-78.22,3.21,2002,2,19,1,2,1.0
4.0,Mw,-1.26,-77.49,47.96,2002,2,19,12,44,12.0
3.5,Mw,-1.37,-78.19,155.0,2002,2,20,3,43,54.0
3.3,Mw,-1.74,-80.77,39.97,2002,2,20,3,58,36.0
3.2,Mw,-1.42,-79.83,34.66,2002,2,20,18,20,28.0
3.0,Mw,-2.36,-78.61,23.15,2002,2,21,5,37,4.0
3.7,Mw,1.19,-79.77,32.21,2002,2,21,8,59,22.0
3.3,Mw,-2.7,-78.88,49.61,2002,2,21,19,49,26.0
3.2,Mw,-1.84,-79.74,38.01,2002,2,22,12,51,49.0
3.5,Mw,-1.32,-77.35,208.1,2002,2,23,4,0,14.0
3.0,Mw,-0.17,-79.15,12.5,2002,2,23,6,20,5.0
3.9,Mw,-2.88,-79.97,51.68,2002,2,26,2,5,54.0
3.0,Mw,-1.06,-78.7,30.81,2002,2,26,13,42,0.0
3.1,Mw,0.03,-77.23,8.9,2002,2,26,18,8,5.0
3.0,Mw,-0.57,-78.66,36.12,2002,2,26,21,19,1.0
3.2,Mw,-0.57,-78.67,28.92,2002,2,26,21,29,32.0
3.2,Mw,-0.85,-78.23,14.0,2002,2,27,5,29,23.0
3.7,Mw,-2.69,-80.58,36.2,2002,2,27,9,8,14.0
3.5,Mw,0.93,-79.69,12.0,2002,3,1,1,15,28.0
3.4,Mw,-2.03,-80.06,16.0,2002,3,1,14,2,21.0
3.2,Mw,0.02,-77.97,2.0,2002,3,1,15,12,21.0
3.4,Mw,0.01,-77.97,1.1,2002,3,1,15,21,58.0
3.7,Mw,-1.45,-80.94,6.4,2002,3,2,1,22,46.0
3.8,Mw,-2.35,-79.97,41.03,2002,3,2,22,54,42.0
3.6,Mw,0.89,-77.84,26.0,2002,3,2,23,2,32.0
3.1,Mw,-2.25,-79.77,15.17,2002,3,3,8,23,43.0
3.5,Mw,-1.44,-81.22,16.0,2002,3,3,10,57,20.0
3.0,Mw,-1.7,-80.77,16.0,2002,3,4,5,3,47.0
3.0,Mw,-0.46,-79.19,28.5,2002,3,4,10,3,37.0
3.2,Mw,-0.45,-78.68,30.29,2002,3,4,20,31,38.0
3.2,Mw,-1.35,-80.46,20.0,2002,3,5,9,48,19.0
3.1,Mw,-1.15,-78.27,17.75,2002,3,5,10,2,46.0
3.2,Mw,-0.03,-78.38,13.06,2002,3,5,12,12,15.0
3.1,Mw,-1.03,-78.29,12.0,2002,3,5,19,16,6.0
3.3,Mw,-2.76,-78.55,4.0,2002,3,10,2,19,16.0
3.0,Mw,-2.24,-79.78,12.0,2002,3,12,13,40,42.0
3.5,Mw,0.58,-79.19,30.3,2002,3,12,17,1,23.0
3.2,Mw,-1.63,-78.0,204.8,2002,3,13,5,54,3.0
3.5,Mw,-0.53,-79.42,38.4,2002,3,13,6,52,9.0
3.7,Mw,-2.71,-77.22,165.5,2002,3,16,4,22,26.0
3.0,Mw,1.34,-78.93,51.69,2002,3,16,14,13,15.0
4.7,Mw,2.73,-79.71,15.0,2002,3,17,12,9,33.0
4.1,Mw,-4.37,-80.84,37.6,2002,3,17,15,50,16.0
4.9,Mw,-3.12,-79.7,69.5,2002,3,17,20,22,11.0
3.6,Mw,-2.98,-77.93,12.0,2002,3,18,12,28,17.0
4.1,Mw,-6.9,-80.34,60.0,2002,3,18,18,43,21.0
3.1,Mw,-0.65,-77.95,4.1,2002,3,19,14,47,17.0
3.1,Mw,-1.14,-78.19,10.0,2002,3,20,10,28,40.0
3.3,Mw,-2.35,-78.0,7.0,2002,3,21,22,4,58.0
3.5,Mw,-1.5,-81.2,10.0,2002,3,22,0,24,9.0
3.3,Mw,-1.39,-81.15,10.0,2002,3,22,3,22,10.0
3.8,Mw,-1.42,-81.21,12.0,2002,3,22,3,52,58.0
3.5,Mw,-1.37,-81.17,14.0,2002,3,22,9,37,40.0
3.1,Mw,-1.45,-77.5,18.97,2002,3,22,18,5,48.0
3.7,Mw,-1.4,-81.06,12.0,2002,3,22,18,32,12.0
3.6,Mw,-1.56,-81.25,12.0,2002,3,22,19,38,19.0
3.9,Mw,-1.55,-81.33,12.0,2002,3,22,19,50,58.0
3.5,Mw,-1.52,-81.24,12.0,2002,3,22,20,46,11.0
3.7,Mw,-1.45,-81.26,12.0,2002,3,22,21,44,2.0
3.3,Mw,-2.74,-78.06,12.0,2002,3,22,22,4,44.0
3.5,Mw,-0.76,-79.32,109.6,2002,3,22,23,25,56.0
3.6,Mw,-1.38,-81.09,12.0,2002,3,22,23,37,24.0
3.1,Mw,-2.71,-78.1,11.0,2002,3,23,1,40,57.0
3.5,Mw,-1.54,-81.26,12.0,2002,3,24,5,31,11.0
3.1,Mw,-1.14,-78.26,13.0,2002,3,24,10,53,50.0
3.8,Mw,-1.34,-81.21,35.37,2002,3,25,6,17,9.0
3.3,Mw,-1.32,-81.01,12.0,2002,3,25,7,17,32.0
3.1,Mw,-1.78,-78.47,26.41,2002,3,26,1,26,40.0
3.8,Mw,-1.31,-80.68,15.1,2002,3,26,4,33,44.0
3.6,Mw,-1.15,-81.09,19.08,2002,3,26,10,18,27.0
3.6,Mw,-1.29,-80.86,12.5,2002,3,26,11,52,50.0
3.7,Mw,-1.37,-81.03,15.73,2002,3,26,11,58,51.0
3.2,Mw,-1.41,-77.89,207.1,2002,3,26,12,36,5.0
3.5,Mw,-1.36,-80.98,7.8,2002,3,26,16,35,8.0
3.3,Mw,-1.26,-80.92,2.6,2002,3,27,0,10,11.0
3.2,Mw,-2.39,-77.33,26.0,2002,3,27,4,29,12.0
3.3,Mw,-2.1,-79.7,15.66,2002,3,27,6,22,44.0
3.2,Mw,0.13,-80.27,34.19,2002,3,27,7,20,21.0
3.6,Mw,-1.34,-80.9,5.7,2002,3,27,8,13,57.0
3.3,Mw,-1.32,-81.01,17.81,2002,3,27,8,20,0.0
3.4,Mw,-1.01,-80.85,3.1,2002,3,27,14,16,1.0
3.8,Mw,-1.12,-80.88,3.8,2002,3,27,15,10,10.0
3.5,Mw,-1.39,-81.21,6.72,2002,3,27,17,24,21.0
3.3,Mw,-1.03,-80.84,7.1,2002,3,27,23,22,42.0
3.4,Mw,-1.01,-80.87,2.2,2002,3,28,7,11,26.0
3.3,Mw,-2.71,-78.3,12.0,2002,3,28,11,19,57.0
3.0,Mw,-1.09,-80.74,78.42,2002,3,28,20,39,51.0
3.8,Mw,-1.52,-77.62,238.2,2002,3,29,7,8,50.0
3.0,Mw,-0.91,-79.64,14.0,2002,3,29,7,56,26.0
3.1,Mw,-0.84,-79.93,79.9,2002,3,29,18,9,24.0
3.5,Mw,-1.35,-77.96,175.0,2002,3,29,18,41,15.0
3.1,Mw,-1.27,-80.66,2.0,2002,3,31,8,57,47.0
4.2,Mw,-1.09,-80.94,8.7,2002,3,31,12,53,13.0
3.0,Mw,-1.97,-79.97,10.0,2002,4,1,7,29,32.0
3.6,Mw,-2.47,-78.46,140.4,2002,4,1,21,16,27.0
3.6,Mw,-1.15,-80.82,8.9,2002,4,2,3,11,46.0
3.4,Mw,-2.55,-78.45,215.1,2002,4,2,9,41,33.0
3.3,Mw,-1.08,-78.31,6.8,2002,4,4,10,37,53.0
3.2,Mw,-2.78,-77.56,12.0,2002,4,4,21,8,34.0
3.5,Mw,-2.85,-80.81,41.6,2002,4,5,2,3,33.0
3.9,Mw,-2.95,-80.89,26.0,2002,4,5,2,29,26.0
3.8,Mw,-2.34,-79.78,26.12,2002,4,5,23,24,34.0
3.4,Mw,0.59,-77.69,10.0,2002,4,6,11,1,42.0
4.3,Mw,-3.15,-79.96,42.4,2002,4,6,14,40,25.0
3.0,Mw,0.04,-78.41,14.0,2002,4,7,1,43,11.0
3.2,Mw,-0.42,-78.5,16.72,2002,4,8,7,58,31.0
3.5,Mw,0.99,-79.23,20.6,2002,4,8,9,3,10.0
3.2,Mw,-1.04,-78.28,12.0,2002,4,10,20,38,36.0
3.1,Mw,-0.96,-78.2,17.05,2002,4,11,12,5,39.0
3.4,Mw,-0.45,-78.61,2.8,2002,4,12,13,2,35.0
3.3,Mw,-0.46,-78.6,12.1,2002,4,12,15,56,27.0
3.9,Mw,-0.87,-80.9,2.7,2002,4,13,4,30,1.0
3.3,Mw,0.51,-78.18,2.4,2002,4,13,7,38,6.0
3.6,Mw,-0.81,-81.12,12.0,2002,4,13,12,45,32.0
3.0,Mw,-2.12,-79.89,12.0,2002,4,14,5,28,5.0
3.8,Mw,-1.25,-77.72,15.7,2002,4,14,13,59,12.0
4.2,Mw,-0.83,-80.93,2.0,2002,4,16,6,33,29.0
3.4,Mw,-2.03,-77.48,230.3,2002,4,16,11,32,24.0
3.7,Mw,-0.87,-80.91,3.0,2002,4,17,6,15,37.0
3.0,Mw,0.03,-78.41,12.0,2002,4,17,10,8,19.0
3.7,Mw,-0.45,-81.07,17.59,2002,4,17,10,37,55.0
3.4,Mw,-0.91,-79.16,107.4,2002,4,17,12,45,19.0
3.3,Mw,-1.92,-79.73,30.53,2002,4,17,19,0,42.0
3.2,Mw,-1.75,-79.12,17.9,2002,4,19,14,39,33.0
3.1,Mw,-2.41,-79.83,10.0,2002,4,19,15,24,26.0
3.2,Mw,-0.46,-78.62,6.0,2002,4,20,6,2,7.0
3.4,Mw,-0.33,-78.96,14.8,2002,4,20,11,21,35.0
3.4,Mw,-1.15,-80.48,10.4,2002,4,21,7,39,25.0
3.3,Mw,-1.04,-80.7,5.9,2002,4,21,18,27,18.0
5.8,Mw,-5.8,-81.01,25.5,2002,4,21,22,24,7.0
4.5,Mw,-5.9,-81.1,29.4,2002,4,22,4,12,37.0
3.3,Mw,-2.12,-78.02,172.7,2002,4,22,11,39,27.0
3.0,Mw,-1.75,-79.13,15.14,2002,4,22,14,17,46.0
3.3,Mw,-0.99,-80.96,3.3,2002,4,23,9,57,10.0
3.3,Mw,0.05,-80.11,12.0,2002,4,23,10,32,44.0
3.0,Mw,-1.4,-78.12,165.0,2002,4,23,22,43,30.0
3.3,Mw,-1.89,-79.71,94.21,2002,4,24,16,57,59.0
3.1,Mw,-2.09,-79.04,7.3,2002,4,25,5,2,21.0
3.1,Mw,-1.03,-78.25,14.0,2002,4,25,8,15,9.0
3.0,Mw,-0.98,-80.78,42.12,2002,4,27,1,37,9.0
3.0,Mw,0.99,-79.65,12.0,2002,4,27,1,49,32.0
3.0,Mw,0.89,-79.71,12.0,2002,4,27,3,38,28.0
4.6,Mw,1.12,-79.75,6.6,2002,4,27,3,41,35.0
4.3,Mw,1.12,-79.74,6.0,2002,4,27,3,45,26.0
3.0,Mw,0.95,-79.65,12.0,2002,4,27,4,3,0.0
3.0,Mw,0.88,-79.81,12.0,2002,4,27,4,12,16.0
3.2,Mw,0.82,-79.61,12.0,2002,4,27,4,18,16.0
3.0,Mw,0.89,-79.71,12.0,2002,4,27,4,22,36.0
3.0,Mw,1.0,-79.69,12.0,2002,4,27,6,2,27.0
3.4,Mw,-1.34,-78.2,141.7,2002,4,27,9,49,26.0
3.6,Mw,-1.68,-77.92,180.7,2002,4,28,20,51,10.0
3.2,Mw,-1.02,-78.25,10.76,2002,4,28,21,49,15.0
3.1,Mw,0.02,-77.96,-1.2,2002,4,30,6,54,59.0
3.3,Mw,-2.77,-78.41,16.3,2002,4,30,22,52,52.0
3.2,Mw,-2.25,-79.83,21.76,2002,5,2,10,17,14.0
3.1,Mw,-1.73,-78.49,18.66,2002,5,3,2,39,58.0
3.6,Mw,-2.04,-80.51,49.4,2002,5,3,10,17,52.0
3.1,Mw,0.44,-79.79,26.2,2002,5,4,10,37,21.0
4.6,Mw,-1.13,-78.3,7.3,2002,5,5,11,35,4.0
3.4,Mw,-1.03,-78.85,12.77,2002,5,6,17,38,25.0
3.6,Mw,-1.41,-78.1,167.8,2002,5,7,3,35,30.0
3.3,Mw,-2.25,-77.38,39.42,2002,5,7,4,39,53.0
3.3,Mw,-1.14,-78.37,14.5,2002,5,7,7,15,0.0
3.6,Mw,-1.06,-78.72,3.2,2002,5,7,19,5,22.0
3.1,Mw,-2.1,-78.71,116.4,2002,5,8,23,29,34.0
3.3,Mw,-2.07,-80.04,16.13,2002,5,9,1,25,32.0
3.1,Mw,-1.63,-78.22,174.5,2002,5,10,4,9,42.0
3.5,Mw,-1.75,-77.72,205.3,2002,5,10,19,58,4.0
3.1,Mw,-1.76,-80.48,15.4,2002,5,11,1,35,19.0
3.2,Mw,0.61,-78.94,80.4,2002,5,11,7,11,12.0
3.2,Mw,0.91,-79.29,27.0,2002,5,13,3,34,58.0
3.2,Mw,0.97,-79.3,17.0,2002,5,13,11,16,13.0
3.4,Mw,-2.93,-79.17,170.1,2002,5,13,14,0,45.0
3.1,Mw,-1.41,-78.34,142.0,2002,5,15,22,34,20.0
3.2,Mw,-1.04,-78.29,12.45,2002,5,18,18,15,23.0
3.2,Mw,-1.14,-78.27,27.09,2002,5,18,18,43,45.0
3.2,Mw,-1.04,-78.29,12.19,2002,5,18,19,45,54.0
3.4,Mw,-0.28,-79.39,22.6,2002,5,19,5,28,43.0
3.2,Mw,-1.01,-78.28,12.74,2002,5,19,17,8,52.0
4.0,Mw,3.02,-83.88,10.0,2002,5,20,0,55,39.0
3.2,Mw,-2.19,-78.78,158.9,2002,5,20,23,42,15.0
3.2,Mw,0.8,-79.67,17.7,2002,5,22,1,13,20.0
4.2,Mw,-6.6,-76.05,36.1,2002,5,22,2,30,40.0
3.3,Mw,-0.8,-78.66,15.5,2002,5,22,5,56,49.0
3.7,Mw,-2.82,-78.13,12.0,2002,5,24,18,41,48.0
3.0,Mw,1.09,-78.84,15.16,2002,5,25,9,53,26.0
3.3,Mw,0.56,-79.11,43.4,2002,5,25,13,21,18.0
3.1,Mw,-1.26,-78.04,10.0,2002,5,26,2,52,7.0
3.1,Mw,-1.75,-77.79,16.0,2002,5,26,17,55,6.0
3.3,Mw,-1.35,-79.87,18.0,2002,5,27,0,26,50.0
3.4,Mw,-1.41,-79.37,16.0,2002,5,27,4,47,45.0
3.0,Mw,-1.13,-80.33,18.8,2002,5,30,0,39,41.0
3.0,Mw,-1.99,-80.23,78.77,2002,6,1,2,26,54.0
3.0,Mw,-1.69,-77.76,12.0,2002,6,2,5,37,40.0
3.6,Mw,-1.54,-77.85,7.4,2002,6,2,5,53,23.0
3.2,Mw,-0.47,-78.64,0.2,2002,6,2,22,59,12.0
3.3,Mw,0.05,-78.47,6.0,2002,6,5,1,44,49.0
3.1,Mw,-1.57,-78.59,153.1,2002,6,6,1,14,56.0
3.5,Mw,-2.02,-80.43,25.4,2002,6,6,1,39,15.0
3.7,Mw,1.34,-78.35,19.21,2002,6,7,0,16,34.0
3.4,Mw,0.05,-78.49,14.4,2002,6,7,2,48,52.0
3.4,Mw,-1.28,-80.94,0.1,2002,6,7,19,42,48.0
3.2,Mw,0.69,-79.19,13.8,2002,6,8,2,47,7.0
3.2,Mw,-0.25,-79.57,26.7,2002,6,8,13,8,16.0
3.2,Mw,-1.04,-78.74,17.9,2002,6,9,6,50,59.0
3.2,Mw,-0.93,-77.85,21.8,2002,6,9,8,31,25.0
3.0,Mw,-2.54,-78.09,18.0,2002,6,10,8,1,43.0
3.9,Mw,-1.84,-78.24,158.6,2002,6,11,8,4,8.0
3.0,Mw,0.46,-78.76,15.0,2002,6,12,6,23,37.0
3.5,Mw,-2.25,-79.94,12.0,2002,6,12,6,34,3.0
4.1,Mw,-1.62,-77.59,171.5,2002,6,13,16,18,5.0
3.2,Mw,0.64,-79.23,27.19,2002,6,14,8,54,44.0
3.0,Mw,-2.08,-78.99,8.06,2002,6,15,1,24,46.0
3.3,Mw,-1.22,-78.02,168.4,2002,6,15,7,39,50.0
4.1,Mw,-0.96,-80.97,3.2,2002,6,15,10,26,14.0
3.2,Mw,-0.02,-77.28,5.5,2002,6,15,11,12,5.0
3.7,Mw,-1.15,-80.97,2.0,2002,6,15,14,35,8.0
3.0,Mw,-1.84,-80.48,71.57,2002,6,15,22,38,13.0
3.6,Mw,-1.92,-80.56,41.97,2002,6,17,18,57,51.0
3.2,Mw,-1.7,-78.13,25.0,2002,6,18,1,6,20.0
3.7,Mw,-2.25,-79.68,28.64,2002,6,20,19,11,2.0
3.2,Mw,0.37,-80.15,13.1,2002,6,20,23,49,51.0
3.2,Mw,-0.7,-77.94,14.9,2002,6,21,8,2,50.0
3.2,Mw,-0.7,-77.94,14.9,2002,6,21,8,3,50.0
3.5,Mw,-2.1,-77.99,18.0,2002,6,22,5,55,13.0
3.0,Mw,-0.34,-78.74,21.0,2002,6,22,12,47,41.0
3.4,Mw,-1.63,-77.92,196.1,2002,6,24,6,15,49.0
3.9,Mw,0.36,-79.75,29.8,2002,6,26,19,42,53.0
3.2,Mw,-1.04,-78.3,7.9,2002,6,27,14,47,6.0
3.2,Mw,-0.98,-79.69,7.6,2002,6,29,12,11,56.0
4.8,Mw,-5.47,-76.67,24.5,2002,6,29,19,17,53.0
4.7,Mw,-5.56,-76.89,39.9,2002,6,30,6,23,50.0
3.0,Mw,-1.08,-78.34,8.9,2002,7,1,11,41,11.0
4.5,Mw,-5.6,-76.59,45.8,2002,7,1,18,32,34.0
3.0,Mw,-0.5,-79.89,16.0,2002,7,3,7,43,26.0
3.2,Mw,-2.37,-79.77,47.0,2002,7,4,0,58,36.0
3.4,Mw,0.84,-79.67,10.0,2002,7,4,4,31,13.0
3.1,Mw,0.76,-79.69,10.0,2002,7,4,4,36,4.0
3.0,Mw,0.88,-79.89,23.0,2002,7,4,7,32,16.0
3.2,Mw,0.83,-79.67,10.0,2002,7,4,8,31,56.0
3.1,Mw,0.91,-79.62,22.0,2002,7,4,8,46,16.0
3.3,Mw,0.25,-77.24,6.1,2002,7,4,10,4,26.0
3.4,Mw,-2.43,-78.54,103.6,2002,7,4,21,18,28.0
4.1,Mw,-5.27,-76.64,65.2,2002,7,6,2,10,39.0
3.0,Mw,-2.08,-79.08,12.68,2002,7,7,4,22,54.0
3.2,Mw,-0.27,-79.85,84.1,2002,7,7,8,29,27.0
3.0,Mw,0.81,-78.72,21.3,2002,7,7,15,20,45.0
3.9,Mw,-0.13,-78.78,14.0,2002,7,8,2,2,1.0
3.6,Mw,-2.17,-78.99,7.5,2002,7,8,6,28,10.0
3.0,Mw,-2.13,-78.83,12.0,2002,7,8,6,31,26.0
3.6,Mw,0.91,-79.67,10.0,2002,7,9,8,9,39.0
3.1,Mw,-1.06,-78.29,9.3,2002,7,9,23,3,31.0
3.9,Mw,-1.51,-81.16,12.0,2002,7,10,1,55,41.0
3.5,Mw,0.27,-79.99,20.8,2002,7,10,3,47,38.0
3.8,Mw,-1.24,-80.56,17.0,2002,7,10,4,34,34.0
3.7,Mw,0.28,-80.0,13.52,2002,7,10,4,49,45.0
3.9,Mw,-1.39,-80.83,11.2,2002,7,10,5,14,16.0
3.9,Mw,-1.46,-80.97,8.2,2002,7,10,9,4,53.0
3.7,Mw,-1.47,-81.07,3.7,2002,7,10,9,58,28.0
3.9,Mw,-1.45,-80.98,5.0,2002,7,10,10,49,4.0
4.1,Mw,-5.37,-78.02,33.0,2002,7,10,16,32,36.0
4.0,Mw,-1.51,-81.23,12.0,2002,7,11,4,12,35.0
3.5,Mw,-1.16,-78.14,0.4,2002,7,11,5,30,4.0
3.5,Mw,-2.37,-79.29,40.4,2002,7,11,19,26,59.0
3.0,Mw,-2.76,-78.2,16.0,2002,7,12,7,59,31.0
3.3,Mw,0.99,-78.06,113.2,2002,7,14,9,10,49.0
4.8,Mw,-5.33,-78.79,73.9,2002,7,14,14,43,47.0
3.0,Mw,-2.41,-77.32,17.93,2002,7,15,21,26,59.0
3.0,Mw,0.09,-79.81,28.2,2002,7,16,1,39,51.0
3.0,Mw,-1.97,-79.26,19.0,2002,7,17,8,52,9.0
3.0,Mw,-0.01,-78.54,120.1,2002,7,18,5,25,3.0
3.0,Mw,-0.9,-79.18,78.1,2002,7,18,21,29,56.0
4.3,Mw,-5.69,-77.13,37.1,2002,7,19,3,10,27.0
3.4,Mw,-1.18,-80.24,12.78,2002,7,19,4,32,58.0
3.2,Mw,-2.78,-78.08,12.0,2002,7,20,7,31,14.0
3.0,Mw,-0.12,-78.58,129.0,2002,7,21,2,29,25.0
3.1,Mw,-1.54,-78.43,13.27,2002,7,21,9,45,25.0
3.2,Mw,-1.02,-78.24,-2.3,2002,7,21,22,43,53.0
3.3,Mw,-0.08,-78.38,9.5,2002,7,21,22,51,16.0
3.0,Mw,-0.06,-78.38,4.7,2002,7,21,23,10,57.0
3.2,Mw,0.13,-78.41,3.0,2002,7,23,8,37,51.0
4.0,Mw,-1.5,-80.84,35.09,2002,7,27,5,3,35.0
3.6,Mw,-2.48,-79.83,26.56,2002,7,27,5,20,56.0
3.1,Mw,-0.83,-79.76,94.7,2002,7,28,5,55,7.0
5.2,Mw,-6.97,-76.75,61.9,2002,7,29,23,40,9.0
3.1,Mw,-2.39,-78.91,104.3,2002,7,30,8,54,38.0
3.1,Mw,-0.06,-78.38,11.5,2002,7,30,21,51,43.0
3.5,Mw,-2.21,-79.76,30.59,2002,8,1,1,26,28.0
3.2,Mw,-0.34,-77.31,9.5,2002,8,1,5,44,49.0
3.1,Mw,-1.13,-78.15,4.9,2002,8,2,14,21,3.0
3.1,Mw,0.7,-79.79,16.0,2002,8,2,19,2,38.0
5.2,Mw,-5.35,-76.59,111.3,2002,8,6,14,26,14.0
3.2,Mw,-0.17,-80.04,27.5,2002,8,7,9,33,50.0
3.0,Mw,-1.54,-79.25,28.61,2002,8,8,12,33,8.0
3.5,Mw,-0.12,-78.78,13.8,2002,8,10,4,55,22.0
3.2,Mw,0.96,-79.07,12.0,2002,8,10,17,25,34.0
3.1,Mw,-1.02,-77.46,10.3,2002,8,12,21,7,43.0
3.1,Mw,-1.04,-78.3,12.57,2002,8,13,13,11,48.0
3.3,Mw,-0.59,-78.71,24.45,2002,8,13,22,31,5.0
3.1,Mw,-0.58,-78.71,26.5,2002,8,13,22,33,51.0
3.1,Mw,-0.58,-78.7,27.15,2002,8,13,22,37,49.0
3.3,Mw,-1.14,-78.3,12.0,2002,8,14,11,15,39.0
3.7,Mw,-1.47,-78.14,137.8,2002,8,15,5,39,12.0
3.0,Mw,-2.2,-77.6,13.59,2002,8,15,17,54,27.0
3.0,Mw,0.45,-78.67,0.2,2002,8,16,20,10,25.0
3.1,Mw,0.08,-77.4,9.1,2002,8,16,20,49,46.0
3.0,Mw,-0.09,-80.36,23.0,2002,8,19,8,44,35.0
3.1,Mw,0.27,-79.97,23.9,2002,8,19,9,3,8.0
3.5,Mw,-1.33,-80.75,33.77,2002,8,20,18,52,59.0
3.2,Mw,-1.66,-80.78,43.45,2002,8,21,2,35,58.0
3.1,Mw,-1.1,-78.34,2.4,2002,8,22,8,51,56.0
3.7,Mw,-1.54,-77.7,194.7,2002,8,23,3,40,28.0
3.5,Mw,-2.99,-78.44,30.96,2002,8,24,0,32,24.0
3.1,Mw,-1.05,-78.35,9.0,2002,8,24,6,24,0.0
3.6,Mw,-2.06,-80.02,19.55,2002,8,24,8,21,36.0
3.0,Mw,-2.33,-77.19,17.0,2002,8,25,21,43,49.0
3.1,Mw,-1.86,-80.6,39.36,2002,8,26,9,7,32.0
3.2,Mw,-2.24,-80.69,18.06,2002,8,31,2,2,36.0
3.2,Mw,-1.69,-80.98,30.67,2002,8,31,3,54,15.0
3.1,Mw,-1.19,-81.18,19.59,2002,8,31,4,10,4.0
3.1,Mw,0.001,-78.42,12.0,2002,8,31,13,13,42.0
3.3,Mw,-0.2,-80.29,16.9,2002,8,31,23,43,44.0
3.4,Mw,0.06,-79.31,20.79,2002,9,1,19,17,39.0
3.5,Mw,-1.01,-80.98,38.09,2002,9,2,8,1,54.0
4.4,Mw,-2.19,-78.99,16.0,2002,9,5,9,19,41.0
3.1,Mw,-2.32,-78.82,16.0,2002,9,5,13,20,21.0
3.0,Mw,-2.34,-78.69,16.0,2002,9,5,17,15,22.0
3.4,Mw,0.6,-79.26,6.5,2002,9,6,5,52,30.0
3.1,Mw,-0.86,-78.31,11.82,2002,9,6,19,28,3.0
3.1,Mw,-0.94,-79.17,102.0,2002,9,8,1,7,50.0
3.3,Mw,-2.01,-79.99,12.08,2002,9,8,12,21,24.0
3.7,Mw,-0.13,-78.77,14.4,2002,9,8,20,18,13.0
3.4,Mw,0.12,-80.27,19.7,2002,9,9,23,8,0.0
3.1,Mw,-2.47,-77.9,5.47,2002,9,11,11,31,4.0
3.1,Mw,-0.22,-78.45,3.8,2002,9,11,11,41,46.0
3.1,Mw,-2.4,-77.62,12.0,2002,9,11,15,16,58.0
3.4,Mw,-0.28,-80.45,40.11,2002,9,12,12,46,42.0
3.1,Mw,-2.81,-77.92,17.13,2002,9,12,20,49,55.0
4.9,Mw,-4.97,-80.62,42.1,2002,9,13,10,23,4.0
3.3,Mw,-2.58,-77.95,12.0,2002,9,13,21,1,12.0
3.0,Mw,-0.61,-79.43,87.4,2002,9,15,5,54,33.0
3.2,Mw,-1.25,-79.92,63.8,2002,9,16,8,5,30.0
3.8,Mw,-2.64,-79.15,105.2,2002,9,18,16,27,44.0
3.4,Mw,-0.29,-78.81,13.6,2002,9,19,10,42,48.0
3.0,Mw,-1.91,-77.36,14.8,2002,9,19,21,22,52.0
3.4,Mw,-1.05,-80.17,20.52,2002,9,21,11,1,59.0
3.0,Mw,-1.17,-79.09,92.1,2002,9,22,7,58,20.0
3.3,Mw,-2.69,-78.01,10.0,2002,9,23,8,35,10.0
3.3,Mw,0.6,-79.14,40.6,2002,9,23,19,0,46.0
3.6,Mw,-1.35,-81.17,11.4,2002,9,24,0,11,43.0
4.3,Mw,2.97,-83.03,10.0,2002,9,24,0,28,20.0
3.0,Mw,-2.05,-77.94,3.0,2002,9,25,0,50,57.0
3.2,Mw,-2.39,-78.03,7.6,2002,9,27,5,20,12.0
3.0,Mw,-2.32,-79.45,10.0,2002,9,27,9,46,10.0
4.0,Mw,3.89,-75.57,168.7,2002,9,28,17,40,24.0
4.8,Mw,-4.93,-80.62,39.7,2002,9,29,2,52,36.0
3.8,Mw,-1.67,-79.2,2.9,2002,9,30,21,54,4.0
3.6,Mw,-1.33,-80.97,3.8,2002,10,2,16,6,33.0
4.0,Mw,-1.36,-80.95,3.2,2002,10,2,21,37,28.0
3.4,Mw,-1.39,-80.94,11.81,2002,10,2,22,16,54.0
3.4,Mw,-1.34,-80.95,4.2,2002,10,3,6,1,12.0
3.2,Mw,-1.05,-78.28,3.0,2002,10,3,20,56,5.0
3.2,Mw,-0.23,-79.03,11.9,2002,10,3,22,11,59.0
3.2,Mw,-1.21,-81.21,52.0,2002,10,4,0,47,34.0
3.0,Mw,-2.64,-77.85,10.0,2002,10,4,19,44,35.0
3.2,Mw,-1.92,-80.45,46.0,2002,10,4,20,1,10.0
4.3,Mw,-5.35,-76.6,30.6,2002,10,4,21,34,34.0
3.1,Mw,-2.2,-79.63,30.72,2002,10,5,4,52,32.0
3.1,Mw,-2.17,-79.65,28.26,2002,10,5,4,53,32.0
4.7,Mw,-5.75,-76.6,112.5,2002,10,5,5,52,22.0
3.2,Mw,-1.18,-78.26,5.7,2002,10,5,13,37,48.0
3.2,Mw,-1.17,-78.26,4.1,2002,10,5,13,38,48.0
3.7,Mw,-0.85,-79.44,20.09,2002,10,6,1,9,45.0
3.0,Mw,-2.64,-78.12,21.0,2002,10,6,12,20,58.0
3.6,Mw,-0.06,-77.69,2.5,2002,10,6,19,56,12.0
3.0,Mw,-2.67,-77.96,11.0,2002,10,7,15,46,26.0
4.0,Mw,-2.09,-80.53,24.4,2002,10,8,2,2,0.0
3.1,Mw,-2.24,-79.79,12.0,2002,10,8,21,29,57.0
3.0,Mw,0.03,-78.35,5.1,2002,10,9,9,1,48.0
3.0,Mw,-0.54,-78.29,12.0,2002,10,10,17,8,38.0
3.2,Mw,-1.53,-77.96,144.0,2002,10,11,7,16,40.0
3.3,Mw,-1.34,-77.87,163.6,2002,10,11,13,50,5.0
3.6,Mw,-0.89,-79.18,95.6,2002,10,11,17,30,6.0
3.0,Mw,-2.64,-77.86,12.0,2002,10,12,3,15,47.0
3.2,Mw,0.11,-78.46,7.6,2002,10,14,0,38,59.0
3.0,Mw,-1.09,-78.23,3.0,2002,10,17,4,8,56.0
3.0,Mw,-0.54,-78.4,2.37,2002,10,19,0,18,5.0
3.1,Mw,-1.74,-79.06,10.1,2002,10,19,14,48,4.0
3.5,Mw,-2.31,-79.96,12.0,2002,10,20,1,21,13.0
3.2,Mw,-2.51,-78.85,2.9,2002,10,20,13,51,35.0
3.0,Mw,-1.11,-79.11,24.2,2002,10,20,13,54,16.0
3.2,Mw,-2.09,-77.52,10.66,2002,10,21,0,51,39.0
3.8,Mw,-1.54,-77.96,189.2,2002,10,22,21,54,9.0
3.0,Mw,0.58,-79.56,27.46,2002,10,23,18,27,49.0
3.3,Mw,-1.08,-78.42,3.6,2002,10,24,20,29,57.0
3.9,Mw,-1.11,-78.33,0.2,2002,10,25,2,30,25.0
3.6,Mw,-0.77,-81.14,35.11,2002,10,27,6,26,21.0
3.9,Mw,-2.58,-78.03,6.4,2002,10,27,23,32,1.0
3.0,Mw,-0.85,-79.82,40.9,2002,10,28,10,59,31.0
3.4,Mw,-2.45,-78.59,79.0,2002,10,29,19,39,50.0
3.1,Mw,-1.05,-78.32,10.8,2002,10,31,0,39,35.0
3.6,Mw,-2.43,-78.02,0.4,2002,11,1,2,38,23.0
4.1,Mw,-5.37,-77.74,66.8,2002,11,1,7,2,22.0
3.5,Mw,-2.31,-78.92,12.0,2002,11,1,19,8,22.0
3.3,Mw,-2.19,-80.31,6.0,2002,11,5,19,55,52.0
3.1,Mw,-1.08,-78.3,0.0,2002,11,5,22,24,32.0
3.0,Mw,-1.16,-81.15,129.0,2002,11,6,0,21,34.0
3.2,Mw,-2.69,-77.19,5.94,2002,11,6,15,22,5.0
3.1,Mw,-2.7,-78.53,94.9,2002,11,7,5,22,44.0
3.2,Mw,-2.41,-77.57,12.0,2002,11,8,13,27,31.0
4.4,Mw,-3.92,-80.58,62.4,2002,11,9,21,51,36.0
4.0,Mw,2.96,-78.85,10.0,2002,11,11,5,16,56.0
4.8,Mw,-2.51,-80.29,16.0,2002,11,11,23,53,11.0
3.8,Mw,-1.55,-81.05,7.8,2002,11,12,0,27,32.0
3.2,Mw,-1.07,-78.28,4.0,2002,11,12,12,24,31.0
4.8,Mw,-4.68,-78.15,7.5,2002,11,13,3,19,0.0
3.2,Mw,-1.54,-77.64,16.05,2002,11,14,0,17,25.0
3.2,Mw,-0.36,-79.05,24.0,2002,11,14,3,53,55.0
3.1,Mw,-1.1,-78.21,7.1,2002,11,16,21,16,41.0
3.0,Mw,-2.11,-79.78,30.56,2002,11,19,17,0,34.0
3.0,Mw,-1.06,-79.46,46.83,2002,11,19,19,39,2.0
4.1,Mw,-1.47,-78.31,147.6,2002,11,20,1,14,54.0
3.1,Mw,0.22,-78.95,82.0,2002,11,20,3,18,48.0
3.0,Mw,-2.61,-77.99,6.5,2002,11,20,9,36,31.0
3.0,Mw,-1.09,-78.25,5.9,2002,11,20,10,25,46.0
3.1,Mw,-1.5,-80.1,111.2,2002,11,20,10,47,31.0
3.4,Mw,-2.18,-77.34,160.6,2002,11,20,13,29,2.0
3.2,Mw,-1.16,-78.38,11.3,2002,11,20,18,50,18.0
3.5,Mw,-1.0,-77.98,6.2,2002,11,20,23,39,47.0
3.3,Mw,-2.58,-79.36,28.93,2002,11,21,5,47,37.0
3.3,Mw,-1.73,-80.97,2.9,2002,11,22,1,50,1.0
3.2,Mw,0.98,-79.68,12.0,2002,11,23,2,46,13.0
3.7,Mw,-1.03,-78.36,7.3,2002,11,23,13,59,58.0
5.1,Mw,3.12,-74.53,76.2,2002,11,23,23,56,45.0
3.2,Mw,-0.17,-80.16,7.1,2002,11,26,4,25,13.0
3.1,Mw,-1.95,-79.82,15.12,2002,11,26,23,40,38.0
4.4,Mw,-6.75,-80.44,61.3,2002,11,28,19,40,43.0
4.2,Mw,-2.43,-79.83,129.0,2002,11,28,23,53,24.0
3.6,Mw,-0.5,-77.42,16.5,2002,11,29,8,20,55.0
3.0,Mw,-0.35,-78.53,10.68,2002,11,29,10,36,22.0
3.1,Mw,0.97,-78.93,13.7,2002,11,30,4,0,36.0
3.4,Mw,-1.48,-80.81,28.37,2002,11,30,7,4,55.0
3.0,Mw,1.06,-78.67,41.6,2002,12,2,8,44,31.0
3.4,Mw,-1.84,-80.29,12.0,2002,12,3,8,17,14.0
3.4,Mw,-1.19,-78.37,8.8,2002,12,3,13,38,43.0
4.1,Mw,-4.6,-77.75,24.3,2002,12,3,18,48,28.0
3.9,Mw,-2.29,-80.9,12.0,2002,12,3,23,56,7.0
3.6,Mw,-0.74,-79.6,84.7,2002,12,4,3,59,6.0
3.8,Mw,-0.4,-78.21,7.7,2002,12,4,5,11,37.0
3.8,Mw,-0.4,-78.21,5.5,2002,12,4,6,8,36.0
3.1,Mw,-2.09,-77.65,12.0,2002,12,6,18,26,18.0
3.0,Mw,-2.64,-78.08,12.0,2002,12,7,8,7,40.0
3.5,Mw,-2.45,-79.53,12.0,2002,12,8,0,0,46.0
3.3,Mw,0.32,-77.4,14.9,2002,12,9,4,5,51.0
3.3,Mw,-0.69,-77.55,20.5,2002,12,9,9,2,38.0
3.8,Mw,0.02,-78.0,-1.7,2002,12,10,6,53,39.0
3.8,Mw,0.02,-78.0,-2.4,2002,12,10,17,40,53.0
3.3,Mw,-1.97,-77.85,146.7,2002,12,11,12,26,45.0
3.0,Mw,0.22,-79.91,10.5,2002,12,12,8,24,3.0
3.1,Mw,-2.02,-77.68,12.0,2002,12,13,3,24,3.0
3.0,Mw,-2.67,-78.02,12.0,2002,12,13,9,7,36.0
3.1,Mw,-1.33,-77.6,136.3,2002,12,13,14,37,27.0
3.0,Mw,-1.24,-80.27,14.0,2002,12,14,9,16,36.0
3.4,Mw,0.74,-79.12,6.98,2002,12,14,9,18,21.0
4.2,Mw,-5.48,-81.04,33.0,2002,12,15,4,5,22.0
3.1,Mw,-2.06,-79.75,35.23,2002,12,16,0,18,8.0
5.2,Mw,3.64,-78.97,19.1,2002,12,21,0,46,10.0
3.3,Mw,0.56,-80.01,12.0,2002,12,21,9,53,34.0
3.0,Mw,-0.95,-79.18,94.3,2002,12,22,20,30,50.0
4.1,Mw,3.82,-78.75,35.0,2002,12,23,11,31,33.0
3.3,Mw,0.74,-79.65,12.0,2002,12,23,14,3,51.0
3.5,Mw,0.84,-78.5,18.0,2002,12,23,21,22,58.0
4.3,Mw,0.72,-79.52,26.9,2002,12,24,10,8,32.0
3.0,Mw,0.74,-79.69,6.45,2002,12,24,14,2,43.0
3.0,Mw,-1.86,-78.78,16.05,2002,12,25,3,30,19.0
3.3,Mw,-2.48,-79.43,35.0,2002,12,25,11,46,31.0
3.4,Mw,-1.37,-78.09,151.9,2002,12,26,4,59,15.0
3.1,Mw,-0.9,-78.64,2.1,2002,12,27,0,56,55.0
3.0,Mw,-0.39,-78.21,4.2,2002,12,27,11,16,56.0
3.2,Mw,-1.95,-77.94,177.0,2002,12,27,15,10,24.0
3.2,Mw,-2.96,-78.8,26.0,2002,12,28,21,52,0.0
3.6,Mw,-2.11,-79.77,25.41,2002,12,29,1,19,24.0
3.2,Mw,-0.95,-79.22,116.6,2002,12,29,20,4,33.0
3.3,Mw,-1.4,-81.16,36.0,2003,1,1,19,41,6.0
3.3,Mw,1.01,-78.38,21.5,2003,1,3,16,58,13.0
3.4,Mw,-2.08,-79.79,12.0,2003,1,6,2,21,11.0
3.0,Mw,0.83,-79.58,21.4,2003,1,6,18,32,54.0
3.2,Mw,-2.32,-79.06,110.4,2003,1,8,3,33,20.0
3.2,Mw,0.02,-80.26,12.0,2003,1,8,17,15,53.0
3.1,Mw,-2.66,-77.93,11.65,2003,1,8,23,37,48.0
3.1,Mw,-1.65,-77.66,17.11,2003,1,10,4,21,11.0
3.4,Mw,0.17,-79.01,73.0,2003,1,12,16,44,51.0
3.1,Mw,-0.15,-80.22,12.0,2003,1,13,1,59,12.0
3.1,Mw,0.77,-79.77,12.0,2003,1,13,2,53,38.0
3.1,Mw,0.54,-80.06,26.6,2003,1,14,9,6,46.0
3.1,Mw,-0.05,-78.73,120.6,2003,1,14,11,41,14.0
3.7,Mw,-1.0,-78.79,23.5,2003,1,14,23,8,43.0
3.2,Mw,-0.99,-78.78,4.1,2003,1,15,0,4,31.0
3.0,Mw,-2.2,-77.78,35.0,2003,1,15,10,57,16.0
3.5,Mw,-2.71,-79.01,34.31,2003,1,17,0,36,4.0
4.1,Mw,-5.19,-81.17,44.7,2003,1,17,6,1,54.0
3.2,Mw,-0.54,-78.45,1.7,2003,1,17,11,20,11.0
3.7,Mw,-1.19,-80.36,12.0,2003,1,17,20,0,19.0
4.0,Mw,-3.82,-76.85,108.6,2003,1,18,11,2,22.0
3.0,Mw,-2.77,-78.18,10.0,2003,1,19,4,15,42.0
3.4,Mw,0.63,-77.94,2.3,2003,1,19,16,48,36.0
3.0,Mw,-2.89,-77.67,12.0,2003,1,20,5,32,24.0
3.2,Mw,-2.85,-77.72,17.0,2003,1,20,7,44,1.0
3.1,Mw,-1.14,-78.43,12.1,2003,1,21,4,2,58.0
3.0,Mw,-2.74,-78.27,10.0,2003,1,22,0,58,8.0
4.5,Mw,3.58,-74.5,37.8,2003,1,22,15,55,36.0
3.0,Mw,-1.1,-77.82,30.6,2003,1,24,8,10,50.0
3.0,Mw,-0.53,-78.6,17.44,2003,1,24,9,2,14.0
3.2,Mw,-2.58,-78.21,12.0,2003,1,24,21,8,9.0
3.5,Mw,0.53,-79.77,27.6,2003,1,25,0,46,23.0
3.0,Mw,-1.04,-78.28,13.8,2003,1,25,8,8,48.0
3.0,Mw,0.56,-79.72,14.86,2003,1,25,20,53,19.0
3.0,Mw,-2.53,-77.75,12.0,2003,1,26,2,15,43.0
3.0,Mw,-1.11,-80.13,50.0,2003,1,26,7,29,46.0
3.1,Mw,-2.73,-78.85,35.41,2003,1,29,13,49,5.0
3.1,Mw,-2.41,-78.78,41.5,2003,1,31,14,55,52.0
5.2,Mw,-2.79,-77.04,113.1,2003,1,31,16,54,34.0
3.0,Mw,-2.65,-79.19,18.47,2003,1,31,17,45,53.0
3.8,Mw,-1.83,-80.52,26.0,2003,2,1,1,18,28.0
3.3,Mw,-2.24,-77.4,167.6,2003,2,1,5,58,33.0
3.0,Mw,0.68,-79.09,39.25,2003,2,1,15,25,42.0
3.0,Mw,-2.37,-77.54,12.98,2003,2,2,2,50,59.0
4.9,Mw,-0.98,-80.83,12.0,2003,2,2,6,32,35.0
3.0,Mw,-0.72,-79.54,24.38,2003,2,2,10,27,54.0
4.1,Mw,1.29,-83.74,41.4,2003,2,2,11,34,19.0
3.0,Mw,0.44,-79.75,11.59,2003,2,2,23,53,46.0
3.2,Mw,-1.58,-78.18,135.3,2003,2,4,11,44,53.0
3.7,Mw,-1.42,-77.98,156.2,2003,2,4,18,28,29.0
3.2,Mw,-0.74,-78.68,11.04,2003,2,6,5,7,29.0
3.1,Mw,-2.54,-78.04,12.0,2003,2,6,11,35,36.0
3.4,Mw,-0.71,-78.66,7.2,2003,2,6,11,47,50.0
3.0,Mw,-0.77,-78.67,14.8,2003,2,6,16,18,33.0
3.0,Mw,-1.07,-78.3,11.27,2003,2,6,22,30,33.0
3.0,Mw,0.89,-78.86,26.6,2003,2,7,0,33,50.0
4.5,Mw,-3.24,-77.13,105.2,2003,2,7,21,46,45.0
3.0,Mw,-2.08,-79.14,12.0,2003,2,8,1,33,54.0
3.0,Mw,-0.73,-79.36,74.6,2003,2,8,6,30,51.0
3.2,Mw,0.2,-79.92,28.9,2003,2,8,17,59,17.0
3.0,Mw,-2.12,-79.19,7.41,2003,2,8,21,37,14.0
3.1,Mw,-0.11,-77.42,8.7,2003,2,8,21,46,33.0
3.1,Mw,-2.01,-79.86,12.0,2003,2,8,22,36,20.0
3.0,Mw,-1.11,-80.23,14.0,2003,2,10,0,21,26.0
3.1,Mw,-2.73,-79.56,29.05,2003,2,10,2,34,0.0
3.2,Mw,-2.8,-79.27,26.16,2003,2,10,10,35,54.0
3.4,Mw,-0.25,-77.65,1.1,2003,2,10,11,40,54.0
3.0,Mw,-2.96,-78.14,10.0,2003,2,11,2,21,8.0
3.8,Mw,-0.96,-79.19,108.0,2003,2,12,9,5,22.0
3.4,Mw,-2.06,-79.46,16.0,2003,2,12,16,31,29.0
3.9,Mw,-0.89,-80.96,10.17,2003,2,13,15,57,16.0
3.2,Mw,-0.81,-79.78,26.15,2003,2,13,22,54,59.0
3.5,Mw,-0.76,-80.55,10.36,2003,2,14,3,33,14.0
3.4,Mw,-1.18,-78.38,13.3,2003,2,14,4,20,28.0
3.0,Mw,-0.18,-79.39,15.0,2003,2,14,6,29,50.0
3.4,Mw,-2.94,-79.01,50.7,2003,2,14,12,33,19.0
3.1,Mw,-0.08,-80.28,12.0,2003,2,16,0,52,2.0
3.2,Mw,-2.17,-77.76,12.0,2003,2,17,0,20,48.0
3.8,Mw,-0.39,-79.59,28.1,2003,2,17,13,25,47.0
3.8,Mw,0.45,-78.31,29.02,2003,2,21,3,51,36.0
3.4,Mw,-1.84,-77.64,196.1,2003,2,21,22,32,58.0
3.4,Mw,0.47,-78.65,14.05,2003,2,22,7,8,57.0
3.4,Mw,-0.44,-78.51,7.33,2003,2,22,17,11,12.0
3.4,Mw,0.32,-80.01,12.0,2003,2,22,20,59,12.0
3.0,Mw,-0.54,-77.48,8.42,2003,2,23,5,28,17.0
3.0,Mw,-1.02,-78.27,12.0,2003,2,23,23,41,15.0
3.1,Mw,0.72,-79.65,10.5,2003,2,24,11,54,35.0
3.5,Mw,-1.31,-77.39,238.5,2003,2,24,13,51,57.0
3.0,Mw,-2.61,-78.2,12.0,2003,2,24,20,0,12.0
3.0,Mw,-0.26,-78.93,17.51,2003,2,25,12,53,3.0
3.1,Mw,-0.72,-80.83,12.0,2003,2,25,13,1,40.0
3.0,Mw,0.84,-79.68,6.49,2003,2,26,10,11,21.0
3.3,Mw,-1.07,-78.37,26.0,2003,2,26,19,42,25.0
3.2,Mw,-1.96,-80.37,0.0,2003,2,26,23,20,2.0
3.0,Mw,-0.24,-77.71,17.4,2003,2,26,23,46,36.0
3.2,Mw,-1.43,-78.31,144.0,2003,2,27,4,29,51.0
3.4,Mw,0.04,-80.1,12.0,2003,3,2,22,41,24.0
3.0,Mw,-0.12,-78.79,13.29,2003,3,8,5,10,7.0
3.1,Mw,-1.58,-77.64,21.54,2003,3,8,12,44,19.0
3.5,Mw,-1.45,-77.85,215.7,2003,3,8,13,49,34.0
3.0,Mw,0.09,-78.36,12.0,2003,3,8,15,8,52.0
3.4,Mw,0.1,-78.95,106.1,2003,3,9,8,0,18.0
4.3,Mw,-2.47,-78.11,11.1,2003,3,9,20,29,44.0
3.4,Mw,-2.03,-78.06,4.56,2003,3,9,21,45,37.0
3.2,Mw,-1.1,-78.4,2.8,2003,3,10,20,32,37.0
3.3,Mw,-1.12,-78.34,12.3,2003,3,11,0,13,17.0
3.2,Mw,-0.61,-77.55,12.9,2003,3,13,12,42,55.0
3.0,Mw,-2.29,-79.8,12.0,2003,3,15,21,42,26.0
3.1,Mw,-2.18,-79.67,19.63,2003,3,16,11,37,50.0
3.1,Mw,-1.06,-78.28,14.5,2003,3,16,11,54,15.0
4.0,Mw,-2.02,-79.21,20.0,2003,3,17,11,15,35.0
3.1,Mw,-1.95,-77.97,190.6,2003,3,21,9,2,59.0
3.0,Mw,-1.72,-77.73,16.04,2003,3,21,9,56,42.0
3.3,Mw,-1.07,-78.78,13.07,2003,3,21,10,50,41.0
3.2,Mw,0.1,-77.37,20.3,2003,3,22,7,13,9.0
3.3,Mw,-2.62,-77.42,16.91,2003,3,27,1,52,18.0
3.6,Mw,-2.71,-77.42,12.0,2003,3,27,11,1,1.0
4.9,Mw,-3.13,-76.76,110.9,2003,3,27,12,58,30.0
3.0,Mw,-2.76,-77.98,16.0,2003,3,28,5,38,0.0
3.1,Mw,-1.04,-78.35,0.0,2003,3,28,20,52,48.0
3.7,Mw,0.43,-79.34,10.9,2003,3,29,11,14,45.0
3.2,Mw,-1.9,-79.88,28.46,2003,3,29,16,30,12.0
3.2,Mw,-1.8,-77.97,188.0,2003,3,30,2,58,44.0
3.7,Mw,-2.35,-78.16,20.0,2003,3,31,7,5,30.0
3.8,Mw,-2.64,-78.09,12.0,2003,3,31,7,13,58.0
3.7,Mw,-0.97,-80.12,12.0,2003,3,31,14,39,14.0
3.0,Mw,-0.98,-79.54,50.18,2003,4,1,1,45,50.0
3.5,Mw,-2.03,-78.41,41.4,2003,4,9,1,55,27.0
3.1,Mw,-2.61,-79.1,42.0,2003,4,10,0,7,6.0
3.3,Mw,-2.83,-78.17,103.4,2003,4,11,5,45,38.0
3.2,Mw,-2.95,-78.1,12.0,2003,4,12,22,52,57.0
3.8,Mw,-1.56,-77.93,17.9,2003,4,13,3,1,50.0
3.2,Mw,-0.28,-77.49,16.5,2003,4,14,19,0,45.0
3.1,Mw,-2.9,-80.73,12.0,2003,4,16,2,34,39.0
3.1,Mw,-1.06,-78.31,1.3,2003,4,17,7,24,42.0
3.0,Mw,-1.44,-78.03,156.9,2003,4,17,8,50,46.0
3.3,Mw,0.8,-76.77,33.25,2003,4,17,12,58,4.0
3.6,Mw,-0.04,-77.34,14.8,2003,4,18,1,1,43.0
4.3,Mw,-6.51,-80.91,46.4,2003,4,18,12,47,44.0
3.1,Mw,1.09,-78.8,18.19,2003,4,19,22,5,58.0
3.1,Mw,-1.12,-79.86,33.68,2003,4,20,10,32,28.0
3.0,Mw,-0.51,-78.67,20.57,2003,4,21,4,31,3.0
3.0,Mw,-1.34,-79.96,13.72,2003,4,21,22,43,33.0
3.4,Mw,-0.47,-79.56,14.7,2003,4,22,23,55,51.0
3.0,Mw,-1.49,-78.22,146.3,2003,4,23,8,52,2.0
3.3,Mw,-0.28,-77.47,15.9,2003,4,23,18,42,34.0
3.6,Mw,-2.52,-77.54,26.0,2003,4,24,5,37,31.0
4.4,Mw,-5.54,-77.18,35.0,2003,4,26,2,5,27.0
3.2,Mw,-0.35,-78.98,23.0,2003,4,26,10,47,20.0
3.6,Mw,-2.05,-81.12,12.0,2003,4,26,13,54,59.0
3.5,Mw,-2.08,-81.08,12.0,2003,4,26,14,11,57.0
3.1,Mw,-1.48,-77.05,12.0,2003,4,26,16,30,20.0
3.3,Mw,-1.38,-78.32,140.8,2003,4,28,1,38,11.0
3.2,Mw,-0.84,-77.67,23.3,2003,4,30,13,42,17.0
3.2,Mw,-0.56,-78.43,14.83,2003,5,1,5,4,26.0
3.2,Mw,-1.02,-78.24,10.27,2003,5,2,8,44,46.0
3.5,Mw,-0.47,-79.31,12.5,2003,5,2,21,47,16.0
3.0,Mw,-2.75,-78.08,3.46,2003,5,3,0,40,30.0
3.2,Mw,1.13,-79.16,12.0,2003,5,3,5,38,53.0
3.3,Mw,-2.81,-79.32,12.0,2003,5,3,5,56,19.0
3.0,Mw,1.14,-79.16,12.0,2003,5,3,7,12,42.0
3.7,Mw,1.23,-79.33,12.0,2003,5,3,14,53,3.0
3.2,Mw,-1.09,-78.29,4.2,2003,5,4,0,59,56.0
3.1,Mw,-1.99,-78.22,-0.2,2003,5,5,10,7,6.0
3.0,Mw,-0.72,-79.88,11.44,2003,5,5,18,17,34.0
3.1,Mw,-1.47,-77.83,208.4,2003,5,7,21,11,15.0
3.0,Mw,-1.95,-77.73,15.94,2003,5,10,2,8,42.0
3.1,Mw,-1.45,-80.8,12.0,2003,5,11,1,16,18.0
3.1,Mw,-1.03,-78.33,6.3,2003,5,14,21,58,49.0
3.0,Mw,0.2,-79.62,17.0,2003,5,15,0,25,19.0
3.7,Mw,-2.45,-80.86,35.68,2003,5,15,12,18,35.0
3.4,Mw,-0.98,-79.17,113.9,2003,5,15,21,0,57.0
3.2,Mw,-1.12,-78.23,5.5,2003,5,21,6,3,5.0
3.0,Mw,-0.66,-77.52,21.5,2003,5,22,9,48,19.0
3.3,Mw,0.66,-79.49,12.0,2003,5,23,15,49,52.0
4.2,Mw,-0.8,-78.72,15.5,2003,5,24,3,56,45.0
3.1,Mw,-0.81,-78.69,25.94,2003,5,24,4,41,15.0
3.5,Mw,-0.84,-78.7,34.06,2003,5,24,5,57,17.0
3.4,Mw,-1.69,-80.01,13.84,2003,5,24,15,2,16.0
3.2,Mw,-2.0,-79.81,5.49,2003,5,24,19,4,15.0
3.5,Mw,-0.78,-78.72,24.5,2003,5,25,2,16,12.0
4.3,Mw,-2.57,-78.12,12.0,2003,5,25,4,24,37.0
3.9,Mw,-2.44,-80.1,12.0,2003,5,25,4,45,0.0
4.2,Mw,2.82,-79.16,10.0,2003,5,25,6,45,22.0
3.2,Mw,-1.15,-80.28,12.0,2003,5,25,7,46,33.0
3.7,Mw,-2.04,-78.18,18.5,2003,5,25,8,2,52.0
3.0,Mw,-2.58,-78.09,12.0,2003,5,25,8,9,10.0
4.1,Mw,-2.4,-78.08,8.0,2003,5,25,19,0,14.0
3.3,Mw,-1.11,-78.21,11.5,2003,5,26,7,22,57.0
3.7,Mw,-0.78,-78.71,25.1,2003,5,28,2,49,32.0
4.1,Mw,-2.15,-76.26,160.0,2003,5,29,3,12,42.0
3.3,Mw,0.3,-78.02,1.8,2003,5,29,8,39,59.0
3.1,Mw,-1.76,-79.85,16.33,2003,5,29,22,7,33.0
3.3,Mw,-1.2,-77.37,7.8,2003,5,31,19,19,20.0
3.6,Mw,-0.3,-79.81,46.2,2003,5,31,22,53,28.0
3.3,Mw,-1.03,-78.78,12.9,2003,6,1,3,23,6.0
3.0,Mw,-2.1,-77.25,9.95,2003,6,1,20,15,11.0
3.3,Mw,-0.86,-80.67,82.0,2003,6,3,0,2,10.0
3.1,Mw,-1.04,-78.29,6.2,2003,6,3,11,11,14.0
4.4,Mw,-2.45,-79.12,45.09,2003,6,3,12,18,38.0
3.3,Mw,-2.1,-80.04,12.0,2003,6,3,13,46,52.0
3.0,Mw,-2.12,-79.77,12.0,2003,6,4,1,48,52.0
3.0,Mw,-0.77,-78.69,8.2,2003,6,4,21,39,24.0
3.4,Mw,-2.18,-79.69,19.78,2003,6,6,15,57,57.0
4.1,Mw,-6.29,-76.04,150.0,2003,6,8,20,52,19.0
3.0,Mw,-1.09,-77.79,28.0,2003,6,9,22,16,39.0
3.1,Mw,-0.71,-79.86,12.0,2003,6,11,4,43,32.0
3.7,Mw,-1.15,-77.8,24.0,2003,6,11,23,48,32.0
3.0,Mw,-0.64,-79.54,65.4,2003,6,12,2,32,0.0
4.0,Mw,-6.42,-79.67,63.4,2003,6,13,10,32,59.0
3.6,Mw,-1.94,-78.14,167.8,2003,6,13,12,26,19.0
3.0,Mw,0.15,-80.2,21.0,2003,6,13,20,40,2.0
3.6,Mw,-1.86,-77.51,189.6,2003,6,15,4,1,34.0
3.0,Mw,-0.6,-78.66,23.25,2003,6,16,1,35,48.0
3.2,Mw,-0.85,-78.09,12.9,2003,6,17,14,54,26.0
3.1,Mw,-0.85,-78.04,8.8,2003,6,17,15,59,27.0
3.3,Mw,-0.4,-78.6,8.9,2003,6,17,21,24,54.0
3.9,Mw,-1.73,-80.34,12.0,2003,6,18,8,24,19.0
3.5,Mw,-1.65,-80.32,12.0,2003,6,18,16,9,32.0
4.2,Mw,-2.23,-79.34,106.3,2003,6,19,22,50,5.0
3.4,Mw,-1.39,-80.88,12.0,2003,6,20,11,10,34.0
3.5,Mw,-0.66,-78.31,7.4,2003,6,23,10,57,42.0
3.5,Mw,-1.61,-78.09,167.2,2003,6,23,23,0,46.0
3.2,Mw,-1.77,-79.99,9.55,2003,6,25,10,55,42.0
3.4,Mw,-0.8,-80.84,12.0,2003,6,25,23,35,40.0
3.6,Mw,-0.92,-79.19,96.4,2003,6,29,1,54,28.0
3.1,Mw,-0.91,-79.16,99.6,2003,7,1,15,45,10.0
3.4,Mw,-1.34,-78.0,153.8,2003,7,2,8,7,13.0
3.0,Mw,-1.23,-78.07,20.4,2003,7,3,7,31,27.0
3.1,Mw,-2.92,-77.68,12.0,2003,7,4,22,51,22.0
3.3,Mw,-2.86,-79.08,12.0,2003,7,6,16,11,38.0
3.5,Mw,-0.14,-80.24,30.3,2003,7,6,21,14,19.0
3.2,Mw,-1.08,-78.33,3.0,2003,7,8,17,14,57.0
3.8,Mw,-2.84,-78.29,12.0,2003,7,8,18,29,48.0
3.3,Mw,-2.32,-79.61,21.18,2003,7,11,4,26,52.0
4.4,Mw,-2.94,-78.02,12.0,2003,7,13,21,59,25.0
3.2,Mw,-2.38,-79.07,12.0,2003,7,14,16,34,40.0
3.6,Mw,-1.29,-77.55,12.1,2003,7,15,3,48,42.0
3.1,Mw,-1.62,-77.78,14.0,2003,7,16,4,24,9.0
3.0,Mw,-1.03,-78.35,8.4,2003,7,18,5,9,18.0
3.3,Mw,-2.67,-77.93,12.0,2003,7,20,2,56,6.0
3.0,Mw,-1.07,-78.32,13.88,2003,7,20,11,59,27.0
3.6,Mw,-1.05,-78.32,15.59,2003,7,20,12,21,17.0
3.0,Mw,-1.05,-78.29,10.8,2003,7,20,23,31,42.0
3.1,Mw,0.55,-79.74,12.0,2003,7,23,7,53,58.0
3.0,Mw,-1.02,-79.43,97.8,2003,7,23,21,26,48.0
3.0,Mw,-0.94,-79.1,135.0,2003,7,24,14,38,11.0
3.3,Mw,-1.11,-78.23,6.0,2003,7,27,23,19,45.0
3.2,Mw,-1.05,-78.24,2.5,2003,7,28,8,52,56.0
4.3,Mw,-3.13,-77.43,50.7,2003,7,28,9,32,12.0
3.2,Mw,-2.45,-79.43,12.0,2003,7,28,17,4,10.0
3.5,Mw,0.04,-80.44,12.2,2003,7,31,1,2,12.0
3.5,Mw,0.06,-80.46,8.7,2003,7,31,7,37,49.0
3.2,Mw,0.54,-79.92,22.3,2003,7,31,23,1,5.0
3.4,Mw,-0.03,-78.45,1.3,2003,8,1,18,31,28.0
3.4,Mw,-0.03,-78.44,0.1,2003,8,1,19,11,40.0
3.1,Mw,-0.11,-80.42,16.7,2003,8,2,7,40,38.0
3.5,Mw,0.04,-80.43,11.5,2003,8,2,8,6,19.0
3.3,Mw,-0.61,-77.6,21.0,2003,8,3,2,35,55.0
3.9,Mw,-4.04,-81.03,23.5,2003,8,3,12,36,24.0
3.0,Mw,-2.62,-77.84,7.0,2003,8,3,20,6,17.0
3.2,Mw,-2.43,-79.24,46.84,2003,8,7,21,37,10.0
3.2,Mw,-1.22,-78.09,25.0,2003,8,8,7,18,17.0
3.3,Mw,-2.12,-80.1,13.66,2003,8,12,2,20,34.0
4.3,Mw,2.81,-74.94,32.4,2003,8,12,5,37,4.0
3.1,Mw,-1.77,-78.07,176.2,2003,8,13,17,22,44.0
3.0,Mw,-0.78,-80.86,3.5,2003,8,14,22,48,48.0
4.2,Mw,-1.05,-80.63,19.8,2003,8,15,10,26,52.0
3.2,Mw,-1.03,-78.33,6.2,2003,8,15,15,17,38.0
4.1,Mw,0.35,-79.85,12.9,2003,8,16,4,59,52.0
3.6,Mw,-1.09,-78.25,1.8,2003,8,16,8,38,8.0
3.2,Mw,-1.04,-78.29,5.6,2003,8,17,1,30,48.0
3.7,Mw,-0.89,-80.6,5.9,2003,8,17,13,33,14.0
3.3,Mw,-2.82,-79.04,29.25,2003,8,18,5,15,58.0
3.0,Mw,-1.03,-78.23,10.2,2003,8,19,5,49,34.0
3.3,Mw,-1.04,-78.21,5.5,2003,8,19,18,52,0.0
4.4,Mw,-1.25,-78.18,2.0,2003,8,20,10,5,51.0
5.0,Mw,3.07,-77.85,30.7,2003,8,22,5,29,15.0
3.4,Mw,-0.85,-79.43,105.1,2003,8,22,7,19,25.0
3.6,Mw,-0.83,-79.86,68.0,2003,8,23,17,15,12.0
3.0,Mw,-1.21,-78.33,160.1,2003,8,26,11,4,40.0
3.0,Mw,0.63,-79.04,1.6,2003,8,26,17,30,47.0
3.3,Mw,-1.05,-78.32,10.9,2003,8,28,1,40,18.0
3.2,Mw,0.45,-78.68,2.9,2003,8,28,18,8,53.0
3.1,Mw,-1.27,-80.42,44.0,2003,8,28,23,56,10.0
3.5,Mw,-1.19,-80.28,16.0,2003,8,29,14,26,4.0
3.1,Mw,-1.8,-78.37,149.2,2003,8,29,19,51,16.0
3.3,Mw,-1.08,-78.23,-2.1,2003,8,30,6,20,33.0
3.6,Mw,-0.13,-79.75,63.1,2003,8,30,6,50,10.0
4.2,Mw,-4.72,-80.14,100.0,2003,8,30,13,7,41.0
3.0,Mw,-0.71,-80.34,49.93,2003,9,1,0,26,23.0
3.1,Mw,-0.006,-78.46,-1.4,2003,9,1,7,31,7.0
3.6,Mw,-1.82,-80.29,10.45,2003,9,1,9,22,29.0
5.0,Mw,-3.4,-78.83,89.8,2003,9,1,23,20,45.0
3.1,Mw,-2.31,-80.41,40.32,2003,9,4,12,11,39.0
3.1,Mw,-1.3,-79.56,31.5,2003,9,5,9,28,41.0
3.5,Mw,-2.6,-80.97,33.99,2003,9,5,15,17,31.0
4.5,Mw,-4.21,-80.41,69.6,2003,9,6,12,12,19.0
3.8,Mw,-2.03,-77.7,15.2,2003,9,7,2,11,32.0
3.1,Mw,-0.77,-77.52,25.1,2003,9,7,2,47,4.0
3.0,Mw,-2.39,-80.26,40.51,2003,9,7,3,25,13.0
3.8,Mw,-2.51,-81.07,25.0,2003,9,7,10,49,0.0
3.9,Mw,-1.16,-79.58,90.1,2003,9,8,7,35,18.0
3.4,Mw,-2.81,-79.73,12.0,2003,9,9,11,10,22.0
3.2,Mw,-2.1,-77.86,160.0,2003,9,10,8,49,0.0
3.2,Mw,-2.9,-78.18,16.0,2003,9,11,7,26,53.0
3.2,Mw,-1.19,-78.39,9.3,2003,9,11,9,43,8.0
3.3,Mw,-0.02,-78.51,3.0,2003,9,13,9,26,1.0
5.3,Mw,-1.1,-78.26,2.9,2003,9,13,18,33,8.0
3.3,Mw,-1.07,-78.34,9.0,2003,9,13,18,39,58.0
3.2,Mw,-1.07,-78.28,6.8,2003,9,13,19,5,2.0
3.5,Mw,-0.16,-79.58,69.0,2003,9,14,4,39,18.0
3.6,Mw,0.07,-78.33,1.0,2003,9,15,4,0,31.0
3.2,Mw,0.07,-78.34,0.1,2003,9,15,4,44,25.0
3.2,Mw,0.08,-78.33,-0.4,2003,9,15,5,28,12.0
3.2,Mw,-1.07,-78.37,6.1,2003,9,16,17,21,51.0
3.0,Mw,-1.62,-79.06,7.5,2003,9,16,19,53,37.0
3.5,Mw,-2.22,-78.15,175.4,2003,9,17,10,17,51.0
3.0,Mw,-1.62,-78.02,202.8,2003,9,18,9,15,17.0
3.1,Mw,-1.28,-79.31,117.0,2003,9,18,21,29,5.0
3.2,Mw,-2.97,-78.18,12.0,2003,9,20,4,52,11.0
4.2,Mw,-2.63,-79.73,12.0,2003,9,20,5,19,15.0
3.0,Mw,-0.57,-77.83,15.2,2003,9,22,7,0,37.0
3.1,Mw,-2.13,-79.74,15.64,2003,9,23,4,3,17.0
3.9,Mw,-2.4,-79.8,9.94,2003,9,23,10,33,18.0
3.7,Mw,-1.12,-78.33,7.9,2003,9,24,5,14,9.0
3.4,Mw,-1.12,-78.32,14.87,2003,9,24,18,33,8.0
3.0,Mw,-1.35,-79.37,98.43,2003,9,26,4,9,34.0
3.6,Mw,-1.09,-78.22,7.5,2003,9,26,23,43,18.0
4.3,Mw,-1.64,-78.16,158.4,2003,9,27,7,48,56.0
3.3,Mw,-1.51,-77.99,151.8,2003,9,28,11,37,23.0
3.9,Mw,-2.97,-78.13,12.0,2003,9,29,4,8,20.0
3.3,Mw,-1.03,-78.75,11.2,2003,9,29,10,12,26.0
3.1,Mw,-1.11,-78.35,14.8,2003,9,29,12,14,35.0
3.2,Mw,1.32,-80.14,21.47,2003,9,29,18,55,28.0
3.3,Mw,-1.63,-81.21,47.24,2003,9,30,2,28,12.0
3.1,Mw,0.96,-79.91,12.0,2003,9,30,5,37,57.0
3.0,Mw,-1.14,-78.18,12.68,2003,9,30,7,58,36.0
3.3,Mw,1.16,-79.99,2.7,2003,9,30,19,2,17.0
3.7,Mw,-2.97,-77.93,25.0,2003,10,1,3,24,51.0
3.7,Mw,1.39,-80.15,17.0,2003,10,1,4,38,54.0
3.1,Mw,-1.89,-80.02,10.0,2003,10,1,5,0,26.0
3.1,Mw,-1.97,-77.88,25.0,2003,10,1,7,26,38.0
3.6,Mw,-2.77,-78.07,16.0,2003,10,1,10,21,33.0
3.0,Mw,0.64,-79.09,39.73,2003,10,1,14,33,18.0
4.2,Mw,-2.94,-81.03,13.45,2003,10,2,6,11,46.0
4.0,Mw,-1.3,-80.78,13.5,2003,10,3,22,9,3.0
3.4,Mw,-1.44,-81.16,10.0,2003,10,3,23,14,58.0
3.4,Mw,-1.03,-78.31,8.8,2003,10,4,5,30,45.0
3.3,Mw,-1.31,-81.11,12.0,2003,10,4,15,24,39.0
4.7,Mw,-3.05,-77.95,95.8,2003,10,5,12,29,31.0
3.2,Mw,-2.15,-79.87,13.24,2003,10,5,22,53,26.0
3.5,Mw,-1.43,-78.35,147.7,2003,10,7,9,39,36.0
3.4,Mw,-1.12,-78.32,-0.3,2003,10,7,15,1,12.0
3.2,Mw,-0.42,-78.61,10.1,2003,10,7,18,16,34.0
3.2,Mw,-0.44,-78.63,5.9,2003,10,7,18,23,39.0
3.2,Mw,-0.19,-79.08,12.4,2003,10,8,12,27,53.0
3.1,Mw,-1.05,-78.4,10.3,2003,10,10,18,8,10.0
3.3,Mw,-1.7,-78.85,3.8,2003,10,11,9,7,46.0
3.1,Mw,-1.55,-77.94,31.0,2003,10,13,9,8,42.0
3.1,Mw,-1.53,-80.84,41.2,2003,10,14,7,2,31.0
3.4,Mw,-2.27,-77.65,12.0,2003,10,15,16,53,20.0
3.2,Mw,-0.34,-79.24,16.4,2003,10,16,0,49,9.0
3.0,Mw,-0.33,-79.21,22.0,2003,10,16,1,36,59.0
3.2,Mw,-0.35,-79.21,23.0,2003,10,16,8,55,7.0
3.0,Mw,-0.37,-79.17,12.87,2003,10,17,20,2,2.0
3.0,Mw,-1.42,-78.27,135.1,2003,10,20,6,43,17.0
3.0,Mw,-0.86,-79.86,55.1,2003,10,21,14,50,3.0
3.3,Mw,-2.51,-79.6,12.0,2003,10,22,10,41,24.0
3.0,Mw,0.22,-77.42,20.1,2003,10,23,12,32,21.0
3.0,Mw,-1.35,-79.82,32.51,2003,10,24,1,55,35.0
3.6,Mw,-1.54,-77.99,160.9,2003,10,24,11,44,5.0
3.2,Mw,0.3,-79.97,24.0,2003,10,24,14,56,49.0
3.4,Mw,-2.48,-81.21,12.0,2003,10,25,0,1,12.0
3.0,Mw,-0.8,-78.74,10.2,2003,10,25,4,52,44.0
3.3,Mw,-0.11,-78.77,6.8,2003,10,25,20,55,49.0
3.1,Mw,-0.72,-78.69,13.7,2003,10,26,14,22,43.0
4.2,Mw,-1.14,-78.3,2.1,2003,10,26,18,29,4.0
3.3,Mw,-2.5,-78.57,115.0,2003,10,27,4,25,27.0
3.2,Mw,0.87,-79.58,12.0,2003,10,28,3,32,34.0
3.3,Mw,-1.36,-78.21,139.6,2003,10,28,23,38,58.0
3.0,Mw,-0.36,-79.95,24.9,2003,10,29,19,3,8.0
3.2,Mw,-2.26,-79.74,34.36,2003,10,30,3,34,5.0
3.0,Mw,-1.0,-79.21,118.4,2003,10,31,16,8,23.0
3.1,Mw,-2.02,-79.93,16.0,2003,11,7,20,23,3.0
3.6,Mw,-0.17,-77.3,18.7,2003,11,7,20,34,53.0
3.0,Mw,-0.05,-78.73,119.0,2003,11,8,5,2,39.0
4.1,Mw,0.54,-77.27,10.0,2003,11,8,22,2,56.0
3.2,Mw,-0.98,-79.21,123.2,2003,11,9,3,37,28.0
3.5,Mw,-1.16,-80.24,9.07,2003,11,9,7,30,35.0
3.3,Mw,-1.97,-77.66,12.0,2003,11,9,9,43,58.0
3.6,Mw,-1.42,-78.03,153.2,2003,11,9,11,29,1.0
3.0,Mw,-0.02,-78.45,3.3,2003,11,10,0,45,17.0
3.2,Mw,-1.83,-78.15,32.8,2003,11,10,2,6,22.0
3.4,Mw,-2.1,-79.81,10.0,2003,11,11,15,57,12.0
3.1,Mw,0.96,-79.67,12.0,2003,11,12,7,51,14.0
4.3,Mw,-1.42,-78.11,163.6,2003,11,13,5,55,53.0
3.0,Mw,-0.97,-79.17,111.6,2003,11,13,21,51,48.0
3.6,Mw,-2.6,-78.05,12.0,2003,11,14,7,16,0.0
3.5,Mw,-2.23,-80.29,18.8,2003,11,15,3,34,8.0
3.3,Mw,-2.11,-79.72,39.3,2003,11,16,13,43,11.0
3.4,Mw,0.68,-79.04,45.0,2003,11,19,13,9,12.0
3.0,Mw,-2.05,-79.79,12.0,2003,11,20,18,8,20.0
3.1,Mw,-2.16,-80.14,12.0,2003,11,22,0,13,46.0
4.3,Mw,-5.85,-80.88,73.6,2003,11,22,4,44,47.0
3.0,Mw,-1.12,-78.36,6.3,2003,11,22,18,34,9.0
3.5,Mw,-2.05,-79.81,29.15,2003,11,23,18,19,22.0
3.8,Mw,-2.35,-80.0,60.0,2003,11,24,3,41,16.0
3.6,Mw,-2.19,-79.2,113.1,2003,11,25,23,29,36.0
5.5,Mw,-1.93,-75.62,182.5,2003,11,26,7,42,32.0
3.2,Mw,-2.34,-77.95,73.7,2003,11,26,23,57,42.0
3.0,Mw,-1.61,-78.22,14.8,2003,11,27,17,31,47.0
3.1,Mw,0.69,-79.63,13.55,2003,11,27,20,20,23.0
3.3,Mw,-0.45,-78.62,12.5,2003,11,28,16,53,9.0
3.5,Mw,-2.29,-78.83,68.0,2003,11,28,22,3,23.0
3.1,Mw,0.003,-80.29,41.8,2003,11,29,4,26,59.0
3.0,Mw,-1.06,-78.28,9.7,2003,11,29,22,44,58.0
4.2,Mw,3.6,-82.78,33.0,2003,11,30,2,31,29.0
3.2,Mw,-1.62,-77.75,188.7,2003,11,30,17,13,43.0
3.0,Mw,0.02,-78.75,16.1,2003,11,30,22,11,48.0
3.4,Mw,0.65,-80.28,10.6,2003,12,1,14,56,42.0
3.9,Mw,0.68,-80.27,11.0,2003,12,1,20,18,42.0
3.3,Mw,0.83,-80.27,30.5,2003,12,2,14,52,11.0
3.0,Mw,-1.06,-78.33,8.7,2003,12,2,17,46,20.0
3.6,Mw,-2.11,-79.41,99.4,2003,12,5,3,48,19.0
3.0,Mw,-2.19,-79.56,20.8,2003,12,5,7,4,13.0
3.2,Mw,-1.17,-78.33,16.0,2003,12,5,16,3,28.0
3.5,Mw,-1.12,-80.26,17.12,2003,12,6,4,2,32.0
3.3,Mw,-1.11,-78.31,4.5,2003,12,7,10,15,48.0
4.4,Mw,-6.06,-80.49,55.1,2003,12,9,8,38,52.0
3.6,Mw,0.06,-78.47,3.0,2003,12,9,23,52,44.0
3.3,Mw,-2.77,-78.21,12.0,2003,12,10,7,26,2.0
3.1,Mw,-0.13,-77.77,3.4,2003,12,10,8,30,55.0
3.0,Mw,-1.02,-78.34,12.0,2003,12,11,14,56,7.0
3.1,Mw,-1.81,-78.13,164.9,2003,12,13,20,38,57.0
4.4,Mw,-1.75,-77.7,196.6,2003,12,14,18,43,39.0
3.1,Mw,-1.57,-79.15,138.3,2003,12,14,23,6,35.0
3.4,Mw,-2.75,-80.19,60.0,2003,12,15,13,51,54.0
4.0,Mw,-4.96,-81.09,39.9,2003,12,16,0,55,4.0
4.0,Mw,-0.37,-77.53,6.9,2003,12,16,6,24,54.0
3.4,Mw,-0.39,-79.79,23.8,2003,12,16,17,18,28.0
3.1,Mw,-0.8,-78.31,4.4,2003,12,18,5,57,57.0
3.4,Mw,-2.03,-79.8,7.16,2003,12,18,8,38,56.0
3.2,Mw,-1.56,-77.85,10.5,2003,12,18,13,39,39.0
3.2,Mw,-0.34,-77.48,2.7,2003,12,18,16,50,46.0
3.0,Mw,-0.34,-77.48,5.1,2003,12,20,20,18,17.0
3.2,Mw,-0.41,-79.05,23.9,2003,12,21,0,2,45.0
3.2,Mw,-1.13,-79.25,15.0,2003,12,21,0,4,32.0
3.6,Mw,-1.62,-81.04,11.85,2003,12,21,0,34,27.0
3.6,Mw,-1.38,-80.98,16.0,2003,12,22,15,2,4.0
3.8,Mw,-0.89,-80.76,26.74,2003,12,22,21,30,9.0
4.0,Mw,-3.77,-77.37,101.6,2003,12,25,14,22,54.0
3.1,Mw,-1.82,-81.14,21.0,2003,12,25,21,16,37.0
3.4,Mw,-1.44,-78.2,140.0,2003,12,25,21,56,21.0
3.0,Mw,-1.04,-78.17,3.1,2003,12,29,16,27,41.0
3.5,Mw,-0.7,-77.97,7.5,2003,12,30,0,4,57.0
3.7,Mw,-0.08,-80.49,13.0,2003,12,31,21,42,38.0
3.4,Mw,0.97,-78.54,3.3,2004,1,1,8,22,9.0
3.2,Mw,-1.81,-78.08,165.6,2004,1,1,10,46,17.0
4.3,Mw,2.95,-79.09,27.7,2004,1,1,12,6,56.0
3.1,Mw,-1.28,-78.4,15.0,2004,1,4,9,58,34.0
5.0,Mw,-3.57,-77.51,39.0,2004,1,4,16,13,1.0
3.6,Mw,-1.22,-79.69,116.0,2004,1,4,23,53,52.0
3.0,Mw,-1.34,-79.79,6.0,2004,1,5,16,26,7.0
3.3,Mw,-2.1,-77.45,16.46,2004,1,7,0,22,0.0
3.3,Mw,-1.01,-78.26,8.9,2004,1,7,1,50,58.0
3.0,Mw,-1.01,-78.28,10.3,2004,1,7,3,5,45.0
4.3,Mw,-0.41,-77.87,-0.8,2004,1,8,0,2,0.0
3.6,Mw,-0.4,-77.95,21.0,2004,1,8,0,7,45.0
3.1,Mw,-0.39,-77.96,11.7,2004,1,8,0,12,36.0
3.5,Mw,-0.39,-77.98,13.3,2004,1,8,0,15,4.0
3.2,Mw,-0.4,-77.92,9.0,2004,1,8,2,1,47.0
3.5,Mw,-0.41,-77.96,11.8,2004,1,8,2,51,27.0
3.2,Mw,-0.41,-77.95,9.4,2004,1,8,4,21,41.0
3.1,Mw,-0.41,-77.95,11.1,2004,1,8,7,54,26.0
3.5,Mw,-0.39,-77.96,12.0,2004,1,8,10,22,52.0
4.8,Mw,-4.0,-80.31,74.4,2004,1,8,21,19,39.0
3.0,Mw,0.33,-79.82,17.5,2004,1,9,16,20,24.0
3.0,Mw,-1.28,-78.4,21.0,2004,1,9,19,41,2.0
3.0,Mw,-1.46,-78.22,133.0,2004,1,10,3,31,35.0
3.4,Mw,-1.0,-78.95,118.0,2004,1,10,7,53,54.0
3.1,Mw,-1.16,-77.6,12.5,2004,1,10,17,44,37.0
3.5,Mw,-0.42,-78.46,3.9,2004,1,10,18,47,40.0
3.0,Mw,0.15,-80.14,23.0,2004,1,10,22,24,40.0
3.0,Mw,0.21,-78.67,68.4,2004,1,11,3,11,42.0
3.5,Mw,-1.38,-78.18,149.2,2004,1,12,16,54,0.0
3.2,Mw,0.83,-79.79,17.4,2004,1,13,1,45,9.0
3.4,Mw,-1.88,-80.02,19.9,2004,1,13,3,18,44.0
3.4,Mw,-2.77,-78.4,100.9,2004,1,15,16,44,23.0
3.1,Mw,-1.47,-79.41,6.4,2004,1,15,20,47,11.0
3.0,Mw,-1.34,-78.57,18.5,2004,1,16,1,10,9.0
4.2,Mw,-3.53,-77.68,110.0,2004,1,16,10,38,9.0
3.0,Mw,-0.09,-78.42,3.9,2004,1,16,21,12,22.0
3.6,Mw,-2.12,-78.11,23.7,2004,1,18,13,1,9.0
3.5,Mw,-2.44,-77.45,144.5,2004,1,18,14,39,33.0
3.2,Mw,-1.49,-80.7,27.38,2004,1,18,23,55,44.0
3.4,Mw,-0.31,-77.89,13.2,2004,1,20,0,9,54.0
3.6,Mw,-2.7,-79.01,37.18,2004,1,21,0,39,15.0
3.0,Mw,-2.53,-79.54,29.38,2004,1,21,9,32,44.0
3.0,Mw,-1.1,-79.32,75.3,2004,1,21,22,41,41.0
3.4,Mw,0.43,-79.13,8.2,2004,1,22,6,30,5.0
3.0,Mw,-1.04,-79.28,97.3,2004,1,27,7,18,14.0
4.4,Mw,-4.75,-80.59,33.0,2004,1,29,9,14,35.0
4.3,Mw,-4.5,-79.64,84.4,2004,1,29,21,17,41.0
3.0,Mw,0.32,-78.57,8.77,2004,1,29,22,28,16.0
3.0,Mw,-1.33,-79.02,107.8,2004,1,29,23,2,48.0
3.3,Mw,-2.92,-78.54,12.0,2004,1,30,15,46,31.0
3.3,Mw,-1.27,-80.51,14.6,2004,1,30,20,38,17.0
3.1,Mw,0.64,-79.82,23.5,2004,1,31,22,5,6.0
3.6,Mw,-1.4,-81.24,12.8,2004,1,31,22,21,1.0
3.2,Mw,-2.55,-77.29,18.2,2004,2,1,20,35,18.0
4.4,Mw,-2.32,-76.53,148.6,2004,2,1,21,50,52.0
3.0,Mw,-2.03,-79.8,4.7,2004,2,3,14,49,55.0
3.5,Mw,-2.35,-78.0,9.0,2004,2,9,2,46,16.0
3.0,Mw,-2.85,-78.08,12.0,2004,2,9,3,50,42.0
3.0,Mw,-0.55,-78.65,16.2,2004,2,13,10,56,8.0
3.1,Mw,0.32,-77.05,9.89,2004,2,13,12,59,30.0
3.1,Mw,-1.82,-77.56,11.17,2004,2,15,6,47,3.0
3.0,Mw,-1.52,-78.22,18.4,2004,2,16,10,48,43.0
3.0,Mw,0.05,-78.41,2.0,2004,2,17,2,32,44.0
3.6,Mw,-0.93,-79.17,104.9,2004,2,17,9,45,36.0
3.5,Mw,-0.28,-77.4,13.2,2004,2,18,6,44,0.0
3.0,Mw,-1.06,-78.31,8.2,2004,2,18,11,27,23.0
3.5,Mw,-1.8,-79.59,12.0,2004,2,18,19,52,37.0
3.2,Mw,-2.18,-77.73,3.0,2004,2,20,0,33,5.0
3.6,Mw,-0.93,-79.19,96.2,2004,2,20,1,9,43.0
3.2,Mw,-2.1,-78.03,3.1,2004,2,21,7,43,53.0
3.3,Mw,-2.61,-78.8,42.07,2004,2,21,18,14,7.0
3.5,Mw,-1.84,-78.59,131.5,2004,2,22,9,52,20.0
3.0,Mw,-1.19,-78.32,10.0,2004,2,22,17,38,43.0
3.7,Mw,-2.07,-77.77,153.4,2004,2,25,11,17,55.0
3.6,Mw,-0.79,-79.23,109.3,2004,2,25,12,57,17.0
3.3,Mw,-2.68,-78.12,12.0,2004,2,26,12,20,17.0
3.4,Mw,0.35,-77.32,11.8,2004,3,2,6,17,22.0
3.3,Mw,-1.21,-79.36,90.6,2004,3,4,17,41,33.0
3.2,Mw,-1.08,-78.26,12.0,2004,3,7,8,5,25.0
3.0,Mw,-1.01,-78.34,10.1,2004,3,7,10,2,42.0
3.1,Mw,-1.01,-79.81,43.52,2004,3,7,21,0,1.0
3.3,Mw,-2.55,-77.45,12.0,2004,3,8,1,36,45.0
4.1,Mw,-3.88,-76.15,143.7,2004,3,8,2,29,24.0
3.5,Mw,-0.24,-78.52,7.5,2004,3,8,5,37,18.0
3.0,Mw,-1.01,-78.25,8.71,2004,3,8,6,48,42.0
3.3,Mw,0.46,-78.25,12.0,2004,3,8,7,35,12.0
3.0,Mw,-0.97,-79.19,117.0,2004,3,8,14,29,12.0
3.1,Mw,-1.47,-79.8,6.1,2004,3,8,16,35,44.0
3.5,Mw,0.003,-79.63,3.6,2004,3,9,11,47,3.0
3.3,Mw,-0.24,-78.5,2.2,2004,3,10,6,29,48.0
3.2,Mw,-0.21,-78.49,4.2,2004,3,10,7,6,17.0
3.4,Mw,-1.94,-79.83,10.37,2004,3,10,10,51,39.0
3.1,Mw,-0.78,-79.61,19.9,2004,3,17,5,31,49.0
3.3,Mw,-1.0,-78.04,7.9,2004,3,18,14,1,54.0
3.0,Mw,0.78,-79.68,12.0,2004,3,18,17,30,7.0
3.9,Mw,-0.77,-80.05,18.49,2004,3,19,10,19,48.0
3.3,Mw,-2.05,-78.21,21.0,2004,3,19,15,55,50.0
3.4,Mw,-0.76,-81.09,16.0,2004,3,20,6,39,5.0
3.1,Mw,-1.12,-78.33,0.0,2004,3,20,17,9,21.0
3.2,Mw,-1.88,-77.81,164.7,2004,3,20,22,19,59.0
4.0,Mw,-0.55,-81.01,14.6,2004,3,20,23,15,18.0
3.3,Mw,-2.75,-79.28,50.0,2004,3,21,3,42,7.0
3.6,Mw,-1.17,-77.79,24.0,2004,3,21,20,11,3.0
3.7,Mw,1.2,-79.42,12.0,2004,3,24,1,39,26.0
3.5,Mw,-2.55,-79.82,12.0,2004,3,24,7,55,15.0
3.3,Mw,-2.1,-77.87,5.2,2004,3,25,23,44,51.0
3.0,Mw,0.9,-78.89,33.0,2004,3,26,17,16,9.0
3.1,Mw,-1.82,-78.17,189.6,2004,3,26,22,12,14.0
3.5,Mw,-1.18,-77.78,22.4,2004,3,27,22,26,40.0
5.2,Mw,-1.02,-78.45,6.2,2004,3,28,8,41,11.0
4.7,Mw,-1.05,-78.41,5.5,2004,3,28,8,48,12.0
3.5,Mw,-1.04,-78.47,7.8,2004,3,28,9,13,37.0
3.3,Mw,-1.06,-78.42,3.1,2004,3,28,10,40,4.0
3.2,Mw,-0.65,-77.63,20.5,2004,3,28,11,46,30.0
3.2,Mw,-1.02,-78.44,0.0,2004,3,28,12,18,3.0
3.4,Mw,-1.03,-78.46,0.1,2004,3,28,14,58,23.0
3.3,Mw,-1.02,-78.38,8.1,2004,3,28,19,42,17.0
3.3,Mw,-1.01,-78.43,0.0,2004,3,28,22,5,22.0
3.3,Mw,-1.03,-78.21,8.6,2004,3,28,22,51,14.0
3.1,Mw,-1.01,-78.43,1.5,2004,3,29,5,46,59.0
4.5,Mw,3.95,-75.71,66.1,2004,3,29,6,27,21.0
3.0,Mw,-1.04,-78.38,4.9,2004,3,29,14,9,47.0
3.2,Mw,-1.21,-78.41,6.2,2004,3,29,17,6,7.0
3.4,Mw,-2.24,-78.97,2.0,2004,3,29,17,30,22.0
3.4,Mw,-0.95,-79.13,125.5,2004,3,29,17,47,46.0
3.2,Mw,-1.03,-78.37,5.7,2004,3,29,19,54,42.0
3.7,Mw,-1.01,-78.43,5.1,2004,3,30,2,9,49.0
3.6,Mw,-1.02,-78.43,4.8,2004,3,30,3,2,9.0
3.0,Mw,-1.0,-78.46,2.0,2004,3,30,5,6,6.0
3.0,Mw,-1.03,-78.37,3.1,2004,3,30,7,51,4.0
3.1,Mw,-1.03,-78.41,5.5,2004,3,30,9,48,1.0
3.0,Mw,-1.99,-78.08,9.9,2004,3,31,2,1,33.0
3.2,Mw,-1.04,-78.42,1.6,2004,3,31,6,49,22.0
3.7,Mw,-1.02,-78.39,5.3,2004,3,31,8,49,28.0
3.0,Mw,-1.03,-78.42,2.9,2004,3,31,8,53,45.0
3.3,Mw,-1.02,-78.38,6.0,2004,3,31,12,31,59.0
3.2,Mw,-1.04,-78.36,3.7,2004,3,31,14,5,10.0
3.0,Mw,-1.03,-78.36,2.9,2004,3,31,18,59,27.0
3.6,Mw,-1.04,-78.35,3.0,2004,3,31,19,0,20.0
3.4,Mw,-1.46,-78.32,134.2,2004,4,1,2,15,41.0
3.3,Mw,-1.02,-78.39,5.2,2004,4,2,14,24,0.0
3.2,Mw,-0.78,-79.93,45.0,2004,4,2,18,50,25.0
3.1,Mw,0.008,-78.49,8.8,2004,4,3,9,48,2.0
3.1,Mw,-1.4,-78.34,114.0,2004,4,3,15,7,51.0
4.3,Mw,-4.37,-76.67,124.0,2004,4,5,12,59,2.0
3.5,Mw,-1.05,-78.4,3.0,2004,4,5,22,22,20.0
3.6,Mw,-1.01,-78.45,4.8,2004,4,8,22,25,48.0
3.0,Mw,-1.02,-78.42,5.6,2004,4,9,1,35,28.0
3.2,Mw,-0.95,-79.21,115.5,2004,4,11,16,53,12.0
3.3,Mw,-0.71,-78.67,20.5,2004,4,12,12,31,27.0
4.0,Mw,3.2,-79.11,36.7,2004,4,13,0,1,28.0
4.1,Mw,3.41,-83.97,25.0,2004,4,13,2,44,24.0
3.3,Mw,-1.95,-78.2,2.4,2004,4,14,4,56,12.0
3.2,Mw,0.73,-79.14,27.1,2004,4,14,11,59,33.0
3.1,Mw,-2.24,-78.45,9.3,2004,4,14,17,33,28.0
4.9,Mw,-1.02,-78.45,1.6,2004,4,15,19,6,28.0
3.2,Mw,-1.0,-78.45,2.1,2004,4,15,19,12,21.0
3.0,Mw,-1.02,-78.37,6.0,2004,4,15,20,19,6.0
3.6,Mw,-1.03,-78.38,6.0,2004,4,15,21,51,32.0
3.0,Mw,-1.03,-78.32,3.09,2004,4,15,22,2,6.0
3.1,Mw,-1.01,-78.46,-0.3,2004,4,15,22,32,39.0
3.3,Mw,-1.0,-78.45,5.7,2004,4,16,1,46,30.0
3.6,Mw,-1.0,-78.47,2.0,2004,4,16,5,52,12.0
3.3,Mw,-1.48,-78.21,159.1,2004,4,18,13,7,5.0
3.5,Mw,-2.32,-77.96,12.0,2004,4,18,18,39,44.0
3.4,Mw,-0.36,-78.22,-1.1,2004,4,19,0,56,3.0
4.3,Mw,-6.21,-75.63,33.0,2004,4,19,16,26,39.0
3.8,Mw,-1.01,-78.43,7.2,2004,4,19,19,11,55.0
3.4,Mw,-1.0,-78.45,3.3,2004,4,19,19,37,10.0
3.0,Mw,-2.64,-78.8,12.0,2004,4,20,6,11,48.0
3.8,Mw,-1.18,-80.99,12.0,2004,4,20,8,9,59.0
3.5,Mw,-1.94,-77.28,12.0,2004,4,20,11,31,11.0
3.1,Mw,-1.02,-78.26,11.2,2004,4,21,3,47,40.0
4.0,Mw,-6.86,-75.55,25.1,2004,4,21,13,49,43.0
3.3,Mw,-2.85,-77.6,12.0,2004,4,21,22,8,44.0
3.1,Mw,-1.01,-78.31,9.3,2004,4,22,8,42,4.0
4.0,Mw,-1.64,-80.19,6.71,2004,4,22,9,40,22.0
3.2,Mw,-2.38,-79.6,30.41,2004,4,22,18,31,43.0
3.3,Mw,-0.92,-79.93,12.0,2004,4,23,10,28,51.0
3.5,Mw,-0.95,-80.86,12.0,2004,4,23,13,38,14.0
3.2,Mw,-2.04,-77.31,190.9,2004,4,24,3,24,44.0
3.7,Mw,-1.01,-78.41,16.6,2004,4,24,10,15,41.0
3.0,Mw,-0.57,-78.34,0.0,2004,4,25,5,39,16.0
3.2,Mw,-2.32,-79.59,77.0,2004,4,25,13,10,17.0
3.1,Mw,-0.84,-80.23,26.0,2004,4,26,3,31,45.0
4.3,Mw,-4.3,-75.56,7.9,2004,4,26,18,37,55.0
3.9,Mw,-0.01,-80.92,12.0,2004,4,27,6,48,22.0
3.5,Mw,0.08,-80.76,12.0,2004,4,27,7,3,34.0
3.4,Mw,-1.03,-78.29,8.4,2004,4,27,18,20,47.0
3.1,Mw,-0.1,-80.09,12.0,2004,4,27,18,56,7.0
3.3,Mw,-1.03,-78.31,11.86,2004,4,27,20,16,23.0
3.1,Mw,-0.19,-80.43,12.5,2004,4,28,3,10,33.0
3.1,Mw,-0.75,-78.31,7.8,2004,4,28,13,2,4.0
3.9,Mw,-2.18,-80.67,12.0,2004,4,28,19,5,24.0
3.1,Mw,0.21,-79.06,20.0,2004,4,29,6,34,24.0
3.7,Mw,-0.21,-80.27,14.8,2004,4,29,10,58,22.0
3.8,Mw,-0.09,-80.75,26.4,2004,4,29,17,38,30.0
3.2,Mw,-1.02,-78.33,1.0,2004,4,29,20,17,20.0
3.0,Mw,-1.02,-78.26,11.0,2004,4,29,21,0,43.0
3.0,Mw,-0.98,-78.36,-1.0,2004,4,29,21,26,6.0
4.2,Mw,3.48,-82.75,25.6,2004,4,30,3,6,31.0
3.3,Mw,-1.01,-78.3,12.6,2004,4,30,12,59,6.0
3.5,Mw,-0.31,-80.61,10.6,2004,4,30,21,34,33.0
3.7,Mw,-1.01,-78.3,12.66,2004,5,2,1,41,7.0
3.6,Mw,-2.43,-77.47,12.0,2004,5,2,13,26,19.0
3.4,Mw,-2.31,-78.2,134.7,2004,5,3,14,38,51.0
3.5,Mw,-1.32,-78.99,138.0,2004,5,4,11,56,6.0
3.1,Mw,-1.49,-77.9,9.3,2004,5,4,20,40,25.0
3.1,Mw,-0.94,-79.8,27.1,2004,5,5,17,15,1.0
3.5,Mw,-0.97,-79.22,118.8,2004,5,6,9,42,23.0
3.3,Mw,-1.8,-80.01,12.0,2004,5,6,21,22,33.0
3.0,Mw,-1.42,-78.0,152.4,2004,5,7,4,12,5.0
4.2,Mw,1.68,-78.6,48.7,2004,5,7,19,0,8.0
4.1,Mw,-5.12,-78.44,127.9,2004,5,8,13,5,6.0
3.4,Mw,0.05,-78.47,10.03,2004,5,9,16,59,22.0
3.0,Mw,0.79,-79.32,5.3,2004,5,9,23,5,29.0
3.0,Mw,-1.19,-78.45,8.9,2004,5,12,4,58,56.0
3.1,Mw,0.57,-79.78,12.0,2004,5,16,17,39,45.0
3.0,Mw,0.22,-79.23,15.1,2004,5,17,21,19,20.0
3.3,Mw,-0.07,-78.39,0.5,2004,5,18,10,59,19.0
3.2,Mw,-0.23,-78.5,12.0,2004,5,18,11,35,16.0
3.1,Mw,0.68,-79.15,24.38,2004,5,18,20,35,10.0
3.4,Mw,-1.42,-78.0,150.9,2004,5,18,23,0,22.0
3.2,Mw,-1.02,-78.28,8.9,2004,5,19,2,15,36.0
3.0,Mw,-1.01,-78.25,0.2,2004,5,21,16,7,20.0
3.6,Mw,0.07,-78.88,12.9,2004,5,22,18,29,32.0
3.3,Mw,-2.11,-78.75,148.2,2004,5,22,20,6,24.0
3.3,Mw,-1.0,-78.44,3.2,2004,5,23,7,48,11.0
3.2,Mw,-2.9,-77.75,12.0,2004,5,23,12,40,37.0
3.2,Mw,-1.84,-78.12,27.0,2004,5,24,3,12,48.0
4.9,Mw,-4.55,-80.23,64.0,2004,5,25,10,4,20.0
3.2,Mw,-0.66,-79.68,41.2,2004,5,26,6,33,10.0
3.2,Mw,-1.06,-77.65,23.9,2004,5,26,7,56,1.0
3.4,Mw,-1.6,-78.18,159.1,2004,5,30,6,34,43.0
3.1,Mw,1.16,-79.72,12.0,2004,5,30,8,24,28.0
3.4,Mw,1.22,-79.52,6.0,2004,5,30,8,42,12.0
3.7,Mw,0.19,-78.72,84.2,2004,5,30,10,51,36.0
5.3,Mw,0.75,-79.84,20.9,2004,6,1,15,52,40.0
4.3,Mw,3.98,-82.6,10.0,2004,6,1,18,45,25.0
3.2,Mw,-1.08,-78.32,6.0,2004,6,2,5,12,51.0
3.2,Mw,-2.16,-80.07,12.0,2004,6,3,12,29,43.0
3.7,Mw,-1.04,-78.29,8.8,2004,6,4,7,57,52.0
3.0,Mw,-1.91,-79.81,8.05,2004,6,5,18,58,29.0
3.3,Mw,-2.17,-79.75,12.0,2004,6,6,14,59,2.0
3.5,Mw,-0.66,-81.11,20.4,2004,6,6,22,56,40.0
3.3,Mw,-2.79,-78.57,36.06,2004,6,7,23,6,53.0
3.0,Mw,-2.47,-79.83,12.0,2004,6,9,18,14,18.0
3.5,Mw,-0.75,-77.68,25.4,2004,6,10,14,19,52.0
3.0,Mw,-1.06,-78.29,7.6,2004,6,11,5,56,0.0
3.1,Mw,-1.06,-79.64,83.46,2004,6,13,12,18,20.0
3.4,Mw,-2.14,-79.87,12.0,2004,6,13,15,18,30.0
3.0,Mw,-1.38,-79.79,7.7,2004,6,15,3,32,43.0
4.7,Mw,-3.71,-76.64,111.3,2004,6,15,11,55,48.0
4.0,Mw,-0.99,-78.04,8.8,2004,6,17,4,23,21.0
4.2,Mw,3.67,-82.77,33.0,2004,6,18,2,8,49.0
3.9,Mw,0.55,-80.45,32.63,2004,6,18,17,35,44.0
3.7,Mw,-1.23,-80.88,5.0,2004,6,19,4,11,11.0
3.1,Mw,-1.06,-78.79,19.1,2004,6,19,5,36,27.0
3.4,Mw,0.28,-80.13,12.0,2004,6,19,12,43,49.0
3.7,Mw,-1.35,-80.77,20.79,2004,6,19,12,45,40.0
3.3,Mw,-1.44,-80.14,7.9,2004,6,20,13,16,1.0
3.8,Mw,-2.12,-81.43,16.0,2004,6,20,13,31,33.0
3.1,Mw,-1.94,-80.09,17.0,2004,6,21,3,21,45.0
3.5,Mw,-2.71,-77.97,7.0,2004,6,21,19,56,44.0
4.2,Mw,2.17,-78.27,104.0,2004,6,23,3,31,13.0
3.3,Mw,-1.07,-78.77,-0.1,2004,6,23,5,40,30.0
3.7,Mw,-0.85,-79.85,25.7,2004,6,23,9,57,37.0
3.8,Mw,-2.93,-80.42,30.0,2004,6,23,18,10,40.0
3.3,Mw,-1.65,-78.16,177.1,2004,6,23,20,28,56.0
3.4,Mw,-1.09,-78.29,3.3,2004,6,23,23,17,49.0
4.1,Mw,-2.19,-77.37,164.5,2004,6,24,4,8,12.0
3.0,Mw,0.15,-77.24,19.38,2004,6,26,1,5,45.0
3.6,Mw,0.69,-77.84,12.0,2004,6,27,3,57,30.0
3.5,Mw,-1.43,-79.89,12.0,2004,6,27,8,14,6.0
3.1,Mw,-0.06,-80.06,12.0,2004,7,2,1,53,21.0
3.3,Mw,-2.11,-79.59,27.27,2004,7,3,19,36,43.0
3.2,Mw,-1.47,-78.32,137.9,2004,7,4,3,49,42.0
3.2,Mw,-0.99,-78.04,7.5,2004,7,4,7,46,7.0
3.7,Mw,1.48,-79.85,83.5,2004,7,4,19,43,44.0
3.2,Mw,0.24,-79.09,24.2,2004,7,5,15,59,6.0
3.6,Mw,-1.89,-79.86,9.33,2004,7,5,19,31,25.0
3.5,Mw,-2.72,-78.37,12.0,2004,7,8,4,12,46.0
3.4,Mw,0.56,-80.36,12.0,2004,7,9,0,17,18.0
3.1,Mw,-1.02,-78.28,9.5,2004,7,9,11,51,12.0
3.1,Mw,-1.03,-78.26,9.0,2004,7,9,11,54,17.0
3.1,Mw,-1.03,-78.28,9.6,2004,7,9,14,7,49.0
3.6,Mw,0.5,-79.79,32.0,2004,7,9,21,30,19.0
3.3,Mw,-1.05,-78.31,9.0,2004,7,10,17,2,23.0
3.4,Mw,-1.05,-78.28,11.1,2004,7,10,18,25,37.0
3.2,Mw,-0.93,-79.45,8.9,2004,7,12,6,44,3.0
3.0,Mw,-1.34,-79.74,5.7,2004,7,13,0,31,43.0
3.1,Mw,-1.54,-80.33,12.0,2004,7,13,4,41,47.0
3.5,Mw,0.21,-80.11,12.0,2004,7,13,19,18,5.0
3.6,Mw,-2.63,-77.47,110.8,2004,7,14,1,11,0.0
3.3,Mw,-0.12,-79.46,30.0,2004,7,14,2,36,57.0
3.2,Mw,-0.1,-79.47,41.5,2004,7,14,4,52,50.0
3.0,Mw,-1.17,-79.73,80.23,2004,7,14,19,37,35.0
3.2,Mw,-0.99,-78.06,6.5,2004,7,17,5,26,29.0
3.2,Mw,-0.99,-78.07,5.9,2004,7,17,6,51,10.0
3.0,Mw,-0.73,-79.96,62.0,2004,7,17,20,23,13.0
4.1,Mw,-1.49,-77.47,225.7,2004,7,18,7,38,48.0
4.3,Mw,-1.9,-77.93,185.0,2004,7,18,7,54,58.0
3.2,Mw,-1.21,-78.18,9.9,2004,7,18,20,22,39.0
3.2,Mw,-1.31,-80.34,12.0,2004,7,19,9,21,54.0
3.2,Mw,-1.89,-79.87,10.5,2004,7,19,15,52,16.0
3.5,Mw,-1.22,-78.4,18.9,2004,7,19,16,36,59.0
4.4,Mw,2.59,-79.54,10.0,2004,7,20,5,22,17.0
3.4,Mw,-1.07,-78.34,4.2,2004,7,22,22,50,36.0
4.2,Mw,-3.87,-80.9,44.3,2004,7,25,6,51,53.0
3.5,Mw,-2.5,-79.19,43.19,2004,7,25,12,33,40.0
3.4,Mw,0.09,-78.87,9.7,2004,7,25,21,56,40.0
3.2,Mw,-2.7,-78.2,12.0,2004,7,26,18,44,34.0
4.2,Mw,-5.19,-78.71,91.5,2004,7,27,14,24,48.0
3.5,Mw,-2.7,-77.97,4.0,2004,7,27,17,10,10.0
3.7,Mw,-0.92,-79.17,103.7,2004,7,28,2,1,13.0
3.8,Mw,-1.34,-79.8,5.7,2004,7,29,1,7,1.0
4.1,Mw,-1.2,-78.17,5.2,2004,7,30,4,30,46.0
3.3,Mw,-1.2,-78.2,1.7,2004,7,30,4,52,58.0
3.7,Mw,-1.2,-78.16,2.3,2004,7,30,8,37,27.0
3.3,Mw,-0.76,-78.67,1.16,2004,7,30,10,38,7.0
3.9,Mw,-0.41,-81.0,12.0,2004,7,31,8,15,39.0
3.0,Mw,-1.73,-80.2,12.0,2004,8,2,11,43,25.0
3.0,Mw,-1.06,-79.29,109.5,2004,8,2,21,26,56.0
3.4,Mw,-1.21,-78.18,17.8,2004,8,3,12,53,13.0
3.2,Mw,-2.94,-78.39,12.0,2004,8,3,17,50,19.0
3.3,Mw,-2.2,-79.3,12.0,2004,8,5,21,36,26.0
3.1,Mw,0.35,-79.0,7.6,2004,8,6,5,57,52.0
3.4,Mw,-0.98,-80.37,16.0,2004,8,6,10,31,32.0
3.2,Mw,-0.92,-80.36,12.0,2004,8,7,1,31,28.0
3.7,Mw,-0.73,-78.68,24.2,2004,8,8,16,9,21.0
3.5,Mw,-0.73,-78.69,18.51,2004,8,8,16,14,41.0
3.2,Mw,-2.86,-79.26,12.0,2004,8,9,13,13,39.0
3.0,Mw,-1.41,-77.95,18.4,2004,8,9,17,58,30.0
3.1,Mw,0.04,-80.02,5.4,2004,8,10,20,33,35.0
3.0,Mw,-0.23,-79.0,9.5,2004,8,11,15,39,15.0
5.2,Mw,-3.09,-80.81,40.3,2004,8,11,23,2,24.0
4.0,Mw,-2.21,-75.99,170.0,2004,8,12,22,52,44.0
3.8,Mw,-1.94,-79.85,27.53,2004,8,13,14,57,21.0
3.6,Mw,-2.29,-79.13,112.9,2004,8,14,2,44,39.0
3.7,Mw,-0.34,-78.54,8.1,2004,8,16,15,23,6.0
3.1,Mw,-1.06,-78.28,10.1,2004,8,16,23,57,27.0
4.1,Mw,-2.9,-77.52,12.0,2004,8,17,2,51,59.0
3.0,Mw,-1.4,-78.23,133.2,2004,8,17,6,8,3.0
3.2,Mw,-0.34,-78.51,0.2,2004,8,17,8,57,34.0
3.0,Mw,-0.33,-78.5,0.2,2004,8,17,10,11,23.0
5.1,Mw,2.21,-76.61,22.9,2004,8,18,7,6,51.0
3.3,Mw,-2.0,-79.7,12.0,2004,8,18,22,14,39.0
3.3,Mw,-1.24,-80.2,12.0,2004,8,18,23,8,29.0
4.3,Mw,-2.19,-77.59,10.2,2004,8,19,8,5,16.0
3.5,Mw,-2.09,-77.59,16.0,2004,8,19,8,52,41.0
3.0,Mw,-1.49,-79.9,18.67,2004,8,19,12,36,26.0
3.1,Mw,-0.93,-79.18,108.4,2004,8,20,12,6,54.0
3.0,Mw,-2.02,-79.7,16.99,2004,8,24,14,13,11.0
3.0,Mw,0.67,-77.95,7.0,2004,8,25,16,20,56.0
3.3,Mw,-2.95,-80.86,17.0,2004,8,26,1,11,23.0
3.7,Mw,-1.17,-78.5,11.8,2004,8,26,21,54,50.0
3.5,Mw,-2.89,-77.85,12.0,2004,8,27,0,47,26.0
3.1,Mw,-1.18,-78.43,14.2,2004,8,27,4,8,25.0
3.6,Mw,-1.29,-80.32,12.0,2004,8,28,5,34,39.0
3.4,Mw,-0.03,-79.08,19.1,2004,8,28,8,20,27.0
3.5,Mw,-2.06,-78.51,115.3,2004,8,28,21,31,27.0
3.2,Mw,-2.32,-80.91,12.0,2004,8,28,22,22,35.0
3.2,Mw,-2.1,-77.44,12.0,2004,8,29,3,6,59.0
3.4,Mw,-1.22,-80.97,12.0,2004,8,30,21,38,27.0
3.2,Mw,0.34,-78.25,12.0,2004,8,31,9,45,14.0
3.2,Mw,-1.09,-80.34,12.0,2004,9,1,12,7,28.0
3.8,Mw,-1.19,-78.36,11.7,2004,9,2,13,56,59.0
3.1,Mw,-0.99,-78.3,4.2,2004,9,4,7,18,29.0
3.0,Mw,-0.11,-77.32,4.4,2004,9,5,0,35,50.0
3.3,Mw,-1.96,-79.48,4.0,2004,9,5,2,18,2.0
3.2,Mw,-1.47,-80.14,12.0,2004,9,5,3,29,7.0
3.2,Mw,-0.61,-80.88,12.0,2004,9,6,3,12,45.0
3.1,Mw,-1.02,-78.28,9.9,2004,9,7,9,17,8.0
3.7,Mw,0.51,-78.76,16.9,2004,9,8,21,27,36.0
3.0,Mw,-1.34,-79.68,54.1,2004,9,9,22,25,56.0
3.1,Mw,-1.79,-79.8,20.6,2004,9,10,0,13,30.0
3.1,Mw,-1.68,-77.54,33.6,2004,9,10,0,36,6.0
3.1,Mw,-2.1,-77.36,21.16,2004,9,11,12,10,53.0
3.0,Mw,-2.55,-79.87,23.5,2004,9,11,18,49,19.0
3.5,Mw,-0.85,-80.35,12.0,2004,9,13,10,29,11.0
3.2,Mw,0.9,-77.35,16.0,2004,9,13,15,27,53.0
3.6,Mw,-1.29,-77.91,178.7,2004,9,15,11,51,14.0
4.3,Mw,3.91,-76.89,110.4,2004,9,16,6,53,18.0
3.4,Mw,-1.91,-80.13,30.0,2004,9,16,20,6,32.0
3.8,Mw,-0.6,-80.5,16.0,2004,9,17,5,58,11.0
3.1,Mw,0.85,-78.52,14.3,2004,9,17,16,46,43.0
4.2,Mw,3.12,-74.38,33.0,2004,9,18,14,29,18.0
3.0,Mw,-0.97,-79.31,84.2,2004,9,18,22,7,33.0
3.4,Mw,-1.2,-78.26,2.8,2004,9,19,17,57,37.0
3.3,Mw,-0.98,-79.55,72.1,2004,9,20,10,10,39.0
3.5,Mw,-0.51,-78.67,9.3,2004,9,24,7,42,53.0
3.4,Mw,-1.58,-77.5,8.5,2004,9,24,23,6,42.0
3.1,Mw,-2.36,-79.73,12.0,2004,9,25,0,55,14.0
3.4,Mw,-2.0,-78.29,30.1,2004,9,26,3,13,12.0
3.4,Mw,-1.23,-80.21,12.0,2004,9,27,23,46,49.0
3.2,Mw,-1.03,-78.29,9.8,2004,9,28,14,38,52.0
3.5,Mw,-2.74,-79.47,19.25,2004,9,29,4,35,41.0
5.1,Mw,-5.59,-77.09,26.1,2004,9,29,18,38,10.0
3.0,Mw,0.86,-79.68,12.0,2004,9,30,2,15,7.0
3.3,Mw,-1.03,-78.3,9.2,2004,9,30,9,28,17.0
3.2,Mw,-1.04,-78.28,11.8,2004,9,30,9,56,40.0
3.5,Mw,-1.04,-78.3,9.6,2004,9,30,12,46,25.0
3.0,Mw,-1.89,-80.08,12.0,2004,9,30,21,6,26.0
3.1,Mw,-0.53,-77.92,0.9,2004,10,4,1,8,16.0
3.0,Mw,-1.01,-78.3,10.4,2004,10,4,22,15,21.0
3.3,Mw,-1.03,-78.32,9.8,2004,10,4,23,26,42.0
3.4,Mw,-2.29,-80.9,12.0,2004,10,5,1,6,27.0
3.5,Mw,-0.95,-79.24,110.6,2004,10,5,17,23,32.0
3.0,Mw,-0.99,-79.35,111.7,2004,10,5,19,34,2.0
3.7,Mw,-1.34,-80.69,12.0,2004,10,6,1,22,56.0
3.9,Mw,-2.79,-79.78,12.0,2004,10,8,1,13,43.0
3.2,Mw,-1.06,-78.31,11.2,2004,10,9,13,58,2.0
3.6,Mw,-1.06,-78.27,14.4,2004,10,9,14,31,4.0
3.3,Mw,-1.03,-78.34,11.1,2004,10,10,0,52,13.0
3.3,Mw,-0.46,-77.46,21.9,2004,10,10,3,27,28.0
3.1,Mw,-1.07,-78.24,9.4,2004,10,10,7,29,15.0
3.3,Mw,-2.12,-78.91,147.9,2004,10,10,15,18,49.0
3.1,Mw,-2.3,-79.86,12.0,2004,10,10,20,57,39.0
3.0,Mw,-2.09,-79.72,12.0,2004,10,11,6,24,51.0
3.3,Mw,-1.04,-78.28,10.7,2004,10,11,19,54,26.0
3.3,Mw,0.02,-77.76,4.6,2004,10,12,0,39,40.0
3.1,Mw,-2.23,-78.56,121.4,2004,10,12,9,27,22.0
3.1,Mw,-0.4,-79.05,17.8,2004,10,12,20,55,44.0
3.0,Mw,-1.78,-79.17,1.5,2004,10,15,1,38,38.0
3.4,Mw,-1.03,-78.29,11.3,2004,10,15,5,43,18.0
3.1,Mw,-2.75,-77.86,12.0,2004,10,16,4,12,21.0
3.1,Mw,0.48,-78.63,20.6,2004,10,17,15,28,21.0
3.3,Mw,-1.03,-78.29,11.4,2004,10,17,16,31,5.0
3.3,Mw,-0.94,-79.2,111.1,2004,10,17,21,15,0.0
3.0,Mw,0.91,-79.64,12.0,2004,10,19,1,7,54.0
3.3,Mw,-0.11,-80.09,12.0,2004,10,20,11,23,8.0
3.3,Mw,-1.02,-80.44,12.0,2004,10,21,14,33,15.0
3.0,Mw,-1.2,-78.41,12.0,2004,10,22,17,53,54.0
3.1,Mw,-1.02,-78.29,9.6,2004,10,22,19,32,54.0
3.5,Mw,-1.06,-78.35,8.5,2004,10,23,6,46,8.0
3.1,Mw,-1.02,-80.49,12.0,2004,10,25,8,15,57.0
3.4,Mw,-1.19,-78.21,4.1,2004,10,26,1,43,13.0
3.4,Mw,-1.44,-78.24,150.2,2004,10,26,2,44,20.0
3.4,Mw,-1.2,-78.2,2.6,2004,10,26,4,7,26.0
3.3,Mw,-1.6,-80.58,12.0,2004,10,26,22,2,4.0
3.1,Mw,-2.02,-78.21,214.0,2004,10,27,16,54,10.0
3.1,Mw,-1.01,-77.79,13.8,2004,10,28,7,22,44.0
3.1,Mw,-1.08,-78.29,10.0,2004,10,28,22,13,1.0
3.1,Mw,-1.51,-77.7,197.9,2004,10,30,11,54,29.0
3.0,Mw,-1.31,-79.87,12.0,2004,10,30,19,47,25.0
4.6,Mw,3.55,-83.49,26.0,2004,10,31,0,29,7.0
3.6,Mw,0.55,-80.09,12.0,2004,11,1,21,0,57.0
3.2,Mw,-0.83,-78.32,-1.7,2004,11,3,7,54,51.0
3.3,Mw,-2.38,-78.78,12.0,2004,11,5,4,43,34.0
3.5,Mw,-1.19,-78.45,17.5,2004,11,5,9,58,2.0
3.2,Mw,-1.25,-79.59,34.98,2004,11,5,10,23,4.0
3.4,Mw,-1.61,-77.77,12.0,2004,11,5,21,45,39.0
3.0,Mw,-0.69,-78.68,16.06,2004,11,6,16,34,52.0
3.1,Mw,-2.49,-78.35,102.5,2004,11,7,5,34,43.0
3.1,Mw,-2.16,-79.74,12.0,2004,11,7,10,22,7.0
3.5,Mw,-1.46,-78.39,17.65,2004,11,9,12,27,30.0
3.3,Mw,0.45,-79.34,12.21,2004,11,9,22,42,10.0
3.0,Mw,0.58,-79.83,16.78,2004,11,9,23,28,8.0
3.2,Mw,-1.04,-78.33,14.8,2004,11,10,12,1,23.0
3.0,Mw,-0.97,-77.7,12.0,2004,11,12,14,49,32.0
3.6,Mw,-0.5,-77.52,19.8,2004,11,13,6,59,51.0
3.3,Mw,0.7,-80.01,12.0,2004,11,15,7,48,22.0
3.0,Mw,-2.36,-79.77,16.77,2004,11,15,8,37,42.0
3.3,Mw,-1.69,-78.79,21.8,2004,11,17,18,37,18.0
3.0,Mw,-1.04,-78.31,12.43,2004,11,18,9,21,44.0
3.2,Mw,-1.01,-78.34,9.0,2004,11,19,16,18,5.0
3.3,Mw,-1.12,-78.23,11.9,2004,11,20,13,11,37.0
4.0,Mw,-5.35,-78.57,36.4,2004,11,20,13,53,58.0
4.2,Mw,2.26,-79.67,10.0,2004,11,21,6,11,37.0
4.2,Mw,-3.8,-76.57,102.0,2004,11,21,12,48,59.0
3.4,Mw,-1.79,-78.15,7.1,2004,11,21,18,17,48.0
3.3,Mw,-1.47,-77.74,196.1,2004,11,23,15,26,38.0
5.1,Mw,-0.72,-80.59,20.0,2004,11,24,16,19,47.0
3.2,Mw,-0.89,-79.25,105.8,2004,11,26,6,10,21.0
3.0,Mw,-0.87,-78.34,-0.2,2004,11,27,11,47,22.0
3.4,Mw,-1.14,-78.15,0.2,2004,11,27,12,39,12.0
3.1,Mw,-0.87,-78.32,4.5,2004,11,27,15,37,4.0
3.2,Mw,0.28,-79.8,12.0,2004,11,28,21,34,59.0
3.6,Mw,-1.14,-80.75,12.0,2004,11,30,17,28,48.0
3.3,Mw,-1.58,-77.95,182.2,2004,11,30,20,11,12.0
3.1,Mw,0.1,-79.12,8.1,2004,12,1,2,54,42.0
3.1,Mw,-2.87,-78.08,12.0,2004,12,1,9,19,59.0
3.2,Mw,-1.03,-78.07,2.9,2004,12,1,12,10,11.0
3.0,Mw,-2.35,-78.86,12.0,2004,12,2,7,2,29.0
4.0,Mw,3.74,-82.84,33.0,2004,12,2,10,23,54.0
4.4,Mw,3.76,-82.8,33.0,2004,12,2,14,52,59.0
3.1,Mw,-0.91,-79.58,12.0,2004,12,2,16,28,32.0
3.3,Mw,0.7,-78.59,24.5,2004,12,3,20,13,49.0
4.2,Mw,3.79,-82.83,12.6,2004,12,4,20,5,42.0
3.3,Mw,0.49,-78.25,19.16,2004,12,4,20,56,18.0
3.2,Mw,0.47,-78.24,17.01,2004,12,5,7,52,42.0
3.3,Mw,-0.25,-77.43,17.0,2004,12,6,21,3,32.0
4.7,Mw,-6.71,-76.63,123.8,2004,12,6,23,44,23.0
3.2,Mw,-1.35,-78.1,150.0,2004,12,8,12,53,24.0
3.3,Mw,1.2,-79.66,12.0,2004,12,9,1,5,26.0
3.0,Mw,1.2,-79.67,12.0,2004,12,9,1,16,54.0
3.2,Mw,-0.51,-79.47,39.1,2004,12,9,4,35,42.0
3.2,Mw,1.28,-79.67,12.0,2004,12,9,7,45,27.0
3.2,Mw,1.31,-79.62,12.0,2004,12,9,7,52,58.0
3.0,Mw,-1.83,-77.65,22.9,2004,12,9,12,33,44.0
3.2,Mw,0.77,-77.58,1.0,2004,12,10,2,54,28.0
3.0,Mw,-1.1,-79.85,43.34,2004,12,11,2,1,45.0
3.1,Mw,-2.85,-78.22,12.0,2004,12,12,8,3,28.0
3.4,Mw,-1.01,-78.35,10.2,2004,12,13,15,18,33.0
3.8,Mw,-2.09,-80.06,4.48,2004,12,13,16,19,13.0
3.4,Mw,-1.08,-79.31,108.0,2004,12,13,16,31,39.0
4.2,Mw,-6.51,-76.1,17.9,2004,12,13,20,16,20.0
3.0,Mw,-0.29,-77.45,10.4,2004,12,14,1,19,19.0
3.1,Mw,-1.2,-78.44,9.1,2004,12,14,8,24,17.0
3.0,Mw,-1.23,-78.37,14.72,2004,12,14,8,25,15.0
3.3,Mw,-0.95,-77.69,15.48,2004,12,15,22,35,3.0
3.2,Mw,0.18,-79.11,19.9,2004,12,16,12,1,20.0
3.0,Mw,-1.21,-78.42,10.7,2004,12,16,22,35,31.0
3.4,Mw,-1.22,-78.39,8.5,2004,12,17,0,5,32.0
3.6,Mw,-1.36,-81.05,5.0,2004,12,18,10,34,37.0
3.6,Mw,-1.33,-80.95,5.0,2004,12,18,11,5,24.0
4.8,Mw,-4.18,-76.3,47.3,2004,12,19,2,30,6.0
3.0,Mw,-1.99,-77.89,161.4,2004,12,19,7,1,19.0
3.8,Mw,0.94,-79.24,12.0,2004,12,19,10,45,2.0
3.2,Mw,-1.05,-78.43,5.4,2004,12,19,21,48,36.0
3.3,Mw,-2.02,-78.32,22.0,2004,12,20,18,21,53.0
3.3,Mw,-1.21,-78.38,12.5,2004,12,21,10,41,8.0
3.2,Mw,-2.06,-78.9,7.52,2004,12,22,16,9,55.0
3.3,Mw,-1.5,-77.85,29.2,2004,12,23,11,6,18.0
3.8,Mw,-2.86,-78.46,12.0,2004,12,24,3,57,13.0
3.2,Mw,-1.36,-80.84,12.0,2004,12,25,9,36,25.0
3.2,Mw,-2.53,-77.35,12.0,2004,12,27,4,15,5.0
3.4,Mw,-2.29,-80.23,12.0,2004,12,27,5,45,14.0
3.4,Mw,-2.24,-79.16,1.0,2004,12,27,8,3,0.0
3.1,Mw,-2.64,-78.16,41.91,2004,12,28,7,30,11.0
3.0,Mw,-1.05,-78.31,14.8,2004,12,31,13,22,52.0
3.5,Mw,-1.76,-77.55,4.53,2005,1,1,16,35,45.0
3.8,Mw,0.71,-78.75,30.8,2005,1,4,0,42,54.0
3.9,Mw,-2.26,-78.16,237.0,2005,1,4,6,54,28.0
3.1,Mw,-1.04,-77.76,15.49,2005,1,5,0,7,28.0
3.9,Mw,0.29,-79.81,16.0,2005,1,5,8,5,34.0
3.1,Mw,0.91,-79.61,10.0,2005,1,6,3,17,2.0
3.1,Mw,-1.12,-78.72,27.94,2005,1,6,11,42,40.0
3.3,Mw,-2.12,-79.78,16.0,2005,1,6,14,44,4.0
3.7,Mw,0.46,-77.6,1.4,2005,1,7,7,48,47.0
3.1,Mw,0.46,-77.63,0.7,2005,1,7,7,55,42.0
3.3,Mw,-2.2,-77.3,16.0,2005,1,7,12,47,9.0
3.6,Mw,-1.08,-80.39,12.0,2005,1,8,5,32,36.0
3.8,Mw,0.62,-80.53,12.0,2005,1,8,10,45,57.0
3.9,Mw,-1.48,-81.26,5.0,2005,1,9,2,36,2.0
3.6,Mw,-1.75,-81.26,5.0,2005,1,9,2,43,12.0
3.2,Mw,-1.22,-78.41,9.6,2005,1,11,22,42,54.0
3.2,Mw,-2.14,-79.72,15.49,2005,1,13,8,45,51.0
3.0,Mw,-0.7,-80.01,8.85,2005,1,15,1,44,38.0
5.0,Mw,-3.64,-80.81,41.1,2005,1,15,11,40,37.0
4.9,Mw,-3.71,-80.88,40.0,2005,1,15,14,2,15.0
4.1,Mw,-3.8,-81.05,12.0,2005,1,15,17,22,30.0
3.9,Mw,-1.74,-78.78,12.0,2005,1,16,10,14,12.0
3.2,Mw,-0.52,-78.63,23.07,2005,1,17,0,31,6.0
3.1,Mw,-1.59,-81.11,5.0,2005,1,17,1,26,57.0
3.1,Mw,0.66,-80.57,12.0,2005,1,18,7,16,5.0
3.6,Mw,0.75,-80.5,12.0,2005,1,18,9,34,6.0
3.4,Mw,-1.59,-77.69,205.4,2005,1,19,19,17,28.0
3.6,Mw,-2.51,-78.43,204.0,2005,1,20,6,46,36.0
4.0,Mw,-1.15,-81.18,33.0,2005,1,20,16,45,28.0
4.4,Mw,-1.16,-81.02,39.4,2005,1,20,19,7,18.0
3.5,Mw,0.97,-79.51,12.0,2005,1,20,20,19,24.0
3.2,Mw,-1.07,-81.2,5.0,2005,1,21,0,4,32.0
3.1,Mw,-0.87,-80.12,9.0,2005,1,21,0,54,46.0
5.4,Mw,-1.22,-80.94,12.0,2005,1,21,4,30,29.0
3.5,Mw,-1.03,-81.21,12.0,2005,1,21,6,54,25.0
4.3,Mw,-1.14,-80.95,42.4,2005,1,21,10,18,10.0
6.0,Mw,-1.16,-80.89,12.0,2005,1,21,13,44,14.0
4.7,Mw,-1.12,-80.88,49.5,2005,1,21,15,26,37.0
3.3,Mw,-1.09,-81.26,12.0,2005,1,21,15,38,38.0
4.4,Mw,-1.28,-80.81,48.4,2005,1,21,16,14,10.0
5.0,Mw,-1.14,-81.03,13.7,2005,1,21,16,46,1.0
3.5,Mw,-1.23,-81.2,12.0,2005,1,21,18,22,22.0
3.3,Mw,-1.27,-80.96,12.0,2005,1,21,19,25,16.0
3.4,Mw,-1.27,-80.67,12.0,2005,1,21,20,10,9.0
3.2,Mw,0.21,-78.8,94.5,2005,1,21,23,5,0.0
4.6,Mw,-1.09,-80.75,46.0,2005,1,22,0,16,45.0
3.5,Mw,-1.17,-81.26,12.0,2005,1,22,0,37,7.0
5.1,Mw,-1.17,-80.88,18.5,2005,1,22,1,12,13.0
3.3,Mw,-1.03,-80.8,12.0,2005,1,22,5,0,9.0
4.1,Mw,-1.27,-81.18,12.0,2005,1,22,5,54,31.0
3.5,Mw,-0.88,-81.14,12.0,2005,1,22,6,3,16.0
3.3,Mw,-1.6,-81.09,12.0,2005,1,22,6,7,3.0
3.8,Mw,-1.04,-80.98,12.0,2005,1,22,8,10,32.0
4.7,Mw,0.66,-80.33,24.8,2005,1,22,17,15,40.0
3.4,Mw,-1.09,-81.07,12.0,2005,1,22,17,47,30.0
4.3,Mw,0.58,-80.43,5.6,2005,1,22,18,52,36.0
3.5,Mw,-0.89,-80.88,2.9,2005,1,22,19,58,24.0
3.5,Mw,-1.14,-80.92,3.7,2005,1,22,20,14,35.0
3.9,Mw,-1.13,-80.93,6.0,2005,1,22,20,25,37.0
3.9,Mw,-1.31,-80.85,11.8,2005,1,22,22,5,39.0
3.8,Mw,-0.98,-80.9,4.6,2005,1,22,22,33,23.0
3.4,Mw,-1.1,-80.89,6.5,2005,1,23,2,34,2.0
3.2,Mw,-1.04,-80.63,3.0,2005,1,23,2,36,25.0
3.5,Mw,-1.02,-80.87,4.0,2005,1,23,3,27,28.0
3.9,Mw,-0.88,-80.94,4.9,2005,1,23,5,24,2.0
3.5,Mw,-1.38,-81.13,12.0,2005,1,23,6,15,23.0
3.0,Mw,0.3,-80.07,12.0,2005,1,23,8,30,3.0
3.7,Mw,-1.05,-80.87,8.3,2005,1,23,9,18,36.0
3.7,Mw,-1.25,-80.73,10.3,2005,1,23,9,50,27.0
4.0,Mw,-0.98,-80.99,4.0,2005,1,23,10,0,0.0
5.0,Mw,-1.15,-80.98,11.0,2005,1,23,10,6,1.0
3.7,Mw,-1.01,-80.91,3.6,2005,1,23,13,23,48.0
3.1,Mw,-0.73,-78.64,18.35,2005,1,23,15,17,21.0
3.4,Mw,-1.22,-80.79,7.0,2005,1,23,16,9,40.0
4.0,Mw,-1.15,-81.0,5.5,2005,1,23,17,6,8.0
3.8,Mw,-0.92,-80.98,6.1,2005,1,23,18,25,27.0
3.4,Mw,-1.08,-80.58,2.3,2005,1,24,0,44,3.0
3.3,Mw,-1.31,-80.99,3.7,2005,1,24,1,7,8.0
3.3,Mw,-1.48,-81.03,12.0,2005,1,24,2,43,20.0
3.6,Mw,-1.11,-81.25,10.0,2005,1,24,3,51,3.0
4.0,Mw,-1.46,-80.88,12.0,2005,1,24,4,48,59.0
5.6,Mw,-2.45,-80.86,16.0,2005,1,24,6,11,48.0
3.2,Mw,-2.12,-80.54,12.0,2005,1,24,6,32,54.0
3.6,Mw,-2.16,-80.62,12.0,2005,1,24,8,54,32.0
4.0,Mw,-0.98,-80.81,4.6,2005,1,24,12,59,4.0
3.1,Mw,-1.26,-80.5,12.0,2005,1,24,13,31,4.0
3.5,Mw,-2.54,-80.47,12.0,2005,1,24,14,50,9.0
4.4,Mw,-3.45,-77.76,114.1,2005,1,24,15,1,56.0
3.5,Mw,-0.88,-80.87,2.9,2005,1,24,16,42,49.0
3.2,Mw,0.7,-78.35,1.6,2005,1,24,17,26,2.0
3.6,Mw,-1.52,-81.28,12.0,2005,1,24,19,4,10.0
3.3,Mw,-1.17,-80.82,4.7,2005,1,24,21,50,7.0
3.9,Mw,-1.56,-80.64,41.1,2005,1,24,23,18,28.0
6.1,Mw,-1.28,-80.85,6.6,2005,1,24,23,23,12.0
5.8,Mw,-1.39,-80.92,31.4,2005,1,24,23,26,53.0
3.8,Mw,-1.63,-81.08,10.0,2005,1,24,23,37,58.0
4.0,Mw,-3.66,-80.09,33.0,2005,1,24,23,38,27.0
3.4,Mw,-1.26,-80.89,3.7,2005,1,24,23,42,43.0
3.5,Mw,-1.44,-81.32,12.0,2005,1,24,23,46,42.0
3.6,Mw,-1.35,-81.12,12.0,2005,1,24,23,49,40.0
5.1,Mw,-1.47,-81.27,22.03,2005,1,24,23,59,27.0
3.7,Mw,-1.41,-81.03,12.0,2005,1,25,0,4,21.0
3.4,Mw,-1.35,-81.15,17.43,2005,1,25,0,8,29.0
3.4,Mw,-1.34,-80.95,4.9,2005,1,25,0,19,46.0
3.5,Mw,-1.29,-80.87,4.3,2005,1,25,0,22,57.0
3.7,Mw,-1.51,-81.28,5.02,2005,1,25,0,31,46.0
3.2,Mw,-1.26,-80.91,4.8,2005,1,25,0,37,35.0
3.8,Mw,-1.23,-80.76,5.8,2005,1,25,0,59,2.0
4.1,Mw,-1.37,-80.89,5.9,2005,1,25,1,20,54.0
3.9,Mw,-1.35,-80.97,6.3,2005,1,25,1,30,1.0
3.4,Mw,-1.28,-80.89,5.1,2005,1,25,1,37,55.0
3.3,Mw,-1.73,-81.19,12.0,2005,1,25,1,41,12.0
3.4,Mw,-1.39,-80.93,5.5,2005,1,25,1,43,51.0
3.5,Mw,-1.46,-80.97,12.0,2005,1,25,1,45,49.0
3.3,Mw,-1.27,-80.79,4.1,2005,1,25,1,58,9.0
3.0,Mw,-1.26,-80.96,6.2,2005,1,25,2,1,27.0
3.5,Mw,-1.4,-81.3,15.27,2005,1,25,2,16,12.0
4.1,Mw,-1.47,-81.05,7.5,2005,1,25,2,45,37.0
4.0,Mw,-1.37,-80.74,8.4,2005,1,25,2,51,12.0
3.6,Mw,-1.49,-81.21,8.97,2005,1,25,2,56,25.0
4.1,Mw,-1.63,-81.23,5.0,2005,1,25,3,7,6.0
3.4,Mw,-1.78,-81.12,12.0,2005,1,25,3,48,16.0
3.8,Mw,-1.35,-80.91,7.6,2005,1,25,3,54,12.0
3.5,Mw,-1.13,-80.96,6.1,2005,1,25,4,33,24.0
3.1,Mw,-1.46,-81.04,12.0,2005,1,25,4,36,27.0
3.8,Mw,-1.33,-80.86,5.2,2005,1,25,5,5,23.0
3.3,Mw,-1.44,-81.27,12.0,2005,1,25,5,46,14.0
3.5,Mw,-1.24,-80.85,6.6,2005,1,25,5,51,16.0
4.0,Mw,-1.47,-80.81,33.0,2005,1,25,6,11,58.0
3.4,Mw,-1.47,-81.23,12.0,2005,1,25,6,24,39.0
3.1,Mw,-1.31,-80.95,11.25,2005,1,25,6,32,23.0
3.7,Mw,-1.42,-80.95,5.0,2005,1,25,7,9,12.0
3.4,Mw,-1.31,-81.03,1.8,2005,1,25,8,8,0.0
3.6,Mw,-1.36,-81.04,5.9,2005,1,25,8,24,10.0
3.4,Mw,-1.43,-81.03,19.76,2005,1,25,9,33,35.0
3.7,Mw,-1.32,-80.96,6.2,2005,1,25,9,46,17.0
3.2,Mw,-1.38,-81.24,12.0,2005,1,25,10,5,32.0
4.0,Mw,-1.37,-81.0,6.3,2005,1,25,10,28,1.0
3.8,Mw,-1.44,-81.14,18.5,2005,1,25,10,34,17.0
3.7,Mw,-1.56,-81.05,12.0,2005,1,25,11,2,44.0
3.5,Mw,-1.63,-81.17,14.0,2005,1,25,11,40,8.0
3.7,Mw,-1.43,-81.04,2.7,2005,1,25,11,42,28.0
4.0,Mw,-1.34,-80.68,6.5,2005,1,25,11,52,54.0
3.4,Mw,-1.35,-80.99,4.0,2005,1,25,12,23,34.0
3.4,Mw,-1.29,-80.81,10.1,2005,1,25,12,39,52.0
3.6,Mw,-1.75,-81.2,12.0,2005,1,25,13,42,56.0
3.3,Mw,-1.39,-81.18,7.36,2005,1,25,14,3,9.0
3.1,Mw,-1.37,-81.16,14.5,2005,1,25,14,36,32.0
3.8,Mw,-1.41,-80.89,7.8,2005,1,25,14,48,24.0
3.2,Mw,-1.26,-80.92,5.4,2005,1,25,15,14,2.0
3.2,Mw,-1.25,-80.95,4.3,2005,1,25,15,23,5.0
3.2,Mw,-1.26,-80.87,6.5,2005,1,25,16,27,53.0
3.2,Mw,-1.39,-80.88,4.5,2005,1,25,16,31,55.0
3.3,Mw,-1.41,-81.04,2.0,2005,1,25,17,7,37.0
3.2,Mw,-1.31,-80.94,5.6,2005,1,25,17,46,39.0
3.2,Mw,-1.96,-81.11,12.0,2005,1,25,19,5,45.0
3.2,Mw,-1.35,-80.89,12.0,2005,1,25,19,20,11.0
3.3,Mw,-1.2,-80.82,7.0,2005,1,25,21,33,40.0
3.2,Mw,-1.28,-80.74,2.9,2005,1,25,21,45,14.0
4.0,Mw,-1.39,-80.78,3.0,2005,1,25,22,0,32.0
3.7,Mw,-1.44,-80.9,4.2,2005,1,25,22,7,31.0
3.5,Mw,-1.5,-81.12,17.27,2005,1,25,22,22,49.0
3.6,Mw,-1.39,-80.8,6.0,2005,1,26,0,0,1.0
3.4,Mw,-1.46,-81.07,3.0,2005,1,26,0,25,45.0
3.5,Mw,-1.38,-81.23,12.0,2005,1,26,0,47,0.0
3.3,Mw,-1.54,-81.24,12.0,2005,1,26,2,10,37.0
3.8,Mw,-1.46,-80.97,4.0,2005,1,26,4,33,25.0
3.4,Mw,-1.25,-80.78,6.9,2005,1,26,4,40,49.0
3.5,Mw,-1.39,-81.03,2.4,2005,1,26,5,7,8.0
3.3,Mw,-0.9,-80.87,2.6,2005,1,26,7,13,46.0
3.7,Mw,-1.13,-80.68,10.6,2005,1,26,8,21,43.0
3.6,Mw,-1.42,-80.86,2.9,2005,1,26,8,33,26.0
4.0,Mw,-1.14,-80.88,7.6,2005,1,26,9,7,1.0
3.2,Mw,-1.42,-80.88,3.0,2005,1,26,9,27,40.0
3.4,Mw,-1.45,-80.97,2.4,2005,1,26,10,39,23.0
3.5,Mw,-1.15,-80.96,5.8,2005,1,26,10,50,10.0
3.5,Mw,-1.46,-81.07,2.3,2005,1,26,12,26,49.0
3.6,Mw,-1.2,-81.16,16.0,2005,1,26,13,50,13.0
3.5,Mw,-2.43,-81.12,16.0,2005,1,26,15,57,3.0
3.7,Mw,-1.43,-80.89,5.8,2005,1,26,20,50,37.0
3.0,Mw,-1.56,-81.26,12.0,2005,1,27,2,44,59.0
3.5,Mw,-1.12,-80.92,9.1,2005,1,27,2,56,51.0
3.5,Mw,-1.44,-80.98,5.9,2005,1,27,8,3,21.0
3.3,Mw,-1.55,-81.15,12.0,2005,1,27,8,10,15.0
3.9,Mw,-1.69,-81.32,8.8,2005,1,27,10,18,44.0
3.6,Mw,-1.5,-81.33,18.73,2005,1,27,13,21,43.0
3.0,Mw,-1.48,-81.23,5.42,2005,1,27,13,28,9.0
3.7,Mw,-1.12,-81.03,6.4,2005,1,27,14,1,52.0
3.3,Mw,-1.42,-80.88,4.9,2005,1,27,15,16,22.0
3.2,Mw,-1.39,-81.25,12.0,2005,1,27,16,51,51.0
3.4,Mw,-1.47,-81.07,12.0,2005,1,27,17,4,16.0
3.5,Mw,-1.45,-80.9,7.1,2005,1,27,17,32,1.0
4.0,Mw,-1.06,-80.83,8.1,2005,1,27,18,14,10.0
3.6,Mw,-1.42,-80.92,5.8,2005,1,27,19,37,3.0
3.7,Mw,-1.45,-80.89,7.0,2005,1,27,20,55,15.0
3.9,Mw,-1.5,-80.96,5.4,2005,1,27,21,11,24.0
3.6,Mw,-1.2,-81.05,8.9,2005,1,27,22,5,15.0
3.3,Mw,-0.89,-81.17,10.11,2005,1,27,22,56,52.0
3.3,Mw,-1.16,-80.55,1.7,2005,1,27,23,38,5.0
3.1,Mw,-1.6,-81.25,12.0,2005,1,28,0,4,26.0
3.6,Mw,-1.44,-80.85,5.0,2005,1,28,0,27,35.0
3.4,Mw,-1.28,-80.97,5.0,2005,1,28,0,42,39.0
3.5,Mw,-1.22,-80.82,8.9,2005,1,28,4,49,57.0
3.6,Mw,-1.22,-80.77,15.3,2005,1,28,5,45,40.0
3.4,Mw,-1.67,-81.33,14.58,2005,1,28,6,58,37.0
3.9,Mw,-0.88,-80.81,3.5,2005,1,28,7,56,18.0
3.5,Mw,-1.29,-80.75,5.2,2005,1,28,8,16,57.0
3.3,Mw,-1.27,-80.82,7.4,2005,1,28,8,18,48.0
3.5,Mw,-0.9,-80.83,2.5,2005,1,28,8,35,45.0
6.0,Mw,-1.19,-81.33,12.0,2005,1,28,9,26,18.0
3.5,Mw,-0.92,-81.08,12.0,2005,1,28,9,41,49.0
3.4,Mw,-0.98,-80.87,2.2,2005,1,28,10,48,31.0
3.4,Mw,-0.99,-80.95,4.6,2005,1,28,12,3,7.0
3.3,Mw,-1.04,-81.02,7.5,2005,1,28,12,56,47.0
3.5,Mw,-1.01,-80.88,7.2,2005,1,28,13,47,43.0
3.8,Mw,-0.98,-80.88,4.4,2005,1,28,14,38,28.0
3.4,Mw,-0.94,-80.74,1.9,2005,1,28,15,45,28.0
5.9,Mw,-0.87,-80.88,7.1,2005,1,28,15,46,40.0
3.2,Mw,-0.88,-80.88,3.2,2005,1,28,16,10,41.0
3.4,Mw,-0.96,-80.83,2.7,2005,1,28,16,13,59.0
3.5,Mw,-0.95,-80.91,2.4,2005,1,28,16,22,43.0
3.4,Mw,-1.39,-80.9,6.1,2005,1,28,16,34,51.0
3.1,Mw,-1.09,-81.03,5.4,2005,1,28,17,12,18.0
3.5,Mw,-0.98,-80.83,3.4,2005,1,28,20,23,9.0
3.6,Mw,-0.74,-81.15,10.98,2005,1,28,21,3,1.0
3.5,Mw,-1.01,-80.89,3.0,2005,1,28,21,11,43.0
3.8,Mw,-1.04,-80.84,5.7,2005,1,28,21,27,33.0
3.6,Mw,-2.6,-78.28,225.0,2005,1,28,22,12,16.0
3.7,Mw,-0.84,-80.82,1.9,2005,1,29,0,31,6.0
3.8,Mw,-0.99,-80.87,4.9,2005,1,29,1,6,31.0
3.4,Mw,-1.07,-80.85,2.9,2005,1,29,1,11,15.0
3.6,Mw,-1.43,-81.15,6.2,2005,1,29,1,16,35.0
3.4,Mw,0.49,-79.95,17.9,2005,1,29,1,55,33.0
3.2,Mw,-1.51,-81.28,8.87,2005,1,29,3,33,7.0
3.8,Mw,-1.06,-80.87,5.7,2005,1,29,4,0,11.0
3.6,Mw,-1.02,-80.79,3.5,2005,1,29,4,14,31.0
3.8,Mw,-1.07,-80.86,2.7,2005,1,29,4,24,10.0
3.6,Mw,-0.96,-80.77,8.1,2005,1,29,7,30,55.0
3.4,Mw,-0.88,-81.15,12.54,2005,1,29,8,16,29.0
3.3,Mw,-0.91,-80.86,2.3,2005,1,29,9,29,55.0
3.3,Mw,-0.9,-80.91,1.4,2005,1,29,10,29,0.0
3.4,Mw,-1.28,-80.82,2.0,2005,1,29,10,36,37.0
3.4,Mw,-0.92,-80.87,4.0,2005,1,29,11,0,15.0
3.4,Mw,-1.25,-80.88,4.7,2005,1,29,12,0,20.0
3.9,Mw,-1.48,-80.94,3.7,2005,1,29,12,11,27.0
3.5,Mw,-0.99,-80.95,5.0,2005,1,29,13,10,3.0
3.5,Mw,-1.03,-80.86,3.8,2005,1,29,13,11,26.0
3.8,Mw,-2.37,-80.56,14.0,2005,1,29,13,56,50.0
3.4,Mw,-1.02,-80.87,5.3,2005,1,29,15,2,43.0
3.8,Mw,-1.48,-80.99,3.7,2005,1,29,16,4,18.0
3.4,Mw,-2.5,-77.82,12.0,2005,1,29,16,21,54.0
3.5,Mw,-0.9,-80.87,2.5,2005,1,29,16,33,31.0
3.4,Mw,-1.47,-80.96,2.8,2005,1,29,16,36,25.0
3.3,Mw,-0.88,-81.21,6.28,2005,1,29,18,14,46.0
3.8,Mw,-1.23,-80.88,3.2,2005,1,29,20,42,55.0
3.3,Mw,-1.41,-80.89,1.7,2005,1,29,20,48,17.0
3.8,Mw,-1.15,-80.9,9.0,2005,1,29,22,47,50.0
3.4,Mw,-0.94,-80.84,5.7,2005,1,29,23,27,32.0
3.8,Mw,-0.99,-80.97,4.9,2005,1,29,23,47,53.0
3.5,Mw,-1.01,-80.84,1.8,2005,1,30,0,40,2.0
3.5,Mw,-1.36,-80.82,2.8,2005,1,30,1,48,36.0
3.1,Mw,-0.9,-80.83,2.5,2005,1,30,2,52,28.0
3.6,Mw,-1.43,-80.92,3.6,2005,1,30,5,0,29.0
3.5,Mw,-1.45,-80.93,5.6,2005,1,30,5,32,0.0
3.8,Mw,-1.47,-80.96,5.4,2005,1,30,5,47,4.0
3.2,Mw,-0.8,-80.83,2.5,2005,1,30,6,7,57.0
4.5,Mw,-0.8,-80.98,3.2,2005,1,30,6,49,23.0
3.3,Mw,-1.59,-81.19,15.52,2005,1,30,7,0,7.0
5.7,Mw,-0.81,-80.81,3.4,2005,1,30,7,6,42.0
3.4,Mw,-0.81,-80.84,1.1,2005,1,30,7,16,31.0
3.4,Mw,-1.07,-80.75,4.6,2005,1,30,8,24,47.0
3.3,Mw,-1.08,-81.06,12.0,2005,1,30,9,28,24.0
3.5,Mw,-1.32,-81.28,5.16,2005,1,30,9,47,47.0
4.4,Mw,-0.95,-80.79,12.2,2005,1,30,11,37,36.0
3.2,Mw,-1.01,-80.75,2.3,2005,1,30,12,14,28.0
3.5,Mw,-1.19,-81.25,12.58,2005,1,30,12,24,26.0
3.6,Mw,-0.9,-80.79,5.2,2005,1,30,13,9,0.0
3.2,Mw,-0.87,-80.84,2.5,2005,1,30,13,16,1.0
3.2,Mw,-0.98,-80.88,3.1,2005,1,30,13,42,52.0
3.4,Mw,-0.94,-80.88,1.0,2005,1,30,14,11,53.0
3.4,Mw,-0.96,-81.22,7.08,2005,1,30,15,17,36.0
3.7,Mw,-0.79,-80.83,0.4,2005,1,30,15,45,45.0
3.5,Mw,-0.77,-80.98,2.1,2005,1,30,16,20,55.0
3.7,Mw,-0.82,-80.85,2.4,2005,1,30,16,41,33.0
3.4,Mw,-0.97,-80.85,5.9,2005,1,30,17,34,36.0
3.3,Mw,-0.89,-80.84,0.9,2005,1,30,17,44,51.0
3.4,Mw,-0.99,-80.88,5.9,2005,1,30,18,17,7.0
4.6,Mw,-0.84,-80.79,5.4,2005,1,30,18,19,59.0
3.3,Mw,-0.79,-81.0,9.65,2005,1,30,18,37,1.0
3.2,Mw,-0.96,-80.86,2.7,2005,1,30,19,20,42.0
3.8,Mw,-1.18,-80.99,5.9,2005,1,30,19,34,5.0
3.7,Mw,-0.89,-80.79,5.4,2005,1,30,19,51,5.0
3.6,Mw,-0.87,-80.82,0.3,2005,1,30,20,8,14.0
3.6,Mw,-1.21,-80.99,9.0,2005,1,30,20,53,59.0
4.0,Mw,-0.86,-80.87,5.4,2005,1,30,20,58,49.0
3.6,Mw,-0.83,-80.85,1.7,2005,1,30,21,2,31.0
3.2,Mw,-0.77,-81.03,12.0,2005,1,30,21,21,54.0
3.3,Mw,-1.36,-80.99,7.3,2005,1,30,22,24,31.0
3.4,Mw,-0.87,-80.91,0.4,2005,1,30,22,42,57.0
3.8,Mw,-1.28,-80.92,2.2,2005,1,30,23,30,53.0
3.2,Mw,-1.18,-80.85,6.1,2005,1,30,23,39,19.0
3.1,Mw,-1.28,-80.89,4.3,2005,1,30,23,55,50.0
3.2,Mw,-1.08,-80.76,10.2,2005,1,31,0,20,49.0
3.3,Mw,-1.58,-81.17,12.0,2005,1,31,0,41,13.0
3.0,Mw,-1.03,-80.86,1.7,2005,1,31,0,43,31.0
3.3,Mw,-0.8,-80.84,1.0,2005,1,31,1,19,37.0
3.8,Mw,-1.21,-80.77,3.0,2005,1,31,1,33,15.0
3.5,Mw,-1.32,-80.97,3.9,2005,1,31,1,47,36.0
3.6,Mw,-1.26,-80.81,2.2,2005,1,31,2,33,40.0
3.6,Mw,-1.28,-80.98,3.6,2005,1,31,2,49,6.0
3.6,Mw,-1.39,-81.02,3.2,2005,1,31,3,1,52.0
3.1,Mw,-0.99,-80.85,1.6,2005,1,31,3,29,38.0
3.0,Mw,-1.01,-80.78,3.5,2005,1,31,3,38,1.0
4.0,Mw,0.74,-80.58,19.32,2005,1,31,4,26,52.0
3.8,Mw,-1.36,-80.88,7.6,2005,1,31,4,58,0.0
4.1,Mw,-1.11,-80.56,14.0,2005,1,31,5,3,11.0
3.8,Mw,-1.25,-80.87,2.8,2005,1,31,5,13,15.0
3.1,Mw,-0.93,-81.06,12.15,2005,1,31,6,58,47.0
3.9,Mw,-1.18,-81.02,8.6,2005,1,31,8,0,45.0
3.4,Mw,-1.46,-80.95,5.9,2005,1,31,8,58,15.0
3.5,Mw,-1.16,-80.87,9.7,2005,1,31,11,26,35.0
3.6,Mw,-1.23,-80.87,3.0,2005,1,31,11,40,50.0
3.0,Mw,-1.23,-80.82,5.8,2005,1,31,11,50,55.0
3.8,Mw,-1.15,-81.13,12.84,2005,1,31,12,2,26.0
3.3,Mw,-0.88,-80.81,1.9,2005,1,31,13,14,52.0
3.4,Mw,-1.39,-80.93,2.1,2005,1,31,16,54,2.0
3.4,Mw,-1.31,-80.91,4.4,2005,1,31,18,33,35.0
3.0,Mw,-1.08,-80.72,4.4,2005,1,31,22,28,44.0
3.4,Mw,-1.47,-80.93,12.0,2005,1,31,23,58,17.0
4.1,Mw,-1.22,-80.8,11.6,2005,2,1,1,27,29.0
4.0,Mw,-1.3,-80.8,12.4,2005,2,1,1,56,26.0
3.4,Mw,-1.33,-80.96,3.5,2005,2,1,2,1,52.0
3.6,Mw,-0.73,-80.83,0.6,2005,2,1,4,28,12.0
3.6,Mw,-1.23,-80.83,2.4,2005,2,1,4,58,16.0
4.4,Mw,-0.87,-80.83,3.3,2005,2,1,6,39,57.0
3.2,Mw,-0.88,-80.82,0.1,2005,2,1,6,52,25.0
3.6,Mw,-1.38,-80.86,5.7,2005,2,1,15,42,43.0
3.4,Mw,-1.44,-81.31,5.0,2005,2,1,23,19,16.0
3.0,Mw,-1.04,-80.76,4.1,2005,2,2,4,10,41.0
3.4,Mw,-0.86,-80.95,2.5,2005,2,2,4,12,3.0
3.6,Mw,-1.39,-80.85,1.6,2005,2,2,6,24,44.0
3.4,Mw,-1.55,-80.99,11.41,2005,2,2,8,25,16.0
3.5,Mw,-0.74,-80.01,28.14,2005,2,2,13,8,22.0
3.3,Mw,-0.87,-81.18,6.94,2005,2,2,13,17,45.0
3.3,Mw,-0.39,-77.51,21.1,2005,2,2,15,31,53.0
3.8,Mw,-0.83,-80.89,3.1,2005,2,2,16,37,26.0
3.9,Mw,-1.42,-81.18,28.09,2005,2,2,23,40,48.0
4.2,Mw,-0.86,-80.77,6.5,2005,2,3,2,43,28.0
3.9,Mw,-1.45,-81.03,9.1,2005,2,3,7,42,41.0
4.1,Mw,-1.37,-81.16,12.0,2005,2,3,7,58,26.0
3.6,Mw,-1.42,-81.06,3.1,2005,2,3,8,45,36.0
3.3,Mw,-1.38,-81.11,5.8,2005,2,4,2,42,47.0
3.3,Mw,-1.58,-80.99,12.0,2005,2,4,2,47,6.0
3.0,Mw,-1.46,-81.09,18.76,2005,2,4,4,55,36.0
3.4,Mw,-1.93,-78.01,152.5,2005,2,4,6,11,26.0
3.7,Mw,-2.25,-78.96,12.0,2005,2,4,14,17,23.0
3.1,Mw,-2.13,-77.42,12.0,2005,2,4,22,3,9.0
3.9,Mw,-0.71,-80.93,2.6,2005,2,5,7,17,7.0
3.3,Mw,-0.43,-78.94,13.9,2005,2,5,11,7,38.0
3.6,Mw,-1.05,-78.23,8.5,2005,2,7,7,24,50.0
3.5,Mw,-1.29,-80.96,5.1,2005,2,7,12,44,38.0
3.5,Mw,-1.06,-78.2,0.0,2005,2,7,22,46,39.0
3.2,Mw,-1.05,-78.31,8.4,2005,2,8,20,44,47.0
3.6,Mw,-1.05,-78.28,7.2,2005,2,8,20,46,27.0
3.6,Mw,-1.04,-78.33,10.0,2005,2,8,20,50,37.0
3.4,Mw,-1.16,-78.39,10.6,2005,2,9,14,38,59.0
3.6,Mw,-1.5,-81.05,22.85,2005,2,9,23,9,35.0
3.2,Mw,0.05,-78.44,12.0,2005,2,10,11,40,18.0
3.5,Mw,0.17,-80.02,11.5,2005,2,11,7,36,23.0
3.8,Mw,-1.64,-80.73,12.0,2005,2,11,8,5,16.0
3.8,Mw,-1.39,-81.3,5.0,2005,2,12,4,36,38.0
3.3,Mw,-1.66,-81.23,12.0,2005,2,12,17,55,48.0
3.0,Mw,-1.05,-78.25,13.51,2005,2,12,19,41,30.0
3.3,Mw,-2.79,-78.24,12.0,2005,2,12,20,0,21.0
3.8,Mw,-1.09,-81.2,5.0,2005,2,13,6,1,36.0
3.0,Mw,-1.22,-79.66,21.95,2005,2,13,20,27,42.0
3.2,Mw,-1.04,-78.34,10.1,2005,2,14,0,52,13.0
3.9,Mw,-1.54,-80.98,51.2,2005,2,15,2,27,53.0
3.8,Mw,-1.57,-81.16,12.0,2005,2,15,4,19,0.0
3.4,Mw,-1.01,-80.82,3.0,2005,2,15,18,0,54.0
3.2,Mw,-1.13,-80.77,5.9,2005,2,15,22,14,7.0
3.5,Mw,-1.24,-81.18,12.0,2005,2,15,22,20,13.0
3.2,Mw,-1.55,-81.06,8.98,2005,2,15,23,13,36.0
3.5,Mw,-1.35,-80.91,6.2,2005,2,16,3,47,25.0
3.4,Mw,-1.44,-81.18,10.98,2005,2,16,4,28,4.0
3.3,Mw,-1.26,-80.98,1.2,2005,2,16,4,53,24.0
3.3,Mw,-1.48,-81.21,8.89,2005,2,16,6,14,43.0
3.7,Mw,-1.39,-80.94,5.7,2005,2,16,6,29,28.0
4.3,Mw,-1.16,-81.15,10.3,2005,2,16,9,0,2.0
3.3,Mw,-1.02,-80.87,3.3,2005,2,16,9,17,53.0
3.4,Mw,-1.33,-80.95,5.2,2005,2,16,10,8,29.0
3.4,Mw,-1.33,-80.94,4.4,2005,2,16,10,17,12.0
3.4,Mw,-1.35,-80.97,3.7,2005,2,16,11,57,57.0
3.7,Mw,-1.04,-80.86,3.2,2005,2,16,12,21,7.0
3.7,Mw,-1.26,-80.92,4.1,2005,2,16,13,1,15.0
3.3,Mw,-1.03,-80.85,2.8,2005,2,16,15,14,51.0
3.9,Mw,-1.36,-80.93,6.5,2005,2,16,15,37,21.0
3.2,Mw,-1.45,-81.29,9.11,2005,2,16,15,51,55.0
4.1,Mw,-1.19,-81.22,13.98,2005,2,16,18,16,44.0
3.4,Mw,-0.98,-80.88,4.0,2005,2,16,18,43,10.0
3.6,Mw,-1.47,-80.98,3.4,2005,2,16,20,10,45.0
3.2,Mw,-1.45,-81.1,0.1,2005,2,16,20,30,15.0
3.5,Mw,0.21,-79.79,17.2,2005,2,16,21,29,55.0
4.2,Mw,-1.16,-81.13,3.4,2005,2,17,2,34,25.0
3.8,Mw,-0.77,-80.88,2.9,2005,2,17,2,54,16.0
4.3,Mw,-1.16,-81.09,10.0,2005,2,17,8,12,17.0
3.7,Mw,-0.98,-80.9,3.4,2005,2,17,10,11,39.0
3.4,Mw,-1.16,-81.19,2.89,2005,2,17,11,3,1.0
3.3,Mw,-1.28,-80.77,2.8,2005,2,17,12,1,18.0
3.7,Mw,-1.29,-80.78,3.1,2005,2,17,16,32,11.0
5.5,Mw,-1.76,-81.14,14.0,2005,2,17,20,42,58.0
3.4,Mw,-1.28,-80.92,2.2,2005,2,17,21,13,23.0
3.2,Mw,-0.96,-80.76,3.2,2005,2,17,21,59,33.0
4.2,Mw,-0.9,-81.3,8.7,2005,2,17,23,40,28.0
3.1,Mw,-1.2,-80.15,12.0,2005,2,18,10,2,25.0
3.2,Mw,-1.43,-81.3,17.34,2005,2,18,14,14,17.0
3.3,Mw,-2.09,-78.25,28.5,2005,2,18,22,47,22.0
3.7,Mw,-1.49,-80.88,73.0,2005,2,19,6,15,45.0
3.0,Mw,-1.49,-79.62,107.4,2005,2,19,7,22,26.0
3.7,Mw,-2.27,-77.58,112.1,2005,2,19,10,30,42.0
3.4,Mw,-1.47,-77.98,170.5,2005,2,20,7,46,4.0
3.2,Mw,-2.6,-78.93,127.4,2005,2,21,1,14,19.0
3.8,Mw,-2.09,-79.08,0.1,2005,2,21,6,19,20.0
3.2,Mw,-2.16,-78.87,12.0,2005,2,21,7,21,23.0
3.3,Mw,-1.41,-78.11,163.0,2005,2,21,13,44,13.0
3.3,Mw,-1.48,-81.0,12.0,2005,2,21,15,28,28.0
3.8,Mw,-0.99,-80.89,3.8,2005,2,21,17,54,32.0
3.0,Mw,-1.75,-78.76,9.15,2005,2,22,6,34,57.0
3.7,Mw,-2.56,-80.63,88.6,2005,2,22,7,14,4.0
3.4,Mw,-1.26,-80.9,2.1,2005,2,22,19,37,58.0
3.4,Mw,-1.89,-79.81,20.63,2005,2,23,10,59,30.0
3.6,Mw,-1.3,-81.21,12.0,2005,2,23,11,8,25.0
3.5,Mw,-2.99,-81.23,12.0,2005,2,23,17,50,50.0
4.4,Mw,-4.74,-76.95,115.7,2005,2,24,1,23,23.0
3.2,Mw,-1.72,-79.2,8.84,2005,2,24,19,49,29.0
3.3,Mw,-1.23,-80.77,5.2,2005,2,24,20,26,10.0
3.5,Mw,-1.48,-81.13,12.7,2005,2,24,22,39,45.0
3.4,Mw,-0.85,-80.91,16.2,2005,2,26,21,34,0.0
3.2,Mw,-0.77,-80.82,7.2,2005,2,27,1,5,43.0
3.4,Mw,-1.31,-80.89,2.7,2005,2,27,2,32,23.0
3.1,Mw,-0.81,-80.0,12.0,2005,2,28,5,33,18.0
3.7,Mw,-1.54,-81.04,12.0,2005,2,28,10,3,25.0
3.5,Mw,-1.84,-78.03,174.7,2005,3,1,6,50,13.0
3.0,Mw,-1.05,-78.33,9.5,2005,3,1,15,5,3.0
3.5,Mw,-1.55,-78.0,192.6,2005,3,2,9,45,32.0
3.5,Mw,-1.46,-78.02,182.9,2005,3,2,15,5,33.0
3.9,Mw,-1.44,-78.03,172.0,2005,3,3,8,39,36.0
3.3,Mw,-1.47,-81.28,34.38,2005,3,3,18,54,40.0
3.1,Mw,-2.73,-77.95,12.0,2005,3,5,6,37,37.0
3.1,Mw,-1.75,-77.3,12.0,2005,3,6,13,38,50.0
3.0,Mw,-0.29,-77.53,30.98,2005,3,6,16,58,5.0
3.5,Mw,-2.35,-78.02,10.0,2005,3,6,22,25,37.0
3.6,Mw,-0.83,-79.42,13.78,2005,3,7,10,49,37.0
3.0,Mw,-0.05,-79.58,18.14,2005,3,7,11,51,20.0
3.0,Mw,-0.87,-79.22,69.6,2005,3,7,14,22,40.0
3.8,Mw,-1.48,-81.05,1.4,2005,3,9,0,47,15.0
4.0,Mw,-6.23,-75.81,33.0,2005,3,9,0,53,52.0
3.1,Mw,-2.58,-78.41,12.0,2005,3,9,8,30,20.0
3.0,Mw,-1.11,-79.33,70.9,2005,3,9,10,41,29.0
3.3,Mw,-1.44,-81.07,3.7,2005,3,9,12,0,8.0
3.8,Mw,-0.33,-80.99,4.5,2005,3,10,3,40,1.0
3.4,Mw,-0.24,-80.98,32.0,2005,3,10,5,36,31.0
3.5,Mw,0.63,-79.15,15.7,2005,3,11,0,19,52.0
3.3,Mw,-1.2,-78.36,3.9,2005,3,11,4,8,17.0
3.5,Mw,-1.4,-78.15,148.2,2005,3,11,22,28,30.0
3.0,Mw,-1.07,-78.34,5.6,2005,3,12,9,56,59.0
3.3,Mw,-1.27,-80.49,12.0,2005,3,14,9,48,45.0
3.2,Mw,-1.93,-77.48,12.0,2005,3,15,3,22,20.0
3.3,Mw,-1.45,-80.97,1.8,2005,3,15,9,14,43.0
3.8,Mw,-1.05,-78.25,9.8,2005,3,16,6,17,55.0
3.2,Mw,-1.04,-78.27,9.7,2005,3,16,6,26,12.0
3.3,Mw,-1.05,-78.21,1.8,2005,3,16,6,44,6.0
3.5,Mw,-1.04,-78.29,4.6,2005,3,16,14,52,51.0
3.2,Mw,-1.02,-78.34,11.5,2005,3,16,15,29,12.0
3.0,Mw,-1.9,-77.23,12.0,2005,3,16,20,52,59.0
3.2,Mw,-1.51,-77.85,206.7,2005,3,16,20,55,52.0
3.7,Mw,-0.08,-79.92,15.98,2005,3,17,14,0,46.0
3.5,Mw,-2.38,-79.67,26.35,2005,3,18,0,48,23.0
3.7,Mw,-1.03,-78.3,10.2,2005,3,18,6,40,9.0
3.0,Mw,-1.05,-78.29,14.86,2005,3,18,7,52,36.0
3.3,Mw,-1.04,-78.37,11.1,2005,3,18,12,48,2.0
3.5,Mw,-0.9,-79.34,12.0,2005,3,18,14,22,44.0
3.6,Mw,0.61,-79.23,6.0,2005,3,18,19,12,22.0
3.1,Mw,-1.08,-78.3,5.6,2005,3,19,2,46,24.0
3.2,Mw,-1.16,-78.38,8.2,2005,3,19,3,36,43.0
3.5,Mw,0.61,-79.16,9.3,2005,3,19,7,52,25.0
3.2,Mw,-1.04,-78.29,11.2,2005,3,19,9,7,1.0
3.9,Mw,-2.89,-81.03,12.0,2005,3,19,19,38,26.0
3.0,Mw,0.04,-79.9,37.0,2005,3,20,4,12,6.0
3.6,Mw,-1.18,-81.07,5.0,2005,3,20,13,36,10.0
3.4,Mw,-1.39,-81.04,12.0,2005,3,20,14,31,9.0
3.2,Mw,-1.03,-78.31,11.1,2005,3,20,16,56,12.0
3.6,Mw,-1.04,-78.29,9.0,2005,3,20,18,31,0.0
3.1,Mw,-1.04,-78.26,11.0,2005,3,20,20,38,31.0
3.4,Mw,-1.25,-81.03,12.0,2005,3,21,2,12,19.0
3.3,Mw,-1.05,-78.29,9.8,2005,3,21,4,46,55.0
3.3,Mw,-1.04,-78.32,9.7,2005,3,21,6,44,16.0
3.2,Mw,-0.81,-78.26,0.6,2005,3,21,8,44,11.0
3.0,Mw,-2.54,-79.57,12.0,2005,3,22,0,0,29.0
3.7,Mw,-2.48,-79.16,19.0,2005,3,22,11,33,37.0
3.2,Mw,-1.07,-78.22,2.1,2005,3,23,2,43,34.0
3.2,Mw,-1.33,-80.89,36.37,2005,3,23,3,9,6.0
3.0,Mw,-1.32,-78.13,6.0,2005,3,23,4,5,42.0
3.0,Mw,-1.05,-78.27,14.8,2005,3,23,5,10,4.0
3.3,Mw,-1.56,-78.25,152.1,2005,3,23,22,20,32.0
3.2,Mw,-2.15,-79.73,35.21,2005,3,23,23,53,7.0
3.0,Mw,-1.71,-77.75,16.0,2005,3,24,7,20,36.0
3.1,Mw,0.54,-80.32,7.0,2005,3,24,10,51,43.0
4.2,Mw,-2.34,-76.6,138.1,2005,3,26,6,31,22.0
3.1,Mw,-2.85,-77.94,12.0,2005,3,26,8,31,40.0
3.1,Mw,-0.93,-79.31,103.3,2005,3,26,9,10,23.0
3.3,Mw,-2.09,-80.04,12.0,2005,3,26,13,33,12.0
3.2,Mw,-1.03,-78.31,11.9,2005,3,26,17,23,43.0
3.1,Mw,-1.1,-80.08,12.0,2005,3,26,22,30,7.0
3.4,Mw,-1.59,-81.13,12.0,2005,3,26,22,31,41.0
3.5,Mw,-1.27,-81.17,12.0,2005,3,26,23,19,11.0
5.1,Mw,-1.19,-80.68,6.66,2005,3,27,8,3,34.0
3.6,Mw,-2.03,-78.8,12.0,2005,3,28,2,36,48.0
3.2,Mw,-0.85,-77.66,24.2,2005,3,28,10,21,43.0
3.4,Mw,-0.09,-80.17,12.0,2005,3,28,21,3,36.0
3.4,Mw,-2.46,-79.89,12.0,2005,3,29,9,1,29.0
3.3,Mw,-1.38,-80.87,12.0,2005,3,29,12,48,40.0
3.4,Mw,0.26,-80.12,4.03,2005,3,29,15,6,24.0
3.6,Mw,-1.03,-78.35,9.2,2005,3,29,16,4,11.0
3.0,Mw,-1.11,-79.78,6.02,2005,3,30,1,40,18.0
3.1,Mw,-1.55,-77.68,195.9,2005,3,30,4,30,15.0
3.3,Mw,-0.96,-79.15,112.2,2005,3,30,18,1,32.0
3.7,Mw,-0.66,-78.41,9.5,2005,3,31,11,11,30.0
3.5,Mw,1.28,-80.14,39.0,2005,4,1,16,30,49.0
3.5,Mw,-0.66,-78.72,9.62,2005,4,2,9,4,20.0
3.6,Mw,-0.72,-78.68,13.18,2005,4,2,9,55,53.0
3.0,Mw,-0.69,-78.71,29.39,2005,4,2,14,31,40.0
3.1,Mw,-1.31,-80.81,5.8,2005,4,2,16,22,4.0
3.4,Mw,-0.7,-78.63,19.7,2005,4,3,20,18,32.0
3.5,Mw,0.97,-78.41,6.2,2005,4,4,2,25,3.0
3.4,Mw,-0.73,-78.7,12.0,2005,4,4,7,33,38.0
3.2,Mw,-1.11,-80.6,36.77,2005,4,5,9,19,37.0
3.9,Mw,-2.68,-79.76,12.0,2005,4,5,10,2,39.0
3.1,Mw,-1.16,-79.22,119.8,2005,4,6,1,30,34.0
3.2,Mw,-1.89,-77.72,12.0,2005,4,6,8,23,40.0
3.1,Mw,-0.89,-80.56,23.4,2005,4,6,9,3,41.0
3.6,Mw,-0.74,-78.59,17.1,2005,4,6,19,10,52.0
3.4,Mw,-1.23,-80.65,26.9,2005,4,7,2,58,11.0
3.6,Mw,-2.64,-80.96,12.0,2005,4,7,3,48,29.0
3.1,Mw,0.59,-79.22,12.3,2005,4,7,8,25,27.0
3.0,Mw,-2.92,-78.12,12.0,2005,4,8,0,10,2.0
3.5,Mw,-0.52,-80.83,43.85,2005,4,8,16,52,26.0
3.1,Mw,-1.13,-78.3,9.0,2005,4,8,19,57,1.0
4.4,Mw,-4.27,-80.47,67.7,2005,4,9,13,32,21.0
3.3,Mw,0.92,-77.34,0.9,2005,4,9,14,13,36.0
3.9,Mw,-0.17,-80.86,17.7,2005,4,9,22,21,53.0
4.2,Mw,-4.12,-80.32,38.0,2005,4,10,3,53,28.0
3.1,Mw,-1.16,-81.12,42.03,2005,4,11,19,43,21.0
3.4,Mw,-2.15,-79.7,45.6,2005,4,12,1,15,25.0
3.0,Mw,0.29,-80.21,9.4,2005,4,13,8,27,12.0
3.3,Mw,-1.27,-81.19,15.07,2005,4,13,9,36,46.0
3.3,Mw,-1.08,-81.17,16.33,2005,4,13,20,6,38.0
3.4,Mw,-1.67,-77.84,190.0,2005,4,13,22,37,55.0
3.4,Mw,-1.38,-80.68,44.35,2005,4,15,16,32,42.0
3.2,Mw,-2.48,-77.37,12.0,2005,4,16,17,16,8.0
3.1,Mw,0.34,-80.2,17.5,2005,4,16,23,15,18.0
3.2,Mw,-2.17,-80.01,12.0,2005,4,17,7,36,48.0
3.0,Mw,-1.64,-78.03,180.8,2005,4,17,9,26,25.0
3.0,Mw,0.36,-80.13,14.8,2005,4,17,13,51,31.0
3.8,Mw,-1.45,-78.03,178.6,2005,4,18,11,58,30.0
3.0,Mw,-1.06,-79.22,113.7,2005,4,18,18,50,15.0
3.0,Mw,-0.95,-80.92,1.7,2005,4,18,21,19,59.0
3.1,Mw,-0.93,-79.75,75.6,2005,4,19,6,58,2.0
3.4,Mw,-0.61,-78.66,15.7,2005,4,20,1,21,24.0
3.0,Mw,-0.75,-79.68,62.8,2005,4,20,7,40,58.0
3.3,Mw,-0.62,-78.67,34.77,2005,4,20,8,42,43.0
3.0,Mw,-1.03,-78.3,17.9,2005,4,21,15,52,46.0
3.5,Mw,-2.82,-79.85,12.0,2005,4,22,4,27,30.0
4.3,Mw,-2.72,-75.06,25.4,2005,4,25,20,26,32.0
3.2,Mw,-1.66,-78.19,155.9,2005,4,26,2,11,51.0
4.2,Mw,-5.9,-77.24,124.0,2005,4,29,10,21,47.0
3.0,Mw,-1.41,-79.37,40.02,2005,4,30,1,34,39.0
3.2,Mw,-0.79,-78.31,12.0,2005,4,30,11,16,48.0
3.4,Mw,-0.52,-78.63,15.2,2005,4,30,13,23,17.0
3.4,Mw,-1.15,-80.25,8.93,2005,4,30,15,22,46.0
3.3,Mw,-1.03,-81.08,17.53,2005,5,1,20,58,54.0
3.4,Mw,-1.41,-78.15,159.5,2005,5,2,23,9,33.0
3.1,Mw,-1.88,-77.96,165.4,2005,5,3,8,48,23.0
3.3,Mw,-0.7,-78.71,6.5,2005,5,4,14,38,20.0
3.2,Mw,-0.7,-78.72,22.04,2005,5,4,14,39,54.0
3.3,Mw,0.84,-79.14,22.09,2005,5,4,16,58,42.0
3.0,Mw,-1.04,-78.27,10.98,2005,5,5,8,54,48.0
3.4,Mw,-2.88,-78.17,12.0,2005,5,5,23,51,43.0
3.5,Mw,-2.29,-79.94,12.0,2005,5,7,11,19,59.0
3.5,Mw,0.92,-79.07,30.25,2005,5,7,18,38,31.0
3.7,Mw,-0.83,-81.16,9.3,2005,5,9,4,53,24.0
3.0,Mw,0.46,-80.02,7.42,2005,5,9,6,21,15.0
3.7,Mw,1.0,-77.53,2.7,2005,5,9,20,21,20.0
3.2,Mw,-0.93,-79.4,21.87,2005,5,10,7,29,29.0
3.1,Mw,0.85,-77.67,-3.0,2005,5,11,2,35,42.0
3.1,Mw,-2.41,-79.17,41.33,2005,5,11,12,28,51.0
4.1,Mw,-2.11,-78.83,49.3,2005,5,11,17,43,50.0
3.0,Mw,-0.92,-79.16,107.4,2005,5,11,20,1,53.0
3.1,Mw,-0.23,-78.3,26.66,2005,5,12,22,49,31.0
5.0,Mw,-3.82,-80.61,42.7,2005,5,13,19,17,59.0
3.0,Mw,-0.99,-79.22,136.9,2005,5,14,2,25,38.0
3.3,Mw,-1.53,-77.85,199.4,2005,5,14,5,55,35.0
3.6,Mw,0.3,-79.31,11.6,2005,5,14,7,47,20.0
3.5,Mw,-2.28,-77.76,12.0,2005,5,14,14,2,45.0
3.0,Mw,0.34,-79.12,8.1,2005,5,14,21,50,15.0
4.5,Mw,-2.97,-79.52,85.0,2005,5,15,7,16,48.0
3.2,Mw,-1.91,-77.39,12.0,2005,5,16,0,31,2.0
3.9,Mw,0.47,-80.11,10.6,2005,5,16,9,58,44.0
3.0,Mw,-0.88,-80.37,12.0,2005,5,17,4,28,55.0
3.2,Mw,-2.73,-77.77,12.0,2005,5,17,4,57,16.0
3.0,Mw,-1.94,-80.26,12.0,2005,5,17,15,55,6.0
3.7,Mw,-1.21,-80.98,3.3,2005,5,17,19,4,39.0
3.9,Mw,-1.72,-77.48,239.2,2005,5,18,9,21,12.0
3.3,Mw,-0.92,-78.14,15.8,2005,5,18,14,13,3.0
4.1,Mw,1.7,-76.17,23.1,2005,5,18,21,37,24.0
3.4,Mw,-1.63,-79.11,115.4,2005,5,19,0,50,39.0
4.3,Mw,-1.25,-80.95,7.7,2005,5,19,1,25,46.0
3.7,Mw,-1.32,-80.97,16.0,2005,5,19,2,33,54.0
3.2,Mw,-1.54,-77.27,12.0,2005,5,19,3,49,15.0
3.3,Mw,0.56,-77.27,10.0,2005,5,19,7,32,19.0
3.0,Mw,-1.81,-77.2,12.0,2005,5,19,17,29,3.0
3.6,Mw,-2.45,-79.61,12.0,2005,5,20,16,48,19.0
3.1,Mw,-1.04,-78.29,12.0,2005,5,20,18,26,22.0
3.0,Mw,-2.08,-79.76,26.74,2005,5,21,0,40,56.0
6.3,Mw,-3.26,-80.94,40.7,2005,5,21,5,11,35.0
3.8,Mw,-2.59,-80.63,16.0,2005,5,21,11,46,34.0
4.2,Mw,-3.21,-81.1,39.1,2005,5,21,11,59,28.0
3.2,Mw,-2.92,-80.91,12.0,2005,5,21,20,39,5.0
3.6,Mw,-2.9,-81.04,12.0,2005,5,22,17,39,5.0
4.0,Mw,-4.32,-80.56,73.2,2005,5,22,18,8,27.0
3.1,Mw,-1.61,-77.93,207.5,2005,5,23,1,38,42.0
3.3,Mw,-0.93,-79.16,100.4,2005,5,24,7,34,50.0
3.3,Mw,-2.28,-79.76,12.0,2005,5,24,12,38,18.0
3.9,Mw,-2.92,-80.95,37.96,2005,5,25,1,18,55.0
4.0,Mw,-2.88,-81.01,37.43,2005,5,25,12,57,12.0
3.0,Mw,-1.03,-78.37,18.2,2005,5,25,14,26,44.0
3.0,Mw,-1.49,-78.08,186.2,2005,5,26,23,40,2.0
4.0,Mw,-6.06,-74.39,61.9,2005,5,27,20,41,45.0
3.7,Mw,-1.13,-81.21,13.0,2005,5,28,12,20,16.0
3.0,Mw,-1.38,-78.54,96.1,2005,5,28,13,50,55.0
3.0,Mw,-0.98,-79.16,93.4,2005,5,29,11,10,55.0
3.4,Mw,-2.92,-80.91,34.9,2005,5,29,17,30,46.0
5.0,Mw,-3.26,-80.94,32.3,2005,5,29,17,52,17.0
3.1,Mw,-1.04,-78.29,6.2,2005,5,29,23,13,16.0
3.3,Mw,-1.15,-79.7,31.4,2005,5,30,13,14,19.0
3.0,Mw,-1.2,-77.99,13.22,2005,5,31,18,54,57.0
4.0,Mw,-2.44,-79.25,43.16,2005,6,2,8,24,29.0
3.2,Mw,-1.24,-80.81,8.4,2005,6,2,10,50,1.0
3.0,Mw,-0.3,-77.51,18.5,2005,6,3,23,43,40.0
3.5,Mw,0.72,-78.21,112.9,2005,6,4,6,31,57.0
4.3,Mw,-4.55,-80.12,81.2,2005,6,4,23,49,48.0
3.1,Mw,-1.12,-80.79,47.48,2005,6,5,23,33,37.0
3.5,Mw,-2.18,-79.32,18.9,2005,6,7,14,32,29.0
3.0,Mw,-1.52,-79.97,34.7,2005,6,7,19,9,20.0
3.1,Mw,0.2,-80.32,2.9,2005,6,8,7,17,33.0
3.4,Mw,-2.67,-79.78,114.0,2005,6,8,8,5,38.0
3.4,Mw,-2.05,-80.93,25.09,2005,6,8,8,56,12.0
3.1,Mw,-0.22,-77.71,17.7,2005,6,10,0,50,12.0
3.1,Mw,-0.42,-77.52,21.4,2005,6,10,15,42,27.0
3.3,Mw,1.35,-79.72,57.6,2005,6,11,6,5,43.0
3.3,Mw,-0.34,-77.49,20.1,2005,6,11,7,4,50.0
3.0,Mw,-1.15,-79.77,59.9,2005,6,11,14,57,40.0
3.6,Mw,-1.39,-78.11,156.3,2005,6,12,14,19,14.0
3.9,Mw,-1.02,-78.79,0.1,2005,6,13,4,22,38.0
3.3,Mw,-1.03,-80.83,5.5,2005,6,13,11,51,40.0
3.2,Mw,-1.09,-80.8,7.9,2005,6,13,13,50,42.0
3.0,Mw,-2.97,-78.36,12.0,2005,6,13,16,18,16.0
4.2,Mw,-5.21,-80.27,66.4,2005,6,13,16,42,17.0
3.6,Mw,-1.52,-78.33,146.4,2005,6,14,0,20,9.0
3.6,Mw,-0.14,-78.48,0.3,2005,6,14,6,5,12.0
3.2,Mw,-2.08,-80.29,51.72,2005,6,14,20,14,49.0
3.7,Mw,-2.64,-79.81,12.0,2005,6,15,12,21,41.0
3.2,Mw,-2.2,-77.71,17.38,2005,6,16,12,7,55.0
3.5,Mw,-1.32,-78.07,170.1,2005,6,17,2,54,43.0
4.0,Mw,-0.98,-80.91,3.1,2005,6,17,4,51,50.0
3.6,Mw,-0.97,-80.88,6.0,2005,6,17,4,55,59.0
3.2,Mw,-0.95,-80.87,6.2,2005,6,17,9,9,56.0
3.1,Mw,0.91,-78.87,9.9,2005,6,17,10,53,27.0
3.3,Mw,-0.96,-79.12,124.5,2005,6,18,8,32,15.0
3.1,Mw,0.43,-78.12,2.3,2005,6,19,12,53,13.0
3.1,Mw,-1.36,-78.24,140.5,2005,6,19,23,50,7.0
3.4,Mw,-1.27,-78.4,4.7,2005,6,20,9,42,42.0
3.6,Mw,-1.37,-78.0,174.1,2005,6,20,17,58,13.0
3.0,Mw,-1.35,-81.0,14.0,2005,6,20,18,35,45.0
5.0,Mw,-1.95,-78.01,190.4,2005,6,21,10,3,46.0
3.4,Mw,-2.42,-78.56,114.1,2005,6,22,8,59,58.0
3.1,Mw,-0.37,-78.6,17.5,2005,6,22,9,41,17.0
3.6,Mw,-1.89,-78.89,2.3,2005,6,22,10,10,22.0
3.1,Mw,-1.09,-80.62,1.0,2005,6,23,0,30,13.0
3.4,Mw,-2.02,-80.1,9.08,2005,6,24,7,46,44.0
5.3,Mw,-5.92,-81.1,25.4,2005,6,24,13,11,48.0
3.4,Mw,-1.06,-78.15,-0.1,2005,6,26,2,58,11.0
3.0,Mw,-1.14,-78.11,0.0,2005,6,27,5,44,38.0
3.6,Mw,-0.62,-78.44,2.2,2005,6,27,5,58,55.0
3.1,Mw,-0.64,-78.38,3.1,2005,6,27,7,8,59.0
3.6,Mw,-1.87,-78.23,18.0,2005,6,28,5,42,16.0
3.2,Mw,-0.43,-77.92,8.0,2005,6,28,10,36,44.0
3.1,Mw,0.31,-80.08,11.3,2005,6,28,11,29,37.0
3.3,Mw,-1.05,-78.26,12.5,2005,6,29,8,56,17.0
3.3,Mw,-1.1,-80.4,22.1,2005,6,30,0,7,40.0
4.4,Mw,-1.59,-78.02,170.5,2005,6,30,11,27,35.0
3.1,Mw,0.42,-78.12,3.7,2005,7,1,22,27,59.0
3.1,Mw,-0.15,-78.48,-2.3,2005,7,1,23,47,54.0
3.3,Mw,-0.14,-78.49,3.5,2005,7,2,0,49,20.0
3.0,Mw,-0.12,-78.48,-0.9,2005,7,2,0,54,40.0
3.5,Mw,-1.08,-78.42,8.9,2005,7,2,10,36,31.0
3.1,Mw,-1.03,-78.44,7.0,2005,7,2,11,19,29.0
3.3,Mw,-1.12,-78.39,-0.5,2005,7,3,23,35,54.0
3.2,Mw,-2.44,-77.49,237.5,2005,7,4,4,6,1.0
3.0,Mw,-1.22,-77.79,18.8,2005,7,5,4,6,30.0
3.3,Mw,-1.11,-78.34,2.5,2005,7,5,18,57,41.0
3.0,Mw,1.13,-78.39,20.8,2005,7,5,22,35,46.0
3.3,Mw,-2.12,-80.17,12.0,2005,7,6,9,47,22.0
3.1,Mw,-0.15,-78.47,-3.1,2005,7,8,22,36,45.0
3.1,Mw,-0.9,-80.01,16.0,2005,7,10,15,53,9.0
3.0,Mw,-1.76,-79.55,9.0,2005,7,10,23,47,37.0
3.7,Mw,-1.12,-78.35,5.2,2005,7,11,9,28,40.0
3.0,Mw,-0.99,-79.2,126.7,2005,7,11,14,10,25.0
3.3,Mw,0.88,-79.37,15.0,2005,7,12,3,48,18.0
3.2,Mw,-0.61,-80.06,12.0,2005,7,13,5,59,42.0
3.2,Mw,-0.18,-78.45,7.7,2005,7,13,9,22,27.0
3.3,Mw,-0.33,-78.54,12.0,2005,7,14,5,15,36.0
3.5,Mw,-1.4,-78.32,139.6,2005,7,15,9,56,15.0
3.7,Mw,-1.57,-81.14,12.0,2005,7,15,17,1,13.0
4.1,Mw,-1.46,-80.69,76.6,2005,7,15,17,34,52.0
3.4,Mw,1.24,-79.61,12.0,2005,7,15,22,49,34.0
3.4,Mw,-2.62,-80.91,35.0,2005,7,16,6,3,14.0
3.8,Mw,0.44,-78.14,6.7,2005,7,16,14,1,15.0
3.3,Mw,-0.62,-78.74,21.1,2005,7,16,19,59,39.0
3.0,Mw,-1.12,-77.51,9.0,2005,7,16,22,8,29.0
3.1,Mw,0.38,-78.17,12.0,2005,7,17,2,30,54.0
3.0,Mw,-0.36,-77.5,14.1,2005,7,17,22,49,0.0
3.0,Mw,-1.26,-78.43,15.5,2005,7,18,10,22,15.0
3.3,Mw,-1.54,-81.29,12.0,2005,7,18,17,47,45.0
3.4,Mw,-1.24,-78.45,12.8,2005,7,19,0,51,48.0
3.3,Mw,-2.76,-79.0,12.0,2005,7,19,4,41,17.0
3.2,Mw,0.41,-78.16,12.0,2005,7,22,7,57,53.0
3.7,Mw,-2.69,-77.92,12.0,2005,7,23,2,32,5.0
3.0,Mw,-0.65,-79.99,12.0,2005,7,23,10,20,14.0
3.6,Mw,0.43,-78.11,3.9,2005,7,24,1,44,3.0
3.5,Mw,-1.08,-78.8,18.6,2005,7,24,17,1,3.0
3.3,Mw,-2.53,-78.94,136.0,2005,7,25,3,35,38.0
3.5,Mw,-1.11,-78.38,0.8,2005,7,26,1,11,54.0
3.1,Mw,-2.57,-78.31,12.0,2005,7,26,10,9,58.0
3.6,Mw,-0.98,-78.76,21.0,2005,7,26,17,9,56.0
3.6,Mw,-1.27,-81.03,12.0,2005,7,27,10,36,13.0
3.4,Mw,-1.08,-78.42,9.2,2005,7,27,11,41,32.0
3.1,Mw,-0.24,-78.29,22.77,2005,7,27,22,27,21.0
3.2,Mw,0.13,-77.26,15.5,2005,7,28,12,32,38.0
3.2,Mw,-1.32,-78.06,159.0,2005,7,28,14,46,29.0
3.7,Mw,-1.58,-78.13,35.59,2005,7,30,4,37,23.0
3.6,Mw,-0.03,-78.45,8.5,2005,7,30,10,53,19.0
3.9,Mw,-1.86,-79.93,12.0,2005,7,31,1,30,15.0
3.1,Mw,-1.02,-78.28,11.0,2005,7,31,9,38,23.0
3.2,Mw,-1.02,-78.27,10.3,2005,7,31,9,52,11.0
3.3,Mw,-1.01,-78.31,9.3,2005,7,31,16,3,25.0
3.0,Mw,-2.36,-79.93,12.0,2005,8,1,4,35,47.0
3.5,Mw,-2.96,-79.24,12.0,2005,8,1,18,46,27.0
3.6,Mw,-2.72,-78.1,12.0,2005,8,2,5,27,16.0
3.8,Mw,-1.07,-78.79,16.0,2005,8,2,19,29,51.0
3.1,Mw,-1.03,-78.3,6.0,2005,8,3,16,24,11.0
4.9,Mw,2.61,-79.41,19.1,2005,8,3,21,20,49.0
3.5,Mw,-0.13,-78.49,2.3,2005,8,5,5,28,43.0
3.0,Mw,-2.14,-77.75,12.0,2005,8,5,9,35,58.0
3.1,Mw,-0.13,-78.51,12.0,2005,8,5,15,31,39.0
3.0,Mw,-0.12,-78.5,12.0,2005,8,5,15,37,32.0
3.7,Mw,0.42,-78.15,3.2,2005,8,6,0,15,27.0
3.3,Mw,-1.18,-78.73,16.1,2005,8,6,21,36,37.0
3.7,Mw,-1.01,-77.99,3.6,2005,8,7,9,52,49.0
3.7,Mw,-2.8,-78.59,75.0,2005,8,8,3,14,5.0
4.2,Mw,-2.63,-78.97,44.27,2005,8,8,21,11,18.0
3.2,Mw,-1.27,-78.4,6.1,2005,8,9,4,50,49.0
3.1,Mw,0.08,-77.2,9.0,2005,8,9,21,49,47.0
3.2,Mw,-1.19,-78.4,12.0,2005,8,11,15,26,27.0
3.6,Mw,-2.29,-77.38,12.0,2005,8,12,6,39,21.0
3.0,Mw,-1.25,-77.2,16.21,2005,8,13,3,16,0.0
3.0,Mw,-1.03,-77.16,30.0,2005,8,13,9,10,37.0
3.0,Mw,-1.15,-77.75,112.7,2005,8,15,2,29,46.0
3.2,Mw,-1.33,-78.05,150.5,2005,8,15,23,38,40.0
3.0,Mw,-1.32,-77.22,33.06,2005,8,16,0,23,34.0
3.0,Mw,-1.17,-77.35,40.64,2005,8,16,2,26,58.0
3.2,Mw,-0.77,-79.72,42.1,2005,8,16,7,4,6.0
3.5,Mw,-1.25,-77.91,174.3,2005,8,16,19,31,11.0
3.1,Mw,-1.32,-77.29,23.3,2005,8,17,8,49,36.0
3.3,Mw,-1.32,-77.13,57.4,2005,8,18,3,38,32.0
3.2,Mw,-2.0,-78.64,148.6,2005,8,18,11,35,0.0
3.4,Mw,-1.36,-77.85,19.2,2005,8,18,13,36,20.0
3.0,Mw,-1.43,-78.1,162.1,2005,8,18,15,42,43.0
3.1,Mw,1.41,-79.77,12.0,2005,8,18,20,52,13.0
3.5,Mw,-2.07,-80.21,12.0,2005,8,19,21,0,12.0
3.5,Mw,1.21,-77.32,12.0,2005,8,21,2,43,54.0
3.6,Mw,1.2,-77.35,12.0,2005,8,21,5,2,57.0
3.1,Mw,1.19,-77.37,12.0,2005,8,21,5,6,58.0
3.8,Mw,-2.6,-78.87,9.9,2005,8,22,0,3,3.0
4.6,Mw,-4.95,-80.4,58.4,2005,8,23,6,32,25.0
3.1,Mw,-1.71,-78.52,96.75,2005,8,23,9,36,37.0
3.9,Mw,-1.82,-80.12,12.0,2005,8,23,15,51,6.0
3.6,Mw,-2.77,-80.57,12.0,2005,8,24,4,28,33.0
3.1,Mw,-1.26,-77.31,38.97,2005,8,24,6,32,28.0
3.3,Mw,-1.69,-78.22,12.0,2005,8,24,9,15,33.0
3.0,Mw,-0.43,-77.89,2.9,2005,8,24,19,7,28.0
4.1,Mw,-5.16,-80.15,74.0,2005,8,25,8,47,10.0
3.3,Mw,-1.67,-78.78,20.7,2005,8,25,22,33,28.0
3.7,Mw,-1.81,-78.05,164.5,2005,8,26,8,55,54.0
3.8,Mw,-1.3,-80.55,47.5,2005,8,26,16,1,38.0
3.0,Mw,-1.16,-77.79,22.9,2005,8,27,2,50,11.0
3.4,Mw,-1.38,-78.11,165.0,2005,8,28,3,4,18.0
3.3,Mw,0.76,-79.7,12.71,2005,8,28,13,11,58.0
3.0,Mw,-1.13,-77.33,277.4,2005,8,29,3,10,40.0
3.4,Mw,-0.76,-78.66,9.3,2005,8,30,5,15,26.0
3.5,Mw,-2.84,-79.45,12.0,2005,8,30,9,16,53.0
3.7,Mw,-0.73,-78.67,12.6,2005,8,30,11,4,25.0
3.2,Mw,-2.11,-78.71,12.0,2005,8,30,13,46,50.0
3.1,Mw,-1.5,-80.18,12.0,2005,8,30,19,52,0.0
3.0,Mw,-1.19,-77.28,48.0,2005,8,30,21,25,55.0
3.6,Mw,-1.34,-77.11,29.8,2005,8,31,9,22,29.0
3.2,Mw,-2.91,-77.79,10.34,2005,8,31,13,50,36.0
3.1,Mw,-1.42,-77.99,158.1,2005,8,31,17,12,52.0
3.1,Mw,0.28,-79.12,31.04,2005,9,1,6,10,21.0
3.0,Mw,-1.35,-77.2,73.0,2005,9,1,19,28,54.0
3.0,Mw,-1.18,-77.34,25.0,2005,9,2,1,6,45.0
3.1,Mw,0.34,-79.25,17.72,2005,9,2,10,54,36.0
3.0,Mw,-1.09,-78.28,2.7,2005,9,2,15,22,3.0
3.3,Mw,-1.07,-78.77,-0.4,2005,9,2,21,48,52.0
3.3,Mw,-1.08,-78.8,16.0,2005,9,2,22,17,56.0
3.3,Mw,-1.3,-77.16,40.7,2005,9,2,22,20,4.0
3.0,Mw,-0.69,-80.01,11.49,2005,9,3,0,54,43.0
3.0,Mw,-2.44,-80.06,35.0,2005,9,3,9,37,20.0
3.1,Mw,-1.28,-77.38,25.14,2005,9,3,9,54,16.0
4.1,Mw,-4.18,-77.73,109.6,2005,9,3,15,50,43.0
3.0,Mw,-1.09,-78.3,-2.4,2005,9,3,16,20,3.0
3.1,Mw,-1.26,-77.33,18.93,2005,9,3,20,47,34.0
3.1,Mw,-1.76,-79.92,12.0,2005,9,4,1,29,42.0
3.0,Mw,-1.09,-78.7,34.54,2005,9,4,5,53,54.0
3.5,Mw,-1.06,-78.45,3.2,2005,9,6,0,6,7.0
3.2,Mw,-1.19,-78.42,9.0,2005,9,6,1,11,31.0
3.0,Mw,-1.3,-77.24,19.01,2005,9,6,7,9,16.0
3.2,Mw,-1.62,-77.76,184.3,2005,9,6,21,5,42.0
3.3,Mw,-2.3,-79.31,35.0,2005,9,7,14,22,35.0
3.4,Mw,-2.14,-79.6,12.0,2005,9,8,8,39,23.0
3.1,Mw,-1.31,-77.36,33.27,2005,9,8,12,6,8.0
3.0,Mw,-0.13,-78.39,9.3,2005,9,9,10,56,16.0
3.1,Mw,-1.28,-77.44,25.44,2005,9,9,21,16,15.0
4.1,Mw,-2.75,-77.49,12.0,2005,9,10,7,11,12.0
3.0,Mw,-1.39,-77.05,46.94,2005,9,10,8,56,35.0
3.1,Mw,-1.19,-79.37,75.3,2005,9,10,9,31,7.0
3.1,Mw,-1.37,-77.19,35.0,2005,9,10,13,10,58.0
3.1,Mw,-1.3,-77.33,37.0,2005,9,11,0,42,2.0
3.1,Mw,-1.35,-77.11,67.3,2005,9,11,9,39,40.0
3.0,Mw,-1.32,-77.34,35.0,2005,9,11,10,37,19.0
3.4,Mw,-1.33,-77.33,35.0,2005,9,11,23,20,53.0
3.0,Mw,-1.3,-77.32,58.5,2005,9,12,1,45,34.0
3.2,Mw,-1.26,-77.34,27.24,2005,9,12,6,40,56.0
3.1,Mw,-1.27,-79.18,119.3,2005,9,12,11,31,2.0
3.1,Mw,-1.28,-77.28,34.49,2005,9,12,14,21,37.0
3.0,Mw,-1.33,-77.33,35.0,2005,9,12,15,31,26.0
3.0,Mw,-1.35,-77.31,34.29,2005,9,12,19,40,46.0
3.1,Mw,-1.29,-77.32,24.85,2005,9,13,1,48,5.0
3.3,Mw,-2.66,-77.88,21.38,2005,9,13,2,54,37.0
3.2,Mw,-1.36,-77.12,71.8,2005,9,13,21,6,28.0
3.3,Mw,-1.05,-78.75,0.3,2005,9,14,11,33,9.0
3.7,Mw,-2.89,-80.01,12.0,2005,9,15,14,53,8.0
3.0,Mw,-1.4,-77.33,35.0,2005,9,17,5,32,21.0
3.0,Mw,0.008,-78.03,-2.7,2005,9,17,11,16,54.0
5.2,Mw,3.94,-82.63,21.0,2005,9,17,16,51,0.0
3.2,Mw,-2.04,-79.7,31.3,2005,9,17,17,49,45.0
3.3,Mw,-1.34,-80.67,12.0,2005,9,18,0,20,10.0
5.4,Mw,3.93,-82.62,23.7,2005,9,18,1,24,54.0
5.5,Mw,3.87,-82.7,15.0,2005,9,18,6,13,1.0
3.0,Mw,-2.16,-79.78,12.0,2005,9,18,7,32,59.0
3.0,Mw,-1.13,-79.16,5.1,2005,9,19,1,1,28.0
3.0,Mw,-1.35,-77.1,70.0,2005,9,19,1,33,56.0
3.1,Mw,-1.39,-77.26,35.0,2005,9,19,7,36,24.0
3.7,Mw,-1.03,-78.22,14.8,2005,9,19,7,44,59.0
3.5,Mw,-0.2,-78.52,3.2,2005,9,19,20,1,48.0
3.2,Mw,-0.2,-78.53,12.0,2005,9,19,20,17,18.0
3.0,Mw,-1.37,-77.17,30.37,2005,9,19,20,37,35.0
3.2,Mw,-2.18,-78.18,0.0,2005,9,20,2,21,37.0
4.3,Mw,-3.33,-77.71,31.6,2005,9,21,0,9,8.0
3.0,Mw,-1.24,-77.44,37.62,2005,9,21,5,33,26.0
3.0,Mw,-1.28,-77.27,38.0,2005,9,21,13,43,25.0
3.2,Mw,-1.31,-80.84,12.0,2005,9,22,4,45,18.0
3.0,Mw,-1.35,-77.22,35.0,2005,9,22,19,46,39.0
3.0,Mw,-2.05,-79.94,12.0,2005,9,23,3,25,47.0
3.4,Mw,-2.27,-79.43,25.2,2005,9,23,12,38,53.0
3.3,Mw,-0.95,-77.54,26.6,2005,9,23,18,33,29.0
3.0,Mw,-1.59,-79.02,132.0,2005,9,24,0,23,1.0
3.4,Mw,0.74,-79.41,3.0,2005,9,24,14,55,55.0
3.2,Mw,-0.98,-79.25,106.9,2005,9,25,6,42,2.0
3.0,Mw,-1.32,-77.2,34.13,2005,9,25,19,40,15.0
7.5,Mw,-5.71,-76.4,130.8,2005,9,26,1,55,39.0
3.0,Mw,-0.75,-78.65,21.54,2005,9,26,2,37,16.0
4.1,Mw,-6.35,-76.75,35.0,2005,9,26,6,16,13.0
4.4,Mw,3.56,-78.78,15.0,2005,9,26,11,56,14.0
3.1,Mw,1.07,-78.44,12.0,2005,9,27,0,50,17.0
3.0,Mw,-1.88,-77.36,35.0,2005,9,28,23,21,46.0
3.3,Mw,-2.63,-78.47,12.0,2005,9,30,3,48,47.0
3.0,Mw,-2.68,-78.63,17.88,2005,9,30,5,25,26.0
3.9,Mw,-2.85,-77.94,12.0,2005,9,30,12,19,47.0
3.7,Mw,-0.72,-78.74,17.9,2005,9,30,14,5,42.0
3.0,Mw,1.1,-78.84,19.63,2005,9,30,17,9,49.0
3.1,Mw,-0.96,-79.41,113.5,2005,10,1,3,14,20.0
3.6,Mw,-1.42,-78.29,137.0,2005,10,1,4,34,37.0
3.0,Mw,-0.97,-79.34,118.4,2005,10,1,9,58,29.0
3.5,Mw,-2.32,-77.41,12.0,2005,10,1,17,3,18.0
3.4,Mw,-1.53,-77.72,166.1,2005,10,1,17,15,48.0
3.3,Mw,-1.33,-77.16,18.43,2005,10,2,2,36,56.0
3.2,Mw,0.19,-78.72,7.4,2005,10,2,3,24,52.0
3.2,Mw,-3.0,-78.31,10.93,2005,10,2,5,49,4.0
3.0,Mw,-2.26,-78.59,151.9,2005,10,2,20,9,44.0
3.0,Mw,-1.05,-78.29,10.0,2005,10,2,21,18,13.0
3.0,Mw,0.78,-79.26,31.64,2005,10,3,9,24,55.0
3.4,Mw,-1.17,-78.36,9.2,2005,10,4,22,37,31.0
3.3,Mw,-0.03,-77.38,18.1,2005,10,6,9,11,49.0
3.0,Mw,-1.35,-77.1,72.0,2005,10,6,16,24,27.0
3.0,Mw,-1.26,-77.36,39.64,2005,10,8,0,56,12.0
3.2,Mw,-2.68,-78.26,12.0,2005,10,9,2,29,22.0
3.0,Mw,-1.35,-77.14,43.1,2005,10,10,0,57,24.0
3.0,Mw,-1.35,-77.32,35.67,2005,10,10,10,1,36.0
3.4,Mw,0.15,-78.92,82.5,2005,10,10,10,28,8.0
3.5,Mw,-1.25,-77.54,243.0,2005,10,11,6,7,38.0
3.3,Mw,-0.47,-77.67,18.4,2005,10,11,12,38,14.0
3.3,Mw,-1.56,-78.1,188.8,2005,10,11,14,11,55.0
3.1,Mw,-0.16,-78.39,1.9,2005,10,11,16,23,56.0
4.0,Mw,-2.16,-78.34,12.0,2005,10,12,19,33,40.0
3.4,Mw,1.3,-79.23,12.0,2005,10,12,23,38,31.0
3.2,Mw,-0.48,-77.65,20.94,2005,10,13,14,59,44.0
4.1,Mw,-1.76,-77.68,177.6,2005,10,13,22,4,1.0
3.4,Mw,0.03,-79.22,8.9,2005,10,14,10,22,51.0
3.2,Mw,-2.21,-78.03,179.6,2005,10,14,20,10,32.0
3.5,Mw,0.09,-78.44,-1.4,2005,10,15,14,53,43.0
3.0,Mw,-1.3,-77.2,21.24,2005,10,16,4,55,15.0
3.5,Mw,-0.97,-78.37,-2.1,2005,10,16,5,58,53.0
3.1,Mw,-2.18,-79.69,12.0,2005,10,18,0,56,36.0
3.2,Mw,0.05,-78.34,11.71,2005,10,18,7,28,37.0
3.0,Mw,0.06,-78.32,5.9,2005,10,18,8,52,54.0
3.1,Mw,-1.33,-79.65,43.1,2005,10,18,11,55,28.0
3.2,Mw,0.79,-79.31,9.0,2005,10,20,8,13,35.0
3.1,Mw,-2.63,-79.41,16.0,2005,10,20,15,22,9.0
3.2,Mw,-1.3,-77.14,17.83,2005,10,21,11,5,47.0
3.1,Mw,-1.33,-77.18,35.0,2005,10,21,12,7,33.0
3.1,Mw,-1.3,-79.32,87.4,2005,10,21,23,50,54.0
3.0,Mw,-1.39,-77.16,35.0,2005,10,22,7,19,2.0
3.2,Mw,-0.98,-78.31,0.2,2005,10,22,10,11,19.0
3.1,Mw,-1.02,-78.32,14.8,2005,10,22,10,26,7.0
3.0,Mw,0.89,-78.94,42.4,2005,10,22,23,46,12.0
3.1,Mw,-1.28,-77.25,20.95,2005,10,23,0,49,18.0
3.0,Mw,-1.06,-78.24,14.8,2005,10,23,4,6,54.0
3.1,Mw,-1.24,-77.31,26.18,2005,10,23,4,26,4.0
3.0,Mw,0.16,-79.74,18.84,2005,10,23,5,24,4.0
3.4,Mw,-2.78,-78.19,238.0,2005,10,23,7,12,30.0
3.8,Mw,-1.47,-81.31,12.0,2005,10,23,10,35,25.0
4.5,Mw,-0.45,-77.85,-0.1,2005,10,24,17,35,27.0
3.7,Mw,-2.06,-78.13,146.0,2005,10,26,22,40,19.0
3.8,Mw,-1.6,-81.23,12.0,2005,10,27,23,48,51.0
3.4,Mw,-1.08,-77.77,25.2,2005,10,28,8,55,8.0
3.6,Mw,1.06,-79.6,12.0,2005,10,28,23,18,42.0
3.4,Mw,-0.44,-77.92,10.8,2005,10,30,0,56,38.0
3.4,Mw,-0.79,-79.42,15.19,2005,10,30,12,25,56.0
5.3,Mw,-5.88,-78.74,33.7,2005,10,31,2,10,27.0
4.3,Mw,-5.91,-78.61,28.4,2005,10,31,9,27,8.0
3.0,Mw,-0.95,-79.15,108.6,2005,11,1,13,43,4.0
3.0,Mw,-1.03,-78.34,14.8,2005,11,2,8,35,48.0
3.6,Mw,-1.96,-79.88,6.69,2005,11,2,10,26,13.0
3.3,Mw,-1.88,-77.86,6.5,2005,11,3,0,26,48.0
3.3,Mw,0.52,-79.14,19.3,2005,11,3,2,28,32.0
3.4,Mw,-1.39,-81.0,5.0,2005,11,3,6,10,25.0
3.0,Mw,-1.21,-78.15,14.5,2005,11,4,3,33,28.0
3.4,Mw,-2.05,-78.24,36.0,2005,11,4,15,28,13.0
3.7,Mw,-1.48,-78.2,142.9,2005,11,4,17,40,47.0
3.1,Mw,-1.43,-79.28,9.0,2005,11,5,2,17,58.0
5.1,Mw,-1.92,-80.52,26.55,2005,11,5,9,10,59.0
3.4,Mw,-1.88,-80.46,23.98,2005,11,5,11,36,13.0
3.7,Mw,-2.85,-78.11,229.3,2005,11,5,14,51,47.0
3.7,Mw,-1.49,-81.03,12.0,2005,11,7,18,34,26.0
3.1,Mw,-2.17,-77.72,12.0,2005,11,8,14,1,11.0
5.9,Mw,-1.11,-77.29,276.7,2005,11,9,11,33,9.0
3.3,Mw,-1.55,-78.34,131.3,2005,11,9,21,36,51.0
3.4,Mw,-2.78,-79.2,12.0,2005,11,10,6,40,12.0
3.4,Mw,-1.97,-79.92,16.0,2005,11,11,5,0,12.0
3.2,Mw,0.88,-78.94,37.12,2005,11,11,9,29,17.0
4.8,Mw,-3.75,-77.0,87.8,2005,11,11,19,10,31.0
3.0,Mw,-0.8,-78.7,28.63,2005,11,12,3,58,30.0
4.1,Mw,-2.47,-80.79,12.0,2005,11,12,23,4,22.0
4.6,Mw,-6.78,-76.45,136.0,2005,11,13,19,58,7.0
3.1,Mw,-1.03,-78.6,17.0,2005,11,14,9,27,54.0
4.7,Mw,-5.27,-76.66,19.7,2005,11,14,22,16,27.0
4.0,Mw,-5.19,-76.43,33.0,2005,11,14,23,43,44.0
3.1,Mw,-0.01,-77.22,13.5,2005,11,16,6,54,47.0
3.1,Mw,-0.82,-79.72,18.85,2005,11,16,16,17,57.0
3.2,Mw,-2.16,-77.81,3.0,2005,11,18,2,6,47.0
3.3,Mw,-0.74,-80.58,12.0,2005,11,18,2,11,8.0
3.3,Mw,1.36,-79.16,40.5,2005,11,18,18,11,11.0
3.3,Mw,-1.7,-79.59,45.0,2005,11,20,6,53,19.0
3.5,Mw,-1.76,-77.57,242.5,2005,11,20,8,6,22.0
3.2,Mw,-1.05,-78.46,-0.4,2005,11,21,9,24,39.0
3.1,Mw,0.02,-77.37,18.6,2005,11,21,17,42,7.0
3.0,Mw,-0.92,-78.13,6.3,2005,11,21,18,50,17.0
3.9,Mw,-2.83,-79.47,78.7,2005,11,22,14,31,53.0
3.3,Mw,-2.7,-78.31,12.0,2005,11,22,14,44,0.0
3.0,Mw,-1.48,-79.17,7.2,2005,11,23,19,55,24.0
3.1,Mw,-0.99,-80.15,12.0,2005,11,24,18,49,26.0
3.8,Mw,-2.21,-77.13,19.43,2005,11,24,23,56,54.0
3.1,Mw,-1.69,-79.78,12.0,2005,11,25,6,44,13.0
3.0,Mw,0.82,-79.22,24.14,2005,11,27,7,1,32.0
3.0,Mw,-1.0,-79.26,108.7,2005,11,27,12,11,51.0
3.3,Mw,-2.35,-79.87,12.0,2005,11,27,22,45,10.0
3.1,Mw,-1.0,-79.23,120.7,2005,11,28,0,36,23.0
3.3,Mw,-0.49,-78.61,6.5,2005,11,29,9,2,59.0
3.1,Mw,-0.5,-78.63,21.63,2005,11,29,9,9,8.0
4.3,Mw,-3.05,-75.43,150.0,2005,11,30,19,3,48.0
3.1,Mw,-0.98,-79.23,112.6,2005,12,4,16,17,19.0
3.0,Mw,0.04,-78.9,7.9,2005,12,5,1,34,53.0
3.3,Mw,-0.96,-78.31,-1.1,2005,12,5,21,15,3.0
3.3,Mw,-1.44,-80.99,5.0,2005,12,6,9,53,15.0
3.3,Mw,-1.48,-77.84,194.6,2005,12,6,18,5,57.0
3.6,Mw,-1.71,-77.87,164.5,2005,12,7,9,32,4.0
3.3,Mw,1.33,-80.22,14.48,2005,12,7,13,57,10.0
3.7,Mw,-1.75,-78.76,11.2,2005,12,8,4,44,1.0
3.5,Mw,-1.79,-78.8,1.1,2005,12,8,4,48,33.0
3.2,Mw,-1.47,-79.71,32.95,2005,12,8,20,34,24.0
3.1,Mw,-1.89,-78.59,154.5,2005,12,9,8,5,35.0
3.1,Mw,0.08,-78.36,12.0,2005,12,11,9,38,37.0
3.6,Mw,-1.74,-80.25,12.0,2005,12,11,15,20,5.0
3.5,Mw,-2.18,-79.77,12.0,2005,12,12,15,34,49.0
4.3,Mw,-1.59,-80.01,10.0,2005,12,12,21,7,35.0
3.2,Mw,-0.01,-78.41,4.3,2005,12,13,2,9,21.0
3.2,Mw,-2.21,-79.63,12.0,2005,12,13,6,20,48.0
3.2,Mw,-0.99,-80.87,5.0,2005,12,13,9,40,39.0
3.3,Mw,-1.06,-78.2,-0.1,2005,12,13,20,53,39.0
3.4,Mw,0.85,-79.13,21.11,2005,12,14,6,21,50.0
3.0,Mw,-2.72,-79.65,16.0,2005,12,14,16,5,24.0
3.1,Mw,-1.01,-78.33,-1.1,2005,12,14,20,28,13.0
3.2,Mw,-0.65,-78.2,14.0,2005,12,15,8,30,13.0
3.7,Mw,-1.78,-77.78,202.7,2005,12,16,14,3,9.0
3.0,Mw,-2.15,-77.19,16.0,2005,12,17,0,13,7.0
3.8,Mw,-1.92,-79.12,0.4,2005,12,17,2,3,3.0
3.6,Mw,-1.96,-79.09,5.9,2005,12,17,2,6,50.0
3.7,Mw,-1.9,-79.13,3.6,2005,12,17,2,25,49.0
3.6,Mw,-1.94,-79.15,12.0,2005,12,17,18,44,26.0
3.9,Mw,-2.44,-80.1,73.2,2005,12,17,23,12,29.0
3.3,Mw,-0.73,-81.18,12.0,2005,12,18,9,42,11.0
4.1,Mw,-3.54,-80.91,35.0,2005,12,19,2,9,55.0
3.7,Mw,0.09,-78.9,77.7,2005,12,19,3,46,55.0
3.3,Mw,0.5,-80.05,12.0,2005,12,19,9,52,20.0
3.0,Mw,-1.34,-78.2,147.6,2005,12,20,0,33,58.0
3.3,Mw,-2.68,-80.03,12.0,2005,12,20,6,51,51.0
3.1,Mw,-2.84,-77.94,12.0,2005,12,20,7,0,57.0
3.1,Mw,-2.64,-78.74,16.0,2005,12,20,13,32,36.0
5.3,Mw,-1.99,-80.97,37.6,2005,12,20,16,34,52.0
3.7,Mw,-1.33,-81.04,5.0,2005,12,21,4,45,33.0
3.1,Mw,-2.45,-78.13,5.0,2005,12,21,13,6,14.0
3.5,Mw,-0.97,-79.24,111.8,2005,12,22,1,49,26.0
3.2,Mw,-2.27,-80.14,16.0,2005,12,22,10,33,36.0
3.1,Mw,-0.41,-77.72,0.1,2005,12,22,20,21,53.0
4.0,Mw,-5.4,-77.38,16.0,2005,12,23,10,8,16.0
3.3,Mw,1.26,-79.96,12.0,2005,12,23,13,30,50.0
3.3,Mw,-1.41,-78.22,138.5,2005,12,23,15,58,42.0
6.1,Mw,-1.56,-77.77,225.0,2005,12,23,21,47,22.0
3.2,Mw,-1.46,-79.02,112.7,2005,12,24,0,52,54.0
3.0,Mw,-0.64,-79.61,9.0,2005,12,24,5,10,20.0
3.7,Mw,-1.04,-79.22,120.0,2005,12,24,12,19,35.0
3.6,Mw,-2.71,-79.22,12.0,2005,12,24,14,19,53.0
3.8,Mw,-1.58,-81.05,5.0,2005,12,25,4,10,8.0
3.8,Mw,-2.0,-81.26,5.0,2005,12,25,6,32,22.0
3.4,Mw,-1.33,-81.09,5.0,2005,12,25,7,29,9.0
3.6,Mw,-1.35,-80.93,5.0,2005,12,25,14,30,26.0
3.5,Mw,-0.96,-79.28,107.6,2005,12,27,10,39,39.0
3.4,Mw,-0.95,-79.22,114.5,2005,12,27,16,41,13.0
3.4,Mw,-2.64,-79.45,12.0,2005,12,27,16,44,23.0
3.4,Mw,-1.01,-79.25,92.0,2005,12,28,1,27,41.0
3.3,Mw,-0.28,-79.8,87.0,2005,12,28,14,4,59.0
3.2,Mw,-2.09,-79.5,33.78,2005,12,29,2,47,51.0
3.2,Mw,0.36,-80.18,21.6,2005,12,29,16,34,41.0
3.4,Mw,-1.81,-77.97,133.0,2005,12,29,23,19,39.0
3.1,Mw,-1.02,-80.9,12.0,2005,12,31,1,6,35.0
3.9,Mw,-1.74,-80.77,16.0,2005,12,31,3,19,33.0
3.8,Mw,-0.88,-77.53,10.2,2005,12,31,19,57,30.0
4.0,Mw,0.77,-79.54,12.0,2006,1,1,3,37,8.0
3.1,Mw,0.65,-80.31,12.0,2006,1,1,7,52,16.0
3.1,Mw,0.69,-80.3,12.0,2006,1,1,8,17,20.0
3.1,Mw,0.55,-80.23,12.0,2006,1,1,8,20,54.0
3.0,Mw,-1.71,-79.98,12.58,2006,1,1,14,34,48.0
3.3,Mw,-0.2,-80.62,16.4,2006,1,1,18,48,8.0
3.4,Mw,0.42,-78.14,12.0,2006,1,1,19,2,16.0
3.1,Mw,0.43,-80.22,42.43,2006,1,1,20,0,44.0
3.2,Mw,0.75,-78.12,12.0,2006,1,2,3,10,30.0
3.4,Mw,-1.52,-77.74,190.0,2006,1,2,20,43,20.0
4.1,Mw,-5.77,-76.17,19.4,2006,1,3,16,0,25.0
3.6,Mw,0.72,-78.22,138.1,2006,1,4,4,44,7.0
3.5,Mw,-2.81,-80.74,20.0,2006,1,4,6,50,19.0
3.4,Mw,-0.24,-80.5,18.0,2006,1,4,12,57,49.0
3.4,Mw,0.66,-80.13,12.4,2006,1,4,23,30,1.0
3.3,Mw,-1.25,-80.88,33.33,2006,1,5,1,42,30.0
3.8,Mw,0.56,-80.21,41.7,2006,1,5,9,46,21.0
3.5,Mw,-1.02,-78.01,-2.3,2006,1,6,7,58,5.0
3.3,Mw,0.01,-77.44,22.16,2006,1,6,10,53,38.0
3.7,Mw,-1.26,-80.44,12.0,2006,1,7,11,0,43.0
3.0,Mw,0.7,-80.3,37.83,2006,1,7,16,44,58.0
3.0,Mw,0.64,-80.47,38.28,2006,1,7,22,41,17.0
4.5,Mw,-1.81,-77.97,188.5,2006,1,8,6,23,16.0
3.5,Mw,-1.29,-81.21,5.0,2006,1,10,23,6,31.0
3.1,Mw,0.31,-78.25,12.0,2006,1,12,11,12,11.0
3.7,Mw,-2.06,-80.71,12.0,2006,1,12,17,24,4.0
3.5,Mw,-0.59,-81.16,12.0,2006,1,13,1,28,39.0
3.5,Mw,-0.23,-80.7,33.22,2006,1,13,4,53,58.0
3.4,Mw,-2.22,-80.74,12.0,2006,1,14,8,47,45.0
3.1,Mw,-1.14,-78.55,30.73,2006,1,15,3,25,12.0
3.4,Mw,-1.03,-78.73,12.0,2006,1,15,17,3,4.0
3.7,Mw,-2.57,-77.89,12.0,2006,1,19,6,56,10.0
3.2,Mw,-1.75,-80.36,16.0,2006,1,19,22,57,45.0
3.2,Mw,0.64,-78.02,12.0,2006,1,20,0,42,16.0
3.5,Mw,-0.15,-80.65,12.1,2006,1,21,14,13,4.0
3.2,Mw,-0.82,-80.46,12.0,2006,1,21,15,13,15.0
3.1,Mw,-1.72,-77.72,177.1,2006,1,21,17,23,34.0
4.1,Mw,3.69,-74.03,57.9,2006,1,21,21,10,45.0
3.2,Mw,-0.13,-78.88,9.2,2006,1,22,2,57,56.0
4.0,Mw,-1.52,-78.01,169.5,2006,1,22,6,18,16.0
3.0,Mw,0.7,-79.9,12.0,2006,1,24,14,53,31.0
3.4,Mw,-1.09,-78.29,0.2,2006,1,25,10,21,42.0
3.8,Mw,-1.11,-78.29,2.4,2006,1,25,13,31,57.0
3.9,Mw,-1.01,-78.36,-2.4,2006,1,25,18,24,32.0
3.2,Mw,-1.17,-78.28,5.5,2006,1,25,18,47,38.0
3.3,Mw,-1.11,-78.32,4.5,2006,1,26,3,59,36.0
3.2,Mw,-1.04,-78.38,1.2,2006,1,26,19,31,57.0
3.2,Mw,0.77,-79.66,33.6,2006,1,28,1,23,27.0
3.0,Mw,0.01,-77.94,-3.0,2006,1,28,6,23,44.0
3.9,Mw,-2.89,-79.75,16.0,2006,1,28,23,51,19.0
3.6,Mw,-1.12,-78.29,5.3,2006,1,29,4,32,16.0
3.4,Mw,-1.81,-78.91,-2.0,2006,2,1,13,5,38.0
3.3,Mw,0.19,-80.02,37.0,2006,2,1,14,55,4.0
4.3,Mw,-6.31,-75.55,34.5,2006,2,5,1,20,5.0
3.6,Mw,-0.38,-78.59,12.0,2006,2,5,2,52,0.0
3.0,Mw,-1.18,-78.38,14.8,2006,2,5,4,41,10.0
3.0,Mw,-0.99,-79.27,106.6,2006,2,6,17,8,29.0
3.1,Mw,-0.97,-78.02,11.3,2006,2,8,8,37,31.0
3.5,Mw,-2.93,-78.46,79.22,2006,2,8,10,5,14.0
3.5,Mw,-0.96,-79.3,87.4,2006,2,8,22,29,37.0
3.5,Mw,-2.64,-77.21,12.0,2006,2,9,2,59,31.0
3.1,Mw,0.18,-80.13,12.0,2006,2,9,14,0,32.0
3.0,Mw,-1.18,-79.91,67.5,2006,2,10,1,3,0.0
3.7,Mw,0.72,-79.89,12.0,2006,2,10,6,5,33.0
3.0,Mw,-2.46,-78.97,12.0,2006,2,10,6,19,32.0
3.2,Mw,-1.06,-78.34,5.9,2006,2,10,18,30,1.0
3.2,Mw,-1.95,-77.74,25.0,2006,2,13,20,12,32.0
3.0,Mw,-1.04,-78.31,14.8,2006,2,15,10,49,57.0
3.0,Mw,0.05,-78.73,14.0,2006,2,18,4,12,59.0
3.9,Mw,-2.26,-77.17,154.7,2006,2,18,19,51,57.0
4.3,Mw,-4.32,-79.48,94.2,2006,2,18,21,7,27.0
3.3,Mw,-2.76,-78.5,104.7,2006,2,20,2,0,26.0
3.0,Mw,-0.79,-79.25,99.0,2006,2,21,4,44,25.0
3.4,Mw,-1.16,-78.07,14.8,2006,2,21,4,57,36.0
3.1,Mw,0.83,-79.09,28.01,2006,2,22,1,47,5.0
3.0,Mw,-1.04,-78.29,14.8,2006,2,22,1,51,3.0
3.0,Mw,-0.88,-79.15,81.1,2006,2,22,2,5,45.0
3.5,Mw,-1.86,-77.67,173.7,2006,2,22,2,15,47.0
3.6,Mw,-2.17,-77.27,16.0,2006,2,22,8,56,5.0
3.4,Mw,0.6,-79.11,13.4,2006,2,22,13,25,35.0
3.1,Mw,0.56,-80.13,16.66,2006,2,22,17,7,50.0
3.9,Mw,-2.82,-76.78,134.0,2006,2,23,0,33,48.0
3.5,Mw,-0.21,-78.51,9.29,2006,2,25,2,13,57.0
3.0,Mw,0.05,-78.76,4.5,2006,2,25,6,0,9.0
4.5,Mw,3.48,-82.91,10.7,2006,2,25,9,26,7.0
4.3,Mw,3.66,-82.76,35.0,2006,2,25,12,26,37.0
4.2,Mw,3.51,-82.89,10.0,2006,2,25,13,30,29.0
4.2,Mw,3.72,-82.88,10.0,2006,2,25,14,2,48.0
3.0,Mw,-0.6,-78.37,12.0,2006,2,25,18,52,30.0
3.7,Mw,1.07,-77.38,15.0,2006,2,26,15,9,55.0
3.4,Mw,-0.77,-78.65,32.6,2006,2,27,14,52,34.0
3.2,Mw,-1.38,-81.09,12.0,2006,2,28,3,3,37.0
3.0,Mw,-1.35,-80.74,12.0,2006,2,28,14,20,52.0
3.9,Mw,-1.25,-80.49,16.0,2006,3,2,16,58,40.0
3.2,Mw,1.28,-78.65,31.3,2006,3,3,20,12,19.0
3.0,Mw,0.24,-77.87,12.0,2006,3,4,22,49,58.0
5.1,Mw,-3.37,-76.91,112.2,2006,3,5,5,28,31.0
3.5,Mw,-1.93,-77.81,194.0,2006,3,6,9,42,50.0
3.5,Mw,-2.76,-78.25,5.0,2006,3,6,15,50,45.0
3.1,Mw,-1.03,-78.29,7.2,2006,3,6,21,44,54.0
3.0,Mw,-2.73,-78.34,96.99,2006,3,7,16,25,32.0
3.7,Mw,-0.91,-79.25,99.8,2006,3,8,21,54,12.0
3.2,Mw,-0.93,-79.21,128.8,2006,3,9,1,2,36.0
3.2,Mw,-1.07,-78.34,16.86,2006,3,9,11,43,36.0
4.2,Mw,-5.5,-81.05,44.1,2006,3,10,12,57,6.0
3.0,Mw,-0.22,-78.53,1.0,2006,3,10,16,33,33.0
4.0,Mw,-5.02,-78.72,132.7,2006,3,10,22,8,49.0
3.2,Mw,-0.9,-78.77,25.72,2006,3,11,11,34,27.0
3.2,Mw,-2.29,-79.85,14.8,2006,3,13,8,28,20.0
3.3,Mw,-2.44,-79.76,16.0,2006,3,13,10,45,15.0
3.3,Mw,-2.74,-79.23,30.49,2006,3,15,3,41,17.0
3.4,Mw,-1.86,-80.12,12.0,2006,3,16,17,45,20.0
3.1,Mw,-2.45,-78.05,0.0,2006,3,16,23,12,1.0
3.3,Mw,-0.96,-80.96,20.0,2006,3,18,11,50,1.0
3.1,Mw,-1.3,-77.61,17.6,2006,3,20,5,9,9.0
3.3,Mw,-0.34,-78.38,-0.1,2006,3,20,17,17,23.0
4.0,Mw,2.59,-79.64,14.1,2006,3,22,18,42,57.0
3.3,Mw,-2.0,-79.68,71.6,2006,3,24,22,8,52.0
3.8,Mw,-1.86,-80.64,81.0,2006,3,25,3,52,57.0
3.1,Mw,0.25,-79.02,6.3,2006,3,25,6,48,28.0
3.2,Mw,-1.22,-78.41,0.2,2006,3,27,21,25,6.0
3.3,Mw,-0.93,-80.44,12.91,2006,3,28,1,41,53.0
3.0,Mw,-0.009,-79.16,46.52,2006,3,30,21,32,56.0
3.1,Mw,-0.19,-79.45,26.22,2006,3,30,22,1,48.0
3.2,Mw,-0.28,-78.49,11.06,2006,3,31,21,20,48.0
3.0,Mw,-1.07,-79.59,52.4,2006,4,2,15,25,53.0
3.1,Mw,0.87,-79.02,24.54,2006,4,2,15,46,46.0
3.4,Mw,0.53,-78.02,13.5,2006,4,7,4,0,59.0
3.5,Mw,-0.48,-78.37,1.0,2006,4,8,21,9,39.0
3.7,Mw,-1.46,-80.85,12.0,2006,4,9,16,51,17.0
3.1,Mw,-2.42,-77.88,23.52,2006,4,10,8,59,29.0
3.1,Mw,-2.62,-78.15,12.0,2006,4,11,7,36,25.0
3.2,Mw,0.07,-78.41,13.1,2006,4,11,21,1,9.0
3.4,Mw,-0.49,-78.36,6.6,2006,4,12,4,37,45.0
3.0,Mw,-2.75,-77.49,12.0,2006,4,12,15,55,52.0
3.2,Mw,-1.04,-78.23,0.0,2006,4,14,9,11,56.0
3.8,Mw,-1.02,-78.3,12.0,2006,4,15,1,8,46.0
3.3,Mw,-1.05,-78.49,2.7,2006,4,15,1,24,57.0
3.0,Mw,-1.05,-78.27,-1.0,2006,4,16,9,27,40.0
3.1,Mw,-1.04,-78.31,14.8,2006,4,17,8,57,49.0
3.2,Mw,-0.96,-79.21,109.8,2006,4,17,16,1,33.0
3.9,Mw,1.04,-79.67,7.0,2006,4,18,7,0,7.0
3.3,Mw,-2.31,-79.6,12.0,2006,4,18,14,31,41.0
3.3,Mw,-1.88,-78.22,14.8,2006,4,19,5,52,19.0
3.3,Mw,-1.01,-78.34,11.2,2006,4,19,13,45,47.0
3.4,Mw,-1.35,-78.02,162.0,2006,4,20,12,40,0.0
3.1,Mw,-0.27,-78.54,12.9,2006,4,20,14,44,32.0
3.6,Mw,-1.87,-79.8,18.02,2006,4,21,17,20,34.0
3.3,Mw,-2.13,-79.82,12.0,2006,4,24,19,55,40.0
3.5,Mw,-0.27,-78.52,11.7,2006,4,28,13,33,13.0
3.3,Mw,-0.06,-78.21,6.0,2006,4,29,20,51,55.0
3.2,Mw,-0.04,-78.22,0.4,2006,4,29,23,22,25.0
3.4,Mw,-2.0,-79.65,108.0,2006,4,30,6,25,34.0
4.3,Mw,-6.17,-77.09,128.3,2006,5,1,21,10,42.0
3.0,Mw,-0.9,-79.38,19.64,2006,5,1,22,49,50.0
3.5,Mw,-2.84,-79.57,14.0,2006,5,2,0,2,35.0
3.4,Mw,0.72,-80.48,40.56,2006,5,2,22,27,40.0
3.1,Mw,-1.03,-78.35,15.42,2006,5,3,7,44,52.0
4.2,Mw,-0.15,-79.72,22.16,2006,5,4,5,49,4.0
3.2,Mw,-0.59,-77.49,5.1,2006,5,5,12,3,29.0
3.1,Mw,-2.46,-77.9,12.0,2006,5,7,3,41,9.0
3.6,Mw,-2.05,-80.24,13.0,2006,5,11,13,4,4.0
3.1,Mw,0.62,-78.49,25.0,2006,5,14,7,39,9.0
3.1,Mw,-1.02,-78.33,-0.5,2006,5,19,0,49,28.0
3.2,Mw,-0.92,-79.18,143.9,2006,5,19,10,34,53.0
4.2,Mw,-4.55,-80.83,43.1,2006,5,19,17,53,46.0
3.1,Mw,-1.77,-77.7,12.0,2006,5,22,3,1,39.0
3.7,Mw,-2.13,-79.48,86.9,2006,5,23,22,5,20.0
4.1,Mw,-6.16,-74.7,27.0,2006,5,24,19,52,43.0
3.4,Mw,-1.01,-78.31,10.9,2006,5,25,3,14,32.0
3.1,Mw,-1.91,-79.77,21.86,2006,5,25,17,56,35.0
3.0,Mw,-0.68,-79.61,38.01,2006,5,26,22,7,0.0
4.0,Mw,-1.74,-80.38,5.39,2006,5,29,8,35,46.0
3.2,Mw,-0.01,-79.84,17.43,2006,6,2,6,42,13.0
3.5,Mw,-0.75,-79.79,24.31,2006,6,3,2,28,50.0
3.2,Mw,-1.03,-78.33,8.5,2006,6,4,14,10,3.0
3.3,Mw,-0.99,-79.59,42.96,2006,6,5,10,20,56.0
3.4,Mw,-1.01,-78.27,12.0,2006,6,5,10,27,17.0
3.4,Mw,0.19,-78.77,5.7,2006,6,5,12,3,10.0
3.1,Mw,-1.04,-78.3,13.11,2006,6,8,2,35,30.0
3.7,Mw,-2.38,-79.88,12.0,2006,6,11,2,49,0.0
3.3,Mw,-0.39,-77.94,10.7,2006,6,12,1,12,16.0
3.0,Mw,-0.64,-79.65,85.2,2006,6,12,2,36,27.0
3.1,Mw,-1.16,-79.75,12.0,2006,6,12,18,48,52.0
3.0,Mw,-1.77,-79.36,10.5,2006,6,12,23,57,3.0
3.2,Mw,-0.16,-79.67,22.46,2006,6,13,11,36,11.0
3.3,Mw,-1.17,-78.32,9.1,2006,6,14,9,59,41.0
3.1,Mw,-2.54,-77.32,10.0,2006,6,15,10,46,33.0
3.3,Mw,-2.35,-79.31,5.9,2006,6,15,17,38,4.0
3.5,Mw,0.9,-79.74,12.0,2006,6,15,20,4,47.0
3.4,Mw,-2.76,-79.56,12.0,2006,6,16,5,25,49.0
3.0,Mw,-0.19,-79.14,21.71,2006,6,17,6,14,50.0
3.6,Mw,-2.05,-77.89,12.0,2006,6,17,15,25,0.0
3.1,Mw,-0.4,-77.93,12.0,2006,6,18,11,42,55.0
5.3,Mw,-2.14,-77.41,179.9,2006,6,21,12,40,54.0
3.4,Mw,-0.52,-80.15,12.0,2006,6,26,7,21,14.0
3.1,Mw,-1.07,-78.34,8.3,2006,6,26,13,2,10.0
4.9,Mw,-2.93,-79.39,21.0,2006,6,26,19,37,47.0
4.0,Mw,-2.85,-79.42,21.0,2006,6,27,8,13,53.0
4.8,Mw,-2.87,-79.75,29.7,2006,6,27,13,40,16.0
3.9,Mw,-2.86,-79.78,21.0,2006,6,27,14,41,30.0
3.0,Mw,-0.2,-78.49,-0.1,2006,6,27,22,41,2.0
3.0,Mw,-1.2,-80.15,12.0,2006,7,1,0,14,42.0
3.3,Mw,-2.78,-78.12,12.0,2006,7,2,21,0,27.0
3.3,Mw,-1.89,-79.74,13.2,2006,7,3,17,10,13.0
3.3,Mw,0.23,-79.12,11.9,2006,7,4,18,34,11.0
3.2,Mw,0.97,-78.43,6.5,2006,7,4,19,52,49.0
3.3,Mw,-1.65,-81.15,10.0,2006,7,4,23,43,24.0
3.3,Mw,-1.82,-77.29,168.3,2006,7,12,18,28,36.0
4.9,Mw,-1.76,-81.05,34.0,2006,7,13,15,3,21.0
3.2,Mw,-2.07,-78.47,139.4,2006,7,15,13,36,54.0
3.0,Mw,-2.51,-78.66,100.1,2006,7,16,21,48,47.0
3.2,Mw,-1.18,-79.57,26.27,2006,7,20,14,6,25.0
4.1,Mw,-6.71,-81.05,46.8,2006,7,21,22,31,48.0
4.0,Mw,-5.4,-81.98,35.0,2006,7,24,15,2,40.0
3.2,Mw,-1.03,-78.22,14.8,2006,7,25,9,11,5.0
4.0,Mw,-3.47,-80.32,97.5,2006,7,26,18,6,23.0
3.1,Mw,0.17,-79.11,8.4,2006,7,27,6,44,9.0
3.1,Mw,0.32,-79.78,15.0,2006,7,28,3,37,45.0
4.0,Mw,0.68,-76.98,3.34,2006,7,28,7,18,45.0
3.2,Mw,0.82,-80.45,20.0,2006,7,29,0,37,8.0
3.0,Mw,-0.95,-79.21,111.3,2006,7,30,19,28,45.0
3.1,Mw,-2.73,-77.83,12.0,2006,7,31,12,9,53.0
3.1,Mw,-1.6,-79.09,136.0,2006,7,31,14,30,23.0
3.8,Mw,-0.92,-80.59,38.6,2006,7,31,15,56,23.0
3.4,Mw,-0.28,-78.94,12.0,2006,8,1,2,29,12.0
3.5,Mw,0.04,-78.51,7.1,2006,8,2,0,20,39.0
4.3,Mw,-4.0,-79.88,30.0,2006,8,2,18,41,37.0
3.0,Mw,0.02,-78.48,12.0,2006,8,3,2,27,56.0
4.1,Mw,-5.8,-78.58,14.4,2006,8,3,3,22,20.0
3.7,Mw,-2.69,-78.15,12.0,2006,8,5,10,21,20.0
3.1,Mw,-1.01,-78.28,10.3,2006,8,5,20,32,28.0
3.1,Mw,-2.92,-78.46,12.0,2006,8,6,0,13,0.0
4.6,Mw,-3.06,-80.31,51.1,2006,8,6,5,32,2.0
4.0,Mw,-1.75,-80.39,12.0,2006,8,9,13,54,10.0
3.2,Mw,-2.52,-77.78,12.0,2006,8,9,18,8,32.0
3.2,Mw,1.13,-79.58,12.0,2006,8,10,20,11,39.0
3.3,Mw,-0.97,-78.31,2.3,2006,8,10,22,33,57.0
3.6,Mw,-1.01,-78.33,11.9,2006,8,10,22,48,2.0
3.5,Mw,-0.52,-78.34,4.9,2006,8,11,10,15,56.0
3.3,Mw,1.3,-79.4,12.0,2006,8,13,22,51,52.0
3.1,Mw,-2.3,-78.1,225.0,2006,8,13,23,9,43.0
4.3,Mw,-1.72,-78.12,12.0,2006,8,16,5,16,20.0
3.4,Mw,-2.52,-77.38,15.0,2006,8,17,15,3,44.0
3.4,Mw,-2.65,-78.37,12.0,2006,8,17,15,32,2.0
3.4,Mw,-2.77,-79.2,31.97,2006,8,17,23,15,23.0
3.4,Mw,-2.36,-77.26,18.48,2006,8,18,6,3,24.0
3.2,Mw,-0.45,-78.5,4.8,2006,8,18,17,29,7.0
3.1,Mw,-0.04,-79.52,45.4,2006,8,18,19,12,23.0
3.2,Mw,-0.61,-77.69,14.1,2006,8,19,12,7,16.0
3.3,Mw,-1.12,-78.22,28.0,2006,8,20,9,59,43.0
3.0,Mw,-0.95,-79.38,111.1,2006,8,23,8,41,53.0
3.0,Mw,-0.63,-77.98,5.8,2006,8,23,17,10,47.0
3.6,Mw,-2.76,-77.27,27.0,2006,8,24,8,6,7.0
3.3,Mw,0.27,-79.79,20.73,2006,8,25,5,21,9.0
3.2,Mw,-2.04,-77.44,12.0,2006,8,27,4,0,47.0
3.2,Mw,-1.11,-78.4,14.8,2006,8,27,8,53,16.0
3.3,Mw,-1.11,-78.61,20.0,2006,8,27,14,22,31.0
3.4,Mw,-2.81,-79.08,32.96,2006,8,29,0,18,35.0
3.0,Mw,-1.08,-78.75,28.12,2006,8,29,2,49,17.0
3.1,Mw,-1.86,-77.52,25.0,2006,8,29,6,21,39.0
3.1,Mw,0.28,-79.96,12.0,2006,8,30,6,17,58.0
3.1,Mw,-1.65,-77.79,17.66,2006,8,30,14,30,9.0
4.0,Mw,-2.45,-77.27,12.0,2006,8,30,15,57,18.0
3.3,Mw,-0.79,-79.55,26.4,2006,8,31,5,6,32.0
3.1,Mw,-2.67,-78.07,12.0,2006,8,31,9,5,42.0
3.1,Mw,-2.51,-77.7,13.0,2006,9,1,1,14,0.0
3.1,Mw,-0.89,-79.65,35.78,2006,9,1,23,37,30.0
3.1,Mw,-1.49,-77.7,18.45,2006,9,2,10,7,34.0
4.3,Mw,-2.14,-77.71,12.0,2006,9,2,18,54,47.0
3.1,Mw,-1.13,-78.37,6.0,2006,9,3,6,19,8.0
3.7,Mw,-2.46,-77.71,16.03,2006,9,4,0,38,55.0
3.9,Mw,-2.5,-78.89,104.1,2006,9,4,3,21,53.0
3.4,Mw,-2.11,-79.22,5.1,2006,9,6,0,0,31.0
3.3,Mw,-2.6,-79.62,12.0,2006,9,6,8,20,55.0
3.1,Mw,-0.53,-79.33,34.8,2006,9,6,19,1,55.0
3.3,Mw,-2.73,-78.37,12.0,2006,9,7,6,16,35.0
3.9,Mw,-2.13,-79.08,22.0,2006,9,8,4,47,46.0
4.6,Mw,2.71,-83.86,10.0,2006,9,8,18,51,46.0
3.0,Mw,-0.73,-78.69,13.24,2006,9,9,11,27,40.0
3.3,Mw,-1.81,-79.84,12.66,2006,9,9,15,38,29.0
3.1,Mw,-1.03,-78.27,8.8,2006,9,9,18,39,10.0
3.0,Mw,-0.74,-78.68,13.0,2006,9,10,5,34,56.0
3.1,Mw,-1.11,-78.42,6.4,2006,9,10,13,28,35.0
4.7,Mw,-5.17,-76.51,19.3,2006,9,11,15,27,53.0
3.8,Mw,-0.78,-80.34,33.0,2006,9,12,3,31,40.0
4.6,Mw,-5.23,-76.44,49.6,2006,9,12,4,42,43.0
3.6,Mw,-0.88,-80.95,25.0,2006,9,12,5,31,48.0
3.5,Mw,-2.11,-78.09,151.1,2006,9,13,2,23,44.0
3.1,Mw,-2.45,-79.18,5.0,2006,9,13,4,11,11.0
3.3,Mw,0.89,-76.95,12.0,2006,9,13,9,5,7.0
3.0,Mw,-1.17,-77.74,18.7,2006,9,13,10,54,4.0
4.0,Mw,-6.42,-80.13,92.1,2006,9,13,15,48,59.0
4.2,Mw,-6.38,-80.92,16.7,2006,9,13,16,30,11.0
4.4,Mw,-6.58,-80.86,58.4,2006,9,14,6,1,31.0
3.1,Mw,0.36,-80.4,44.04,2006,9,15,0,12,9.0
3.1,Mw,-1.6,-77.89,195.1,2006,9,15,10,50,11.0
3.4,Mw,-0.9,-80.86,20.32,2006,9,17,18,40,42.0
3.4,Mw,0.18,-80.15,24.0,2006,9,18,11,27,44.0
4.4,Mw,2.49,-79.79,35.0,2006,9,19,2,33,44.0
3.2,Mw,-0.99,-78.64,27.0,2006,9,19,9,4,55.0
3.2,Mw,0.76,-79.25,19.59,2006,9,19,10,8,33.0
3.2,Mw,0.79,-79.26,30.16,2006,9,19,13,13,30.0
3.5,Mw,1.32,-79.5,12.0,2006,9,22,2,12,44.0
3.4,Mw,-2.32,-77.36,14.8,2006,9,22,2,17,4.0
3.3,Mw,0.69,-79.68,12.0,2006,9,22,15,52,15.0
3.0,Mw,0.27,-78.22,12.0,2006,9,23,5,47,14.0
3.7,Mw,-1.93,-77.2,12.0,2006,9,23,10,53,55.0
3.1,Mw,-2.69,-78.46,12.0,2006,9,23,19,10,2.0
3.0,Mw,-1.98,-79.71,16.0,2006,9,24,0,12,16.0
4.3,Mw,-6.53,-74.91,45.9,2006,9,24,21,54,56.0
3.8,Mw,-0.8,-79.62,16.61,2006,9,28,3,43,34.0
3.0,Mw,-0.83,-79.63,16.6,2006,9,28,4,2,43.0
3.1,Mw,-0.82,-79.59,16.6,2006,9,28,6,31,53.0
3.5,Mw,-1.01,-78.32,10.1,2006,9,28,17,6,4.0
3.0,Mw,-1.11,-81.01,12.0,2006,10,1,13,31,27.0
3.3,Mw,-2.31,-79.54,28.56,2006,10,1,14,40,54.0
3.1,Mw,-0.83,-79.66,19.14,2006,10,2,6,23,29.0
3.3,Mw,-1.36,-80.58,12.0,2006,10,3,8,55,50.0
3.2,Mw,0.77,-80.39,27.31,2006,10,3,22,4,55.0
3.2,Mw,-0.68,-77.75,9.5,2006,10,3,22,30,27.0
3.0,Mw,-0.66,-77.77,5.7,2006,10,3,22,42,46.0
3.2,Mw,-0.45,-77.65,13.6,2006,10,4,15,50,36.0
3.1,Mw,-2.24,-77.52,20.2,2006,10,6,4,38,13.0
3.2,Mw,-2.95,-79.31,12.0,2006,10,6,4,58,37.0
4.6,Mw,-2.92,-78.08,18.0,2006,10,6,23,42,8.0
3.4,Mw,0.75,-79.38,3.7,2006,10,7,0,12,57.0
3.3,Mw,0.83,-79.18,6.64,2006,10,8,1,33,9.0
3.6,Mw,-1.44,-81.15,10.0,2006,10,9,18,7,41.0
3.3,Mw,-1.45,-78.09,154.3,2006,10,10,18,34,27.0
3.3,Mw,0.06,-78.47,6.0,2006,10,11,4,46,36.0
3.4,Mw,0.51,-78.99,18.3,2006,10,11,12,11,15.0
3.3,Mw,-1.07,-78.78,12.8,2006,10,11,16,25,12.0
3.3,Mw,0.34,-80.2,8.0,2006,10,11,23,33,33.0
3.3,Mw,0.04,-79.47,15.0,2006,10,11,23,57,57.0
3.2,Mw,0.05,-77.31,11.9,2006,10,12,1,22,3.0
3.6,Mw,0.18,-80.0,6.44,2006,10,13,0,38,18.0
3.3,Mw,-1.02,-78.36,9.2,2006,10,13,12,12,32.0
3.7,Mw,-0.7,-78.76,0.7,2006,10,14,3,44,48.0
3.0,Mw,0.77,-79.93,12.0,2006,10,14,9,5,19.0
3.4,Mw,-2.5,-77.6,16.43,2006,10,14,11,59,14.0
3.2,Mw,-0.77,-80.69,12.0,2006,10,14,17,15,33.0
3.6,Mw,1.29,-79.39,12.0,2006,10,14,18,42,9.0
3.4,Mw,-2.02,-80.39,12.0,2006,10,15,5,30,16.0
3.2,Mw,-0.53,-78.24,12.0,2006,10,15,11,48,23.0
3.8,Mw,-0.09,-78.53,8.0,2006,10,15,15,34,11.0
3.6,Mw,-0.09,-78.52,2.4,2006,10,15,15,44,25.0
4.0,Mw,-4.6,-79.92,10.0,2006,10,15,18,59,57.0
3.2,Mw,-2.82,-77.24,51.08,2006,10,16,2,23,30.0
4.3,Mw,1.18,-77.94,130.5,2006,10,16,10,11,7.0
3.1,Mw,-1.06,-78.21,14.8,2006,10,17,14,45,14.0
3.0,Mw,-2.66,-78.17,14.8,2006,10,18,6,26,19.0
3.1,Mw,-1.01,-79.29,120.6,2006,10,20,6,7,34.0
3.0,Mw,-1.0,-78.35,7.3,2006,10,22,12,3,16.0
3.2,Mw,-1.0,-78.33,7.2,2006,10,22,12,13,35.0
3.2,Mw,-1.0,-78.35,7.6,2006,10,22,13,59,38.0
3.4,Mw,0.2,-79.65,4.7,2006,10,22,15,9,20.0
4.0,Mw,-5.85,-78.47,57.9,2006,10,22,16,2,16.0
3.1,Mw,-2.96,-77.63,12.0,2006,10,22,21,8,46.0
3.3,Mw,-0.95,-79.35,116.0,2006,10,24,8,23,38.0
3.2,Mw,0.36,-79.79,18.0,2006,10,24,21,54,57.0
3.0,Mw,-0.52,-79.34,43.7,2006,10,26,1,55,38.0
3.3,Mw,-0.9,-79.5,5.5,2006,10,26,2,51,13.0
3.5,Mw,1.47,-78.69,8.0,2006,10,26,3,44,36.0
3.6,Mw,0.52,-80.11,16.0,2006,10,26,5,25,45.0
3.2,Mw,-0.03,-77.66,18.0,2006,10,26,5,49,8.0
3.3,Mw,-0.06,-77.68,14.8,2006,10,26,6,56,12.0
3.7,Mw,0.02,-77.96,-2.1,2006,10,27,18,7,15.0
3.8,Mw,-2.66,-77.47,33.18,2006,10,28,4,26,22.0
3.4,Mw,-0.72,-79.9,27.6,2006,10,28,14,34,50.0
3.2,Mw,-1.09,-78.32,7.9,2006,10,29,0,8,30.0
3.3,Mw,-2.16,-79.74,14.66,2006,10,29,7,51,51.0
3.5,Mw,0.2,-80.45,69.0,2006,10,29,8,28,5.0
3.4,Mw,-0.62,-80.88,96.0,2006,10,30,11,30,50.0
3.3,Mw,-1.35,-77.88,288.0,2006,10,31,0,28,22.0
3.5,Mw,-2.47,-79.98,10.0,2006,10,31,9,18,25.0
5.4,Mw,-1.36,-78.12,153.1,2006,10,31,9,55,24.0
3.0,Mw,0.49,-78.73,14.56,2006,10,31,21,30,13.0
3.2,Mw,-1.4,-80.49,28.97,2006,11,1,1,45,39.0
3.1,Mw,-1.84,-80.6,28.0,2006,11,1,1,47,13.0
3.0,Mw,-2.34,-79.54,54.12,2006,11,3,17,17,39.0
3.0,Mw,-0.8,-78.7,16.0,2006,11,4,1,22,31.0
3.2,Mw,-1.09,-77.98,25.4,2006,11,4,2,56,5.0
3.7,Mw,-2.69,-78.32,36.57,2006,11,4,19,15,33.0
3.0,Mw,-0.87,-80.53,12.0,2006,11,5,18,3,6.0
3.2,Mw,0.12,-79.69,22.15,2006,11,6,2,5,12.0
3.1,Mw,-1.06,-79.25,105.4,2006,11,6,7,3,24.0
3.0,Mw,-1.34,-78.22,139.7,2006,11,6,20,18,42.0
3.2,Mw,-0.06,-78.57,136.4,2006,11,7,4,48,12.0
4.2,Mw,-4.45,-80.8,60.9,2006,11,7,7,49,59.0
4.9,Mw,-5.55,-76.83,38.4,2006,11,9,9,23,18.0
3.9,Mw,0.1,-77.38,14.8,2006,11,9,15,32,54.0
3.7,Mw,-2.56,-77.88,4.1,2006,11,10,3,16,12.0
3.4,Mw,-0.8,-79.7,35.66,2006,11,10,5,26,40.0
3.7,Mw,-1.87,-78.07,182.4,2006,11,12,7,42,28.0
3.3,Mw,-2.28,-79.45,49.06,2006,11,12,12,10,9.0
3.4,Mw,-2.13,-79.96,12.0,2006,11,13,3,36,0.0
3.0,Mw,-1.0,-79.25,90.4,2006,11,14,10,41,29.0
3.5,Mw,-1.81,-80.36,12.0,2006,11,14,14,52,30.0
3.1,Mw,-0.13,-78.75,124.9,2006,11,16,1,38,11.0
3.0,Mw,0.65,-78.48,8.15,2006,11,16,13,18,52.0
3.7,Mw,-2.66,-77.81,14.0,2006,11,17,1,9,45.0
3.1,Mw,-2.61,-77.89,0.0,2006,11,17,3,26,19.0
3.0,Mw,-1.03,-79.57,37.24,2006,11,17,17,29,10.0
3.4,Mw,-0.81,-79.62,37.84,2006,11,18,3,33,9.0
3.5,Mw,-0.74,-80.54,44.9,2006,11,18,7,14,52.0
3.6,Mw,-2.25,-78.5,174.1,2006,11,20,14,33,31.0
3.4,Mw,-0.51,-78.33,2.95,2006,11,20,23,35,36.0
3.3,Mw,-1.27,-79.47,40.9,2006,11,22,0,48,26.0
3.2,Mw,-1.03,-78.3,8.9,2006,11,22,17,16,23.0
3.0,Mw,-0.52,-77.52,10.3,2006,11,22,20,8,38.0
3.5,Mw,0.39,-79.89,12.0,2006,11,23,8,32,48.0
3.0,Mw,-0.03,-77.66,14.2,2006,11,23,15,32,4.0
3.1,Mw,-1.95,-79.74,14.42,2006,11,23,18,32,49.0
4.2,Mw,-1.51,-78.24,152.0,2006,11,23,22,26,56.0
4.0,Mw,-1.03,-78.26,11.9,2006,11,24,9,33,49.0
3.4,Mw,-1.03,-78.25,13.7,2006,11,24,9,36,49.0
3.4,Mw,-1.03,-78.27,10.8,2006,11,24,9,52,44.0
3.1,Mw,-1.03,-78.26,12.0,2006,11,24,9,55,40.0
3.0,Mw,-1.03,-78.32,-0.9,2006,11,24,10,3,20.0
3.2,Mw,-1.04,-78.24,7.9,2006,11,24,10,7,16.0
3.2,Mw,-1.01,-78.32,12.0,2006,11,24,10,8,5.0
3.6,Mw,-1.03,-78.27,9.0,2006,11,24,10,15,27.0
3.0,Mw,-1.04,-78.26,11.4,2006,11,24,10,20,9.0
3.0,Mw,-1.04,-78.24,10.9,2006,11,24,10,51,37.0
3.6,Mw,-1.3,-80.44,12.0,2006,11,24,12,18,11.0
3.8,Mw,-1.01,-78.31,9.4,2006,11,24,12,47,16.0
3.2,Mw,-1.02,-78.28,11.0,2006,11,24,13,0,31.0
3.2,Mw,-1.05,-78.3,10.9,2006,11,24,17,14,15.0
3.1,Mw,0.23,-79.09,19.6,2006,11,24,21,22,14.0
3.2,Mw,-1.03,-78.29,9.6,2006,11,25,1,31,18.0
3.1,Mw,-1.04,-78.24,13.14,2006,11,25,11,36,15.0
4.6,Mw,1.29,-77.97,46.5,2006,11,25,13,50,8.0
3.1,Mw,-2.19,-80.31,45.0,2006,11,25,19,28,9.0
3.0,Mw,-1.11,-78.32,5.9,2006,11,26,0,11,4.0
3.0,Mw,-1.14,-77.77,12.0,2006,11,26,2,12,27.0
3.1,Mw,-0.3,-77.67,13.5,2006,11,26,18,27,56.0
3.1,Mw,0.58,-78.56,12.0,2006,11,27,11,55,2.0
3.0,Mw,-2.04,-78.75,10.02,2006,11,27,22,19,36.0
3.8,Mw,-2.19,-79.1,117.9,2006,11,28,0,40,35.0
3.0,Mw,-0.13,-77.74,8.68,2006,11,28,0,48,15.0
3.7,Mw,-2.67,-78.57,5.0,2006,11,29,1,5,45.0
3.7,Mw,-0.67,-80.99,64.0,2006,11,29,16,28,15.0
3.1,Mw,-1.13,-78.37,9.1,2006,11,29,19,3,31.0
3.5,Mw,-1.05,-80.56,42.24,2006,11,29,20,0,14.0
3.2,Mw,0.61,-80.08,12.0,2006,11,30,9,34,28.0
3.0,Mw,-2.69,-78.13,12.0,2006,12,1,0,18,50.0
3.1,Mw,-1.08,-78.32,9.4,2006,12,2,1,7,37.0
3.3,Mw,-1.21,-80.48,5.0,2006,12,2,9,45,37.0
3.0,Mw,-0.81,-78.55,8.3,2006,12,2,21,38,15.0
4.1,Mw,-1.46,-78.23,148.3,2006,12,3,14,16,26.0
3.1,Mw,-1.3,-80.46,16.0,2006,12,3,19,54,32.0
3.3,Mw,-2.06,-79.7,8.39,2006,12,4,0,31,17.0
3.2,Mw,-0.77,-80.82,31.71,2006,12,4,3,36,24.0
3.3,Mw,0.52,-78.58,6.9,2006,12,4,14,46,4.0
3.4,Mw,0.5,-78.47,6.9,2006,12,4,14,57,38.0
3.5,Mw,-1.02,-78.32,12.4,2006,12,6,21,51,43.0
3.0,Mw,-1.03,-78.32,10.3,2006,12,7,4,17,49.0
3.1,Mw,-0.55,-77.64,30.04,2006,12,9,15,32,1.0
3.2,Mw,-0.82,-79.63,102.4,2006,12,9,16,0,47.0
3.3,Mw,-1.43,-78.93,5.8,2006,12,11,1,47,2.0
3.0,Mw,0.14,-79.78,32.43,2006,12,11,23,27,53.0
3.8,Mw,0.36,-78.15,1.4,2006,12,12,13,21,50.0
3.7,Mw,-2.58,-78.19,133.5,2006,12,13,17,42,10.0
3.0,Mw,-0.16,-78.38,10.3,2006,12,14,16,0,9.0
3.6,Mw,-0.89,-79.16,95.2,2006,12,14,23,31,21.0
3.7,Mw,-0.57,-80.73,26.8,2006,12,15,19,22,27.0
3.5,Mw,-0.56,-80.73,30.5,2006,12,15,19,26,26.0
3.7,Mw,-0.24,-79.07,13.1,2006,12,17,9,40,4.0
3.2,Mw,-1.03,-78.59,4.0,2006,12,17,12,39,49.0
3.6,Mw,-0.83,-81.03,5.3,2006,12,18,5,25,16.0
3.6,Mw,-2.66,-79.26,21.33,2006,12,18,11,2,57.0
4.1,Mw,-2.27,-77.03,10.0,2006,12,18,19,7,0.0
3.1,Mw,-1.43,-78.95,8.7,2006,12,19,0,42,41.0
3.5,Mw,-0.93,-79.15,93.2,2006,12,19,5,34,53.0
3.2,Mw,1.16,-79.46,12.0,2006,12,19,7,32,56.0
3.0,Mw,-1.0,-78.34,10.8,2006,12,19,16,57,37.0
3.6,Mw,-2.02,-78.21,10.7,2006,12,19,19,57,51.0
4.6,Mw,-4.78,-75.3,55.4,2006,12,20,15,10,57.0
3.4,Mw,-1.53,-78.36,137.0,2006,12,21,8,52,21.0
3.8,Mw,-2.48,-80.42,16.0,2006,12,21,20,17,49.0
3.2,Mw,-2.66,-78.22,12.0,2006,12,25,3,8,32.0
3.5,Mw,-1.28,-80.88,9.7,2006,12,29,14,20,55.0
3.5,Mw,0.3,-80.22,24.0,2006,12,29,21,42,4.0
4.0,Mw,-1.31,-77.9,224.4,2006,12,31,9,55,51.0
3.1,Mw,-1.32,-79.85,78.3,2007,1,1,1,54,7.0
4.5,Mw,-5.64,-76.8,35.0,2007,1,2,2,0,7.0
3.2,Mw,-2.15,-79.74,12.0,2007,1,2,4,53,43.0
3.7,Mw,-2.54,-78.42,44.13,2007,1,2,17,45,53.0
3.3,Mw,-1.02,-78.33,12.4,2007,1,2,23,43,19.0
3.0,Mw,-2.92,-79.21,25.0,2007,1,3,0,35,37.0
3.1,Mw,-1.03,-78.32,16.28,2007,1,3,0,37,15.0
3.4,Mw,-1.49,-80.09,12.0,2007,1,3,7,30,49.0
3.5,Mw,-1.11,-78.4,9.4,2007,1,4,10,35,2.0
3.1,Mw,0.33,-78.68,12.0,2007,1,5,0,25,12.0
3.0,Mw,0.48,-77.28,6.44,2007,1,5,3,1,16.0
3.4,Mw,-1.02,-78.29,9.7,2007,1,5,15,53,42.0
3.8,Mw,-1.69,-80.42,12.0,2007,1,6,4,26,3.0
5.0,Mw,-1.46,-78.13,156.5,2007,1,6,6,27,17.0
3.1,Mw,-1.4,-79.45,12.0,2007,1,6,23,24,36.0
3.0,Mw,-2.9,-78.04,12.0,2007,1,7,15,58,39.0
3.0,Mw,0.007,-77.77,4.1,2007,1,7,19,12,21.0
3.0,Mw,-0.33,-77.5,15.7,2007,1,7,22,20,20.0
3.5,Mw,-2.03,-79.75,34.7,2007,1,8,8,59,29.0
3.3,Mw,-0.68,-81.0,32.9,2007,1,8,13,35,6.0
3.7,Mw,-2.36,-80.71,12.0,2007,1,9,5,2,35.0
3.2,Mw,-1.31,-78.08,251.9,2007,1,9,16,44,11.0
3.5,Mw,-0.85,-80.63,25.0,2007,1,12,9,29,24.0
3.5,Mw,-1.83,-80.07,10.64,2007,1,13,3,12,27.0
3.2,Mw,-1.12,-78.25,9.8,2007,1,13,3,34,49.0
3.4,Mw,-1.25,-78.23,12.0,2007,1,14,4,17,11.0
3.4,Mw,-1.6,-80.9,29.18,2007,1,15,3,55,49.0
3.2,Mw,-1.3,-79.83,12.0,2007,1,15,17,26,8.0
3.0,Mw,0.87,-79.23,12.0,2007,1,16,7,27,53.0
3.1,Mw,-1.19,-78.24,10.8,2007,1,17,2,20,47.0
3.4,Mw,0.21,-79.11,20.6,2007,1,17,4,19,55.0
3.1,Mw,-1.3,-79.71,25.0,2007,1,18,19,17,48.0
3.6,Mw,-1.04,-78.32,6.0,2007,1,19,9,15,53.0
3.1,Mw,-1.04,-78.36,10.6,2007,1,19,13,23,26.0
3.2,Mw,-1.87,-79.88,12.0,2007,1,20,1,59,28.0
3.7,Mw,-0.07,-78.57,11.4,2007,1,20,20,38,51.0
3.2,Mw,-2.07,-79.76,14.0,2007,1,21,0,1,34.0
3.0,Mw,-0.37,-79.67,37.0,2007,1,21,12,56,52.0
3.3,Mw,-1.02,-78.35,8.5,2007,1,23,3,14,35.0
3.6,Mw,-0.57,-77.94,8.2,2007,1,23,8,57,54.0
3.2,Mw,-1.04,-78.24,14.8,2007,1,23,13,18,44.0
3.4,Mw,-1.81,-77.33,12.0,2007,1,23,23,29,10.0
3.0,Mw,-1.85,-77.36,29.54,2007,1,24,1,49,20.0
3.0,Mw,-1.04,-78.24,1.6,2007,1,24,20,2,3.0
3.5,Mw,-1.53,-81.25,10.0,2007,1,25,9,17,22.0
3.1,Mw,-0.81,-79.75,40.2,2007,1,25,15,15,44.0
4.4,Mw,-1.46,-78.24,150.6,2007,1,26,19,26,37.0
3.0,Mw,-1.0,-79.75,38.4,2007,1,30,3,25,54.0
3.1,Mw,-0.19,-80.91,67.0,2007,1,31,8,30,3.0
3.8,Mw,0.31,-80.1,25.7,2007,2,1,3,55,23.0
3.2,Mw,0.38,-80.21,15.0,2007,2,1,4,8,48.0
3.3,Mw,0.32,-80.01,21.0,2007,2,1,12,1,14.0
3.3,Mw,0.26,-80.02,23.6,2007,2,1,21,42,57.0
3.4,Mw,-0.69,-80.1,63.2,2007,2,2,20,58,25.0
3.6,Mw,-1.54,-81.26,12.0,2007,2,2,21,45,53.0
3.3,Mw,0.12,-77.9,-0.1,2007,2,3,0,32,27.0
3.1,Mw,-1.05,-78.36,9.7,2007,2,4,1,55,20.0
3.3,Mw,-1.07,-78.26,14.8,2007,2,4,10,24,3.0
3.5,Mw,0.27,-79.99,12.0,2007,2,5,9,54,27.0
3.6,Mw,-2.8,-78.46,118.4,2007,2,5,13,13,10.0
3.5,Mw,-1.24,-78.2,23.3,2007,2,6,19,36,58.0
3.1,Mw,-1.68,-79.28,92.9,2007,2,8,22,4,43.0
3.2,Mw,-1.31,-80.7,78.93,2007,2,9,13,34,3.0
3.2,Mw,-1.53,-80.73,16.0,2007,2,10,20,21,49.0
3.4,Mw,-2.62,-79.42,7.57,2007,2,11,11,28,41.0
5.6,Mw,-1.38,-78.12,165.0,2007,2,13,14,56,40.0
3.9,Mw,-2.12,-79.86,12.0,2007,2,13,17,48,54.0
3.5,Mw,-2.29,-80.26,12.0,2007,2,14,10,47,30.0
3.3,Mw,-0.89,-79.17,90.0,2007,2,14,12,48,17.0
4.7,Mw,-5.32,-77.22,45.7,2007,2,14,19,37,57.0
3.6,Mw,-1.4,-80.38,16.0,2007,2,15,8,29,21.0
3.2,Mw,-1.81,-78.86,0.0,2007,2,16,2,8,43.0
3.2,Mw,-0.09,-78.99,95.05,2007,2,16,8,49,48.0
4.3,Mw,2.66,-76.87,146.0,2007,2,16,22,39,55.0
3.1,Mw,-0.37,-78.75,14.6,2007,2,17,3,18,27.0
3.0,Mw,-2.2,-79.75,16.0,2007,2,17,11,15,3.0
3.1,Mw,-0.84,-80.42,25.0,2007,2,17,12,12,6.0
3.1,Mw,-1.05,-78.39,10.7,2007,2,17,16,42,2.0
3.1,Mw,-0.53,-80.22,9.95,2007,2,19,22,28,39.0
3.2,Mw,-1.35,-80.48,12.0,2007,2,20,8,48,57.0
3.2,Mw,-1.42,-79.86,12.0,2007,2,20,9,21,8.0
4.0,Mw,3.09,-79.32,44.1,2007,2,20,16,12,26.0
3.4,Mw,-2.94,-78.79,15.9,2007,2,20,18,5,58.0
4.1,Mw,-5.14,-77.28,35.0,2007,2,20,22,24,43.0
3.8,Mw,0.21,-80.14,12.9,2007,2,21,2,27,20.0
3.1,Mw,-0.46,-77.5,20.0,2007,2,22,2,9,25.0
3.5,Mw,-0.82,-79.37,16.2,2007,2,23,4,5,2.0
5.0,Mw,-1.52,-78.31,156.3,2007,2,23,14,12,22.0
3.0,Mw,-2.77,-78.18,19.23,2007,2,23,19,45,17.0
6.1,Mw,-6.96,-80.44,9.9,2007,2,24,2,36,22.0
3.3,Mw,-0.004,-78.54,9.1,2007,2,25,0,28,37.0
3.3,Mw,-0.73,-77.2,121.0,2007,2,25,12,6,42.0
4.2,Mw,-4.73,-81.16,58.8,2007,2,26,3,59,48.0
3.1,Mw,-1.03,-78.36,9.1,2007,2,28,3,41,6.0
3.0,Mw,-1.02,-78.24,6.0,2007,3,1,18,47,19.0
3.3,Mw,-2.67,-79.83,5.0,2007,3,1,19,19,3.0
3.2,Mw,-1.33,-80.56,7.7,2007,3,1,22,23,1.0
3.3,Mw,0.06,-78.48,10.4,2007,3,2,21,44,25.0
3.2,Mw,-0.55,-79.18,17.8,2007,3,2,23,40,6.0
3.1,Mw,0.33,-79.28,5.7,2007,3,3,4,35,18.0
3.0,Mw,0.79,-79.85,12.0,2007,3,4,2,33,20.0
3.1,Mw,-1.06,-78.28,9.91,2007,3,5,4,34,48.0
3.5,Mw,-1.06,-78.31,9.0,2007,3,5,8,54,33.0
3.3,Mw,-1.61,-79.07,37.19,2007,3,5,17,34,37.0
5.2,Mw,2.1,-76.51,12.0,2007,3,6,13,5,8.0
3.2,Mw,-1.05,-79.52,107.8,2007,3,7,4,38,40.0
4.0,Mw,-2.45,-76.46,160.0,2007,3,7,11,37,22.0
3.2,Mw,-1.05,-78.35,6.3,2007,3,9,21,52,31.0
3.4,Mw,-1.64,-78.2,157.9,2007,3,11,10,6,17.0
3.5,Mw,-0.09,-80.37,35.3,2007,3,11,15,52,9.0
3.4,Mw,-1.61,-77.75,191.8,2007,3,11,16,14,27.0
4.2,Mw,3.93,-74.71,55.7,2007,3,12,9,17,19.0
3.6,Mw,-0.66,-79.78,84.2,2007,3,12,16,56,5.0
3.2,Mw,-2.18,-79.44,104.8,2007,3,13,3,48,32.0
3.2,Mw,-1.16,-78.32,10.2,2007,3,13,5,42,8.0
4.8,Mw,-5.47,-77.04,32.4,2007,3,13,14,50,50.0
3.5,Mw,-2.09,-80.68,12.0,2007,3,14,0,44,5.0
3.5,Mw,-1.08,-78.25,-0.5,2007,3,14,10,22,44.0
3.1,Mw,0.58,-79.97,24.13,2007,3,15,1,22,37.0
3.2,Mw,-1.06,-78.37,13.48,2007,3,15,3,4,54.0
3.7,Mw,-1.12,-78.8,1.5,2007,3,15,13,23,36.0
3.1,Mw,-2.34,-79.93,12.0,2007,3,16,13,58,41.0
3.0,Mw,-0.59,-80.54,10.0,2007,3,17,0,49,53.0
4.1,Mw,3.94,-82.72,10.0,2007,3,17,3,37,9.0
3.2,Mw,-1.98,-77.34,182.8,2007,3,17,11,46,35.0
3.2,Mw,-1.5,-79.68,12.0,2007,3,19,4,6,41.0
3.3,Mw,-0.97,-79.32,124.7,2007,3,19,6,41,7.0
3.2,Mw,0.47,-80.15,12.0,2007,3,21,0,8,36.0
3.3,Mw,-2.31,-79.38,34.56,2007,3,21,22,40,16.0
3.1,Mw,-0.97,-79.75,12.0,2007,3,22,0,50,0.0
3.0,Mw,0.67,-79.24,27.82,2007,3,23,2,20,33.0
3.0,Mw,-1.47,-78.95,12.0,2007,3,24,2,56,29.0
3.2,Mw,-1.49,-78.96,16.0,2007,3,24,11,58,14.0
3.6,Mw,-2.84,-78.34,16.0,2007,3,25,1,29,8.0
3.2,Mw,-2.38,-79.64,17.12,2007,3,25,4,53,3.0
3.1,Mw,-1.75,-80.13,12.0,2007,3,27,8,15,6.0
3.1,Mw,-1.53,-79.32,133.6,2007,3,27,11,41,47.0
3.6,Mw,-0.77,-79.15,28.9,2007,3,27,23,24,38.0
3.6,Mw,-1.65,-77.76,178.7,2007,3,28,19,48,39.0
5.3,Mw,-1.43,-77.53,182.5,2007,3,28,20,57,25.0
3.1,Mw,-1.43,-78.96,3.5,2007,3,29,3,25,59.0
3.2,Mw,-1.42,-78.93,4.7,2007,3,29,3,33,8.0
3.5,Mw,-1.79,-80.23,12.0,2007,3,29,4,39,23.0
3.5,Mw,-0.97,-77.77,15.0,2007,3,31,0,8,19.0
3.0,Mw,-2.15,-79.89,34.4,2007,3,31,12,10,29.0
3.1,Mw,0.35,-78.64,20.07,2007,3,31,13,1,38.0
3.0,Mw,-1.41,-80.43,10.0,2007,4,1,21,53,15.0
3.7,Mw,-0.99,-77.51,20.9,2007,4,2,9,29,22.0
3.5,Mw,-0.94,-79.2,109.0,2007,4,3,6,41,9.0
3.7,Mw,0.08,-78.44,0.4,2007,4,4,19,6,8.0
3.1,Mw,-1.81,-77.36,12.0,2007,4,6,3,13,2.0
3.0,Mw,-1.43,-79.75,106.0,2007,4,7,7,55,15.0
3.1,Mw,-1.04,-81.07,5.0,2007,4,8,11,37,54.0
3.0,Mw,-0.39,-78.73,10.82,2007,4,9,16,38,43.0
3.4,Mw,-2.17,-79.64,25.95,2007,4,10,3,28,17.0
3.2,Mw,-1.33,-78.21,144.1,2007,4,10,6,1,39.0
3.1,Mw,-1.78,-77.74,190.1,2007,4,10,13,50,7.0
3.1,Mw,-0.31,-78.67,15.17,2007,4,10,23,53,21.0
3.1,Mw,-1.03,-78.27,14.8,2007,4,11,22,19,25.0
3.3,Mw,-2.77,-77.5,12.0,2007,4,11,23,8,6.0
3.1,Mw,-1.54,-78.86,11.54,2007,4,12,12,43,47.0
3.2,Mw,-1.45,-79.02,8.0,2007,4,13,4,23,0.0
3.0,Mw,-1.42,-78.96,6.74,2007,4,13,4,32,22.0
3.3,Mw,-2.37,-77.72,12.0,2007,4,13,18,17,34.0
4.3,Mw,-0.75,-79.8,10.04,2007,4,14,11,9,33.0
3.2,Mw,-1.38,-78.2,116.8,2007,4,14,13,25,21.0
3.1,Mw,0.38,-79.81,16.39,2007,4,14,14,43,57.0
3.3,Mw,-1.24,-80.22,12.0,2007,4,14,16,51,58.0
3.1,Mw,-0.92,-78.58,24.92,2007,4,16,23,49,31.0
3.2,Mw,-1.37,-78.9,0.8,2007,4,17,5,47,38.0
3.7,Mw,-1.74,-81.13,5.0,2007,4,19,0,59,2.0
3.4,Mw,-0.34,-78.56,9.0,2007,4,19,17,38,54.0
3.2,Mw,-1.57,-77.74,211.7,2007,4,20,14,14,1.0
3.7,Mw,-1.27,-77.0,35.0,2007,4,22,2,49,6.0
5.4,Mw,-3.75,-81.25,40.6,2007,4,22,11,57,41.0
3.2,Mw,-2.64,-78.71,4.91,2007,4,22,18,36,5.0
3.3,Mw,-2.1,-79.37,4.0,2007,4,23,8,17,42.0
4.0,Mw,-2.68,-80.86,10.0,2007,4,26,2,33,23.0
3.0,Mw,-0.91,-79.37,99.87,2007,4,27,15,56,3.0
3.0,Mw,-0.52,-78.67,22.75,2007,4,28,22,3,34.0
3.0,Mw,0.76,-79.1,22.78,2007,4,30,16,54,29.0
3.7,Mw,-0.7,-78.63,19.5,2007,5,1,18,20,7.0
3.4,Mw,-0.69,-78.71,14.8,2007,5,1,18,35,22.0
3.4,Mw,-0.43,-79.9,12.0,2007,5,2,14,45,14.0
3.1,Mw,-0.82,-80.59,20.43,2007,5,2,19,46,17.0
3.1,Mw,-0.12,-80.3,12.0,2007,5,4,13,53,58.0
4.6,Mw,-0.05,-80.37,10.0,2007,5,5,8,19,27.0
4.3,Mw,-2.03,-77.92,179.5,2007,5,5,18,18,41.0
3.0,Mw,-0.47,-79.72,83.05,2007,5,6,18,38,41.0
3.1,Mw,0.37,-78.88,96.27,2007,5,8,0,52,47.0
3.0,Mw,-0.55,-78.68,14.8,2007,5,8,3,46,46.0
3.3,Mw,-2.52,-78.54,12.0,2007,5,9,1,27,8.0
3.2,Mw,-0.67,-77.66,8.11,2007,5,9,2,7,18.0
3.0,Mw,-0.37,-78.49,18.21,2007,5,9,10,37,2.0
3.1,Mw,-0.97,-79.39,102.5,2007,5,9,17,51,14.0
3.5,Mw,-2.82,-77.98,12.0,2007,5,10,0,48,43.0
3.0,Mw,0.75,-79.95,10.0,2007,5,11,3,14,8.0
3.2,Mw,-1.16,-78.36,8.49,2007,5,11,15,22,35.0
4.0,Mw,-5.42,-80.36,34.0,2007,5,12,4,58,42.0
3.0,Mw,-0.03,-78.71,12.75,2007,5,14,1,25,47.0
3.3,Mw,-1.89,-77.97,177.6,2007,5,16,1,54,6.0
3.3,Mw,-2.21,-79.9,10.0,2007,5,16,11,31,0.0
3.1,Mw,-0.9,-78.29,5.7,2007,5,16,18,37,46.0
3.2,Mw,-2.51,-78.12,110.2,2007,5,16,23,46,14.0
3.6,Mw,-2.05,-79.94,10.68,2007,5,17,1,9,35.0
4.1,Mw,3.59,-82.4,10.0,2007,5,18,0,59,34.0
3.0,Mw,-1.25,-80.62,6.53,2007,5,19,3,14,59.0
3.3,Mw,-2.93,-77.73,12.0,2007,5,19,12,4,10.0
3.2,Mw,1.11,-77.41,16.66,2007,5,19,14,30,11.0
3.1,Mw,-2.54,-77.84,15.57,2007,5,19,15,46,17.0
3.0,Mw,1.09,-78.84,10.69,2007,5,26,16,43,25.0
3.0,Mw,-1.02,-78.27,14.02,2007,5,26,19,24,29.0
3.0,Mw,-1.62,-78.29,13.0,2007,5,27,6,40,29.0
4.6,Mw,3.71,-75.56,13.9,2007,5,27,7,55,58.0
3.5,Mw,0.9,-79.13,26.53,2007,5,30,12,47,29.0
3.4,Mw,-0.61,-77.46,13.3,2007,5,30,18,46,40.0
3.0,Mw,-1.1,-79.18,117.3,2007,5,30,20,26,59.0
3.7,Mw,-1.35,-79.9,26.94,2007,5,31,20,38,38.0
3.0,Mw,-0.98,-78.0,5.8,2007,6,2,2,21,1.0
3.0,Mw,-1.72,-77.76,200.1,2007,6,2,3,6,43.0
3.5,Mw,-1.12,-79.67,92.8,2007,6,5,5,3,18.0
3.3,Mw,-2.68,-78.06,12.0,2007,6,8,14,38,18.0
4.8,Mw,3.36,-82.97,21.0,2007,6,9,18,33,47.0
3.0,Mw,-0.03,-78.38,5.4,2007,6,9,23,10,5.0
3.0,Mw,-0.2,-80.0,25.34,2007,6,10,6,12,53.0
5.1,Mw,-3.2,-79.01,78.1,2007,6,11,0,19,39.0
5.1,Mw,-2.14,-77.09,143.3,2007,6,11,3,57,14.0
3.7,Mw,-1.29,-80.4,5.0,2007,6,12,8,45,0.0
3.1,Mw,-0.04,-78.4,5.8,2007,6,14,23,2,3.0
4.0,Mw,-1.23,-81.06,10.4,2007,6,15,21,29,38.0
3.0,Mw,-0.52,-78.73,31.06,2007,6,16,12,17,52.0
3.3,Mw,-1.43,-81.04,10.0,2007,6,16,12,56,55.0
3.0,Mw,-1.06,-78.24,3.4,2007,6,18,15,57,50.0
3.1,Mw,-2.67,-77.75,12.0,2007,6,23,7,50,2.0
3.8,Mw,-2.01,-77.73,157.1,2007,6,23,21,35,26.0
3.1,Mw,-1.02,-78.33,13.36,2007,6,24,10,38,25.0
4.1,Mw,3.39,-78.9,47.0,2007,6,24,10,44,6.0
3.6,Mw,-2.16,-79.73,13.6,2007,6,25,21,59,0.0
3.4,Mw,-1.51,-78.2,138.1,2007,6,26,21,34,19.0
4.6,Mw,-6.95,-80.22,36.1,2007,6,27,6,36,27.0
3.5,Mw,3.3,-74.19,39.7,2007,6,27,15,44,59.0
3.4,Mw,-1.98,-81.29,10.89,2007,6,28,10,49,9.0
3.3,Mw,-2.1,-80.94,5.0,2007,6,29,6,59,34.0
3.1,Mw,-2.27,-78.93,110.2,2007,6,29,14,4,42.0
3.0,Mw,-1.06,-78.28,9.33,2007,6,29,22,9,2.0
3.2,Mw,-0.34,-78.52,4.0,2007,6,30,13,53,33.0
3.5,Mw,-1.63,-81.34,5.0,2007,6,30,21,20,34.0
3.7,Mw,-2.97,-78.39,84.74,2007,7,1,13,42,23.0
3.1,Mw,-1.1,-80.65,5.0,2007,7,2,0,20,20.0
3.3,Mw,-2.56,-77.5,12.0,2007,7,2,17,47,24.0
3.0,Mw,-0.28,-78.43,12.0,2007,7,3,8,45,27.0
3.0,Mw,-2.66,-77.61,12.0,2007,7,4,21,36,55.0
3.3,Mw,-2.78,-77.55,12.0,2007,7,4,21,39,34.0
3.0,Mw,-2.46,-77.42,12.0,2007,7,5,16,36,8.0
4.1,Mw,0.86,-79.7,12.0,2007,7,5,21,54,55.0
3.4,Mw,0.99,-79.94,5.0,2007,7,5,22,8,4.0
3.2,Mw,1.01,-79.82,5.0,2007,7,5,22,46,16.0
3.4,Mw,1.01,-79.88,5.0,2007,7,6,0,37,12.0
3.1,Mw,-1.62,-77.87,198.0,2007,7,6,4,47,22.0
3.3,Mw,-1.07,-78.74,18.2,2007,7,6,9,18,54.0
3.0,Mw,-0.85,-79.66,22.55,2007,7,6,13,15,33.0
3.5,Mw,-0.25,-77.51,14.1,2007,7,6,22,37,44.0
3.0,Mw,-1.75,-80.81,12.0,2007,7,7,8,28,42.0
3.4,Mw,-1.51,-81.12,5.0,2007,7,8,10,52,6.0
3.1,Mw,1.0,-79.96,5.0,2007,7,8,11,16,46.0
3.0,Mw,-0.25,-77.53,6.6,2007,7,8,23,37,9.0
3.1,Mw,0.3,-78.87,106.7,2007,7,9,0,1,40.0
3.6,Mw,-0.25,-77.51,14.3,2007,7,9,0,5,22.0
3.1,Mw,-0.26,-77.5,12.6,2007,7,9,0,34,43.0
4.3,Mw,3.85,-75.6,27.7,2007,7,10,5,25,37.0
3.0,Mw,-2.41,-77.41,12.0,2007,7,10,17,11,2.0
3.9,Mw,-0.24,-78.92,3.0,2007,7,11,16,36,51.0
3.6,Mw,-0.24,-78.89,3.1,2007,7,11,16,59,29.0
3.0,Mw,-0.22,-78.92,12.16,2007,7,11,19,42,3.0
3.5,Mw,-1.68,-78.03,160.7,2007,7,12,3,39,58.0
3.1,Mw,-1.75,-78.78,6.0,2007,7,12,4,16,31.0
4.2,Mw,-4.03,-79.92,56.0,2007,7,13,7,20,26.0
3.0,Mw,-2.61,-77.41,12.0,2007,7,13,8,57,1.0
3.3,Mw,-2.68,-78.3,92.46,2007,7,13,22,46,46.0
3.3,Mw,-2.1,-78.45,64.3,2007,7,14,23,39,33.0
4.6,Mw,3.78,-75.58,45.5,2007,7,15,19,30,1.0
3.0,Mw,-0.3,-79.52,43.97,2007,7,17,16,45,20.0
3.5,Mw,-2.13,-80.06,10.0,2007,7,18,4,29,14.0
3.5,Mw,-0.69,-78.71,8.3,2007,7,20,11,14,32.0
3.3,Mw,-0.69,-78.71,6.3,2007,7,20,11,43,53.0
3.4,Mw,-2.25,-79.5,101.2,2007,7,20,16,51,6.0
3.1,Mw,-2.82,-78.41,12.0,2007,7,20,17,38,49.0
3.3,Mw,-1.11,-79.32,26.7,2007,7,20,19,23,31.0
5.2,Mw,-1.49,-78.31,150.3,2007,7,21,18,58,9.0
3.0,Mw,-1.08,-79.44,18.38,2007,7,22,5,41,37.0
4.3,Mw,3.24,-79.13,10.0,2007,7,22,6,31,15.0
4.4,Mw,-6.81,-76.7,60.0,2007,7,23,1,21,25.0
3.0,Mw,-1.16,-79.58,10.0,2007,7,23,1,46,24.0
3.0,Mw,-1.1,-79.54,47.0,2007,7,23,11,49,20.0
3.3,Mw,-1.51,-77.9,16.5,2007,7,23,14,34,1.0
3.2,Mw,-2.34,-79.41,98.47,2007,7,24,1,40,55.0
3.1,Mw,-2.76,-78.77,12.0,2007,7,25,1,52,5.0
3.0,Mw,-1.51,-78.05,151.1,2007,7,25,11,4,48.0
4.1,Mw,-6.1,-80.18,69.9,2007,7,26,4,12,13.0
3.1,Mw,-2.36,-77.65,11.9,2007,7,27,1,15,48.0
3.0,Mw,-2.69,-77.39,12.0,2007,7,27,14,26,21.0
3.0,Mw,-2.14,-80.0,12.0,2007,7,27,19,8,20.0
3.1,Mw,-0.82,-80.56,28.52,2007,7,28,5,45,12.0
3.9,Mw,-2.81,-77.33,12.0,2007,7,28,23,28,11.0
3.2,Mw,-1.02,-80.93,33.04,2007,7,29,11,33,55.0
3.4,Mw,-1.81,-78.26,9.1,2007,7,30,0,1,34.0
3.2,Mw,-0.79,-79.83,53.6,2007,7,30,7,30,22.0
3.3,Mw,-2.54,-78.84,83.49,2007,7,31,2,48,44.0
3.5,Mw,-1.1,-81.06,23.44,2007,7,31,5,33,50.0
3.4,Mw,-2.03,-78.13,27.8,2007,8,1,22,47,22.0
3.0,Mw,-0.98,-77.99,7.0,2007,8,2,0,59,51.0
4.8,Mw,-3.49,-77.36,20.0,2007,8,2,5,26,40.0
3.4,Mw,-2.55,-77.85,12.0,2007,8,2,11,4,49.0
3.2,Mw,-0.27,-78.43,6.1,2007,8,3,6,11,4.0
3.1,Mw,-0.98,-78.0,6.8,2007,8,5,6,44,26.0
3.0,Mw,0.13,-79.34,40.97,2007,8,6,9,7,52.0
3.5,Mw,-2.3,-79.88,12.0,2007,8,6,11,14,7.0
3.1,Mw,-0.42,-78.67,10.5,2007,8,7,2,59,17.0
3.5,Mw,-1.75,-77.68,12.0,2007,8,8,17,34,44.0
3.1,Mw,-1.65,-77.74,194.4,2007,8,9,20,41,48.0
3.3,Mw,-2.65,-77.8,27.61,2007,8,10,17,42,55.0
3.8,Mw,-1.18,-80.55,32.9,2007,8,11,17,11,38.0
3.5,Mw,-1.93,-78.19,3.4,2007,8,12,16,23,56.0
3.2,Mw,-2.0,-80.05,12.0,2007,8,13,1,43,7.0
4.6,Mw,-3.11,-80.38,58.5,2007,8,15,12,38,49.0
3.0,Mw,-1.05,-77.96,25.5,2007,8,18,1,50,14.0
4.6,Mw,-5.88,-77.27,10.0,2007,8,18,8,12,20.0
3.2,Mw,-0.38,-78.9,14.8,2007,8,20,3,30,53.0
3.0,Mw,0.91,-80.03,10.0,2007,8,20,13,22,6.0
3.4,Mw,-0.007,-78.48,0.9,2007,8,21,20,50,14.0
4.1,Mw,-2.64,-79.79,15.6,2007,8,22,3,38,49.0
3.1,Mw,-0.45,-79.74,87.9,2007,8,23,22,24,7.0
3.1,Mw,-1.12,-78.4,9.1,2007,8,25,21,11,0.0
3.2,Mw,-2.06,-80.89,10.0,2007,8,27,1,15,28.0
3.0,Mw,0.81,-79.22,29.27,2007,8,27,8,51,52.0
3.0,Mw,-0.73,-80.53,19.44,2007,8,27,10,54,5.0
3.1,Mw,1.12,-80.11,37.04,2007,8,27,13,58,39.0
3.2,Mw,-0.23,-78.84,8.2,2007,8,27,17,0,19.0
3.1,Mw,-1.15,-78.7,21.8,2007,8,27,17,35,0.0
4.6,Mw,1.27,-79.24,12.0,2007,8,28,2,17,58.0
3.0,Mw,-0.24,-77.34,20.6,2007,8,28,21,57,39.0
3.1,Mw,-0.26,-77.28,19.0,2007,8,28,23,12,34.0
4.2,Mw,0.34,-80.05,18.3,2007,8,30,0,39,57.0
3.6,Mw,-0.64,-80.04,8.56,2007,8,30,5,41,14.0
3.3,Mw,-1.63,-78.71,5.5,2007,8,31,8,25,30.0
3.3,Mw,-2.0,-80.11,12.0,2007,9,2,8,21,27.0
3.2,Mw,-0.95,-79.33,131.6,2007,9,3,5,21,33.0
3.6,Mw,-1.42,-77.8,211.9,2007,9,6,16,4,59.0
3.3,Mw,0.22,-78.9,78.6,2007,9,8,3,25,46.0
3.3,Mw,-0.88,-79.15,89.9,2007,9,8,16,15,51.0
6.7,Mw,2.97,-77.92,31.0,2007,9,10,1,49,14.0
3.5,Mw,-1.83,-77.33,12.0,2007,9,10,23,3,38.0
3.0,Mw,-2.45,-79.21,4.0,2007,9,11,6,20,53.0
3.2,Mw,-1.01,-78.05,13.0,2007,9,11,7,22,41.0
3.0,Mw,-2.64,-77.32,20.11,2007,9,12,17,55,0.0
3.2,Mw,-0.33,-79.08,27.2,2007,9,12,20,17,23.0
3.1,Mw,-2.15,-79.67,39.6,2007,9,15,0,53,55.0
4.0,Mw,3.04,-78.11,36.7,2007,9,15,13,52,47.0
3.1,Mw,1.31,-79.16,10.0,2007,9,16,7,8,47.0
3.3,Mw,-1.71,-78.1,169.5,2007,9,18,15,11,42.0
3.7,Mw,-0.82,-80.89,0.3,2007,9,18,23,39,44.0
3.6,Mw,-2.26,-79.27,19.0,2007,9,20,7,20,43.0
3.5,Mw,-1.14,-78.34,3.1,2007,9,21,13,3,4.0
3.4,Mw,0.92,-78.01,1.3,2007,9,22,17,23,10.0
3.8,Mw,-1.19,-78.67,35.0,2007,9,22,20,1,21.0
3.4,Mw,-1.12,-78.82,12.2,2007,9,22,20,5,5.0
3.2,Mw,-1.12,-78.72,24.2,2007,9,22,20,14,34.0
3.5,Mw,-2.78,-78.67,91.65,2007,9,23,20,59,11.0
3.1,Mw,-1.12,-78.78,29.31,2007,9,24,15,21,1.0
5.9,Mw,-3.95,-79.23,99.8,2007,9,26,4,43,17.0
3.2,Mw,0.89,-80.14,12.0,2007,9,26,13,0,52.0
3.6,Mw,-2.06,-77.69,12.0,2007,9,26,21,55,40.0
4.6,Mw,-5.74,-80.91,69.9,2007,9,28,2,42,38.0
3.0,Mw,-1.69,-77.61,8.95,2007,10,1,4,45,48.0
3.5,Mw,-2.16,-79.81,8.3,2007,10,1,14,45,44.0
3.5,Mw,-1.9,-80.49,13.9,2007,10,1,23,54,5.0
3.0,Mw,-1.5,-77.35,40.87,2007,10,2,19,59,47.0
4.2,Mw,-5.23,-76.44,32.6,2007,10,3,0,30,26.0
3.7,Mw,-2.72,-80.61,12.0,2007,10,3,0,33,21.0
3.2,Mw,-2.63,-77.78,12.0,2007,10,3,11,43,29.0
3.3,Mw,-1.47,-78.74,0.4,2007,10,3,23,53,59.0
3.1,Mw,-1.57,-77.88,27.9,2007,10,4,10,56,34.0
3.3,Mw,-1.86,-77.79,167.9,2007,10,6,7,13,36.0
3.1,Mw,-1.75,-78.74,13.51,2007,10,8,7,9,14.0
3.9,Mw,0.67,-79.08,12.0,2007,10,9,2,4,55.0
3.2,Mw,-0.77,-79.73,12.0,2007,10,9,2,49,33.0
3.4,Mw,-2.24,-78.25,-0.5,2007,10,10,12,48,57.0
3.1,Mw,-0.41,-79.55,49.61,2007,10,10,18,33,11.0
3.4,Mw,-2.87,-79.48,10.0,2007,10,12,2,42,56.0
3.3,Mw,-2.22,-79.8,14.44,2007,10,12,22,56,14.0
4.4,Mw,-5.67,-80.05,76.0,2007,10,13,1,34,59.0
3.6,Mw,-2.09,-79.83,35.4,2007,10,13,17,56,32.0
3.5,Mw,-2.6,-77.98,12.0,2007,10,13,19,31,47.0
3.2,Mw,-2.69,-79.2,128.0,2007,10,14,8,54,18.0
3.4,Mw,0.17,-78.72,8.25,2007,10,14,10,7,15.0
3.0,Mw,-2.18,-78.12,12.0,2007,10,14,22,16,0.0
3.2,Mw,-1.05,-78.27,3.2,2007,10,15,9,54,17.0
3.1,Mw,0.72,-79.05,21.91,2007,10,15,13,41,19.0
3.5,Mw,-0.67,-78.69,18.7,2007,10,16,0,41,46.0
3.0,Mw,0.25,-78.23,12.0,2007,10,16,10,17,22.0
3.5,Mw,-0.94,-79.16,135.4,2007,10,16,20,20,14.0
3.0,Mw,-1.04,-78.58,27.4,2007,10,16,20,32,17.0
3.4,Mw,0.9,-79.67,12.0,2007,10,17,15,57,59.0
3.2,Mw,0.88,-79.55,12.0,2007,10,17,23,46,5.0
4.4,Mw,3.81,-82.64,10.0,2007,10,18,13,7,54.0
3.0,Mw,0.11,-78.48,8.5,2007,10,19,7,22,23.0
3.5,Mw,-1.06,-78.82,15.4,2007,10,19,21,34,44.0
3.1,Mw,-0.34,-79.41,83.2,2007,10,22,17,2,6.0
4.3,Mw,3.83,-76.85,65.0,2007,10,22,22,43,4.0
3.8,Mw,-1.03,-78.35,11.8,2007,10,23,3,7,13.0
3.6,Mw,-1.04,-78.32,9.9,2007,10,23,3,11,20.0
3.2,Mw,-1.04,-78.3,9.7,2007,10,23,3,35,29.0
3.4,Mw,-1.03,-78.32,9.1,2007,10,23,4,0,50.0
3.6,Mw,-1.03,-78.33,9.8,2007,10,23,6,13,23.0
3.2,Mw,-1.04,-78.34,9.3,2007,10,23,7,43,40.0
3.0,Mw,-1.15,-77.89,25.3,2007,10,23,7,51,26.0
3.0,Mw,-1.02,-78.29,11.5,2007,10,23,13,16,35.0
3.1,Mw,-1.04,-78.27,14.49,2007,10,23,14,8,56.0
3.0,Mw,-1.05,-78.28,14.78,2007,10,23,14,10,38.0
3.3,Mw,-1.05,-78.27,9.59,2007,10,23,21,35,2.0
4.5,Mw,-2.21,-77.43,180.0,2007,10,24,8,21,43.0
3.9,Mw,-0.53,-77.93,2.7,2007,10,26,20,25,37.0
3.7,Mw,-0.49,-78.03,5.4,2007,10,26,20,26,43.0
3.5,Mw,-0.53,-77.97,1.4,2007,10,26,21,31,54.0
3.0,Mw,-0.52,-77.98,8.7,2007,10,27,1,22,55.0
3.0,Mw,-0.54,-77.93,1.0,2007,10,27,3,24,36.0
3.4,Mw,-0.54,-77.98,7.4,2007,10,27,5,9,44.0
3.0,Mw,-0.52,-77.96,7.2,2007,10,27,19,49,27.0
4.8,Mw,-0.54,-77.93,1.6,2007,10,27,20,38,20.0
3.7,Mw,-0.53,-77.98,8.8,2007,10,27,20,44,45.0
3.2,Mw,-0.54,-77.96,2.2,2007,10,27,20,47,36.0
3.3,Mw,-0.53,-77.99,17.2,2007,10,27,20,54,13.0
3.0,Mw,-0.54,-77.96,7.7,2007,10,27,20,55,44.0
3.2,Mw,-0.55,-77.97,8.9,2007,10,27,21,13,34.0
3.0,Mw,-0.52,-77.98,7.4,2007,10,27,21,23,34.0
3.2,Mw,-0.53,-77.98,7.9,2007,10,27,21,37,56.0
3.0,Mw,-0.51,-78.01,10.5,2007,10,27,21,50,12.0
3.2,Mw,-0.55,-77.92,0.4,2007,10,27,22,59,39.0
3.3,Mw,-0.54,-77.96,2.8,2007,10,28,0,18,26.0
3.2,Mw,-1.05,-78.33,7.4,2007,10,28,0,51,41.0
3.2,Mw,-0.54,-77.97,3.3,2007,10,28,1,13,26.0
3.1,Mw,-1.04,-78.29,10.9,2007,10,28,1,46,30.0
3.0,Mw,-0.53,-77.98,2.9,2007,10,28,7,10,44.0
3.6,Mw,-0.53,-77.97,4.2,2007,10,28,7,20,31.0
3.4,Mw,-0.54,-77.97,9.0,2007,10,29,4,58,38.0
3.3,Mw,-0.51,-78.01,12.3,2007,10,29,7,2,33.0
4.2,Mw,-1.37,-78.0,166.2,2007,10,29,9,22,59.0
3.2,Mw,-0.23,-77.64,20.0,2007,10,29,10,31,45.0
3.5,Mw,-2.24,-79.18,18.0,2007,10,29,11,56,39.0
3.2,Mw,-0.54,-77.98,8.1,2007,10,29,14,23,40.0
3.2,Mw,-0.53,-77.97,4.1,2007,10,29,17,32,50.0
4.1,Mw,-4.95,-81.03,62.8,2007,10,30,4,27,36.0
3.5,Mw,-0.54,-77.98,8.2,2007,10,30,21,3,11.0
3.1,Mw,-0.98,-79.75,35.8,2007,11,1,7,1,37.0
3.7,Mw,-0.89,-79.7,35.9,2007,11,1,10,27,38.0
3.3,Mw,-0.86,-79.72,32.7,2007,11,1,11,9,35.0
3.3,Mw,-0.12,-77.34,15.4,2007,11,1,11,51,2.0
3.3,Mw,-1.0,-80.85,3.2,2007,11,2,3,7,4.0
3.3,Mw,-1.58,-77.88,180.9,2007,11,3,7,19,18.0
3.5,Mw,-1.46,-78.0,164.4,2007,11,3,16,41,52.0
4.4,Mw,0.22,-79.24,9.7,2007,11,4,18,10,16.0
3.1,Mw,-0.97,-78.04,15.3,2007,11,6,16,34,57.0
3.0,Mw,-2.01,-78.24,12.0,2007,11,6,21,39,25.0
3.1,Mw,0.56,-79.91,12.0,2007,11,7,14,49,14.0
3.1,Mw,-0.52,-78.0,13.2,2007,11,7,22,26,15.0
3.0,Mw,-1.54,-77.88,12.3,2007,11,8,17,23,19.0
3.1,Mw,-1.81,-78.29,0.0,2007,11,9,9,8,43.0
3.2,Mw,-1.03,-78.22,3.6,2007,11,10,1,35,24.0
3.2,Mw,-0.96,-77.83,22.0,2007,11,11,12,47,43.0
3.2,Mw,-0.97,-79.15,125.5,2007,11,12,0,0,25.0
3.1,Mw,-0.36,-78.58,14.37,2007,11,13,6,36,57.0
3.1,Mw,-0.81,-79.5,104.8,2007,11,13,23,47,18.0
3.2,Mw,0.12,-80.27,15.4,2007,11,15,3,43,22.0
3.1,Mw,-1.18,-78.44,14.6,2007,11,15,6,44,58.0
3.8,Mw,-1.24,-80.41,10.86,2007,11,15,9,17,6.0
3.0,Mw,-1.02,-78.36,8.7,2007,11,16,2,15,45.0
6.8,Mw,-2.35,-77.84,122.9,2007,11,16,3,12,59.0
3.1,Mw,-0.51,-77.98,10.1,2007,11,16,13,38,30.0
3.2,Mw,-2.0,-79.82,6.87,2007,11,16,18,50,33.0
3.1,Mw,-2.51,-79.63,12.0,2007,11,17,4,57,33.0
3.8,Mw,-2.63,-77.89,111.4,2007,11,17,9,33,7.0
3.3,Mw,-1.95,-79.15,4.7,2007,11,18,10,56,44.0
3.1,Mw,-2.01,-78.4,12.1,2007,11,19,1,5,21.0
3.0,Mw,-2.51,-77.71,71.48,2007,11,19,8,28,28.0
4.0,Mw,-4.56,-77.11,137.0,2007,11,21,4,24,14.0
3.2,Mw,-1.11,-79.81,45.88,2007,11,21,7,24,56.0
3.6,Mw,-1.01,-80.43,13.29,2007,11,21,11,45,31.0
3.0,Mw,-2.31,-77.57,12.58,2007,11,21,15,42,26.0
3.8,Mw,-0.95,-77.79,25.3,2007,11,23,5,14,2.0
3.2,Mw,-0.05,-78.4,5.8,2007,11,24,2,25,47.0
3.2,Mw,-0.21,-77.71,15.8,2007,11,24,4,9,21.0
3.1,Mw,-1.4,-78.29,115.6,2007,11,24,12,58,58.0
3.1,Mw,0.54,-78.63,18.65,2007,11,25,19,55,51.0
3.6,Mw,-0.28,-78.79,11.2,2007,11,26,12,19,38.0
3.3,Mw,-2.64,-77.65,12.0,2007,11,27,1,28,33.0
3.4,Mw,-2.76,-80.15,10.0,2007,11,27,4,55,50.0
3.3,Mw,0.03,-78.38,12.0,2007,11,27,23,31,54.0
3.1,Mw,0.46,-78.53,18.38,2007,11,28,6,41,2.0
3.3,Mw,-1.03,-78.33,11.2,2007,11,28,13,24,15.0
3.3,Mw,-2.54,-80.45,10.0,2007,11,28,23,5,34.0
3.3,Mw,-2.22,-79.81,5.21,2007,11,29,22,13,7.0
3.3,Mw,0.66,-79.99,5.56,2007,11,30,5,40,29.0
3.1,Mw,0.76,-80.06,10.0,2007,11,30,10,30,13.0
3.3,Mw,0.74,-80.18,5.0,2007,11,30,16,47,44.0
3.3,Mw,0.84,-80.12,5.0,2007,11,30,19,31,18.0
3.3,Mw,0.99,-80.34,5.0,2007,12,1,3,19,15.0
3.6,Mw,0.7,-80.19,12.0,2007,12,1,6,14,49.0
3.7,Mw,0.51,-79.87,12.0,2007,12,1,16,4,13.0
4.3,Mw,-4.11,-76.11,27.0,2007,12,2,5,27,53.0
3.1,Mw,1.12,-79.5,9.6,2007,12,2,12,48,51.0
3.1,Mw,1.17,-79.56,5.0,2007,12,2,16,12,46.0
4.5,Mw,-1.35,-78.0,165.3,2007,12,3,3,9,22.0
3.7,Mw,-2.29,-78.15,154.6,2007,12,3,6,42,11.0
4.1,Mw,-6.6,-75.72,25.0,2007,12,4,13,13,51.0
4.2,Mw,0.84,-80.39,11.18,2007,12,4,23,5,39.0
3.6,Mw,0.55,-79.94,12.0,2007,12,4,23,47,18.0
3.1,Mw,-0.32,-77.64,6.03,2007,12,5,3,18,1.0
3.1,Mw,-2.41,-78.0,11.63,2007,12,5,13,30,36.0
3.8,Mw,0.67,-80.16,12.0,2007,12,5,13,51,55.0
3.6,Mw,-1.38,-80.54,44.47,2007,12,5,14,55,48.0
4.0,Mw,-0.17,-80.42,18.0,2007,12,6,3,11,56.0
3.3,Mw,0.66,-80.23,10.0,2007,12,6,11,47,34.0
3.7,Mw,-2.14,-79.78,28.45,2007,12,6,12,27,49.0
3.0,Mw,-0.34,-77.59,9.6,2007,12,6,18,21,33.0
3.1,Mw,-2.9,-78.58,39.15,2007,12,6,18,31,6.0
3.4,Mw,0.64,-77.72,4.5,2007,12,7,8,52,17.0
3.3,Mw,-1.92,-77.83,170.0,2007,12,7,21,40,26.0
3.4,Mw,-1.26,-80.54,9.5,2007,12,8,22,39,7.0
3.2,Mw,-2.56,-77.78,89.57,2007,12,9,13,42,26.0
3.2,Mw,-0.73,-80.08,18.17,2007,12,10,2,12,12.0
5.1,Mw,0.66,-80.1,3.1,2007,12,10,18,18,58.0
3.3,Mw,0.37,-79.63,4.0,2007,12,10,20,16,45.0
3.9,Mw,-0.61,-81.18,5.0,2007,12,10,21,37,29.0
3.2,Mw,0.72,-80.14,12.0,2007,12,11,1,35,41.0
3.6,Mw,0.73,-80.31,10.0,2007,12,11,3,7,41.0
3.4,Mw,0.57,-79.94,20.0,2007,12,11,4,10,27.0
3.7,Mw,0.61,-80.05,20.0,2007,12,11,4,44,42.0
4.0,Mw,0.39,-79.86,20.0,2007,12,11,5,15,46.0
3.2,Mw,0.88,-80.37,10.0,2007,12,11,5,34,16.0
3.7,Mw,0.52,-79.93,20.0,2007,12,11,5,36,8.0
3.2,Mw,0.39,-80.15,12.0,2007,12,11,6,17,4.0
3.4,Mw,0.31,-79.58,3.0,2007,12,11,6,21,21.0
3.1,Mw,0.33,-79.73,20.0,2007,12,11,6,36,17.0
3.2,Mw,0.43,-80.23,10.0,2007,12,11,6,48,24.0
4.0,Mw,0.62,-79.98,20.0,2007,12,11,6,54,20.0
3.2,Mw,0.65,-80.2,10.0,2007,12,11,7,45,48.0
3.6,Mw,0.58,-80.07,2.7,2007,12,11,14,56,45.0
3.3,Mw,0.55,-79.94,12.0,2007,12,11,15,48,25.0
3.4,Mw,0.55,-79.77,30.9,2007,12,11,18,24,29.0
3.7,Mw,0.4,-79.82,12.0,2007,12,11,22,16,36.0
3.3,Mw,0.5,-79.84,12.0,2007,12,12,5,17,31.0
3.0,Mw,-2.21,-77.28,12.58,2007,12,12,5,30,40.0
3.6,Mw,0.39,-79.53,10.6,2007,12,12,13,2,30.0
4.2,Mw,3.38,-82.82,15.0,2007,12,12,13,21,37.0
4.2,Mw,3.49,-82.8,15.0,2007,12,12,13,26,0.0
3.0,Mw,0.65,-79.12,12.0,2007,12,12,16,26,31.0
3.4,Mw,0.5,-80.0,10.0,2007,12,12,16,31,47.0
3.2,Mw,0.93,-80.21,20.0,2007,12,12,16,38,40.0
3.4,Mw,0.84,-80.09,10.0,2007,12,12,19,8,50.0
3.3,Mw,0.59,-80.17,12.0,2007,12,13,6,25,0.0
3.1,Mw,0.56,-80.27,10.0,2007,12,13,15,17,14.0
3.2,Mw,0.29,-79.22,9.0,2007,12,13,18,28,25.0
4.0,Mw,0.9,-78.37,15.5,2007,12,14,1,3,54.0
3.4,Mw,-1.93,-80.26,12.0,2007,12,14,15,39,32.0
3.0,Mw,-0.57,-79.25,24.8,2007,12,14,19,44,3.0
3.5,Mw,-1.43,-78.25,138.3,2007,12,15,4,4,24.0
3.3,Mw,-1.05,-78.77,27.9,2007,12,15,9,39,21.0
3.6,Mw,0.69,-80.06,12.0,2007,12,15,14,40,8.0
3.2,Mw,0.77,-80.16,10.0,2007,12,15,19,25,14.0
3.2,Mw,-1.92,-77.38,11.96,2007,12,16,12,32,14.0
3.9,Mw,-0.49,-80.72,8.0,2007,12,16,16,17,44.0
3.3,Mw,0.56,-80.24,10.0,2007,12,17,8,29,24.0
3.4,Mw,-0.97,-79.17,123.3,2007,12,18,21,24,9.0
3.1,Mw,0.25,-77.29,20.98,2007,12,19,16,41,58.0
3.3,Mw,-1.46,-80.38,12.0,2007,12,20,5,39,21.0
3.4,Mw,-1.82,-77.29,10.68,2007,12,21,2,43,14.0
3.0,Mw,-0.64,-77.62,18.8,2007,12,21,5,26,29.0
3.4,Mw,1.11,-79.06,15.53,2007,12,21,6,27,58.0
3.3,Mw,-1.55,-79.41,10.7,2007,12,21,20,50,7.0
3.2,Mw,-1.99,-77.27,17.63,2007,12,21,22,11,37.0
3.7,Mw,-1.4,-78.02,156.3,2007,12,22,9,22,55.0
3.7,Mw,-2.05,-79.72,36.42,2007,12,22,15,52,40.0
3.0,Mw,-1.04,-78.29,8.48,2007,12,22,17,21,41.0
3.0,Mw,0.19,-79.12,12.0,2007,12,22,17,38,47.0
3.9,Mw,-2.08,-81.27,12.0,2007,12,23,1,16,3.0
4.4,Mw,-1.37,-77.95,165.2,2007,12,24,14,27,1.0
3.4,Mw,-2.3,-77.28,139.7,2007,12,24,17,51,56.0
4.1,Mw,1.86,-83.41,18.5,2007,12,24,21,48,0.0
4.0,Mw,-3.79,-79.92,81.0,2007,12,25,4,31,19.0
3.0,Mw,-2.08,-79.64,81.0,2007,12,25,7,1,20.0
3.0,Mw,-0.57,-77.56,17.7,2007,12,25,8,23,30.0
3.0,Mw,0.82,-79.7,12.0,2007,12,25,9,14,10.0
3.6,Mw,0.49,-79.87,12.0,2007,12,26,7,21,3.0
3.0,Mw,0.14,-77.42,11.9,2007,12,26,13,54,24.0
3.3,Mw,-2.24,-79.79,19.4,2007,12,27,3,0,18.0
3.3,Mw,-2.19,-79.54,12.0,2007,12,27,8,55,3.0
3.3,Mw,-1.56,-78.26,138.9,2007,12,30,5,32,35.0
3.3,Mw,-0.04,-80.35,14.9,2007,12,30,6,26,34.0
3.2,Mw,-0.13,-79.12,22.3,2007,12,30,15,26,12.0
3.5,Mw,-2.89,-78.17,12.0,2007,12,30,19,12,51.0
3.0,Mw,-0.97,-79.17,123.5,2008,1,1,22,48,51.0
3.0,Mw,-1.87,-77.66,36.92,2008,1,2,4,57,41.0
3.5,Mw,-1.01,-78.42,8.57,2008,1,2,19,58,25.0
3.3,Mw,-2.73,-79.0,12.0,2008,1,4,7,28,57.0
3.3,Mw,-1.5,-77.36,11.06,2008,1,5,0,22,30.0
3.0,Mw,-0.95,-79.16,132.1,2008,1,5,17,35,10.0
3.5,Mw,-2.14,-79.69,16.59,2008,1,6,1,14,12.0
3.1,Mw,-1.06,-78.36,10.94,2008,1,6,7,22,10.0
3.3,Mw,-0.96,-79.31,110.4,2008,1,8,0,8,10.0
3.4,Mw,-2.64,-79.64,8.01,2008,1,8,2,29,43.0
3.3,Mw,-0.77,-80.31,12.0,2008,1,8,8,36,14.0
3.0,Mw,-0.97,-79.77,37.69,2008,1,8,12,23,31.0
3.3,Mw,-1.66,-78.0,161.1,2008,1,8,15,39,54.0
4.4,Mw,-1.11,-80.81,10.9,2008,1,9,23,15,38.0
3.4,Mw,-1.06,-80.13,12.0,2008,1,10,4,52,17.0
3.5,Mw,-1.0,-81.23,9.19,2008,1,10,13,53,39.0
3.3,Mw,-2.83,-78.11,15.52,2008,1,11,12,12,5.0
4.4,Mw,-6.98,-79.36,68.2,2008,1,12,3,48,13.0
3.3,Mw,-0.19,-77.81,7.29,2008,1,12,5,39,59.0
3.0,Mw,-0.66,-79.75,18.96,2008,1,12,9,8,0.0
3.3,Mw,-1.2,-78.33,13.3,2008,1,12,13,10,48.0
3.3,Mw,-0.68,-78.25,12.0,2008,1,12,23,5,12.0
3.8,Mw,-2.64,-79.43,27.0,2008,1,13,7,6,28.0
3.2,Mw,-1.68,-78.07,171.5,2008,1,13,9,32,51.0
3.3,Mw,-1.2,-80.25,12.0,2008,1,14,16,49,29.0
3.0,Mw,-0.23,-79.27,23.6,2008,1,14,17,20,54.0
3.7,Mw,-1.99,-79.86,8.55,2008,1,15,14,53,20.0
3.2,Mw,0.63,-79.84,12.0,2008,1,16,11,2,58.0
3.6,Mw,-2.51,-80.09,12.0,2008,1,17,22,55,17.0
3.2,Mw,-0.98,-79.87,18.82,2008,1,18,1,25,29.0
3.5,Mw,-1.4,-80.49,12.0,2008,1,18,4,33,29.0
3.3,Mw,-1.84,-79.86,24.84,2008,1,18,19,12,17.0
3.0,Mw,-2.12,-77.22,18.18,2008,1,18,22,29,15.0
3.5,Mw,-2.22,-79.69,20.91,2008,1,20,23,25,57.0
3.1,Mw,-0.17,-79.91,12.0,2008,1,21,16,3,7.0
4.1,Mw,-2.3,-79.86,12.0,2008,1,23,21,49,11.0
3.0,Mw,-0.79,-78.7,28.16,2008,1,23,23,11,32.0
3.5,Mw,-0.63,-77.56,10.37,2008,1,26,0,32,7.0
3.5,Mw,-2.98,-78.95,92.02,2008,1,26,9,35,6.0
5.2,Mw,-2.94,-80.69,12.0,2008,1,26,17,59,42.0
3.2,Mw,0.23,-78.36,12.23,2008,1,27,21,4,40.0
3.0,Mw,0.24,-78.36,13.43,2008,1,27,21,9,49.0
3.5,Mw,-2.19,-79.72,27.77,2008,1,28,13,31,57.0
3.0,Mw,-2.61,-77.56,139.2,2008,1,29,2,46,54.0
3.5,Mw,-1.45,-80.48,16.0,2008,1,29,7,53,56.0
3.5,Mw,-1.14,-80.29,16.0,2008,1,29,8,24,34.0
3.0,Mw,0.36,-79.08,23.09,2008,1,30,11,7,51.0
3.6,Mw,-1.54,-77.56,238.4,2008,2,1,6,2,57.0
3.5,Mw,-2.24,-79.43,24.0,2008,2,1,20,39,28.0
4.0,Mw,-6.62,-75.77,127.4,2008,2,2,13,49,30.0
3.2,Mw,-0.96,-79.15,127.8,2008,2,3,7,39,37.0
3.7,Mw,-2.42,-79.12,88.09,2008,2,3,11,22,40.0
3.3,Mw,0.75,-79.11,37.33,2008,2,4,2,27,54.0
3.9,Mw,-0.36,-80.97,20.25,2008,2,4,10,29,49.0
3.8,Mw,-2.68,-79.21,34.97,2008,2,4,10,52,52.0
3.1,Mw,-2.05,-78.5,154.6,2008,2,4,16,48,34.0
3.6,Mw,-2.03,-77.89,173.0,2008,2,5,1,37,26.0
3.1,Mw,-0.21,-77.21,13.91,2008,2,8,13,26,49.0
4.7,Mw,-3.72,-81.68,29.2,2008,2,8,15,26,52.0
3.1,Mw,-0.79,-79.81,35.91,2008,2,9,0,16,44.0
3.0,Mw,-1.78,-77.67,14.79,2008,2,9,14,3,30.0
3.0,Mw,-1.23,-78.35,16.7,2008,2,10,11,15,40.0
3.2,Mw,-2.45,-79.06,12.0,2008,2,11,1,56,16.0
3.7,Mw,-1.65,-77.66,218.5,2008,2,11,5,25,54.0
3.2,Mw,-1.32,-77.65,13.63,2008,2,11,19,21,35.0
3.1,Mw,-0.71,-80.16,29.07,2008,2,14,11,46,47.0
3.8,Mw,-2.74,-78.24,12.0,2008,2,15,7,20,54.0
3.1,Mw,0.92,-78.37,26.25,2008,2,16,4,3,17.0
3.2,Mw,-0.39,-77.43,23.02,2008,2,16,6,39,59.0
3.1,Mw,0.71,-79.19,38.39,2008,2,16,20,33,36.0
4.3,Mw,-6.31,-75.11,132.9,2008,2,17,21,29,35.0
4.5,Mw,-2.39,-79.18,86.91,2008,2,21,2,55,9.0
3.2,Mw,-1.35,-78.89,132.0,2008,2,21,17,30,17.0
3.5,Mw,-2.36,-78.96,12.0,2008,2,21,22,31,37.0
3.3,Mw,0.13,-80.11,13.12,2008,2,22,11,20,48.0
3.4,Mw,-2.08,-79.71,15.68,2008,2,22,19,16,1.0
4.9,Mw,3.97,-78.74,10.0,2008,2,23,3,23,6.0
3.4,Mw,-1.04,-78.31,11.83,2008,2,23,19,4,47.0
3.0,Mw,-1.18,-79.86,12.0,2008,2,24,3,22,44.0
3.3,Mw,-0.95,-79.25,120.4,2008,2,24,4,7,21.0
3.0,Mw,-0.6,-79.23,13.67,2008,2,24,8,30,57.0
3.0,Mw,-1.04,-78.3,10.68,2008,2,24,18,59,0.0
3.2,Mw,-0.64,-78.25,12.0,2008,2,24,23,43,1.0
4.0,Mw,-2.23,-81.17,35.0,2008,2,25,21,37,6.0
3.2,Mw,0.08,-78.46,3.55,2008,2,26,11,59,54.0
3.6,Mw,-1.04,-78.34,10.62,2008,2,27,15,31,16.0
3.5,Mw,-1.04,-78.33,11.97,2008,2,27,15,36,53.0
3.1,Mw,-1.06,-78.32,11.82,2008,2,27,19,20,38.0
3.6,Mw,-2.54,-79.3,35.55,2008,2,28,4,44,18.0
3.4,Mw,-1.69,-77.43,224.2,2008,2,28,9,0,7.0
3.5,Mw,-1.11,-78.4,10.3,2008,2,28,14,30,4.0
3.2,Mw,0.91,-78.48,5.97,2008,2,29,9,41,36.0
3.1,Mw,-2.82,-78.47,12.0,2008,3,1,0,28,34.0
3.0,Mw,-1.59,-78.11,185.9,2008,3,1,9,2,58.0
3.8,Mw,-0.83,-79.72,39.8,2008,3,2,12,30,43.0
3.0,Mw,-0.98,-79.24,121.9,2008,3,3,19,19,4.0
3.7,Mw,-1.86,-78.1,180.9,2008,3,5,4,28,40.0
3.0,Mw,-2.49,-78.73,100.8,2008,3,6,9,6,52.0
3.0,Mw,-1.12,-79.23,93.22,2008,3,6,11,23,7.0
3.2,Mw,-0.04,-77.45,19.02,2008,3,6,18,42,15.0
3.0,Mw,-1.11,-77.63,21.35,2008,3,6,19,17,59.0
3.5,Mw,-0.53,-80.21,14.92,2008,3,7,10,21,34.0
3.8,Mw,-1.65,-77.63,216.6,2008,3,9,19,58,37.0
3.6,Mw,-2.65,-80.76,12.0,2008,3,10,12,43,11.0
3.4,Mw,0.11,-80.5,10.98,2008,3,11,3,45,22.0
3.4,Mw,-1.67,-79.98,16.89,2008,3,11,13,18,0.0
3.2,Mw,-2.31,-79.81,4.27,2008,3,12,4,51,46.0
3.0,Mw,0.26,-78.29,9.15,2008,3,14,10,58,6.0
3.3,Mw,-0.91,-79.8,39.35,2008,3,16,8,44,22.0
3.6,Mw,-2.4,-77.48,146.6,2008,10,14,13,36,3.0
3.3,Mw,-1.61,-77.49,213.5,2008,10,15,7,29,53.0
3.5,Mw,-2.59,-80.24,10.92,2008,10,17,0,15,33.0
3.1,Mw,-0.94,-79.21,123.7,2008,10,17,23,29,0.0
3.3,Mw,-1.05,-79.37,109.3,2008,10,18,7,2,35.0
4.4,Mw,-2.13,-77.16,169.2,2008,10,18,9,41,59.0
3.3,Mw,-2.28,-79.04,6.75,2008,10,18,18,57,35.0
4.3,Mw,-3.81,-76.52,103.0,2008,10,18,19,22,26.0
3.4,Mw,0.38,-78.84,5.33,2008,10,19,0,3,41.0
3.2,Mw,-0.36,-79.16,27.15,2008,10,19,0,47,59.0
3.0,Mw,-2.2,-79.76,22.51,2008,10,19,4,43,51.0
4.0,Mw,-6.97,-80.61,48.0,2008,10,19,10,2,29.0
3.3,Mw,0.2,-80.2,12.0,2008,10,21,12,27,19.0
4.0,Mw,-0.95,-80.5,20.0,2008,10,22,17,10,27.0
3.5,Mw,-2.35,-80.25,12.0,2008,10,23,4,59,41.0
3.1,Mw,-1.55,-78.0,175.8,2008,10,23,5,31,25.0
3.2,Mw,-1.18,-77.79,12.28,2008,10,24,7,32,40.0
3.1,Mw,-1.09,-78.72,30.35,2008,10,24,22,23,7.0
3.1,Mw,-2.63,-77.93,12.0,2008,10,26,19,20,7.0
3.0,Mw,-2.24,-79.76,19.94,2008,10,26,23,33,49.0
3.1,Mw,-2.18,-79.37,40.12,2008,10,27,10,6,41.0
3.7,Mw,-1.36,-80.61,21.24,2008,10,27,13,9,41.0
3.0,Mw,-2.15,-79.79,20.22,2008,10,28,4,30,49.0
3.7,Mw,-2.61,-79.8,12.0,2008,10,30,11,47,5.0
3.3,Mw,-1.59,-79.39,5.99,2008,10,30,12,25,28.0
3.0,Mw,-1.14,-78.14,17.99,2008,10,31,11,33,49.0
4.6,Mw,3.99,-76.29,53.0,2008,10,31,20,7,45.0
3.3,Mw,-0.37,-78.76,19.83,2008,11,1,4,33,22.0
3.0,Mw,-1.72,-77.24,30.26,2008,11,1,6,59,8.0
3.2,Mw,-2.24,-77.86,6.57,2008,11,1,7,13,0.0
3.1,Mw,-2.31,-77.83,11.92,2008,11,2,16,57,46.0
3.3,Mw,-2.16,-80.64,10.0,2008,11,4,19,11,0.0
3.0,Mw,-2.31,-79.63,20.83,2008,11,4,21,25,36.0
3.0,Mw,-2.57,-79.21,38.6,2008,11,5,8,58,21.0
3.0,Mw,-2.01,-77.48,125.2,2008,11,5,9,8,55.0
3.0,Mw,-0.04,-78.98,115.9,2008,11,6,10,19,11.0
3.1,Mw,0.28,-80.32,14.11,2008,11,6,15,48,47.0
3.0,Mw,-1.0,-79.2,118.3,2008,11,7,9,58,8.0
3.0,Mw,-1.06,-78.61,28.57,2008,11,7,21,8,0.0
3.5,Mw,0.05,-78.44,12.0,2008,11,8,4,35,34.0
3.3,Mw,-1.92,-77.83,166.8,2008,11,9,11,29,57.0
3.2,Mw,-0.37,-78.75,14.38,2008,11,12,11,55,18.0
3.5,Mw,0.4,-77.14,6.55,2008,11,13,4,6,35.0
3.3,Mw,-1.54,-80.58,12.0,2008,11,14,6,26,21.0
3.4,Mw,-1.03,-78.3,11.08,2008,11,14,15,57,21.0
3.2,Mw,-1.04,-78.29,12.14,2008,11,14,16,21,23.0
3.4,Mw,0.06,-80.72,12.05,2008,11,14,19,48,39.0
3.4,Mw,-1.03,-78.31,13.59,2008,11,15,1,52,16.0
3.7,Mw,0.85,-79.73,7.1,2008,11,15,6,54,15.0
3.8,Mw,-1.03,-78.3,10.62,2008,11,16,0,35,13.0
3.5,Mw,-0.91,-79.64,107.1,2008,11,16,7,4,19.0
3.3,Mw,-0.03,-78.45,11.91,2008,11,16,11,42,25.0
3.3,Mw,-1.02,-78.32,10.68,2008,11,17,10,56,17.0
3.1,Mw,-1.02,-78.34,13.78,2008,11,17,11,42,5.0
3.2,Mw,-0.66,-77.97,11.38,2008,11,18,7,10,35.0
3.3,Mw,0.61,-79.98,25.82,2008,11,18,9,6,16.0
3.5,Mw,-1.85,-77.25,12.0,2008,11,18,10,5,39.0
4.6,Mw,-3.83,-80.89,79.0,2008,11,18,16,22,44.0
3.5,Mw,-1.62,-80.23,13.88,2008,11,18,23,39,29.0
3.6,Mw,1.22,-78.8,12.0,2008,11,19,4,28,22.0
3.3,Mw,0.006,-80.4,10.0,2008,11,19,5,0,30.0
3.3,Mw,-2.19,-79.21,92.43,2008,11,19,9,7,46.0
3.5,Mw,-2.71,-78.11,12.0,2008,11,19,20,56,26.0
3.1,Mw,-2.2,-79.72,18.11,2008,11,19,21,28,11.0
3.7,Mw,-1.23,-78.19,14.49,2008,11,19,23,57,56.0
3.2,Mw,-1.23,-78.16,10.02,2008,11,20,0,18,17.0
3.6,Mw,-0.94,-79.2,109.5,2008,11,20,4,11,29.0
3.0,Mw,-1.59,-77.74,27.22,2008,11,20,22,42,54.0
3.0,Mw,-1.6,-77.29,12.0,2008,11,21,20,14,17.0
3.1,Mw,-0.24,-77.25,25.7,2008,11,21,23,29,19.0
3.0,Mw,-1.05,-78.28,11.55,2008,11,22,7,3,59.0
3.1,Mw,-1.04,-78.32,12.82,2008,11,23,2,2,18.0
3.1,Mw,-1.04,-78.36,14.35,2008,11,23,14,49,26.0
3.6,Mw,-2.04,-78.36,164.1,2008,11,24,12,7,53.0
3.1,Mw,-0.61,-78.39,2.88,2008,11,24,19,7,45.0
3.6,Mw,1.09,-79.64,12.0,2008,11,24,20,51,45.0
3.5,Mw,1.2,-79.53,12.0,2008,11,24,21,11,1.0
3.5,Mw,-2.49,-77.51,12.0,2008,11,25,2,49,26.0
4.0,Mw,-2.4,-76.22,145.0,2008,11,26,0,57,12.0
3.1,Mw,-2.12,-79.0,108.6,2008,11,26,4,48,48.0
3.2,Mw,0.05,-80.29,13.03,2008,11,26,18,14,46.0
3.4,Mw,-1.24,-80.78,49.83,2008,11,27,21,14,32.0
3.6,Mw,0.65,-77.43,9.49,2008,11,28,2,19,4.0
3.4,Mw,-1.9,-78.03,172.7,2008,11,28,11,49,44.0
3.5,Mw,-2.02,-78.02,209.2,2008,11,29,9,32,18.0
3.0,Mw,-1.04,-79.38,122.1,2008,11,30,17,7,16.0
3.2,Mw,0.73,-78.52,21.2,2008,12,2,7,15,41.0
3.1,Mw,-2.16,-79.07,105.5,2008,12,2,7,34,36.0
3.4,Mw,0.49,-80.04,10.92,2008,12,2,9,44,9.0
3.5,Mw,0.49,-80.0,11.78,2008,12,2,10,31,1.0
3.4,Mw,0.97,-79.06,30.07,2008,12,2,12,41,49.0
3.0,Mw,-0.91,-78.51,14.66,2008,12,4,2,0,17.0
3.4,Mw,-2.05,-79.83,34.48,2008,12,5,16,10,18.0
3.0,Mw,-0.19,-78.34,14.13,2008,12,5,17,15,59.0
3.3,Mw,-1.08,-79.33,134.9,2008,12,6,0,33,44.0
3.3,Mw,-2.4,-79.77,12.0,2008,12,7,19,57,45.0
3.4,Mw,-1.58,-77.89,195.9,2008,12,8,2,42,33.0
3.2,Mw,-0.62,-79.24,12.0,2008,12,8,13,48,29.0
3.4,Mw,-0.36,-80.34,12.0,2008,12,12,16,50,46.0
4.5,Mw,-3.66,-79.23,99.0,2008,12,12,20,25,3.0
3.8,Mw,-1.27,-81.15,12.0,2008,12,14,6,42,45.0
3.2,Mw,-2.92,-79.57,12.0,2008,12,15,11,9,12.0
3.3,Mw,-1.05,-78.77,25.93,2008,12,16,5,22,14.0
3.3,Mw,-1.22,-78.39,17.9,2008,12,19,0,32,8.0
4.4,Mw,-5.46,-81.24,74.0,2008,12,21,15,49,18.0
3.1,Mw,-1.07,-79.51,21.27,2008,12,23,17,29,9.0
3.2,Mw,-0.18,-79.89,21.87,2008,12,24,1,32,30.0
4.6,Mw,-3.76,-76.22,95.0,2008,12,24,20,47,10.0
3.3,Mw,-2.8,-78.1,12.0,2008,12,25,1,47,29.0
3.4,Mw,-1.7,-78.15,179.2,2008,12,26,4,47,2.0
3.2,Mw,-2.16,-79.71,39.93,2008,12,26,23,38,39.0
3.1,Mw,-2.37,-77.28,16.42,2008,12,28,13,8,14.0
3.0,Mw,0.51,-78.59,9.11,2008,12,30,3,46,8.0
3.2,Mw,-2.01,-78.82,12.85,2008,12,30,22,54,56.0
3.4,Mw,1.31,-78.89,15.81,2008,12,31,17,15,8.0
3.1,Mw,-1.67,-77.73,12.0,2008,12,31,21,45,19.0
3.4,Mw,-1.62,-77.75,28.56,2008,12,31,22,14,49.0
3.0,Mw,-1.02,-78.27,11.43,2009,1,1,3,19,27.0
3.5,Mw,-0.4,-78.2,12.0,2009,1,1,4,12,17.0
3.2,Mw,-1.75,-79.2,7.13,2009,1,1,18,45,12.0
3.2,Mw,-0.49,-79.11,28.76,2009,1,2,3,39,43.0
3.1,Mw,-1.23,-78.39,16.41,2009,1,2,7,46,57.0
3.1,Mw,-1.55,-78.25,186.0,2009,1,4,23,37,45.0
3.8,Mw,-0.64,-77.5,9.69,2009,1,6,5,12,29.0
3.3,Mw,-2.22,-79.18,110.1,2009,1,6,12,58,1.0
3.5,Mw,-2.42,-79.88,8.15,2009,1,7,1,22,43.0
3.1,Mw,-1.78,-77.55,200.6,2009,1,7,15,16,39.0
4.5,Mw,-2.56,-78.39,116.6,2009,1,7,15,35,23.0
3.2,Mw,-2.38,-77.4,12.0,2009,1,8,0,36,15.0
3.1,Mw,-2.64,-77.98,39.11,2009,1,8,4,21,48.0
3.7,Mw,-2.92,-78.17,12.0,2009,1,8,21,17,15.0
3.3,Mw,-2.92,-79.46,12.0,2009,1,9,2,12,24.0
3.6,Mw,-0.95,-79.52,16.8,2009,1,9,2,45,42.0
3.4,Mw,-0.95,-79.53,12.5,2009,1,9,4,8,20.0
3.0,Mw,0.58,-79.81,12.0,2009,1,10,11,16,58.0
3.3,Mw,-1.85,-78.21,172.9,2009,1,11,9,49,18.0
3.0,Mw,-1.26,-78.42,15.96,2009,1,11,16,56,53.0
3.5,Mw,-0.42,-78.55,10.33,2009,1,12,0,56,37.0
3.6,Mw,-2.18,-77.12,180.0,2009,1,12,5,52,50.0
3.3,Mw,-0.42,-78.54,10.95,2009,1,12,10,5,36.0
3.5,Mw,-0.88,-78.33,11.86,2009,1,13,10,52,36.0
3.4,Mw,-0.89,-78.35,11.32,2009,1,13,11,2,34.0
3.2,Mw,-1.03,-78.33,11.76,2009,1,13,23,26,40.0
3.6,Mw,-2.19,-80.15,5.02,2009,1,14,4,7,36.0
3.4,Mw,-0.77,-79.26,118.4,2009,1,14,5,29,34.0
3.0,Mw,-0.11,-78.79,13.25,2009,1,14,13,21,19.0
3.0,Mw,-0.27,-77.62,7.0,2009,1,15,5,53,3.0
3.1,Mw,-1.95,-79.78,22.9,2009,1,15,10,15,50.0
3.4,Mw,0.05,-78.42,12.0,2009,1,17,0,17,5.0
3.1,Mw,-2.93,-77.55,79.44,2009,1,17,21,1,28.0
3.6,Mw,0.92,-78.21,12.0,2009,1,18,3,39,1.0
3.5,Mw,-2.72,-77.97,12.0,2009,1,18,10,23,20.0
3.2,Mw,-0.94,-79.22,118.3,2009,1,18,11,52,59.0
3.3,Mw,-1.62,-79.89,122.7,2009,1,19,3,18,12.0
3.2,Mw,-0.82,-79.78,9.64,2009,1,19,21,38,59.0
3.4,Mw,-2.18,-79.65,21.31,2009,1,20,23,24,53.0
3.1,Mw,-1.86,-77.88,177.9,2009,1,21,16,32,21.0
3.2,Mw,-2.78,-78.25,122.0,2009,1,21,16,56,7.0
3.7,Mw,-1.42,-79.87,25.8,2009,1,25,1,14,30.0
3.2,Mw,-0.02,-78.34,8.72,2009,1,27,6,56,3.0
3.0,Mw,-1.82,-79.82,14.16,2009,1,27,12,16,2.0
4.2,Mw,-2.21,-79.77,33.24,2009,1,28,11,53,50.0
3.2,Mw,-1.41,-78.05,12.0,2009,1,30,4,18,25.0
3.2,Mw,-1.53,-77.92,203.5,2009,1,31,12,25,42.0
3.0,Mw,-0.45,-78.66,21.65,2009,1,31,16,31,5.0
3.2,Mw,-1.12,-79.89,33.44,2009,2,1,14,39,0.0
3.1,Mw,0.31,-79.96,16.11,2009,2,2,6,33,2.0
3.0,Mw,-1.69,-78.24,179.6,2009,2,2,11,19,34.0
3.2,Mw,-1.55,-79.48,174.1,2009,2,5,10,38,33.0
3.9,Mw,-1.61,-77.89,195.4,2009,2,5,12,6,19.0
3.4,Mw,-1.83,-77.67,7.04,2009,2,5,22,1,30.0
3.3,Mw,-1.68,-78.2,172.5,2009,2,5,23,54,44.0
3.2,Mw,-2.23,-80.2,12.0,2009,2,6,4,35,58.0
3.1,Mw,0.99,-79.65,12.0,2009,2,7,1,49,37.0
3.3,Mw,-1.41,-79.87,24.48,2009,2,7,8,27,26.0
3.3,Mw,-2.94,-77.4,11.82,2009,2,8,11,3,18.0
5.0,Mw,-2.56,-79.18,88.41,2009,2,8,20,49,24.0
5.1,Mw,-6.75,-80.89,75.0,2009,2,8,21,23,17.0
5.9,Mw,-6.56,-81.15,15.0,2009,2,9,14,9,2.0
3.9,Mw,-2.92,-79.43,85.15,2009,2,10,10,45,34.0
4.0,Mw,-6.54,-81.12,45.0,2009,2,11,3,15,49.0
3.2,Mw,0.07,-78.44,12.0,2009,2,11,9,53,13.0
4.6,Mw,-5.86,-80.75,56.0,2009,2,14,5,24,59.0
3.1,Mw,0.0,-78.53,12.0,2009,2,15,8,15,19.0
6.0,Mw,-5.85,-80.89,21.0,2009,2,15,10,4,49.0
4.0,Mw,-2.42,-78.15,141.5,2009,2,15,14,18,21.0
3.1,Mw,-1.59,-77.65,204.2,2009,2,17,14,34,32.0
3.6,Mw,-1.36,-80.49,20.0,2009,2,18,17,41,46.0
3.7,Mw,-1.44,-80.58,20.0,2009,2,18,17,46,56.0
4.1,Mw,-2.79,-78.07,12.0,2009,2,18,23,26,35.0
3.3,Mw,-2.59,-78.14,12.0,2009,2,18,23,30,13.0
3.1,Mw,-2.63,-78.1,8.34,2009,2,18,23,33,17.0
3.3,Mw,-2.7,-78.03,12.0,2009,2,18,23,38,53.0
3.1,Mw,-2.74,-78.19,12.0,2009,2,18,23,41,25.0
4.8,Mw,-2.74,-78.09,12.0,2009,2,19,4,27,38.0
3.0,Mw,-2.66,-78.11,7.48,2009,2,19,6,41,46.0
3.3,Mw,-2.76,-78.17,12.0,2009,2,19,8,51,26.0
3.3,Mw,-2.74,-78.32,4.02,2009,2,21,2,19,48.0
3.2,Mw,-2.76,-78.26,12.0,2009,2,21,3,4,40.0
3.1,Mw,-2.56,-77.96,19.49,2009,2,21,4,31,33.0
5.0,Mw,-2.77,-78.13,12.0,2009,2,21,22,47,26.0
3.5,Mw,-2.77,-78.25,12.0,2009,2,21,23,25,21.0
3.5,Mw,-2.75,-78.39,12.0,2009,2,22,0,2,45.0
3.4,Mw,-2.77,-78.26,12.0,2009,2,22,0,47,7.0
3.1,Mw,-2.66,-77.94,8.44,2009,2,22,1,22,59.0
3.1,Mw,-2.6,-78.1,12.0,2009,2,22,1,30,15.0
3.5,Mw,-2.77,-78.17,12.0,2009,2,22,1,52,55.0
3.8,Mw,-2.76,-78.15,12.0,2009,2,22,1,54,50.0
3.4,Mw,-2.76,-78.18,12.0,2009,2,22,2,43,8.0
3.9,Mw,-2.79,-78.09,12.0,2009,2,22,7,37,40.0
3.1,Mw,-2.74,-78.42,6.94,2009,2,22,9,33,55.0
3.0,Mw,-2.64,-78.11,4.51,2009,2,22,10,56,15.0
3.1,Mw,-1.78,-78.55,7.66,2009,2,22,20,41,53.0
3.3,Mw,-1.75,-78.54,11.37,2009,2,22,23,4,49.0
3.3,Mw,-1.77,-77.72,207.2,2009,2,23,12,19,20.0
4.7,Mw,3.73,-77.89,25.0,2009,2,23,18,23,34.0
3.1,Mw,-2.3,-79.67,181.7,2009,2,24,0,59,14.0
3.5,Mw,0.16,-80.07,26.78,2009,2,24,10,51,32.0
3.2,Mw,-0.75,-79.93,115.7,2009,2,24,21,14,41.0
4.0,Mw,-1.34,-81.26,12.83,2009,2,26,0,8,14.0
3.0,Mw,-0.78,-78.68,25.02,2009,2,26,5,19,51.0
3.0,Mw,0.05,-78.75,12.06,2009,2,28,1,16,12.0
3.3,Mw,-1.35,-81.15,12.49,2009,2,28,12,45,13.0
3.8,Mw,-1.46,-81.3,12.0,2009,2,28,12,59,44.0
3.0,Mw,0.39,-78.19,13.65,2009,2,28,13,38,57.0
3.2,Mw,-1.07,-79.69,39.7,2009,3,1,0,47,38.0
3.1,Mw,-1.13,-78.25,14.8,2009,3,1,8,53,12.0
3.3,Mw,-0.03,-78.33,7.47,2009,3,1,19,29,24.0
3.0,Mw,-0.04,-77.8,12.74,2009,3,1,21,57,30.0
4.8,Mw,-4.08,-80.91,40.0,2009,3,2,0,39,19.0
3.5,Mw,-1.7,-77.78,195.9,2009,3,3,2,21,35.0
3.5,Mw,-1.29,-81.25,19.27,2009,3,3,18,32,21.0
3.5,Mw,-1.64,-78.17,177.3,2009,3,5,12,22,23.0
3.0,Mw,1.01,-79.72,29.63,2009,3,5,14,40,13.0
3.0,Mw,-2.28,-79.7,16.47,2009,3,7,14,4,46.0
3.6,Mw,-1.56,-77.93,195.6,2009,3,9,23,15,31.0
3.1,Mw,-1.67,-77.96,201.2,2009,3,10,0,6,26.0
4.7,Mw,3.73,-82.84,10.0,2009,3,10,21,47,3.0
4.5,Mw,-0.83,-79.87,105.1,2009,3,10,21,58,26.0
4.9,Mw,3.67,-82.81,10.0,2009,3,11,0,17,4.0
3.4,Mw,0.79,-77.9,9.31,2009,3,31,5,42,55.0
3.3,Mw,-1.02,-78.32,6.08,2009,3,31,10,35,36.0
3.0,Mw,-2.66,-77.88,12.0,2009,4,1,15,3,11.0
3.4,Mw,-0.94,-79.21,119.0,2009,4,2,17,41,27.0
3.8,Mw,0.05,-78.88,18.93,2009,4,3,9,8,33.0
3.1,Mw,-2.64,-77.47,12.0,2009,4,3,11,38,55.0
4.8,Mw,0.72,-77.95,5.0,2009,4,3,15,46,43.0
3.4,Mw,-2.88,-80.48,12.0,2009,4,4,8,19,48.0
3.1,Mw,-2.12,-78.99,107.3,2009,4,6,10,25,26.0
3.0,Mw,-1.21,-77.81,17.13,2009,4,6,10,41,26.0
3.4,Mw,-0.94,-79.15,139.5,2009,4,6,13,3,34.0
3.7,Mw,-0.92,-79.18,122.5,2009,4,6,13,7,32.0
3.0,Mw,-1.34,-78.1,14.38,2009,4,6,19,22,55.0
3.3,Mw,-0.71,-78.62,26.96,2009,4,7,8,38,33.0
3.1,Mw,-2.47,-79.08,11.72,2009,4,7,13,54,42.0
3.3,Mw,-2.43,-77.87,12.0,2009,4,8,14,35,41.0
3.0,Mw,0.36,-80.03,12.0,2009,4,9,2,35,42.0
3.0,Mw,-2.24,-79.72,24.04,2009,4,12,7,46,38.0
3.2,Mw,-1.63,-78.14,168.1,2009,4,12,17,23,19.0
3.3,Mw,-0.47,-80.22,10.0,2009,4,12,22,12,31.0
3.2,Mw,0.42,-79.91,26.55,2009,4,13,19,29,19.0
3.3,Mw,-1.03,-78.36,11.24,2009,4,14,16,57,52.0
3.1,Mw,0.8,-77.94,18.26,2009,4,14,23,48,11.0
3.6,Mw,-0.84,-79.89,107.8,2009,4,15,5,57,50.0
4.0,Mw,-2.47,-79.61,11.38,2009,4,16,4,15,3.0
3.2,Mw,0.77,-77.92,12.0,2009,4,16,6,45,8.0
3.6,Mw,0.62,-79.94,8.84,2009,4,16,18,57,54.0
3.1,Mw,-2.53,-78.84,87.37,2009,4,16,23,56,40.0
3.6,Mw,-1.05,-78.71,17.34,2009,4,18,3,29,32.0
4.8,Mw,3.88,-82.5,10.0,2009,4,18,17,4,55.0
3.2,Mw,-0.47,-78.64,28.58,2009,4,21,9,57,56.0
3.0,Mw,-1.2,-77.84,31.7,2009,4,21,14,39,45.0
3.4,Mw,-1.37,-78.56,13.61,2009,4,21,20,35,19.0
3.0,Mw,0.2,-76.99,24.99,2009,4,22,13,29,41.0
3.0,Mw,-1.54,-78.52,9.66,2009,4,23,14,48,50.0
4.5,Mw,2.53,-79.78,10.0,2009,4,24,8,37,54.0
3.0,Mw,-2.17,-79.76,22.69,2009,4,25,9,51,22.0
3.1,Mw,1.04,-78.99,23.75,2009,4,26,0,25,6.0
3.2,Mw,0.55,-78.69,14.12,2009,4,26,9,20,29.0
3.1,Mw,-1.03,-78.33,11.49,2009,4,29,6,20,40.0
3.0,Mw,-0.09,-79.68,38.2,2009,4,29,6,59,47.0
3.0,Mw,-0.98,-79.5,26.83,2009,4,29,9,57,37.0
3.3,Mw,-1.73,-78.06,176.8,2009,4,29,23,38,37.0
4.6,Mw,-4.73,-77.19,119.0,2009,4,30,11,45,39.0
4.1,Mw,-1.45,-81.12,10.0,2009,4,30,13,54,16.0
3.0,Mw,-0.1,-78.52,10.99,2009,4,30,15,25,39.0
5.1,Mw,-1.69,-77.6,216.0,2009,5,1,0,34,6.0
3.1,Mw,-1.22,-80.46,17.26,2009,5,1,21,38,41.0
3.4,Mw,-1.54,-81.27,12.0,2009,5,3,22,47,42.0
4.6,Mw,-4.23,-78.03,47.0,2009,5,4,2,3,14.0
3.1,Mw,0.44,-79.9,27.11,2009,5,4,2,45,35.0
3.6,Mw,0.47,-79.94,12.62,2009,5,4,2,50,13.0
3.3,Mw,0.45,-79.93,26.27,2009,5,4,6,55,14.0
3.0,Mw,0.41,-79.92,22.71,2009,5,4,11,12,38.0
3.0,Mw,-0.93,-79.24,124.6,2009,5,5,4,45,54.0
4.5,Mw,-3.21,-81.75,27.0,2009,5,5,16,11,2.0
3.0,Mw,-1.86,-78.48,210.5,2009,5,6,5,19,46.0
4.5,Mw,-2.69,-80.28,27.02,2009,5,6,10,8,5.0
3.8,Mw,-1.52,-77.79,12.21,2009,5,7,6,7,8.0
3.1,Mw,-2.44,-77.86,54.9,2009,5,9,0,38,42.0
3.3,Mw,-2.27,-79.67,44.65,2009,5,9,5,21,16.0
3.1,Mw,0.37,-78.97,105.7,2009,5,9,15,18,52.0
3.0,Mw,-0.65,-78.01,12.0,2009,5,10,1,53,46.0
3.3,Mw,-2.78,-78.02,12.0,2009,5,10,22,48,3.0
4.3,Mw,3.61,-82.76,10.0,2009,5,14,1,28,7.0
3.7,Mw,-1.52,-81.28,9.75,2009,5,14,22,43,21.0
3.2,Mw,-1.66,-81.09,10.0,2009,5,14,22,52,39.0
3.2,Mw,-2.09,-80.47,12.0,2009,5,15,2,45,25.0
3.1,Mw,-1.93,-78.15,12.0,2009,5,15,22,6,41.0
3.0,Mw,-1.04,-78.51,14.8,2009,5,17,6,0,27.0
3.3,Mw,-2.87,-79.01,124.3,2009,5,20,9,58,27.0
3.3,Mw,0.58,-79.92,24.37,2009,5,21,2,37,21.0
3.3,Mw,-2.12,-78.88,10.33,2009,5,21,16,20,41.0
3.3,Mw,0.51,-79.2,43.45,2009,5,22,1,38,3.0
3.0,Mw,-2.12,-77.44,17.21,2009,5,23,10,51,7.0
3.0,Mw,1.08,-79.56,12.0,2009,5,23,11,28,42.0
3.3,Mw,-0.1,-80.3,7.14,2009,5,24,0,48,34.0
3.1,Mw,-1.65,-78.14,179.3,2009,5,24,2,48,12.0
4.8,Mw,-2.04,-81.26,6.0,2009,5,25,4,12,36.0
3.3,Mw,-2.28,-79.78,16.19,2009,5,25,7,11,52.0
3.5,Mw,-2.48,-77.86,121.1,2009,5,25,17,23,25.0
3.2,Mw,-2.74,-78.27,10.73,2009,5,27,1,51,52.0
4.3,Mw,-5.9,-75.77,36.0,2009,5,27,12,1,56.0
3.2,Mw,-0.96,-79.15,119.4,2009,5,27,13,13,49.0
3.4,Mw,-1.53,-77.82,215.6,2009,5,28,21,7,38.0
3.5,Mw,-1.66,-77.54,208.6,2009,5,30,9,8,3.0
3.1,Mw,-1.35,-80.48,12.0,2009,5,30,18,19,51.0
3.3,Mw,-2.3,-78.91,101.4,2009,5,31,6,20,32.0
3.3,Mw,-1.71,-78.11,172.5,2009,5,31,12,27,8.0
3.7,Mw,-2.08,-80.16,16.35,2009,5,31,20,37,59.0
3.3,Mw,-1.06,-78.34,7.43,2009,6,1,10,36,30.0
3.3,Mw,-2.92,-79.27,12.0,2009,6,2,0,5,37.0
3.2,Mw,-0.6,-80.44,12.0,2009,6,2,9,37,54.0
3.2,Mw,0.83,-79.55,16.03,2009,6,3,0,58,51.0
3.0,Mw,-0.97,-79.14,134.1,2009,6,3,5,5,8.0
3.4,Mw,-2.23,-79.71,23.44,2009,6,3,16,14,5.0
3.1,Mw,-1.76,-77.73,14.59,2009,6,4,2,12,5.0
3.0,Mw,-1.48,-78.6,12.25,2009,6,10,21,51,13.0
4.3,Mw,-3.31,-80.48,77.0,2009,6,11,16,40,48.0
3.0,Mw,-0.38,-79.28,40.04,2009,6,19,10,44,15.0
3.3,Mw,0.44,-80.56,10.0,2009,6,20,5,33,7.0
3.3,Mw,0.88,-78.49,9.55,2009,6,20,10,37,24.0
3.1,Mw,0.73,-80.2,12.0,2009,6,20,12,22,9.0
3.0,Mw,-1.01,-78.19,16.93,2009,6,20,19,4,36.0
3.2,Mw,-1.06,-78.3,11.53,2009,6,20,19,9,21.0
3.2,Mw,-1.02,-78.16,11.0,2009,6,20,21,14,45.0
3.2,Mw,-1.01,-78.17,10.66,2009,6,20,21,49,27.0
3.5,Mw,-1.35,-80.22,14.51,2009,6,21,6,4,40.0
3.5,Mw,-2.66,-78.52,12.0,2009,6,21,8,28,7.0
3.0,Mw,-2.35,-77.54,8.45,2009,6,23,0,14,51.0
3.6,Mw,-0.48,-78.65,19.85,2009,6,23,0,51,57.0
3.3,Mw,-2.51,-77.43,12.0,2009,6,23,1,35,24.0
4.6,Mw,-1.66,-77.6,218.5,2009,6,24,3,38,38.0
3.1,Mw,-2.41,-77.99,142.9,2009,6,24,11,15,39.0
3.1,Mw,0.36,-80.03,12.0,2009,6,26,1,24,2.0
3.7,Mw,-2.36,-80.19,10.0,2009,6,26,9,35,31.0
3.0,Mw,-1.58,-78.25,11.91,2009,6,27,1,12,6.0
3.0,Mw,-0.02,-79.11,28.51,2009,6,27,5,51,46.0
3.2,Mw,-0.53,-78.66,18.08,2009,6,27,9,35,18.0
3.2,Mw,-0.53,-78.64,16.88,2009,6,27,10,30,51.0
3.0,Mw,-1.03,-78.34,16.09,2009,6,27,15,46,1.0
3.1,Mw,-1.96,-77.25,17.94,2009,6,28,22,41,4.0
3.2,Mw,-2.13,-79.62,35.18,2009,6,30,4,14,39.0
4.1,Mw,-2.19,-79.85,33.61,2009,6,30,20,5,30.0
3.0,Mw,-0.51,-77.5,12.09,2009,7,2,4,25,22.0
3.2,Mw,-0.33,-79.81,23.03,2009,7,3,2,17,0.0
5.2,Mw,3.73,-75.64,51.0,2009,7,3,10,4,57.0
3.1,Mw,1.13,-78.82,11.83,2009,7,3,14,40,56.0
3.4,Mw,-0.63,-77.7,12.7,2009,7,3,22,53,12.0
3.2,Mw,-0.22,-78.51,10.79,2009,7,6,6,17,54.0
3.5,Mw,-0.75,-78.72,16.5,2009,7,9,10,18,43.0
3.0,Mw,-1.02,-78.25,12.19,2009,7,9,11,6,57.0
3.3,Mw,-1.85,-78.01,173.8,2009,7,10,5,14,19.0
4.0,Mw,0.55,-80.66,14.36,2009,7,11,0,59,20.0
4.1,Mw,2.6,-79.68,24.0,2009,7,16,11,7,36.0
4.6,Mw,1.02,-79.14,11.0,2009,7,17,9,18,45.0
3.0,Mw,-0.13,-78.38,9.23,2009,7,17,22,54,3.0
3.5,Mw,-2.79,-80.85,6.0,2009,7,18,13,21,47.0
5.4,Mw,-1.66,-80.4,4.06,2009,7,19,8,35,40.0
3.2,Mw,-1.44,-80.01,105.5,2009,7,19,23,36,58.0
3.4,Mw,-2.96,-80.13,12.0,2009,7,21,18,9,41.0
3.3,Mw,-2.77,-78.17,12.0,2009,7,21,20,33,12.0
3.4,Mw,-2.41,-78.13,128.2,2009,7,22,11,21,12.0
3.1,Mw,-0.82,-79.64,26.36,2009,7,22,23,2,51.0
3.4,Mw,-2.24,-79.76,22.02,2009,7,23,2,3,49.0
3.1,Mw,-2.51,-78.33,128.0,2009,7,23,20,13,18.0
4.8,Mw,-3.67,-81.74,35.0,2009,7,24,9,19,11.0
3.2,Mw,-0.98,-79.18,127.7,2009,7,24,19,24,56.0
3.2,Mw,-0.22,-77.12,13.1,2009,7,24,20,49,10.0
3.5,Mw,-1.1,-80.99,16.72,2009,7,27,9,2,5.0
3.3,Mw,0.43,-80.07,21.46,2009,7,28,1,8,58.0
3.2,Mw,-2.77,-79.53,12.0,2009,8,1,3,35,41.0
3.5,Mw,-2.38,-80.88,10.0,2009,8,1,18,41,57.0
3.1,Mw,-2.54,-79.3,36.02,2009,8,2,17,35,1.0
3.3,Mw,-1.62,-77.79,208.1,2009,8,3,5,13,44.0
3.1,Mw,-0.02,-78.34,11.29,2009,8,3,19,23,14.0
4.2,Mw,-5.63,-77.59,41.0,2009,8,4,7,13,31.0
3.5,Mw,-1.97,-77.63,8.02,2009,8,5,3,13,53.0
3.6,Mw,-2.15,-79.87,21.7,2009,8,5,21,58,35.0
3.2,Mw,-0.97,-79.18,129.7,2009,8,7,0,33,19.0
3.1,Mw,-1.42,-78.11,123.4,2009,8,7,14,59,31.0
3.5,Mw,-2.56,-78.17,123.2,2009,8,8,4,45,39.0
3.4,Mw,-2.28,-79.52,89.07,2009,8,9,17,3,40.0
3.3,Mw,-0.37,-78.48,13.11,2009,8,9,19,38,15.0
3.2,Mw,0.75,-79.06,9.87,2009,8,10,23,31,35.0
3.1,Mw,0.13,-77.37,14.93,2009,8,12,18,17,38.0
3.5,Mw,0.07,-78.44,9.32,2009,8,14,17,4,29.0
3.5,Mw,-2.77,-77.94,9.47,2009,8,18,5,11,54.0
4.2,Mw,-1.22,-77.5,167.0,2009,8,18,8,24,7.0
3.0,Mw,-0.2,-79.86,34.93,2009,8,19,6,15,32.0
3.1,Mw,-1.21,-78.36,17.25,2009,8,20,7,32,54.0
3.0,Mw,0.06,-78.44,12.0,2009,8,20,16,19,52.0
3.1,Mw,-1.16,-79.31,122.5,2009,8,21,6,2,17.0
3.6,Mw,-1.3,-80.63,43.19,2009,8,21,19,58,37.0
3.2,Mw,-0.96,-79.2,128.5,2009,8,22,8,31,49.0
4.5,Mw,-3.84,-80.74,35.0,2009,8,22,18,46,50.0
3.3,Mw,-1.01,-78.33,9.69,2009,8,24,8,19,9.0
3.4,Mw,-1.01,-78.32,11.48,2009,8,24,8,47,15.0
3.0,Mw,-1.01,-78.28,13.1,2009,8,25,14,54,34.0
5.3,Mw,-5.48,-81.22,37.0,2009,8,27,14,56,41.0
3.1,Mw,-1.7,-77.64,154.7,2009,8,27,15,41,54.0
3.4,Mw,1.21,-78.52,13.01,2009,8,28,4,10,22.0
4.0,Mw,-2.32,-79.76,16.46,2009,8,28,16,33,29.0
3.2,Mw,-1.51,-77.89,211.7,2009,8,29,11,36,10.0
3.7,Mw,-0.95,-79.5,12.19,2009,8,30,16,25,48.0
3.2,Mw,-0.52,-79.13,30.9,2009,9,1,0,59,4.0
3.3,Mw,-1.71,-77.71,191.9,2009,9,1,9,48,26.0
3.8,Mw,-1.67,-81.31,16.85,2009,9,2,21,38,53.0
3.0,Mw,-1.08,-78.3,17.72,2009,9,3,12,53,2.0
3.7,Mw,-0.96,-79.22,117.8,2009,9,5,5,45,5.0
3.7,Mw,-2.96,-79.95,12.0,2009,9,5,7,38,25.0
3.6,Mw,-0.59,-79.54,45.12,2009,9,6,14,57,52.0
3.1,Mw,1.14,-78.96,21.92,2009,9,13,8,17,57.0
3.3,Mw,-0.75,-78.66,17.55,2009,9,14,20,0,23.0
3.2,Mw,-0.75,-78.62,21.94,2009,9,14,20,17,36.0
4.6,Mw,-2.81,-77.59,40.0,2009,9,16,6,44,46.0
4.5,Mw,-1.27,-80.76,41.66,2009,9,16,7,40,53.0
3.3,Mw,-1.32,-80.71,41.4,2009,9,16,17,38,17.0
3.0,Mw,-0.73,-78.64,22.64,2009,9,16,22,14,47.0
3.0,Mw,-0.74,-78.64,23.55,2009,9,16,22,59,16.0
3.2,Mw,-1.15,-81.13,12.0,2009,9,19,20,46,18.0
3.7,Mw,-0.91,-79.2,106.0,2009,9,21,11,59,41.0
3.0,Mw,-0.89,-79.0,134.0,2009,9,22,7,50,2.0
3.0,Mw,-1.59,-78.29,169.3,2009,9,23,3,12,32.0
3.2,Mw,-1.03,-78.31,8.4,2009,9,23,6,10,48.0
3.1,Mw,-2.87,-78.2,12.0,2009,9,23,9,47,18.0
3.1,Mw,-0.83,-79.9,104.8,2009,9,27,17,4,55.0
3.0,Mw,-2.69,-78.13,12.0,2009,9,27,21,51,24.0
3.8,Mw,0.46,-80.02,11.84,2009,10,1,1,33,43.0
3.4,Mw,-2.43,-78.3,77.11,2009,10,3,8,5,20.0
3.2,Mw,-0.31,-80.12,12.0,2009,3,11,10,29,30.0
3.7,Mw,-0.78,-78.86,13.37,2009,3,11,13,54,34.0
3.7,Mw,-0.19,-80.09,9.46,2009,3,12,4,19,58.0
3.1,Mw,-1.9,-78.27,7.64,2009,3,12,5,41,6.0
3.3,Mw,-2.12,-79.88,26.45,2009,3,12,13,26,45.0
3.4,Mw,-1.08,-80.38,12.0,2009,3,13,19,58,23.0
4.9,Mw,2.65,-79.7,15.0,2009,3,14,14,18,31.0
3.2,Mw,-1.38,-80.16,16.29,2009,3,15,4,4,58.0
3.2,Mw,-0.89,-78.09,12.46,2009,3,15,23,11,8.0
3.6,Mw,-0.32,-77.53,16.94,2009,3,16,2,42,36.0
3.1,Mw,-1.63,-77.95,178.5,2009,3,16,11,13,34.0
3.2,Mw,-0.73,-78.87,29.09,2009,3,18,3,45,32.0
3.1,Mw,-2.74,-78.52,6.27,2009,3,20,0,24,34.0
3.0,Mw,-2.74,-78.45,12.73,2009,3,20,1,4,50.0
3.6,Mw,-2.72,-78.69,100.7,2009,3,21,2,12,1.0
3.6,Mw,0.94,-77.73,12.0,2009,3,21,5,20,35.0
3.0,Mw,-1.39,-79.52,12.0,2009,3,22,5,49,15.0
3.1,Mw,-2.33,-79.7,19.38,2009,3,22,7,42,17.0
3.1,Mw,0.16,-79.79,14.62,2009,3,22,13,4,40.0
3.0,Mw,-0.003,-78.93,23.09,2009,3,23,6,27,44.0
3.0,Mw,-2.3,-79.66,19.2,2009,3,23,15,41,26.0
3.0,Mw,-1.24,-77.7,47.09,2009,3,23,21,43,25.0
3.0,Mw,-2.67,-77.83,12.0,2009,3,24,9,15,12.0
3.6,Mw,-0.42,-77.51,14.22,2009,3,24,17,41,10.0
3.1,Mw,-2.43,-78.24,22.65,2009,3,25,21,3,32.0
3.0,Mw,-0.18,-78.32,12.0,2009,3,26,11,58,12.0
5.8,Mw,-5.72,-81.33,10.0,2009,3,26,17,35,14.0
3.3,Mw,-0.96,-77.9,19.22,2009,3,27,16,32,53.0
3.4,Mw,-0.86,-79.28,10.04,2009,3,27,20,12,30.0
3.2,Mw,-1.04,-80.38,12.0,2009,3,28,12,14,37.0
3.2,Mw,-1.39,-80.62,48.39,2009,10,6,7,23,16.0
3.1,Mw,-2.12,-80.05,14.89,2009,10,8,0,48,32.0
3.2,Mw,-0.98,-77.96,19.5,2009,10,8,7,57,40.0
3.1,Mw,-1.66,-80.54,12.0,2009,10,8,9,24,26.0
3.2,Mw,-1.73,-79.63,32.96,2009,10,9,0,35,14.0
3.5,Mw,1.04,-79.73,6.31,2009,10,9,15,10,48.0
5.2,Mw,-0.99,-77.96,17.52,2009,10,9,18,11,34.0
3.1,Mw,-1.69,-78.33,14.1,2009,10,9,19,8,58.0
3.1,Mw,-2.17,-77.67,13.17,2009,10,10,1,15,23.0
3.0,Mw,-1.55,-80.53,24.79,2009,10,11,1,36,27.0
3.1,Mw,-1.1,-80.38,12.0,2009,10,13,6,47,35.0
3.2,Mw,-1.44,-80.83,37.33,2009,10,13,13,3,21.0
3.1,Mw,-1.65,-77.76,164.4,2009,10,14,5,50,46.0
3.6,Mw,-1.15,-80.67,47.14,2009,10,14,17,51,44.0
5.0,Mw,-4.6,-80.21,62.0,2009,10,15,1,43,0.0
3.8,Mw,-2.28,-79.67,83.06,2009,10,16,0,24,52.0
3.1,Mw,0.09,-80.08,12.0,2009,10,16,16,37,7.0
3.1,Mw,-2.14,-77.92,62.3,2009,10,18,4,1,2.0
3.3,Mw,-1.46,-79.22,12.59,2009,10,18,9,31,36.0
3.3,Mw,-2.93,-79.57,12.0,2009,10,18,11,57,12.0
3.0,Mw,-1.06,-79.05,14.33,2009,10,20,3,47,9.0
3.2,Mw,-1.47,-79.09,117.3,2009,10,20,19,49,45.0
4.6,Mw,3.71,-76.51,134.0,2009,10,22,15,56,48.0
3.9,Mw,-2.02,-80.25,12.0,2009,10,23,18,50,10.0
3.1,Mw,-2.3,-79.75,18.43,2009,10,24,13,34,6.0
3.2,Mw,-2.59,-80.78,12.0,2009,10,27,2,58,34.0
3.1,Mw,-2.27,-79.82,13.96,2009,10,27,7,56,52.0
3.3,Mw,-2.47,-78.86,12.0,2009,10,27,15,51,11.0
4.4,Mw,-6.69,-76.71,153.0,2009,10,27,21,26,55.0
3.0,Mw,-1.63,-77.55,154.5,2009,10,28,13,55,14.0
3.3,Mw,-1.75,-80.09,8.8,2009,10,28,15,53,4.0
3.5,Mw,-0.95,-79.5,20.97,2009,10,29,5,19,8.0
3.3,Mw,-2.55,-78.96,43.6,2009,10,29,9,53,26.0
4.5,Mw,-3.72,-77.44,97.0,2009,11,1,8,9,49.0
3.1,Mw,-0.4,-79.21,35.61,2009,11,2,9,37,14.0
3.4,Mw,-2.67,-79.48,6.09,2009,11,2,12,31,9.0
3.5,Mw,-2.5,-79.48,12.0,2009,11,3,11,11,28.0
3.1,Mw,0.7,-79.76,8.09,2009,11,3,14,4,10.0
3.2,Mw,-1.42,-78.04,8.25,2009,11,3,18,47,19.0
3.2,Mw,-2.06,-77.99,179.2,2009,11,4,0,36,43.0
3.2,Mw,0.08,-78.44,12.0,2009,11,6,23,1,43.0
3.5,Mw,-0.94,-79.49,17.53,2009,11,7,3,20,12.0
3.8,Mw,-1.48,-77.84,23.18,2009,11,7,12,43,32.0
3.7,Mw,-0.04,-78.36,8.37,2009,11,7,19,28,54.0
4.6,Mw,-4.14,-81.61,37.0,2009,11,7,19,39,20.0
3.6,Mw,-2.09,-79.86,19.38,2009,11,8,2,28,4.0
3.1,Mw,-0.94,-79.48,23.03,2009,11,11,3,13,32.0
3.6,Mw,-0.03,-78.38,11.75,2009,11,11,20,51,17.0
3.0,Mw,-0.74,-79.6,33.89,2009,11,12,6,0,32.0
3.0,Mw,-1.02,-78.31,11.87,2009,11,14,10,17,39.0
5.2,Mw,3.28,-82.86,25.0,2009,11,15,17,36,48.0
3.1,Mw,-2.96,-79.22,12.0,2009,11,15,22,0,13.0
3.8,Mw,-2.58,-79.67,12.0,2009,11,17,4,28,40.0
3.1,Mw,-0.91,-79.45,129.4,2009,11,17,20,58,54.0
3.1,Mw,1.12,-78.93,13.83,2009,11,20,8,13,13.0
3.2,Mw,-2.07,-77.56,12.0,2009,11,22,10,31,25.0
3.8,Mw,-0.8,-79.46,192.1,2009,11,22,15,0,1.0
3.1,Mw,-1.88,-79.98,6.25,2009,11,24,6,29,56.0
3.2,Mw,0.77,-79.18,22.25,2009,11,24,16,34,39.0
3.0,Mw,0.89,-78.96,21.07,2009,11,24,20,0,14.0
3.0,Mw,-0.43,-79.2,28.9,2009,11,24,23,28,22.0
3.1,Mw,-0.96,-79.23,120.8,2009,11,26,7,1,49.0
4.7,Mw,-3.15,-80.4,68.0,2009,11,26,12,18,13.0
3.3,Mw,-0.88,-79.47,95.57,2009,11,28,2,39,52.0
3.7,Mw,-1.37,-81.15,12.0,2009,11,29,0,8,54.0
3.2,Mw,1.1,-79.33,6.31,2009,11,29,7,38,38.0
3.1,Mw,-2.37,-78.46,137.6,2009,11,29,8,48,7.0
3.6,Mw,-1.27,-78.04,10.96,2009,11,29,11,21,59.0
4.1,Mw,-1.27,-78.02,7.0,2009,11,29,11,36,3.0
3.0,Mw,-0.09,-77.65,24.23,2009,11,30,13,38,17.0
3.1,Mw,-1.93,-80.13,8.89,2009,11,30,15,53,46.0
3.3,Mw,-2.04,-80.08,7.49,2009,12,2,8,2,22.0
3.2,Mw,-1.23,-80.47,20.0,2009,12,2,22,19,47.0
3.0,Mw,-1.56,-77.18,32.69,2009,12,4,5,54,9.0
3.1,Mw,-2.33,-79.9,4.46,2009,12,6,4,52,50.0
3.1,Mw,-0.76,-79.51,28.11,2009,12,6,17,51,42.0
3.2,Mw,-2.32,-78.15,142.2,2009,12,7,5,9,44.0
3.2,Mw,-2.55,-79.05,34.68,2009,12,7,13,8,2.0
3.5,Mw,-2.7,-78.1,13.42,2009,12,7,22,46,11.0
3.7,Mw,0.98,-79.13,4.5,2009,12,8,2,15,42.0
3.6,Mw,-2.75,-78.3,12.0,2009,12,8,17,4,15.0
3.2,Mw,-0.54,-79.55,108.3,2009,12,9,11,6,22.0
3.3,Mw,-2.84,-77.89,12.0,2009,12,10,4,40,47.0
4.7,Mw,-2.01,-78.39,156.6,2009,12,10,16,20,32.0
3.1,Mw,-2.05,-80.09,12.0,2009,12,10,20,12,37.0
3.1,Mw,-0.8,-79.96,40.79,2009,12,15,2,18,40.0
3.0,Mw,-1.81,-79.98,17.36,2009,12,16,5,7,12.0
3.4,Mw,0.97,-79.03,26.13,2009,12,16,13,27,45.0
3.1,Mw,-1.7,-78.18,175.4,2009,12,17,2,49,35.0
5.2,Mw,3.04,-76.23,165.0,2009,12,18,14,30,3.0
4.5,Mw,-1.58,-81.48,35.0,2009,12,18,21,25,22.0
3.5,Mw,-2.09,-79.88,11.15,2009,12,19,15,1,14.0
3.4,Mw,-1.5,-80.52,12.0,2009,12,21,18,34,15.0
3.3,Mw,-2.41,-77.76,12.0,2009,12,23,17,25,22.0
3.6,Mw,-2.45,-77.75,12.0,2009,12,24,10,35,19.0
3.0,Mw,-0.39,-79.79,69.62,2009,12,25,1,31,5.0
3.2,Mw,-1.6,-77.72,222.9,2009,12,25,7,0,50.0
3.0,Mw,-1.09,-79.41,75.4,2009,12,25,12,42,9.0
3.6,Mw,-1.73,-78.21,171.5,2009,12,25,13,25,59.0
3.1,Mw,-0.88,-79.56,12.0,2009,12,25,17,21,41.0
3.1,Mw,-2.21,-78.28,134.9,2009,12,25,20,23,39.0
4.4,Mw,-1.67,-81.52,43.0,2009,12,26,9,39,9.0
4.2,Mw,-1.63,-81.58,35.0,2009,12,26,10,54,2.0
3.0,Mw,-2.13,-77.73,12.0,2009,12,27,5,53,39.0
3.1,Mw,-0.84,-80.58,36.52,2009,12,27,6,53,37.0
3.2,Mw,-0.53,-78.69,23.1,2009,12,27,7,30,23.0
3.4,Mw,-1.62,-78.15,181.4,2009,12,27,22,0,2.0
4.3,Mw,-1.91,-81.77,35.0,2009,12,28,23,25,8.0
4.7,Mw,-1.57,-81.77,35.0,2009,12,28,23,30,21.0
3.1,Mw,-2.59,-78.47,107.8,2009,12,29,15,57,41.0
3.2,Mw,-1.0,-78.69,34.34,2009,12,30,4,59,26.0
3.2,Mw,-1.27,-79.61,113.6,2009,12,30,21,43,38.0
3.5,Mw,-2.25,-80.6,12.0,2009,12,30,22,58,59.0
4.041,Mw,-1.8029,-78.1065,179.22,2010,1,1,14,31,31.0
4.1339999999999995,Mw,-0.9562,-78.1565,17.02,2010,1,1,15,24,8.0
3.8550000000000004,Mw,-0.3675,-79.4697,32.98,2010,1,1,16,4,0.0
4.692,Mw,-1.7556,-81.8406,11.66,2010,1,2,8,26,12.0
4.1339999999999995,Mw,0.6534,-79.2827,21.94,2010,1,2,8,31,44.0
4.041,Mw,-2.3095,-78.7617,10.74,2010,1,3,16,28,9.0
4.041,Mw,-2.3256,-79.8491,7.47,2010,1,4,1,58,12.0
5.064,Mw,-1.6695,-81.8497,24.76,2010,1,4,2,33,37.0
3.8550000000000004,Mw,-0.8572,-79.4233,28.36,2010,1,4,5,30,37.0
4.227,Mw,0.1738,-78.8465,11.77,2010,1,4,17,0,9.0
3.9480000000000004,Mw,-1.5971,-78.1909,195.84,2010,1,4,20,32,37.0
4.32,Mw,-2.8918,-78.3015,12.0,2010,1,5,1,45,35.0
4.041,Mw,-1.5612,-80.3492,12.0,2010,1,5,15,8,28.0
4.32,Mw,-1.2038,-77.7839,9.7,2010,1,5,19,7,13.0
3.8550000000000004,Mw,-0.9748,-79.9594,69.99,2010,1,6,2,28,0.0
4.041,Mw,-2.365,-78.8714,20.73,2010,1,6,9,35,0.0
4.412999999999999,Mw,-1.7405,-78.1699,172.55,2010,1,10,4,12,36.0
4.32,Mw,1.2135,-79.4445,12.0,2010,1,10,9,11,41.0
4.32,Mw,-2.7525,-78.1657,314.81,2010,1,11,0,22,2.0
4.32,Mw,0.2017,-80.3594,37.93,2010,1,11,18,19,27.0
3.9480000000000004,Mw,-1.1808,-77.7975,27.08,2010,1,11,21,33,29.0
4.227,Mw,-0.3567,-78.5378,11.72,2010,1,12,0,21,49.0
3.9480000000000004,Mw,-0.3609,-78.544,12.76,2010,1,12,15,15,11.0
3.9480000000000004,Mw,-0.8212,-79.7061,34.16,2010,1,13,7,16,47.0
3.8550000000000004,Mw,-0.4003,-78.8075,21.73,2010,1,13,8,2,49.0
4.506,Mw,-3.6816,-78.0225,17.96,2010,1,13,11,6,26.0
4.32,Mw,-1.768,-77.2787,12.0,2010,1,14,0,44,19.0
4.041,Mw,-2.4543,-77.773,174.96,2010,1,14,12,50,55.0
3.9480000000000004,Mw,-0.3328,-78.4875,13.26,2010,1,14,17,56,45.0
4.041,Mw,0.3441,-77.4954,97.79,2010,1,14,18,11,54.0
4.506,Mw,-2.7496,-78.8252,36.58,2010,1,17,3,4,3.0
3.9480000000000004,Mw,-0.5725,-77.6021,27.2,2010,1,18,16,18,20.0
4.412999999999999,Mw,-2.7904,-76.3143,103.13,2010,1,18,19,11,53.0
3.8550000000000004,Mw,-0.3736,-78.5127,26.7,2010,1,20,2,7,35.0
4.599,Mw,-1.2414,-80.9048,49.34,2010,1,20,3,32,32.0
4.32,Mw,-0.7998,-77.3178,10.5,2010,1,22,15,48,37.0
4.1339999999999995,Mw,-2.7066,-77.8463,12.0,2010,1,23,2,56,29.0
3.8550000000000004,Mw,-0.233,-78.5324,14.48,2010,1,23,3,25,20.0
4.1339999999999995,Mw,0.4508,-79.3739,34.1,2010,1,24,0,33,30.0
3.9480000000000004,Mw,-0.5659,-77.9784,11.4,2010,1,24,9,16,39.0
4.227,Mw,0.4353,-80.154,10.8,2010,1,26,0,49,41.0
3.9480000000000004,Mw,0.5813,-78.9199,13.43,2010,1,26,11,57,29.0
4.599,Mw,-2.8575,-78.6582,79.01,2010,1,27,23,38,26.0
4.041,Mw,-1.7008,-77.7427,257.5,2010,1,28,9,47,16.0
4.227,Mw,-1.0518,-80.3681,45.0,2010,1,29,1,23,57.0
4.1339999999999995,Mw,0.3208,-78.3164,12.67,2010,1,29,5,59,43.0
4.041,Mw,-0.936,-79.1693,135.39,2010,1,29,19,25,22.0
4.227,Mw,0.4334,-79.9382,24.06,2010,1,30,9,56,28.0
4.1339999999999995,Mw,-1.9105,-80.131,14.28,2010,1,30,13,46,59.0
3.8550000000000004,Mw,-2.2245,-78.1953,6.47,2010,1,31,19,17,3.0
3.8550000000000004,Mw,-1.6599,-78.259,12.0,2010,1,31,23,41,33.0
4.32,Mw,-3.4089,-79.3123,53.63,2010,2,1,18,48,59.0
3.9480000000000004,Mw,-0.2718,-78.8432,11.52,2010,2,2,2,7,49.0
4.041,Mw,-1.7008,-77.7638,131.46,2010,2,2,9,6,18.0
4.692,Mw,-1.163,-77.5174,241.84,2010,2,6,8,56,55.0
4.227,Mw,-2.2875,-77.2146,138.9,2010,2,7,16,55,11.0
3.8550000000000004,Mw,0.7519,-79.0843,33.66,2010,2,7,18,7,6.0
4.971,Mw,-2.2434,-77.1734,12.0,2010,2,9,18,32,15.0
4.32,Mw,-0.9586,-79.2185,116.65,2010,2,10,5,11,7.0
3.8550000000000004,Mw,0.6536,-79.7069,12.0,2010,2,10,14,33,35.0
4.227,Mw,-0.7746,-79.3834,44.47,2010,2,12,7,55,45.0
3.8550000000000004,Mw,-1.0144,-78.2991,11.56,2010,2,12,18,29,23.0
3.9480000000000004,Mw,-0.963,-79.1853,132.19,2010,2,13,0,55,17.0
3.8550000000000004,Mw,1.216,-79.5983,12.0,2010,2,13,17,24,9.0
4.599,Mw,-1.3196,-77.7903,217.79,2010,2,14,0,39,14.0
3.8550000000000004,Mw,-1.0143,-79.317,133.45,2010,2,14,23,48,1.0
3.8550000000000004,Mw,-0.6765,-79.7688,106.42,2010,2,16,3,29,10.0
3.8550000000000004,Mw,-1.1241,-79.3927,45.07,2010,2,17,3,8,8.0
3.9480000000000004,Mw,-2.7545,-78.4155,37.47,2010,2,17,3,27,51.0
4.599,Mw,-3.9207,-79.4996,98.8,2010,2,17,18,53,44.0
4.877999999999999,Mw,-1.1077,-79.5365,103.48,2010,2,19,11,37,26.0
4.412999999999999,Mw,-0.7461,-79.7304,37.15,2010,2,21,0,43,7.0
4.1339999999999995,Mw,-0.5278,-80.3715,12.0,2010,2,21,7,47,21.0
4.32,Mw,-2.7403,-79.0325,44.32,2010,2,21,20,54,41.0
3.8550000000000004,Mw,-1.3729,-78.0562,7.2,2010,2,22,12,2,57.0
3.9480000000000004,Mw,-1.4549,-78.998,143.56,2010,2,22,17,56,3.0
4.041,Mw,-0.9459,-79.2087,116.41,2010,2,23,0,36,35.0
4.1339999999999995,Mw,-2.6965,-77.9001,12.0,2010,2,23,15,58,28.0
3.8550000000000004,Mw,-1.1237,-78.2918,9.93,2010,2,23,19,59,3.0
4.1339999999999995,Mw,-2.1824,-80.0106,12.0,2010,2,24,10,50,29.0
4.599,Mw,-2.4178,-81.0186,6.0,2010,2,24,14,31,32.0
4.785,Mw,-2.595,-80.65,10.0,2010,2,25,3,34,22.0
4.877999999999999,Mw,-1.547,-78.1687,169.05,2010,2,26,20,6,15.0
5.343,Mw,-1.0866,-80.5603,43.16,2010,2,28,10,26,49.0
3.8550000000000004,Mw,0.9051,-80.0281,12.0,2010,3,1,14,44,32.0
4.1339999999999995,Mw,-0.5947,-78.2696,12.0,2010,3,2,5,32,1.0
4.506,Mw,-1.0956,-78.4401,14.92,2010,3,3,11,11,2.0
3.9480000000000004,Mw,-0.7245,-79.8349,26.38,2010,3,4,23,31,3.0
4.32,Mw,-1.513,-78.0949,14.82,2010,3,5,6,12,29.0
3.9480000000000004,Mw,-0.8172,-79.8293,33.57,2010,3,5,6,47,10.0
4.041,Mw,-0.9136,-78.158,12.93,2010,3,5,11,42,41.0
4.227,Mw,0.024,-78.3434,9.41,2010,3,5,23,0,23.0
3.9480000000000004,Mw,-1.0867,-78.6284,37.27,2010,3,8,6,35,29.0
4.227,Mw,-1.6457,-80.7441,20.05,2010,3,9,7,53,30.0
3.9480000000000004,Mw,-0.8492,-79.2987,14.82,2010,3,11,8,28,29.0
3.8550000000000004,Mw,0.3866,-78.6282,12.37,2010,3,11,17,29,20.0
4.1339999999999995,Mw,-1.0324,-78.6247,13.98,2010,3,11,22,12,58.0
4.412999999999999,Mw,-1.8049,-77.6953,17.3,2010,3,12,2,29,7.0
4.041,Mw,-1.0464,-79.393,119.18,2010,3,12,5,31,25.0
3.8550000000000004,Mw,0.1308,-77.8233,9.04,2010,3,12,6,49,0.0
4.1339999999999995,Mw,-1.067,-78.2686,12.83,2010,3,12,9,20,54.0
4.32,Mw,-2.3273,-78.9733,7.65,2010,3,12,14,31,15.0
4.506,Mw,0.09,-80.963,16.69,2010,3,12,15,18,17.0
4.412999999999999,Mw,-1.9396,-77.8418,161.36,2010,3,14,22,12,33.0
3.9480000000000004,Mw,-1.117,-79.288,107.02,2010,3,14,23,16,13.0
4.32,Mw,2.3313,-79.8299,8.4,2010,3,15,12,9,8.0
4.227,Mw,-0.5744,-80.3273,65.48,2010,3,15,12,22,51.0
3.9480000000000004,Mw,-1.7794,-77.2752,14.43,2010,3,16,3,1,26.0
4.227,Mw,-1.7575,-78.0744,175.78,2010,3,16,22,21,43.0
4.041,Mw,-0.8588,-78.1349,18.93,2010,3,17,21,52,1.0
3.9480000000000004,Mw,-1.2086,-77.7872,21.91,2010,3,18,12,24,41.0
3.9480000000000004,Mw,-2.1675,-77.4629,12.0,2010,3,19,9,55,33.0
4.692,Mw,-2.6245,-78.5938,104.14,2010,3,19,19,57,1.0
4.32,Mw,-1.8826,-78.203,215.19,2010,3,19,22,16,31.0
4.1339999999999995,Mw,-0.4332,-78.7031,20.27,2010,3,20,2,36,36.0
3.8550000000000004,Mw,-0.9985,-78.3848,39.26,2010,3,20,4,46,7.0
3.9480000000000004,Mw,-1.6012,-79.3448,46.78,2010,3,20,8,15,25.0
4.32,Mw,-2.4758,-79.7855,12.0,2010,3,20,15,45,44.0
4.227,Mw,-3.0258,-78.5246,103.3,2010,3,22,6,15,44.0
4.412999999999999,Mw,0.4288,-77.0815,7.42,2010,3,22,7,33,26.0
4.32,Mw,0.394,-77.146,10.0,2010,3,22,8,24,59.0
4.877999999999999,Mw,-1.728,-80.5417,20.0,2010,3,22,19,6,40.0
4.599,Mw,-2.7988,-78.2727,12.0,2010,3,23,4,12,10.0
3.8550000000000004,Mw,-1.0141,-79.3874,118.13,2010,3,23,6,28,9.0
4.785,Mw,-2.7398,-78.1262,126.41,2010,3,23,17,12,16.0
4.32,Mw,-2.2852,-79.6522,18.41,2010,3,23,22,18,15.0
3.9480000000000004,Mw,-0.9841,-78.5013,6.44,2010,3,25,16,28,7.0
5.157,Mw,-1.1449,-78.4689,13.17,2010,3,26,1,56,33.0
4.877999999999999,Mw,-1.9676,-78.7617,12.92,2010,3,26,2,43,4.0
4.785,Mw,-1.1,-78.4125,12.71,2010,3,26,9,24,56.0
4.692,Mw,-1.1623,-78.3494,9.78,2010,3,29,2,3,9.0
3.8550000000000004,Mw,0.3301,-78.4277,12.0,2010,3,29,2,39,49.0
4.041,Mw,-1.1481,-78.3046,19.74,2010,3,29,5,42,7.0
4.32,Mw,-1.137,-78.3777,14.8,2010,3,29,6,28,31.0
4.227,Mw,-1.5353,-78.0976,181.2,2010,3,30,21,10,21.0
4.1339999999999995,Mw,-1.1342,-78.3964,19.31,2010,3,31,7,48,45.0
4.1339999999999995,Mw,0.7591,-79.0844,26.81,2010,4,2,11,17,35.0
4.1339999999999995,Mw,-1.1749,-78.4198,8.4,2010,4,2,23,3,16.0
4.32,Mw,-1.1793,-78.3375,6.62,2010,4,3,16,46,16.0
4.227,Mw,-1.7559,-78.4988,7.32,2010,4,6,17,41,3.0
3.8550000000000004,Mw,-1.7534,-78.4547,12.0,2010,4,6,18,6,7.0
4.041,Mw,-2.6868,-77.8948,8.45,2010,4,7,9,7,22.0
4.412999999999999,Mw,0.3017,-80.075,24.34,2010,4,7,10,25,31.0
4.041,Mw,-1.9796,-77.2047,12.0,2010,4,7,12,55,11.0
3.9480000000000004,Mw,0.1076,-79.5028,79.81,2010,4,8,15,12,39.0
4.041,Mw,-1.0453,-78.2879,7.79,2010,4,9,22,7,18.0
5.436,Mw,-4.8844,-77.2322,12.0,2010,4,12,5,51,18.0
4.227,Mw,0.6984,-77.0373,5.28,2010,4,13,13,42,57.0
4.227,Mw,0.2608,-79.9279,8.89,2010,4,13,14,55,37.0
4.506,Mw,-1.0329,-80.6821,47.53,2010,4,13,17,33,48.0
4.412999999999999,Mw,-0.2118,-81.4702,13.27,2010,4,14,6,34,12.0
4.32,Mw,-2.2552,-77.0877,160.46,2010,4,14,11,1,26.0
4.227,Mw,-2.1404,-79.0172,11.85,2010,4,14,22,55,37.0
3.9480000000000004,Mw,-1.0733,-78.6923,30.06,2010,4,14,23,24,13.0
4.32,Mw,-1.1331,-80.5129,47.1,2010,4,15,0,4,30.0
4.041,Mw,0.9604,-78.4749,21.62,2010,4,16,12,52,21.0
4.412999999999999,Mw,-1.5707,-80.9332,10.0,2010,4,16,14,50,58.0
4.041,Mw,-2.3812,-79.6307,29.96,2010,4,17,23,55,36.0
3.8550000000000004,Mw,-1.7332,-78.4804,12.0,2010,4,18,7,5,27.0
4.412999999999999,Mw,0.3272,-78.3944,12.89,2010,4,18,7,12,10.0
4.1339999999999995,Mw,0.319,-78.3731,11.03,2010,4,18,8,25,37.0
4.785,Mw,0.2832,-78.3784,12.2,2010,4,18,8,35,1.0
4.041,Mw,-1.7108,-77.8539,153.4,2010,4,18,21,53,41.0
3.9480000000000004,Mw,-0.4467,-78.664,26.45,2010,4,18,22,2,10.0
4.877999999999999,Mw,1.1079,-79.5672,10.0,2010,4,19,0,33,6.0
4.506,Mw,1.1251,-79.5288,10.0,2010,4,19,1,10,35.0
4.227,Mw,1.0152,-79.5062,12.0,2010,4,19,14,20,16.0
3.9480000000000004,Mw,-0.4069,-78.55,13.8,2010,4,20,5,15,52.0
3.9480000000000004,Mw,-1.3375,-79.0865,108.44,2010,4,20,9,2,41.0
4.412999999999999,Mw,0.0878,-77.8839,7.94,2010,4,21,18,17,21.0
3.9480000000000004,Mw,-0.9882,-79.259,115.01,2010,4,22,17,45,26.0
4.041,Mw,-1.6879,-77.7818,12.73,2010,4,23,19,50,52.0
4.041,Mw,-2.0629,-77.6404,20.15,2010,4,24,3,37,40.0
3.8550000000000004,Mw,0.0666,-78.4585,12.0,2010,4,25,7,59,19.0
3.8550000000000004,Mw,-1.5306,-77.9471,184.2,2010,4,25,21,46,33.0
4.227,Mw,-1.7103,-77.7262,200.6,2010,4,25,22,8,32.0
3.8550000000000004,Mw,-1.2342,-78.0404,66.78,2010,4,25,22,14,26.0
3.9480000000000004,Mw,-1.2023,-78.329,14.8,2010,4,27,10,23,2.0
4.599,Mw,-0.9457,-79.2406,109.1,2010,4,27,14,0,21.0
3.9480000000000004,Mw,-1.6648,-79.0629,40.48,2010,4,28,13,51,9.0
4.971,Mw,0.0643,-77.408,15.22,2010,4,29,8,48,32.0
3.8550000000000004,Mw,0.0901,-77.5383,10.43,2010,4,29,8,57,48.0
4.32,Mw,-1.7212,-77.728,13.94,2010,4,30,5,30,10.0
3.9480000000000004,Mw,-1.6976,-77.79,14.49,2010,4,30,5,36,48.0
4.227,Mw,-1.5211,-79.9715,22.49,2010,4,30,8,25,17.0
4.1339999999999995,Mw,0.8055,-79.1252,16.86,2010,5,1,10,21,26.0
4.041,Mw,-0.4488,-78.5949,20.53,2010,5,1,19,18,30.0
4.32,Mw,-3.8555,-77.5929,14.45,2010,5,2,2,19,7.0
4.1339999999999995,Mw,-1.7512,-77.6109,13.46,2010,5,2,10,34,15.0
4.227,Mw,-2.5837,-77.7909,12.0,2010,5,2,18,32,51.0
4.32,Mw,-0.9382,-80.4748,10.0,2010,5,3,0,22,31.0
4.412999999999999,Mw,-2.8996,-77.8258,12.0,2010,5,3,1,0,0.0
4.041,Mw,-1.0198,-79.4053,115.35,2010,5,3,7,45,50.0
4.1339999999999995,Mw,-2.4675,-77.73,12.0,2010,5,4,1,4,10.0
4.412999999999999,Mw,0.5143,-80.1603,13.19,2010,5,5,12,0,50.0
4.1339999999999995,Mw,-2.1931,-79.9279,27.18,2010,5,5,17,11,36.0
4.412999999999999,Mw,-2.0379,-80.121,6.95,2010,5,7,7,32,14.0
4.041,Mw,0.0745,-77.4912,10.73,2010,5,8,18,33,59.0
4.041,Mw,-1.6304,-79.1207,142.55,2010,5,8,23,48,49.0
4.041,Mw,-0.5574,-78.6994,24.71,2010,5,9,22,9,55.0
4.506,Mw,-3.6402,-77.8989,31.32,2010,5,9,22,48,51.0
3.9480000000000004,Mw,-1.1952,-77.8001,12.78,2010,5,11,8,45,24.0
4.1339999999999995,Mw,-2.7833,-78.315,12.0,2010,5,12,1,54,34.0
4.32,Mw,-0.8874,-79.436,42.02,2010,5,12,2,37,34.0
4.412999999999999,Mw,-1.8737,-78.8762,121.99,2010,5,12,16,25,43.0
3.8550000000000004,Mw,-1.2165,-77.8259,12.0,2010,5,12,18,16,26.0
4.227,Mw,-1.0226,-78.329,13.24,2010,5,12,18,32,40.0
4.227,Mw,-1.0208,-78.3008,12.11,2010,5,12,18,43,0.0
4.1339999999999995,Mw,1.0177,-79.6066,12.0,2010,5,13,14,54,4.0
3.8550000000000004,Mw,-0.2392,-78.3556,10.16,2010,5,14,4,27,33.0
4.506,Mw,-2.6408,-78.1018,12.0,2010,5,16,7,28,32.0
4.1339999999999995,Mw,-2.7691,-77.4039,93.42,2010,5,16,19,59,8.0
4.32,Mw,-2.6483,-79.0724,76.35,2010,5,17,17,59,3.0
4.227,Mw,-2.1595,-79.9346,13.62,2010,5,18,7,22,53.0
6.0,Mw,-5.3932,-77.5984,121.15,2010,5,19,4,15,38.0
4.32,Mw,-2.0813,-79.7808,14.59,2010,5,19,13,1,13.0
4.971,Mw,-2.0253,-78.383,156.29,2010,5,20,17,38,49.0
4.227,Mw,-1.4772,-77.9332,24.94,2010,5,21,21,50,25.0
4.506,Mw,-1.0586,-78.7448,5.13,2010,5,22,0,27,41.0
4.412999999999999,Mw,-1.6763,-80.3389,8.37,2010,5,22,7,16,3.0
4.227,Mw,-2.2617,-77.2568,26.88,2010,5,22,11,23,23.0
4.1339999999999995,Mw,0.5894,-77.0499,10.8,2010,5,22,14,2,3.0
4.041,Mw,-1.1633,-78.3306,14.8,2010,5,22,20,7,55.0
4.227,Mw,-2.1268,-78.0968,161.75,2010,5,23,0,0,16.0
3.9480000000000004,Mw,-0.7559,-79.8576,16.74,2010,5,23,1,50,16.0
4.227,Mw,-1.0739,-78.7061,19.5,2010,5,23,2,56,4.0
4.1339999999999995,Mw,-2.0067,-77.3562,17.34,2010,5,23,16,47,0.0
4.599,Mw,-0.4546,-77.389,8.93,2010,5,25,10,22,40.0
4.1339999999999995,Mw,-1.7512,-78.8335,13.46,2010,5,25,10,36,20.0
4.041,Mw,-0.3965,-77.3892,24.33,2010,5,25,11,7,16.0
4.599,Mw,-1.761,-78.8839,8.75,2010,5,25,11,21,23.0
4.227,Mw,-1.7449,-78.7495,27.03,2010,5,25,11,24,38.0
4.041,Mw,-1.675,-77.4195,223.79,2010,5,25,22,57,10.0
4.041,Mw,-0.4294,-77.385,21.86,2010,5,26,22,34,9.0
4.412999999999999,Mw,-1.999,-77.9518,167.56,2010,5,27,1,18,27.0
3.9480000000000004,Mw,-0.401,-78.4394,13.16,2010,5,27,10,25,45.0
3.8550000000000004,Mw,-0.3948,-78.4379,10.29,2010,5,27,10,37,34.0
4.1339999999999995,Mw,-3.1424,-78.1122,12.0,2010,5,27,15,26,34.0
3.9480000000000004,Mw,-1.6804,-77.6686,6.89,2010,5,28,2,30,21.0
3.8550000000000004,Mw,-0.9796,-79.5104,38.41,2010,5,28,5,49,18.0
4.041,Mw,-1.693,-77.9171,163.41,2010,5,29,0,50,53.0
3.9480000000000004,Mw,-0.2354,-78.3635,12.64,2010,5,29,10,22,29.0
4.227,Mw,-2.0405,-77.6147,12.0,2010,5,30,18,18,53.0
4.32,Mw,-3.1935,-77.7631,91.36,2010,5,30,18,22,34.0
4.599,Mw,-1.097,-78.3315,7.06,2010,6,1,11,12,12.0
4.227,Mw,-2.3161,-80.067,47.93,2010,6,2,4,27,4.0
4.227,Mw,-1.8131,-77.9454,186.91,2010,6,3,10,59,23.0
4.412999999999999,Mw,-1.4822,-81.3831,21.5,2010,6,3,23,25,54.0
3.9480000000000004,Mw,-0.7046,-78.7921,12.0,2010,6,5,14,58,21.0
4.041,Mw,0.2937,-77.2348,7.54,2010,6,8,13,15,16.0
4.599,Mw,-2.0271,-79.7462,36.52,2010,6,9,5,55,47.0
3.8550000000000004,Mw,-1.0437,-78.2732,9.05,2010,6,9,21,23,46.0
4.041,Mw,-0.9048,-79.783,30.43,2010,6,10,23,33,27.0
3.9480000000000004,Mw,-0.0399,-78.4264,12.0,2010,6,12,0,21,20.0
4.1339999999999995,Mw,0.5025,-78.6814,6.88,2010,6,13,6,34,19.0
3.8550000000000004,Mw,-0.0585,-79.7108,18.8,2010,6,13,17,32,10.0
4.1339999999999995,Mw,-1.6692,-78.3445,169.65,2010,6,15,3,20,50.0
4.227,Mw,-0.14,-78.5741,5.23,2010,6,16,1,0,39.0
4.227,Mw,-1.6111,-78.0217,196.13,2010,6,16,6,40,48.0
4.1339999999999995,Mw,-1.1827,-79.1437,124.39,2010,6,17,7,3,11.0
3.9480000000000004,Mw,-0.8593,-78.5481,16.16,2010,6,18,4,51,29.0
3.8550000000000004,Mw,-1.1311,-77.6488,17.0,2010,6,18,5,43,11.0
4.041,Mw,-2.9574,-78.3591,33.74,2010,6,18,5,47,22.0
3.9480000000000004,Mw,0.8909,-80.2931,19.71,2010,6,18,6,50,6.0
3.8550000000000004,Mw,-0.8314,-78.7271,25.54,2010,6,21,1,59,56.0
4.041,Mw,-0.7421,-80.5645,12.0,2010,6,21,11,39,47.0
4.041,Mw,-3.0222,-78.4559,12.0,2010,6,22,9,25,11.0
4.1339999999999995,Mw,0.3185,-80.2711,12.0,2010,6,22,12,49,43.0
3.9480000000000004,Mw,-0.9789,-78.4753,19.13,2010,6,23,0,38,23.0
4.1339999999999995,Mw,-1.2179,-78.4193,9.82,2010,6,23,23,9,48.0
4.412999999999999,Mw,-2.6447,-78.5071,103.65,2010,6,24,13,22,33.0
4.32,Mw,0.6539,-80.3059,19.37,2010,6,24,14,45,6.0
4.1339999999999995,Mw,0.4516,-80.0935,12.0,2010,6,24,23,46,43.0
4.412999999999999,Mw,-2.0766,-79.8553,23.77,2010,6,26,10,59,30.0
4.412999999999999,Mw,-0.6791,-79.0648,27.96,2010,6,26,11,35,21.0
5.343,Mw,-4.9616,-77.4525,127.67,2010,6,26,18,40,11.0
3.8550000000000004,Mw,-0.9937,-77.7407,14.01,2010,6,27,6,39,19.0
4.041,Mw,-2.1708,-79.6233,26.28,2010,6,29,4,15,53.0
3.8550000000000004,Mw,0.7159,-78.5529,9.57,2010,6,29,21,58,20.0
4.041,Mw,-1.2891,-79.2551,94.23,2010,6,30,4,52,49.0
4.692,Mw,-1.3067,-80.8721,10.0,2010,6,30,9,6,36.0
4.041,Mw,-1.2906,-78.5868,9.75,2010,6,30,22,58,14.0
3.9480000000000004,Mw,-1.8872,-79.1223,38.7,2010,7,1,3,13,20.0
3.8550000000000004,Mw,0.6713,-78.4899,17.3,2010,7,3,21,28,33.0
3.8550000000000004,Mw,0.3543,-78.7516,111.5,2010,7,4,9,10,3.0
3.9480000000000004,Mw,-1.0994,-77.6956,20.75,2010,7,4,12,30,8.0
3.8550000000000004,Mw,-0.3551,-79.642,39.68,2010,7,4,20,58,6.0
4.506,Mw,-2.012,-81.303,7.0,2010,7,5,9,3,57.0
3.8550000000000004,Mw,-1.0936,-78.3514,10.47,2010,7,5,10,56,13.0
4.041,Mw,-1.1471,-77.8168,18.43,2010,7,6,10,3,21.0
4.1339999999999995,Mw,-2.5756,-79.4834,16.37,2010,7,6,18,57,59.0
3.8550000000000004,Mw,-0.4201,-78.5976,23.98,2010,7,7,15,11,7.0
4.041,Mw,-2.0782,-78.7895,177.41,2010,7,8,11,24,41.0
4.041,Mw,-2.1877,-79.8105,12.0,2010,7,8,13,21,33.0
4.041,Mw,-1.9511,-79.7439,38.85,2010,7,9,21,1,41.0
4.1339999999999995,Mw,-2.1179,-79.9309,11.98,2010,7,10,0,48,24.0
4.1339999999999995,Mw,-2.2007,-79.8163,10.05,2010,7,10,2,53,26.0
3.9480000000000004,Mw,-2.1012,-78.9778,6.03,2010,7,12,11,8,7.0
4.041,Mw,-1.69,-78.2784,156.1,2010,7,12,17,9,2.0
4.041,Mw,-1.202,-78.4133,13.94,2010,7,12,18,58,57.0
3.8550000000000004,Mw,-1.0571,-77.599,18.86,2010,7,12,20,36,43.0
4.32,Mw,-3.2066,-77.212,32.12,2010,7,13,13,10,17.0
3.8550000000000004,Mw,-0.9647,-79.2622,124.98,2010,7,13,13,35,54.0
4.785,Mw,-4.1421,-78.3937,130.09,2010,7,13,19,27,50.0
3.8550000000000004,Mw,-0.0553,-77.2942,22.08,2010,7,14,4,35,14.0
3.8550000000000004,Mw,0.1471,-78.8008,107.57,2010,7,15,9,57,59.0
3.9480000000000004,Mw,-1.4885,-78.0425,175.11,2010,7,15,17,5,24.0
4.041,Mw,-2.81,-77.365,60.39,2010,7,15,21,50,5.0
3.8550000000000004,Mw,-2.002,-77.4042,17.66,2010,7,16,8,20,16.0
4.041,Mw,-0.9413,-79.608,85.48,2010,7,17,4,40,20.0
4.1339999999999995,Mw,-1.9891,-80.0392,12.0,2010,7,17,6,31,42.0
3.8550000000000004,Mw,-1.1947,-78.3043,14.74,2010,7,17,15,56,42.0
4.041,Mw,-0.8423,-79.3694,29.68,2010,7,17,16,46,14.0
4.1339999999999995,Mw,-0.1216,-78.7626,21.77,2010,7,17,19,13,48.0
4.227,Mw,-1.5822,-80.3705,12.0,2010,7,17,22,55,2.0
3.9480000000000004,Mw,-1.4249,-77.7664,12.48,2010,7,18,1,35,33.0
4.32,Mw,-1.8736,-79.6075,36.42,2010,7,19,8,20,58.0
3.8550000000000004,Mw,0.0599,-77.2935,13.83,2010,7,19,9,7,40.0
3.8550000000000004,Mw,-0.8229,-79.7064,72.57,2010,7,19,9,47,11.0
3.8550000000000004,Mw,-0.5944,-78.769,13.68,2010,7,20,1,27,55.0
4.1339999999999995,Mw,-2.0593,-79.8068,8.3,2010,7,20,13,1,39.0
3.9480000000000004,Mw,-0.2785,-79.8957,12.0,2010,7,20,22,55,8.0
4.227,Mw,-1.9418,-77.1957,7.16,2010,7,21,21,28,54.0
4.412999999999999,Mw,-2.3484,-77.0241,142.19,2010,7,22,0,15,6.0
3.8550000000000004,Mw,-0.3075,-79.5807,43.32,2010,7,22,10,39,22.0
3.8550000000000004,Mw,-0.9927,-77.9766,14.8,2010,7,22,11,27,47.0
4.227,Mw,0.7036,-78.3528,11.43,2010,7,22,21,39,19.0
3.8550000000000004,Mw,-1.9377,-77.4623,25.09,2010,7,23,8,42,16.0
4.1339999999999995,Mw,1.1855,-79.5271,12.0,2010,7,24,4,23,32.0
3.8550000000000004,Mw,-1.7961,-78.8541,45.73,2010,7,24,6,42,31.0
4.412999999999999,Mw,-0.8352,-81.5397,12.0,2010,7,24,9,8,49.0
4.32,Mw,-0.7252,-81.2055,12.0,2010,7,25,20,22,28.0
4.041,Mw,-1.4752,-79.9146,12.0,2010,7,25,21,30,20.0
4.32,Mw,-0.6076,-81.1351,19.72,2010,7,26,9,16,38.0
4.227,Mw,-1.0349,-79.6827,29.07,2010,7,26,18,18,48.0
4.041,Mw,-2.5729,-78.3342,5.69,2010,7,28,5,11,36.0
3.9480000000000004,Mw,-2.3044,-78.9184,11.47,2010,7,28,19,30,4.0
4.506,Mw,-2.5133,-81.6869,9.23,2010,7,29,14,45,48.0
4.041,Mw,-0.755,-79.6737,40.31,2010,7,30,8,20,32.0
4.506,Mw,-0.4722,-81.3641,12.4,2010,7,30,10,51,10.0
4.041,Mw,-0.5496,-81.0351,12.0,2010,7,31,3,28,20.0
3.8550000000000004,Mw,-1.1913,-78.3372,14.1,2010,8,1,1,28,28.0
4.227,Mw,-1.3436,-81.1777,14.98,2010,8,2,20,50,16.0
3.8550000000000004,Mw,-1.8461,-77.4869,12.0,2010,8,3,4,10,10.0
4.692,Mw,-2.261,-79.8388,18.33,2010,8,3,5,32,56.0
3.8550000000000004,Mw,-1.7451,-78.9271,111.4,2010,8,4,13,55,45.0
4.041,Mw,-1.605,-77.9494,187.25,2010,8,5,4,34,6.0
4.785,Mw,-0.4366,-81.5474,14.78,2010,8,6,7,31,25.0
4.785,Mw,-1.577,-81.2825,10.0,2010,8,6,10,45,52.0
4.041,Mw,-2.0817,-77.346,16.42,2010,8,6,12,7,32.0
4.412999999999999,Mw,-1.5504,-81.3013,10.0,2010,8,6,19,22,24.0
3.9480000000000004,Mw,1.0232,-78.8044,23.13,2010,8,8,13,39,33.0
4.227,Mw,-0.8852,-81.142,18.41,2010,8,8,15,39,4.0
4.506,Mw,-0.8007,-81.4862,8.31,2010,8,9,0,10,1.0
4.412999999999999,Mw,-0.7328,-81.4053,8.06,2010,8,9,22,47,57.0
4.041,Mw,-0.5921,-78.7029,20.62,2010,8,10,0,30,25.0
3.8550000000000004,Mw,-1.3445,-77.933,84.57,2010,8,10,0,44,37.0
4.412999999999999,Mw,-0.4997,-81.2994,10.0,2010,8,10,16,7,34.0
4.506,Mw,-1.0382,-79.7383,40.57,2010,8,10,22,38,0.0
4.1339999999999995,Mw,-1.5897,-78.1604,183.44,2010,8,11,9,44,3.0
4.32,Mw,-2.3285,-77.0704,16.04,2010,8,11,13,57,8.0
3.8550000000000004,Mw,0.9052,-78.9576,40.16,2010,8,11,15,43,9.0
7.2,Mw,-1.4525,-77.4682,248.67,2010,8,12,11,58,8.0
4.32,Mw,-1.2892,-77.6096,223.41,2010,8,17,9,31,8.0
3.9480000000000004,Mw,0.3012,-79.4425,43.32,2010,8,17,18,22,44.0
4.32,Mw,-1.7192,-78.1256,178.51,2010,8,18,22,7,21.0
4.692,Mw,-0.384,-81.4127,13.54,2010,8,19,22,23,51.0
3.8550000000000004,Mw,-1.1183,-78.2663,8.66,2010,8,21,10,14,6.0
4.227,Mw,-1.392,-81.2441,9.82,2010,8,21,18,59,53.0
3.8550000000000004,Mw,-1.0313,-79.283,124.38,2010,8,23,22,35,55.0
3.9480000000000004,Mw,-2.3804,-77.6456,9.18,2010,8,24,1,55,34.0
3.8550000000000004,Mw,-0.6166,-79.5084,46.67,2010,8,24,6,27,24.0
4.041,Mw,-2.4003,-77.8738,12.0,2010,8,24,12,32,31.0
4.041,Mw,-1.405,-79.233,113.53,2010,8,24,13,27,48.0
4.412999999999999,Mw,-2.2314,-78.3539,157.79,2010,8,24,16,51,46.0
4.1339999999999995,Mw,-1.6354,-77.7662,204.63,2010,8,25,1,5,0.0
4.1339999999999995,Mw,-0.8396,-79.6678,38.93,2010,8,25,2,12,12.0
4.227,Mw,-0.8632,-79.6369,32.63,2010,8,25,2,14,19.0
4.412999999999999,Mw,-3.3368,-79.9162,12.0,2010,8,25,20,31,7.0
3.9480000000000004,Mw,-0.562,-78.7004,13.47,2010,8,26,1,48,36.0
4.041,Mw,-1.1962,-80.5133,34.73,2010,8,27,5,15,27.0
4.32,Mw,-1.1478,-80.9521,19.4,2010,8,28,3,37,29.0
4.1339999999999995,Mw,-1.042,-81.0406,16.33,2010,8,28,13,38,36.0
3.9480000000000004,Mw,-2.2684,-77.7941,12.0,2010,8,28,19,36,5.0
4.32,Mw,-2.9015,-79.8695,12.0,2010,8,28,20,12,17.0
4.227,Mw,-1.2045,-81.3322,9.65,2010,8,29,9,12,57.0
4.1339999999999995,Mw,-1.4223,-80.9155,10.0,2010,8,29,10,33,5.0
4.692,Mw,-1.124,-81.4754,7.51,2010,8,29,12,21,49.0
3.9480000000000004,Mw,1.1138,-79.6105,12.0,2010,8,29,18,0,5.0
4.412999999999999,Mw,-1.2211,-81.2443,12.03,2010,8,29,18,8,46.0
4.041,Mw,-1.0414,-78.2925,13.12,2010,8,29,23,28,25.0
4.1339999999999995,Mw,1.079,-79.4762,7.99,2010,8,30,22,57,26.0
4.412999999999999,Mw,-1.1463,-81.374,9.06,2010,8,31,18,11,55.0
4.1339999999999995,Mw,1.1069,-79.5543,12.0,2010,9,2,2,4,45.0
4.32,Mw,-1.3287,-81.9331,10.0,2010,9,2,10,46,12.0
3.8550000000000004,Mw,0.0128,-78.5804,13.4,2010,9,3,2,48,35.0
4.1339999999999995,Mw,-0.8139,-80.5704,10.0,2010,9,4,21,30,39.0
3.9480000000000004,Mw,0.2209,-77.2351,12.0,2010,9,5,3,12,43.0
3.9480000000000004,Mw,-0.9446,-79.831,19.55,2010,9,5,3,15,22.0
4.1339999999999995,Mw,-2.1227,-77.9968,145.96,2010,9,5,16,10,39.0
4.041,Mw,-1.1946,-80.7175,47.17,2010,9,5,19,3,46.0
4.1339999999999995,Mw,-2.6286,-77.4387,12.0,2010,9,5,22,25,0.0
4.412999999999999,Mw,-2.793,-79.8813,12.0,2010,9,6,1,4,50.0
3.8550000000000004,Mw,-0.9969,-78.698,29.42,2010,9,6,22,52,39.0
4.599,Mw,-2.8563,-76.1866,100.86,2010,9,7,4,23,34.0
3.9480000000000004,Mw,-1.0268,-77.6508,35.76,2010,9,7,15,56,3.0
3.9480000000000004,Mw,-0.9514,-78.9955,133.53,2010,9,7,17,3,25.0
4.412999999999999,Mw,-1.9691,-77.7976,167.97,2010,9,7,17,55,34.0
4.1339999999999995,Mw,-2.8835,-78.611,16.0,2010,9,9,2,21,13.0
3.8550000000000004,Mw,-0.188,-79.309,136.8,2010,9,9,4,38,7.0
4.32,Mw,-1.5742,-75.8473,43.53,2010,9,9,8,35,23.0
4.412999999999999,Mw,-1.7642,-78.1646,173.21,2010,9,10,13,21,35.0
4.227,Mw,-0.9857,-78.7514,22.45,2010,9,11,4,57,26.0
3.8550000000000004,Mw,-0.5775,-79.4615,42.93,2010,9,12,9,30,56.0
3.8550000000000004,Mw,-0.9813,-78.6844,32.21,2010,9,14,9,50,8.0
3.9480000000000004,Mw,-0.673,-79.637,26.97,2010,9,15,8,13,5.0
4.1339999999999995,Mw,-2.0759,-79.5789,26.36,2010,9,15,8,57,13.0
4.599,Mw,-2.9308,-80.4064,12.0,2010,9,16,7,55,12.0
4.1339999999999995,Mw,-2.1173,-79.7534,22.67,2010,9,16,16,34,15.0
4.041,Mw,-1.7082,-78.8645,5.09,2010,9,18,8,28,29.0
4.1339999999999995,Mw,-1.3716,-79.655,44.64,2010,9,19,2,30,45.0
4.412999999999999,Mw,-2.8565,-77.5754,27.64,2010,9,19,3,40,25.0
4.041,Mw,-1.0479,-78.2849,10.62,2010,9,19,9,33,37.0
4.412999999999999,Mw,-2.2751,-80.584,49.92,2010,9,19,17,54,39.0
4.412999999999999,Mw,-3.1482,-79.0224,12.0,2010,9,21,6,30,5.0
4.041,Mw,-2.1947,-79.0318,16.63,2010,9,21,13,8,18.0
3.8550000000000004,Mw,-0.4452,-78.5296,17.68,2010,9,22,18,33,58.0
4.599,Mw,-2.808,-77.9255,12.0,2010,9,22,19,1,39.0
4.412999999999999,Mw,0.4905,-80.109,19.19,2010,9,22,23,35,29.0
3.9480000000000004,Mw,-3.0952,-78.5646,43.46,2010,9,23,0,57,56.0
3.9480000000000004,Mw,-2.9452,-78.6912,40.86,2010,9,23,1,52,21.0
4.041,Mw,0.584,-80.1163,12.77,2010,9,23,3,55,42.0
3.9480000000000004,Mw,-2.2234,-77.3579,67.25,2010,9,23,5,30,22.0
4.32,Mw,-0.9231,-80.7137,36.04,2010,9,23,22,40,0.0
4.1339999999999995,Mw,-1.9334,-79.6574,90.94,2010,9,24,9,26,32.0
3.8550000000000004,Mw,-1.6485,-79.9227,12.0,2010,9,25,0,40,24.0
4.041,Mw,-0.4343,-78.61,22.73,2010,9,25,9,46,22.0
3.8550000000000004,Mw,-1.32,-79.6537,136.24,2010,9,25,23,50,16.0
3.8550000000000004,Mw,-1.5458,-77.4286,21.6,2010,9,26,14,31,10.0
3.9480000000000004,Mw,-2.0355,-77.2726,16.88,2010,9,26,18,35,50.0
4.1339999999999995,Mw,-0.8074,-79.2758,101.86,2010,9,27,2,32,51.0
3.8550000000000004,Mw,-1.2019,-78.3623,18.28,2010,9,27,5,25,55.0
4.599,Mw,-1.6639,-81.8497,10.0,2010,9,28,5,53,19.0
3.9480000000000004,Mw,-1.5027,-79.7877,18.77,2010,9,29,16,52,1.0
4.412999999999999,Mw,-0.5483,-77.4478,23.21,2010,9,29,18,53,38.0
3.9480000000000004,Mw,-2.6884,-78.3724,6.91,2010,9,30,4,25,57.0
3.8550000000000004,Mw,-1.7788,-77.7725,11.18,2010,10,2,8,23,34.0
4.1339999999999995,Mw,-2.5693,-79.0148,112.23,2010,10,3,3,49,35.0
4.1339999999999995,Mw,1.7465,-78.911,12.0,2010,10,3,5,7,23.0
4.041,Mw,0.7304,-80.0509,10.0,2010,10,4,13,25,49.0
4.041,Mw,-2.2864,-76.5507,12.0,2010,10,5,11,43,1.0
4.1339999999999995,Mw,-3.1926,-79.9092,12.0,2010,10,6,5,39,29.0
4.506,Mw,-2.6919,-76.5919,112.88,2010,10,6,7,18,42.0
4.32,Mw,-1.3954,-77.8042,210.76,2010,10,6,9,6,22.0
3.8550000000000004,Mw,0.5683,-78.1273,14.46,2010,10,6,11,55,44.0
4.412999999999999,Mw,-1.0849,-77.554,20.89,2010,10,7,21,28,43.0
4.227,Mw,-1.0935,-77.5475,21.56,2010,10,7,21,39,23.0
4.412999999999999,Mw,-3.8088,-79.9142,78.24,2010,10,8,10,46,46.0
5.064,Mw,-3.1294,-76.8046,108.05,2010,10,9,14,4,43.0
3.8550000000000004,Mw,-0.9833,-79.1869,117.16,2010,10,11,0,43,25.0
4.227,Mw,-0.3293,-80.919,9.13,2010,10,11,15,52,52.0
4.227,Mw,-0.3379,-80.9262,10.36,2010,10,11,16,5,30.0
3.9480000000000004,Mw,-0.6529,-77.6017,19.31,2010,10,13,9,14,49.0
3.9480000000000004,Mw,-0.2568,-81.0557,20.92,2010,10,14,10,25,3.0
4.412999999999999,Mw,-1.484,-77.4655,232.64,2010,10,14,17,25,53.0
3.9480000000000004,Mw,-2.1464,-79.5283,27.39,2010,10,14,20,5,50.0
4.227,Mw,-2.5176,-80.666,12.0,2010,10,15,4,50,52.0
4.412999999999999,Mw,-0.0595,-81.38,17.0,2010,10,15,21,34,42.0
4.599,Mw,-1.3621,-80.4759,19.0,2010,10,16,5,12,24.0
4.1339999999999995,Mw,-1.6781,-81.2962,16.59,2010,10,16,5,20,59.0
3.8550000000000004,Mw,-1.0243,-78.1544,12.0,2010,10,16,16,12,20.0
3.9480000000000004,Mw,-0.9766,-79.7106,36.26,2010,10,18,9,5,55.0
4.32,Mw,-0.2457,-81.2126,18.17,2010,10,20,1,0,57.0
4.877999999999999,Mw,-0.1344,-81.2874,19.06,2010,10,20,1,5,49.0
4.227,Mw,-0.2853,-81.0986,19.51,2010,10,20,2,56,27.0
4.785,Mw,-0.189,-81.1848,20.79,2010,10,20,16,5,47.0
4.506,Mw,-0.3249,-81.0751,22.95,2010,10,20,17,31,34.0
3.9480000000000004,Mw,-1.7651,-77.2887,19.52,2010,10,20,22,0,48.0
4.227,Mw,0.0544,-81.0103,12.0,2010,10,21,11,30,33.0
3.9480000000000004,Mw,-1.0622,-78.3845,15.54,2010,10,21,15,42,39.0
4.227,Mw,-2.846,-78.8165,37.97,2010,10,21,21,9,10.0
4.506,Mw,0.8909,-78.8726,12.0,2010,10,23,21,51,16.0
3.9480000000000004,Mw,-2.3536,-79.6966,25.94,2010,10,24,3,13,38.0
4.1339999999999995,Mw,-1.5716,-80.11,9.07,2010,10,24,9,27,3.0
4.227,Mw,-2.3161,-80.2718,12.0,2010,10,25,6,0,35.0
4.412999999999999,Mw,-1.5086,-78.1958,10.52,2010,10,25,14,22,56.0
4.1339999999999995,Mw,-2.1529,-79.1953,11.69,2010,10,26,1,40,46.0
3.8550000000000004,Mw,-0.8969,-79.829,29.28,2010,10,26,5,57,19.0
4.412999999999999,Mw,-0.9221,-80.632,35.68,2010,10,26,22,46,46.0
4.32,Mw,-2.2457,-80.5704,10.73,2010,10,27,3,34,6.0
4.1339999999999995,Mw,-3.1745,-78.4312,36.56,2010,10,27,8,9,44.0
3.9480000000000004,Mw,-1.9837,-77.4777,20.42,2010,10,27,16,10,13.0
4.041,Mw,-2.6783,-79.3804,43.68,2010,10,27,21,10,8.0
4.041,Mw,-2.0312,-76.5304,9.2,2010,10,28,17,39,20.0
4.227,Mw,-3.5237,-78.8951,149.1,2010,10,28,17,45,3.0
3.9480000000000004,Mw,-2.955,-78.4035,37.9,2010,10,28,20,27,28.0
4.1339999999999995,Mw,-2.438,-76.9788,79.87,2010,10,29,18,45,3.0
4.227,Mw,-2.9823,-78.0414,12.0,2010,10,29,18,57,23.0
4.227,Mw,-0.2687,-81.1395,20.65,2010,10,29,19,51,49.0
4.32,Mw,-0.2287,-81.2186,21.29,2010,10,30,8,11,1.0
3.9480000000000004,Mw,-1.5223,-77.9774,65.44,2010,10,30,9,56,4.0
4.1339999999999995,Mw,-0.1166,-81.1133,13.91,2010,10,31,2,19,59.0
3.8550000000000004,Mw,-0.8494,-79.1587,130.84,2010,10,31,4,40,35.0
3.9480000000000004,Mw,-2.9122,-78.9613,42.58,2010,10,31,7,32,50.0
3.8550000000000004,Mw,-0.9951,-79.0671,107.82,2010,11,1,6,59,44.0
4.227,Mw,-1.1407,-80.6413,40.59,2010,11,5,16,46,42.0
4.1339999999999995,Mw,-2.1478,-78.6999,36.08,2010,11,5,17,2,48.0
4.041,Mw,-1.0644,-80.5146,55.13,2010,11,5,23,17,17.0
3.9480000000000004,Mw,-2.3928,-77.4606,104.88,2010,11,5,23,25,17.0
4.041,Mw,-1.6684,-80.8833,40.3,2010,11,6,1,58,28.0
4.32,Mw,-2.6029,-77.2667,31.41,2010,11,8,0,55,59.0
4.041,Mw,-2.7121,-79.3713,12.16,2010,11,8,3,5,39.0
4.227,Mw,-1.4913,-77.7982,208.41,2010,11,8,8,1,33.0
4.1339999999999995,Mw,-2.4499,-77.7276,32.72,2010,11,9,18,57,53.0
3.8550000000000004,Mw,-1.5087,-79.3236,128.48,2010,11,11,5,12,26.0
3.9480000000000004,Mw,-0.9848,-79.2175,108.61,2010,11,12,13,14,29.0
3.8550000000000004,Mw,-0.3999,-79.1283,60.18,2010,11,12,22,56,21.0
4.227,Mw,-0.0305,-80.6014,26.33,2010,11,13,20,30,9.0
4.32,Mw,-3.0731,-76.4205,29.72,2010,11,14,15,33,8.0
3.9480000000000004,Mw,-1.2139,-77.7257,26.01,2010,11,14,22,54,9.0
4.1339999999999995,Mw,-2.8202,-78.4187,12.0,2010,11,15,13,47,58.0
4.1339999999999995,Mw,-1.545,-77.9557,178.62,2010,11,16,16,9,13.0
4.041,Mw,-0.97,-80.6482,38.93,2010,11,19,6,29,1.0
4.227,Mw,-0.9739,-80.6723,40.66,2010,11,19,7,35,24.0
3.8550000000000004,Mw,-1.6995,-77.7591,147.63,2010,11,19,17,59,24.0
4.412999999999999,Mw,-4.0947,-78.0928,22.94,2010,11,20,5,26,32.0
4.041,Mw,-1.0103,-78.4192,10.35,2010,11,20,6,49,54.0
4.041,Mw,-1.8519,-78.5042,174.79,2010,11,20,8,30,33.0
4.599,Mw,-2.6121,-80.8009,18.85,2010,11,20,16,42,24.0
4.041,Mw,-0.8825,-80.6235,24.48,2010,11,21,14,16,6.0
4.1339999999999995,Mw,-2.3065,-79.6389,12.0,2010,11,21,17,59,53.0
4.506,Mw,-2.5808,-79.5488,23.66,2010,11,22,10,24,10.0
4.1339999999999995,Mw,-0.5455,-79.3398,37.9,2010,11,22,16,34,53.0
4.227,Mw,-1.0016,-80.5464,20.0,2010,11,23,10,40,9.0
3.8550000000000004,Mw,-1.2735,-79.4719,19.26,2010,11,23,12,38,41.0
4.227,Mw,-1.0513,-79.3781,117.61,2010,11,24,11,12,9.0
4.041,Mw,-2.1067,-79.2615,12.0,2010,11,24,16,31,20.0
4.1339999999999995,Mw,0.5398,-79.9495,17.47,2010,11,24,22,26,42.0
4.1339999999999995,Mw,0.6669,-80.0192,11.33,2010,11,25,4,11,39.0
5.157,Mw,0.6746,-80.0818,19.84,2010,11,25,4,19,33.0
4.1339999999999995,Mw,-2.4463,-79.5327,24.0,2010,11,25,6,30,42.0
4.227,Mw,-2.4999,-77.9929,31.38,2010,11,27,7,12,30.0
4.041,Mw,-2.2844,-77.7357,17.77,2010,11,27,7,23,42.0
3.9480000000000004,Mw,0.5078,-79.9129,8.65,2010,11,27,7,30,27.0
4.227,Mw,-2.5529,-78.042,12.0,2010,11,27,18,37,47.0
4.32,Mw,-1.3111,-80.6427,41.61,2010,11,27,21,55,15.0
4.877999999999999,Mw,-1.1245,-80.4898,33.84,2010,11,28,7,57,33.0
4.1339999999999995,Mw,0.852,-79.701,9.08,2010,11,28,12,41,38.0
3.9480000000000004,Mw,0.764,-79.6715,9.25,2010,11,28,14,56,34.0
4.041,Mw,0.7815,-79.7789,9.0,2010,11,28,15,35,24.0
3.9480000000000004,Mw,0.1642,-78.9486,104.43,2010,11,28,17,3,21.0
4.041,Mw,-1.8988,-79.8426,40.26,2010,11,29,2,10,25.0
3.8550000000000004,Mw,-0.8856,-79.6955,30.02,2010,11,29,6,12,26.0
4.227,Mw,-2.191,-80.9218,12.0,2010,11,29,22,18,20.0
3.9480000000000004,Mw,-0.9363,-77.993,17.0,2010,12,1,16,4,14.0
4.32,Mw,-0.3029,-81.1212,22.82,2010,12,2,0,35,40.0
3.8550000000000004,Mw,0.7372,-79.1462,36.46,2010,12,2,6,22,46.0
4.32,Mw,-0.9871,-79.2089,116.43,2010,12,2,19,36,27.0
4.041,Mw,-1.5294,-79.3897,45.18,2010,12,2,19,56,44.0
4.32,Mw,0.0206,-79.1406,21.99,2010,12,3,2,16,57.0
4.1339999999999995,Mw,0.8107,-79.9635,12.0,2010,12,3,11,55,42.0
3.9480000000000004,Mw,-0.8461,-79.737,36.91,2010,12,4,3,43,30.0
4.32,Mw,0.4701,-78.9926,27.29,2010,12,4,7,39,49.0
4.1339999999999995,Mw,-0.4346,-78.0306,13.67,2010,12,4,23,3,36.0
4.041,Mw,-1.7346,-77.7266,16.17,2010,12,4,23,38,48.0
4.041,Mw,1.373,-78.7486,59.59,2010,12,8,18,7,21.0
3.8550000000000004,Mw,-1.5221,-79.1967,27.37,2010,12,10,2,1,30.0
4.041,Mw,-2.6149,-78.0779,12.0,2010,12,10,4,38,1.0
4.971,Mw,-3.1365,-77.2808,85.55,2010,12,13,13,5,30.0
4.041,Mw,-0.4281,-78.0367,16.94,2010,12,14,8,29,53.0
4.32,Mw,-0.8101,-78.3822,8.92,2010,12,15,4,58,34.0
3.9480000000000004,Mw,-1.0397,-78.275,15.83,2010,12,17,11,4,15.0
4.1339999999999995,Mw,-0.7041,-79.5658,38.08,2010,12,17,22,54,17.0
4.32,Mw,-2.1389,-79.6021,116.27,2010,12,18,5,58,16.0
4.1339999999999995,Mw,-2.3349,-79.6699,20.13,2010,12,20,13,16,25.0
4.227,Mw,0.8197,-80.373,12.0,2010,12,20,23,41,47.0
4.227,Mw,0.378,-78.968,14.08,2010,12,21,0,1,14.0
4.32,Mw,-2.6454,-78.0659,12.0,2010,12,22,0,8,17.0
3.9480000000000004,Mw,-1.7091,-77.7561,8.99,2010,12,23,10,10,5.0
4.1339999999999995,Mw,0.4508,-80.2009,6.24,2010,12,23,19,29,39.0
4.1339999999999995,Mw,-2.6909,-78.0585,12.0,2010,12,24,12,21,57.0
4.692,Mw,-1.3745,-81.8864,4.77,2010,12,25,22,56,52.0
4.506,Mw,-1.6347,-77.779,214.35,2010,12,26,1,58,22.0
4.041,Mw,-0.8905,-79.651,37.47,2010,12,26,3,29,53.0
4.1339999999999995,Mw,-0.8008,-80.6024,22.78,2010,12,27,11,9,44.0
4.692,Mw,-1.897,-80.2235,18.1,2010,12,27,16,18,35.0
3.9480000000000004,Mw,-2.4565,-79.1245,12.0,2010,12,27,23,23,10.0
4.1339999999999995,Mw,-2.1568,-78.9482,101.78,2010,12,28,9,48,59.0
4.1339999999999995,Mw,-2.5271,-77.9087,12.0,2010,12,28,21,3,35.0
4.227,Mw,-3.5035,-79.2861,12.0,2010,12,28,21,19,18.0
3.9480000000000004,Mw,-2.3547,-77.5534,11.31,2010,12,29,12,29,32.0
4.599,Mw,-2.2272,-79.7279,20.59,2010,12,29,20,35,22.0
4.32,Mw,-2.7039,-79.0493,33.24,2010,12,30,2,10,57.0
4.041,Mw,-0.7996,-80.5495,36.58,2010,12,31,4,22,25.0
4.32,Mw,-0.8142,-78.3895,8.87,2011,1,1,0,52,48.0
4.692,Mw,-2.7776,-79.6939,71.73,2011,1,1,11,28,55.0
4.412999999999999,Mw,1.551,-79.2676,12.0,2011,1,1,16,38,4.0
3.9480000000000004,Mw,-1.0229,-78.4275,12.9,2011,1,2,10,45,25.0
4.227,Mw,-2.8262,-79.3822,48.81,2011,1,3,21,29,46.0
4.227,Mw,-3.9651,-79.5845,5.16,2011,1,3,22,36,19.0
4.041,Mw,-0.8451,-79.7839,20.95,2011,1,4,18,6,49.0
3.8550000000000004,Mw,-0.6256,-79.5512,110.89,2011,1,5,8,24,30.0
3.8550000000000004,Mw,-0.123,-77.76,23.01,2011,1,5,12,9,31.0
4.32,Mw,-2.5733,-80.4282,20.0,2011,1,6,0,14,8.0
4.692,Mw,-2.9962,-79.7311,12.0,2011,1,6,6,35,35.0
4.506,Mw,-3.021,-79.8702,12.0,2011,1,6,6,57,34.0
4.041,Mw,-2.6186,-78.0366,7.35,2011,1,6,7,27,2.0
4.412999999999999,Mw,-1.7208,-78.9885,30.54,2011,1,6,18,25,34.0
3.9480000000000004,Mw,-0.0201,-79.6199,12.0,2011,1,7,8,47,33.0
4.1339999999999995,Mw,-1.0367,-78.2661,9.99,2011,1,7,10,7,37.0
4.227,Mw,-3.1268,-80.1266,21.72,2011,1,8,11,59,49.0
4.227,Mw,-2.5618,-77.9869,24.44,2011,1,8,18,5,35.0
3.8550000000000004,Mw,-1.4806,-79.0513,48.22,2011,1,11,2,32,55.0
4.041,Mw,-1.5622,-77.9264,88.02,2011,1,11,7,57,32.0
4.877999999999999,Mw,-3.2158,-79.8119,28.38,2011,1,12,12,20,4.0
4.041,Mw,-1.5455,-78.9939,111.71,2011,1,14,6,37,52.0
3.8550000000000004,Mw,0.0468,-79.1268,27.37,2011,1,14,7,36,25.0
4.1339999999999995,Mw,-2.811,-79.5641,12.0,2011,1,15,17,21,17.0
4.1339999999999995,Mw,-2.1641,-79.7267,24.22,2011,1,15,18,51,20.0
3.8550000000000004,Mw,-1.7586,-77.7266,182.98,2011,1,17,13,15,52.0
4.506,Mw,-1.5963,-77.823,199.67,2011,1,19,0,33,51.0
4.041,Mw,-1.5291,-77.7957,181.57,2011,1,19,6,46,49.0
4.412999999999999,Mw,-2.8189,-80.4757,12.0,2011,1,19,9,39,59.0
4.1339999999999995,Mw,-2.2261,-79.9809,12.0,2011,1,19,10,31,27.0
4.041,Mw,-2.4691,-79.723,76.21,2011,1,20,0,20,38.0
4.041,Mw,-2.2482,-78.8955,100.84,2011,1,20,7,48,22.0
4.041,Mw,-2.6494,-77.9372,12.0,2011,1,20,11,2,23.0
4.32,Mw,3.3709,-78.4937,12.0,2011,1,20,12,53,36.0
4.041,Mw,-1.9151,-78.8039,123.74,2011,1,21,23,38,15.0
4.227,Mw,-0.273,-79.4202,36.69,2011,1,22,12,14,20.0
3.9480000000000004,Mw,-0.2769,-79.5817,34.66,2011,1,22,12,37,1.0
4.785,Mw,-1.627,-81.8395,14.88,2011,1,23,20,16,3.0
4.1339999999999995,Mw,-3.6362,-78.3885,18.43,2011,1,24,6,13,55.0
4.041,Mw,0.192,-79.0654,26.1,2011,1,24,19,44,57.0
3.8550000000000004,Mw,-2.3484,-76.9459,38.93,2011,1,24,21,46,35.0
4.227,Mw,1.9372,-79.5766,23.73,2011,1,26,18,33,26.0
4.227,Mw,-2.3396,-78.9143,17.36,2011,1,26,21,59,34.0
4.599,Mw,0.7635,-77.0577,12.0,2011,2,1,11,35,8.0
4.227,Mw,-2.3067,-80.5216,34.95,2011,2,2,12,4,33.0
3.9480000000000004,Mw,-1.5014,-77.5299,23.09,2011,2,2,17,51,22.0
4.1339999999999995,Mw,-1.6717,-78.0183,113.89,2011,2,3,5,16,28.0
3.9480000000000004,Mw,-0.2041,-79.337,77.65,2011,2,3,7,48,10.0
3.8550000000000004,Mw,-2.3048,-77.7611,24.22,2011,2,3,15,35,52.0
4.32,Mw,0.4592,-81.1036,12.99,2011,2,4,12,3,10.0
4.041,Mw,-2.1004,-79.8369,18.74,2011,2,4,16,32,48.0
4.506,Mw,-3.0204,-77.7548,12.0,2011,2,6,21,16,34.0
4.041,Mw,-2.8739,-80.3761,12.0,2011,2,8,3,58,39.0
3.8550000000000004,Mw,-1.8795,-77.1855,30.57,2011,2,8,4,13,9.0
4.32,Mw,-0.5792,-78.5299,9.62,2011,2,9,12,44,25.0
3.8550000000000004,Mw,-1.7006,-79.0141,12.0,2011,2,9,14,41,15.0
4.1339999999999995,Mw,-2.4448,-79.6793,29.41,2011,2,9,19,43,45.0
4.1339999999999995,Mw,-3.4344,-78.8638,41.46,2011,2,11,0,30,51.0
4.1339999999999995,Mw,-3.6368,-78.8375,46.51,2011,2,11,1,54,43.0
3.8550000000000004,Mw,0.6154,-78.9805,10.69,2011,2,12,7,6,48.0
3.9480000000000004,Mw,-1.1174,-80.3081,13.04,2011,2,12,10,56,57.0
4.412999999999999,Mw,-0.7646,-80.2688,12.0,2011,2,13,4,13,20.0
4.1339999999999995,Mw,-0.9587,-79.2441,107.55,2011,2,13,14,21,18.0
3.9480000000000004,Mw,-0.2155,-77.8556,11.05,2011,2,13,14,31,36.0
4.227,Mw,-2.1384,-79.6388,95.87,2011,2,14,14,39,5.0
3.8550000000000004,Mw,-1.5884,-77.7334,8.87,2011,2,15,4,7,13.0
4.227,Mw,-1.6553,-81.1221,12.0,2011,2,15,10,53,42.0
3.8550000000000004,Mw,-2.0484,-77.2675,17.38,2011,2,16,0,46,59.0
4.506,Mw,-1.5055,-80.8913,12.0,2011,2,16,9,48,39.0
3.8550000000000004,Mw,-0.9603,-79.1797,118.84,2011,2,16,12,38,30.0
4.412999999999999,Mw,-0.2536,-78.4889,14.89,2011,2,17,0,4,44.0
4.227,Mw,-0.2412,-78.4982,11.78,2011,2,17,0,46,24.0
3.8550000000000004,Mw,-1.215,-78.4223,17.07,2011,2,18,10,34,35.0
3.9480000000000004,Mw,-0.3841,-79.274,39.48,2011,2,19,4,52,54.0
4.041,Mw,-0.4076,-78.9975,78.72,2011,2,20,18,5,4.0
4.041,Mw,0.359,-80.1949,12.0,2011,2,21,4,13,30.0
3.8550000000000004,Mw,-0.3804,-77.4293,24.48,2011,2,21,11,36,34.0
3.9480000000000004,Mw,-1.5561,-77.9969,183.13,2011,2,21,20,13,49.0
3.9480000000000004,Mw,-0.874,-79.2752,27.88,2011,2,24,0,24,57.0
3.8550000000000004,Mw,-3.1027,-81.1489,10.0,2011,3,1,21,21,32.0
4.412999999999999,Mw,-0.3588,-77.8498,7.14,2011,3,20,11,39,43.0
4.32,Mw,-0.35,-77.8514,7.57,2011,3,20,11,43,30.0
4.32,Mw,-0.341,-77.8699,12.0,2011,3,22,20,22,38.0
3.8550000000000004,Mw,-1.0353,-78.3074,11.56,2011,3,24,3,3,51.0
4.227,Mw,-3.3993,-80.0213,32.45,2011,3,26,21,57,49.0
4.412999999999999,Mw,-3.0195,-80.589,12.0,2011,3,28,17,8,46.0
3.8550000000000004,Mw,-2.7443,-79.2058,12.0,2011,3,29,19,37,3.0
4.1339999999999995,Mw,-2.6718,-80.2468,42.54,2011,3,30,19,40,50.0
4.412999999999999,Mw,-1.6023,-81.8488,12.0,2011,3,31,6,44,30.0
3.8550000000000004,Mw,-1.6148,-77.8495,222.02,2011,4,1,17,35,26.0
4.041,Mw,-2.7895,-79.2575,10.38,2011,4,2,2,0,7.0
3.9480000000000004,Mw,-0.952,-79.2249,98.01,2011,4,3,1,37,8.0
4.1339999999999995,Mw,-2.084,-77.167,12.0,2011,4,7,8,4,32.0
3.9480000000000004,Mw,-2.4848,-80.8689,12.0,2011,4,10,12,2,15.0
4.227,Mw,0.2674,-79.9859,22.79,2011,4,14,12,19,42.0
4.1339999999999995,Mw,-2.2534,-79.5813,80.61,2011,4,19,23,44,52.0
4.412999999999999,Mw,-4.0793,-79.6927,111.37,2011,4,20,22,27,54.0
4.041,Mw,-2.0237,-77.5331,198.9,2011,4,23,2,49,48.0
3.9480000000000004,Mw,-1.8877,-77.891,181.89,2011,4,23,23,57,39.0
3.8550000000000004,Mw,0.5212,-78.6492,19.09,2011,4,24,5,50,10.0
4.692,Mw,-2.6635,-78.1218,12.0,2011,4,25,22,22,10.0
4.041,Mw,-2.7535,-78.2618,12.0,2011,4,25,22,30,34.0
4.041,Mw,-2.1628,-79.1454,98.89,2011,4,26,14,20,59.0
3.8550000000000004,Mw,-3.1762,-80.3205,18.44,2011,4,28,21,30,55.0
3.8550000000000004,Mw,-2.1461,-80.6962,27.81,2011,5,7,15,6,52.0
3.9480000000000004,Mw,-3.6233,-80.5141,12.0,2011,5,10,18,43,10.0
4.692,Mw,-1.6315,-81.8658,16.59,2011,5,12,2,35,59.0
4.227,Mw,-2.4222,-80.0576,70.42,2011,5,15,2,24,54.0
4.041,Mw,-1.1452,-80.3416,27.27,2011,5,15,12,15,45.0
4.227,Mw,-3.2964,-81.0335,12.0,2011,5,17,10,7,32.0
3.9480000000000004,Mw,-2.5217,-78.9568,78.39,2011,5,19,18,15,11.0
4.227,Mw,0.4153,-79.8157,10.14,2011,5,20,14,0,50.0
4.1339999999999995,Mw,-0.6401,-77.6234,27.67,2011,5,21,4,6,15.0
4.041,Mw,-1.6296,-77.6778,196.14,2011,5,22,11,24,38.0
4.412999999999999,Mw,0.9216,-79.6313,12.0,2011,5,23,16,33,14.0
4.041,Mw,-1.7553,-77.8739,195.98,2011,5,24,0,49,28.0
3.8550000000000004,Mw,-2.3398,-79.879,62.17,2011,5,24,16,59,48.0
4.1339999999999995,Mw,-2.2712,-81.5636,12.0,2011,5,28,19,37,1.0
3.9480000000000004,Mw,-1.8636,-77.6625,189.29,2011,6,6,6,41,4.0
4.1339999999999995,Mw,-3.2471,-80.9117,13.47,2011,6,9,1,4,31.0
4.041,Mw,-1.7553,-79.911,12.0,2011,6,13,3,37,34.0
3.8550000000000004,Mw,1.2551,-77.1947,12.0,2011,6,14,5,35,15.0
4.041,Mw,-2.2079,-76.4126,149.99,2011,6,22,9,38,56.0
4.041,Mw,-2.3782,-79.6032,48.98,2011,6,22,20,11,35.0
3.9480000000000004,Mw,-0.8993,-80.6188,29.98,2011,6,28,19,41,36.0
3.9480000000000004,Mw,-1.4851,-81.8405,18.09,2011,7,9,4,4,8.0
3.9480000000000004,Mw,-1.6422,-78.0409,182.13,2011,7,9,21,16,26.0
3.9480000000000004,Mw,-1.2948,-78.7981,10.66,2011,7,16,13,32,3.0
4.041,Mw,0.2916,-78.3002,18.11,2011,7,20,16,15,51.0
4.1339999999999995,Mw,-1.9945,-77.9039,173.11,2011,7,21,23,23,44.0
4.412999999999999,Mw,-2.3336,-80.3584,56.25,2011,7,22,8,20,32.0
4.227,Mw,-1.8865,-80.4454,69.17,2011,7,22,16,45,18.0
4.041,Mw,1.5402,-78.3165,30.03,2011,7,22,20,20,19.0
4.1339999999999995,Mw,-1.7794,-79.9143,12.0,2011,7,23,10,25,37.0
4.041,Mw,-2.4171,-79.6654,52.01,2011,7,23,17,0,30.0
4.041,Mw,-3.078,-78.3024,37.38,2011,7,26,20,2,43.0
4.506,Mw,-2.9297,-76.7292,125.0,2011,7,26,20,58,26.0
4.412999999999999,Mw,-1.5214,-80.3481,11.63,2011,7,27,17,50,0.0
4.32,Mw,-2.6148,-79.1897,32.01,2011,7,28,16,51,54.0
4.227,Mw,-1.023,-78.1434,13.71,2011,7,29,9,21,14.0
4.041,Mw,-0.9338,-79.2286,108.59,2011,7,31,19,4,54.0
4.041,Mw,-1.9416,-79.5324,22.89,2011,8,1,16,32,15.0
4.041,Mw,-1.5521,-79.8644,13.71,2011,8,2,7,28,2.0
3.8550000000000004,Mw,-0.3996,-79.285,42.3,2011,8,2,8,32,50.0
3.9480000000000004,Mw,-0.8645,-79.9016,87.78,2011,8,2,11,32,36.0
3.8550000000000004,Mw,-1.8323,-79.4075,41.43,2011,8,2,17,5,48.0
4.041,Mw,0.6328,-79.2384,21.95,2011,8,4,11,49,48.0
4.32,Mw,-1.5636,-81.9446,12.94,2011,8,4,16,45,43.0
4.227,Mw,-3.4972,-80.0092,25.31,2011,8,6,10,37,21.0
4.041,Mw,-1.4503,-79.7811,20.15,2011,8,6,23,18,51.0
4.412999999999999,Mw,-3.8506,-80.352,9.83,2011,8,7,0,55,23.0
4.32,Mw,-0.914,-80.2985,37.58,2011,8,8,23,6,51.0
4.041,Mw,-0.9014,-80.6637,19.78,2011,8,9,16,59,29.0
4.041,Mw,-0.8664,-79.689,47.72,2011,8,10,11,20,45.0
4.041,Mw,-0.2593,-77.8019,8.4,2011,8,10,12,46,12.0
4.506,Mw,-1.2979,-77.1431,305.53,2011,8,10,17,49,48.0
3.8550000000000004,Mw,-1.0509,-78.2999,8.38,2011,8,11,6,29,46.0
3.8550000000000004,Mw,-1.0424,-78.3543,14.8,2011,8,11,15,55,29.0
4.041,Mw,-1.533,-79.5824,21.79,2011,8,12,9,28,53.0
4.041,Mw,-1.7537,-77.2939,12.0,2011,8,12,13,7,13.0
4.041,Mw,-1.1025,-78.3484,6.04,2011,8,13,19,17,14.0
4.041,Mw,-2.298,-79.0065,12.0,2011,8,14,5,12,7.0
4.877999999999999,Mw,-2.0556,-77.1727,202.55,2011,8,15,2,53,14.0
3.8550000000000004,Mw,-0.4795,-77.5091,9.84,2011,8,16,5,30,40.0
4.041,Mw,-2.4422,-77.8591,19.82,2011,8,16,11,19,55.0
3.8550000000000004,Mw,-1.0508,-78.323,9.96,2011,8,16,22,31,14.0
3.9480000000000004,Mw,0.9695,-79.7502,12.0,2011,8,17,6,11,0.0
4.1339999999999995,Mw,0.9433,-79.6347,8.22,2011,8,17,6,22,25.0
3.8550000000000004,Mw,0.9314,-79.6291,8.67,2011,8,17,6,27,13.0
4.041,Mw,1.1026,-79.7216,10.0,2011,8,17,6,58,35.0
4.041,Mw,-0.6667,-78.3665,5.42,2011,8,17,9,15,1.0
4.32,Mw,-4.5186,-78.1903,38.94,2011,8,17,17,10,26.0
4.32,Mw,-3.094,-79.5179,12.0,2011,8,17,19,46,47.0
4.32,Mw,-2.5681,-77.7177,6.47,2011,8,17,22,35,43.0
4.412999999999999,Mw,-3.034,-80.0323,34.32,2011,8,18,5,23,45.0
3.9480000000000004,Mw,-0.8413,-79.7942,47.22,2011,8,18,6,14,47.0
4.32,Mw,-2.3064,-79.6739,104.62,2011,8,18,6,55,48.0
4.412999999999999,Mw,-2.2441,-76.7874,12.0,2011,8,18,19,55,15.0
4.412999999999999,Mw,-1.068,-78.3167,7.4,2011,8,21,9,56,48.0
3.8550000000000004,Mw,0.126,-77.3365,10.39,2011,8,23,1,56,30.0
3.9480000000000004,Mw,-2.0885,-78.0295,148.85,2011,8,25,0,8,12.0
4.227,Mw,-2.1452,-79.733,26.31,2011,8,25,12,50,36.0
4.041,Mw,-1.006,-79.778,31.8,2011,8,26,0,44,38.0
4.041,Mw,1.031,-79.0285,31.27,2011,8,26,4,29,42.0
4.227,Mw,-2.0049,-80.1028,14.59,2011,8,26,13,35,28.0
3.9480000000000004,Mw,-1.6266,-77.1363,12.0,2011,8,27,16,57,37.0
4.1339999999999995,Mw,-3.1429,-79.6393,12.0,2011,8,27,18,30,1.0
4.32,Mw,-1.9864,-80.0679,10.0,2011,8,28,15,22,57.0
4.0173,Mw,-1.519048,-80.999382,10.0,2012,1,2,13,2,44.0
4.0173,Mw,-1.291955,-80.529152,12.0,2012,1,2,14,10,0.0
4.0173,Mw,-1.822281,-81.669304,5.0,2012,1,5,1,18,17.0
4.099399999999999,Mw,-1.65155,-81.5121,10.0,2012,1,5,8,43,48.0
3.5,Mw,0.8863,-78.776039,1.17,2012,1,5,12,22,12.0
4.0173,Mw,-1.675611,-81.5979,10.0,2012,1,6,2,16,44.0
4.099399999999999,Mw,-0.787565,-79.611374,12.83,2012,1,6,12,20,20.0
3.9352,Mw,-1.817206,-76.259605,31.16,2012,1,8,19,40,29.0
5.0024999999999995,Mw,-0.832822,-80.45047,4.85,2012,1,10,18,7,9.0
3.9352,Mw,0.108969,-77.42202,5.15,2012,1,10,20,54,32.0
4.4,Mw,0.622367,-80.110153,6.34,2012,1,12,6,58,55.0
3.8,Mw,0.789894,-80.186165,16.77,2012,1,13,20,29,41.0
3.8531,Mw,-1.734162,-77.876938,12.0,2012,1,15,8,22,50.0
4.838299999999999,Mw,-2.270808,-81.35601,22.0,2012,1,15,23,29,17.0
4.3457,Mw,-2.730975,-79.124794,8.9,2012,1,16,11,53,13.0
3.6,Mw,1.030369,-78.961441,12.0,2012,1,19,9,47,44.0
5.412999999999999,Mw,-2.684887,-82.864136,30.25,2012,1,19,10,18,2.0
4.263599999999999,Mw,-1.726836,-75.61264,12.0,2012,1,19,10,59,46.0
4.3457,Mw,-1.80263,-81.691048,10.0,2012,1,21,17,11,50.0
3.9352,Mw,-3.001451,-79.207176,5.6,2012,1,22,4,21,59.0
4.1815,Mw,-2.64302,-77.283661,12.0,2012,1,26,19,1,8.0
3.7,Mw,-1.2167,-80.992096,5.8,2012,1,27,17,28,35.0
3.9352,Mw,1.892066,-79.622429,10.0,2012,2,1,21,1,28.0
3.771,Mw,-0.623969,-80.808548,19.55,2012,2,2,8,10,1.0
4.0173,Mw,-0.68683,-80.366196,3.71,2012,2,5,6,13,33.0
4.1815,Mw,-3.095794,-79.605865,12.0,2012,2,5,18,57,42.0
4.4277999999999995,Mw,-2.844537,-78.323608,12.0,2012,2,6,17,59,50.0
4.3457,Mw,-1.736335,-81.226662,6.0,2012,2,7,0,59,48.0
3.8531,Mw,-1.821506,-80.778564,10.0,2012,2,7,2,31,22.0
3.8,Mw,-0.93604,-79.498077,12.0,2012,2,7,4,55,46.0
5.9,Mw,0.732507,-79.3405,23.21,2012,2,8,10,54,42.0
4.1815,Mw,-1.261605,-80.772102,25.76,2012,2,9,8,2,20.0
4.5099,Mw,-2.146733,-81.463295,10.0,2012,2,11,2,36,54.0
3.9352,Mw,-3.16991,-77.65567,12.0,2012,2,15,3,46,31.0
4.4277999999999995,Mw,-3.870405,-78.155922,18.07,2012,2,18,7,23,27.0
4.263599999999999,Mw,-3.953399,-78.451248,12.0,2012,2,18,7,58,53.0
4.0173,Mw,-2.664264,-77.997314,35.36,2012,2,19,21,16,38.0
3.8531,Mw,0.452067,-77.356743,12.0,2012,2,20,12,44,47.0
4.3457,Mw,-3.430804,-80.079536,12.0,2012,2,23,22,28,32.0
4.9204,Mw,-2.517906,-76.587593,136.2,2012,2,24,2,56,46.0
3.8531,Mw,-2.080498,-80.152756,12.0,2012,2,26,8,11,47.0
3.9352,Mw,-1.077383,-78.3358,12.0,2012,3,1,3,9,53.0
4.0173,Mw,-2.43471,-77.42157,13.04,2012,3,3,11,10,36.0
3.9352,Mw,-1.062897,-80.551064,12.0,2012,3,5,21,58,26.0
4.674099999999999,Mw,-2.970834,-78.202721,65.42,2012,3,6,18,14,11.0
3.9352,Mw,-1.836712,-80.509109,12.0,2012,3,7,1,16,55.0
3.8531,Mw,-1.090696,-78.343262,14.0,2012,3,7,2,59,29.0
4.0173,Mw,-1.777189,-77.936935,182.87,2012,3,7,20,37,4.0
4.3457,Mw,-1.205987,-81.604652,6.0,2012,3,8,5,18,29.0
3.8531,Mw,-2.484297,-79.689278,19.32,2012,3,14,14,19,50.0
4.3,Mw,-2.752638,-81.173248,10.0,2012,3,18,0,38,10.0
4.1,Mw,-1.942551,-77.686707,229.27,2012,3,20,19,32,11.0
4.4277999999999995,Mw,-2.899481,-78.252708,10.0,2012,3,21,23,50,28.0
4.4277999999999995,Mw,-3.316063,-80.238907,12.0,2012,3,25,3,43,55.0
3.8,Mw,-1.26731,-79.241402,9.48,2012,3,28,16,47,29.0
5.0024999999999995,Mw,-1.515321,-81.706505,10.0,2012,3,28,18,37,51.0
4.7562,Mw,-1.011667,-82.518608,5.0,2012,3,28,18,44,24.0
3.9352,Mw,-0.718815,-79.812523,42.33,2012,3,29,11,4,3.0
3.6,Mw,0.633785,-80.256599,5.71,2012,3,29,19,30,51.0
4.5099,Mw,-2.031089,-78.644775,12.0,2012,3,29,23,57,13.0
3.9352,Mw,-2.045993,-78.454758,12.0,2012,3,31,18,52,37.0
4.674099999999999,Mw,-1.675405,-81.544289,10.0,2012,4,1,8,17,24.0
4.1815,Mw,-0.939403,-78.278915,14.0,2012,4,1,15,41,19.0
4.1815,Mw,-2.849367,-79.607719,12.0,2012,4,3,14,19,17.0
3.9352,Mw,-2.361005,-79.637405,40.4,2012,4,6,0,48,46.0
4.0173,Mw,-1.780557,-80.527046,66.16,2012,4,13,18,16,2.0
3.771,Mw,-0.446751,-79.804893,24.61,2012,4,18,18,34,18.0
4.1815,Mw,-2.453556,-79.698219,29.38,2012,4,25,11,18,57.0
4.9204,Mw,-2.389206,-79.852417,49.47,2012,4,29,0,43,22.0
4.3457,Mw,-2.087147,-79.729095,25.89,2012,4,29,23,42,31.0
4.674099999999999,Mw,-1.994247,-77.757599,12.0,2012,4,30,17,22,34.0
3.9,Mw,1.369369,-79.29528,12.0,2012,5,2,8,48,34.0
4.0173,Mw,-2.648643,-78.237854,12.0,2012,5,3,3,22,47.0
4.0173,Mw,-3.430648,-78.904724,12.0,2012,5,4,7,12,18.0
4.263599999999999,Mw,-1.443008,-81.01973,12.0,2012,5,4,10,11,51.0
3.8531,Mw,-0.699731,-80.536415,10.0,2012,5,6,1,4,3.0
4.0173,Mw,-3.805808,-78.527519,12.0,2012,5,9,4,8,58.0
4.1815,Mw,-1.342487,-81.853752,12.0,2012,5,12,3,31,16.0
3.9352,Mw,-1.096223,-78.287796,12.0,2012,5,13,14,28,21.0
4.0,Mw,0.282455,-80.055649,8.0,2012,5,14,12,19,51.0
3.7,Mw,-0.953039,-79.363861,92.23,2012,5,14,21,39,45.0
4.263599999999999,Mw,-2.44372,-79.406067,6.79,2012,5,16,12,41,12.0
4.099399999999999,Mw,-0.246324,-77.510861,30.25,2012,5,20,8,47,4.0
4.1815,Mw,-3.109898,-78.484108,12.0,2012,5,20,11,34,15.0
4.674099999999999,Mw,-0.913966,-82.672226,10.0,2012,5,21,13,29,34.0
4.592,Mw,-1.871344,-78.197205,145.97,2012,5,23,10,24,7.0
4.4,Mw,0.579413,-79.254189,6.34,2012,5,25,6,58,58.0
4.099399999999999,Mw,-2.592721,-77.56237,93.31,2012,5,25,9,53,20.0
4.3457,Mw,-2.979764,-80.232651,4.8,2012,5,27,16,31,44.0
3.9,Mw,0.129116,-80.332886,2.51,2012,6,2,15,58,10.0
4.3457,Mw,-2.259379,-79.736595,75.24,2012,6,3,15,43,25.0
4.0173,Mw,-3.41262,-80.532295,12.0,2012,6,5,9,26,30.0
5.3309,Mw,-1.915964,-81.615837,12.0,2012,6,8,4,18,59.0
4.0173,Mw,-1.772799,-81.257172,10.0,2012,6,8,4,47,57.0
4.592,Mw,-2.707688,-78.155991,12.0,2012,6,8,20,22,2.0
3.9,Mw,0.068253,-80.211044,2.17,2012,6,10,14,14,25.0
3.8531,Mw,-0.542952,-80.169586,28.47,2012,6,10,16,20,3.0
3.9352,Mw,-2.963586,-79.782379,10.53,2012,6,11,21,59,1.0
4.1815,Mw,-2.497643,-77.46312,12.0,2012,6,12,13,31,36.0
4.3457,Mw,-3.289292,-79.779968,12.0,2012,6,13,12,2,47.0
4.0173,Mw,-1.417972,-81.472389,10.0,2012,6,15,5,33,46.0
4.4277999999999995,Mw,-1.848189,-81.389931,10.0,2012,6,15,15,47,59.0
5.3309,Mw,-2.486336,-76.521904,12.0,2012,6,16,0,19,35.0
4.7562,Mw,-3.680805,-77.784668,12.0,2012,6,16,20,35,13.0
4.0173,Mw,-3.092985,-78.004997,12.0,2012,6,16,23,16,8.0
5.084599999999999,Mw,-1.065161,-78.815834,5.15,2012,6,18,13,34,46.0
4.3457,Mw,-3.168904,-80.592491,12.0,2012,6,18,18,17,31.0
4.3457,Mw,-4.02837,-80.497353,12.0,2012,6,21,11,38,32.0
4.0173,Mw,-3.066084,-77.695114,156.73,2012,6,21,15,13,59.0
3.5,Mw,0.584459,-78.761276,0.61,2012,6,22,3,22,14.0
3.8531,Mw,-1.792352,-78.53437,125.96,2012,6,22,4,17,23.0
4.263599999999999,Mw,-3.155826,-80.612541,12.0,2012,6,24,18,41,50.0
4.1,Mw,0.856709,-79.719048,2.06,2012,6,25,6,46,50.0
4.0,Mw,0.815694,-79.764572,5.34,2012,6,25,11,49,53.0
4.1815,Mw,-1.852946,-81.029205,10.0,2012,6,26,16,23,18.0
3.8531,Mw,-1.852618,-80.99646,10.0,2012,6,27,1,57,11.0
4.099399999999999,Mw,-2.019217,-81.114967,10.0,2012,6,27,11,54,18.0
5.1667,Mw,-1.699537,-81.100304,10.0,2012,6,27,12,17,24.0
4.4,Mw,-1.858758,-81.327538,15.0,2012,6,27,14,18,47.0
4.592,Mw,-1.800901,-81.11496,10.0,2012,6,27,14,22,21.0
3.9352,Mw,-1.837244,-80.914139,10.0,2012,6,27,14,38,4.0
4.674099999999999,Mw,-1.769949,-81.017738,10.0,2012,6,27,15,37,25.0
3.7,Mw,1.323914,-78.904732,40.92,2012,6,27,20,22,23.0
4.5099,Mw,-1.77376,-81.002075,10.0,2012,6,28,17,40,6.0
5.0024999999999995,Mw,-1.773166,-81.346451,10.0,2012,6,28,20,56,41.0
3.8,Mw,-1.573333,-81.087151,2.0,2012,6,28,21,0,22.0
4.1815,Mw,-0.772994,-81.188423,10.0,2012,6,28,23,57,26.0
3.771,Mw,-2.397868,-79.774246,41.91,2012,6,29,16,39,29.0
3.9352,Mw,-3.076684,-80.15477,5.42,2012,6,30,9,22,47.0
3.9352,Mw,-0.556489,-78.726944,7.49,2012,7,3,6,13,41.0
4.1815,Mw,-0.918261,-80.642654,13.44,2012,7,3,21,58,40.0
3.8531,Mw,-2.250223,-78.253517,12.0,2012,7,7,10,8,46.0
4.592,Mw,-2.322444,-79.899513,49.43,2012,7,10,15,21,15.0
4.3457,Mw,-1.866246,-81.254013,10.0,2012,7,11,8,31,44.0
4.971,Mw,1.748413,-90.529305,81.75,2012,7,11,15,15,55.0
4.1815,Mw,-1.704626,-77.929848,178.58,2012,7,15,6,51,23.0
3.771,Mw,-2.539588,-77.639206,12.0,2012,7,18,1,2,24.0
4.099399999999999,Mw,-3.575974,-79.051155,96.49,2012,7,19,4,41,0.0
3.9352,Mw,-2.446562,-79.778786,54.01,2012,7,20,19,20,43.0
3.6,Mw,1.223388,-78.733681,76.89,2012,7,21,23,31,34.0
3.8531,Mw,-1.616833,-77.680702,12.0,2012,7,22,1,27,46.0
4.0173,Mw,-2.44699,-79.466522,60.48,2012,7,22,6,52,51.0
4.1815,Mw,-0.335792,-77.551056,12.0,2012,7,24,1,33,0.0
4.0173,Mw,-1.624083,-76.561737,12.0,2012,7,24,15,27,54.0
4.4277999999999995,Mw,-2.731226,-80.536285,10.0,2012,7,25,17,55,13.0
4.7562,Mw,0.932929,-84.937309,10.0,2012,7,30,3,23,13.0
5.248799999999999,Mw,-1.94461,-80.777,10.0,2012,7,30,5,19,44.0
3.9352,Mw,-3.617388,-77.364761,58.51,2012,8,2,11,38,50.0
4.838299999999999,Mw,-4.225094,-81.620361,3.83,2012,8,4,2,22,47.0
4.4277999999999995,Mw,-1.929222,-77.404808,12.0,2012,8,9,10,52,0.0
3.8531,Mw,-2.214789,-80.163498,27.15,2012,8,9,21,39,8.0
3.5,Mw,-2.907088,-79.762665,10.85,2012,8,11,16,36,40.0
4.4,Mw,-1.372823,-80.52729,12.0,2012,8,13,4,49,7.0
3.8,Mw,0.123922,-80.245018,6.53,2012,8,13,6,2,44.0
3.5,Mw,-0.033779,-80.058929,12.39,2012,8,14,2,31,50.0
3.9,Mw,-2.425407,-79.852623,42.46,2012,8,21,3,54,52.0
3.8531,Mw,0.001411,-78.300064,7.31,2012,8,21,7,7,44.0
4.7,Mw,-0.508959,-80.810616,7.0,2012,8,24,16,8,29.0
3.7,Mw,-2.879107,-77.926147,12.0,2012,8,27,3,8,7.0
5.0,Mw,-3.145411,-79.778488,9.4,2012,8,30,23,0,35.0
4.1,Mw,-1.486724,-80.764359,8.61,2012,8,31,5,16,7.0
3.5,Mw,-1.489151,-77.330597,9.59,2012,9,1,9,42,14.0
3.9,Mw,-1.102602,-80.632805,12.0,2012,9,2,12,29,44.0
4.0,Mw,-1.228161,-79.664078,68.46,2012,9,2,19,41,45.0
3.6,Mw,0.410795,-77.447174,12.0,2012,9,4,18,13,3.0
4.2,Mw,-3.072214,-76.00782,12.0,2012,9,5,2,12,8.0
3.7,Mw,-2.314869,-80.228706,36.06,2012,9,5,11,26,48.0
3.6,Mw,-3.222761,-79.404678,27.01,2012,9,6,3,19,59.0
3.6,Mw,-2.262851,-77.119682,142.53,2013,1,8,9,23,36.0
4.2,Mw,0.975811,-79.006203,4.69,2013,1,9,12,26,27.0
3.9,Mw,-2.505534,-79.866394,42.19,2013,1,13,5,20,56.0
3.8,Mw,-2.441542,-78.021019,128.16,2013,1,13,9,8,28.0
3.7,Mw,-1.105469,-80.654594,10.0,2013,1,16,9,28,13.0
4.8,Mw,-1.110897,-80.834602,10.0,2013,1,17,13,12,41.0
3.5,Mw,-1.52205,-81.287209,2.0,2013,1,18,15,38,25.0
4.2,Mw,-1.405877,-81.282555,10.0,2013,1,18,21,1,18.0
3.7,Mw,-1.978706,-81.305336,15.0,2013,1,18,22,51,7.0
4.0,Mw,-3.465352,-79.219872,44.22,2013,1,19,5,26,43.0
4.2,Mw,-1.489702,-81.454567,6.0,2013,1,19,11,19,1.0
4.0,Mw,-1.758179,-81.160454,6.0,2013,1,19,14,25,31.0
3.6,Mw,-2.496057,-80.884186,10.0,2013,1,20,6,56,25.0
4.9,Mw,-1.463285,-81.358131,23.32,2013,1,20,7,2,53.0
3.6,Mw,-1.57144,-81.127365,10.0,2013,1,21,11,10,18.0
3.7,Mw,-2.619297,-80.226326,5.0,2013,1,26,13,0,26.0
3.7,Mw,-1.274112,-77.161385,151.32,2013,1,27,0,19,54.0
4.1,Mw,-3.236909,-80.836205,12.35,2013,1,27,22,42,59.0
4.2,Mw,-3.366659,-80.596245,4.2,2013,1,27,22,42,59.0
3.6,Mw,-0.412024,-80.233864,10.0,2013,1,30,8,8,12.0
3.7,Mw,-3.302447,-80.607964,6.39,2013,2,4,4,35,8.0
3.9352,Mw,0.699363,-77.930763,8.0,2013,2,5,9,21,35.0
4.2,Mw,0.644667,-77.335953,10.0,2013,2,6,8,4,41.0
3.7,Mw,-1.354272,-78.414406,2.98,2013,2,6,10,49,6.0
3.6,Mw,-2.437728,-79.660385,41.41,2013,2,7,0,57,27.0
4.1,Mw,0.277018,-80.075478,0.63,2013,2,7,7,35,31.0
3.7,Mw,-2.408654,-79.77507,58.27,2013,2,7,11,33,8.0
3.8,Mw,-1.857069,-78.111763,151.77,2013,2,9,16,25,34.0
4.5,Mw,0.374871,-82.616531,10.0,2013,2,10,5,19,59.0
3.5,Mw,-2.377997,-78.977882,91.27,2013,2,11,10,23,39.0
3.6,Mw,-1.823296,-77.35643,12.0,2013,2,12,4,3,27.0
3.7,Mw,-3.277035,-76.92646,29.24,2013,2,14,8,40,48.0
3.7,Mw,-0.510208,-79.912659,44.64,2013,2,20,3,17,26.0
3.7,Mw,-2.71801,-78.151756,12.0,2013,2,21,6,57,9.0
3.7,Mw,-2.866238,-79.25156,9.91,2013,2,23,13,17,46.0
3.9,Mw,-2.686597,-79.885155,42.97,2013,2,23,21,19,27.0
4.8,Mw,1.040795,-79.001549,12.0,2013,2,24,8,59,57.0
3.6,Mw,-2.916917,-77.901962,163.99,2013,2,25,9,37,22.0
3.9,Mw,-2.386954,-80.421745,16.32,2013,2,25,14,25,30.0
3.5,Mw,-2.20134,-78.186424,12.0,2013,2,25,21,42,1.0
5.1,Mw,-3.554908,-79.042534,112.07,2013,2,27,15,56,9.0
3.9,Mw,-2.66738,-77.263031,79.84,2013,2,28,17,27,53.0
3.6,Mw,-0.96014,-80.709938,10.95,2013,3,3,6,39,44.0
3.6,Mw,-1.879664,-77.618065,213.86,2013,3,3,7,34,58.0
3.7,Mw,-0.790692,-79.850716,48.34,2013,3,5,22,59,20.0
4.0,Mw,-0.08705,-80.336517,11.3,2013,3,9,0,47,7.0
4.0,Mw,-2.387939,-81.062874,10.19,2013,3,9,0,55,19.0
3.6,Mw,-2.272765,-80.302734,13.19,2013,3,11,17,10,28.0
4.3,Mw,-1.350488,-80.420349,12.0,2013,3,12,3,46,24.0
4.1,Mw,-3.031053,-77.696793,6.37,2013,3,12,21,24,50.0
3.6,Mw,-1.990337,-77.468376,12.0,2013,3,15,9,42,57.0
3.6,Mw,-1.617767,-81.047493,0.0,2013,3,15,10,51,41.0
4.2,Mw,-1.471829,-81.165993,10.0,2013,3,15,12,4,25.0
4.0,Mw,-1.494075,-81.169159,10.0,2013,3,15,12,47,30.0
4.1,Mw,-1.516964,-81.052055,10.0,2013,3,15,12,56,18.0
3.7,Mw,-2.339449,-77.389336,130.77,2013,3,19,4,31,20.0
3.8,Mw,-1.523436,-77.671425,182.91,2013,3,24,19,7,7.0
4.0,Mw,-2.655072,-76.396912,107.06,2013,3,25,10,41,4.0
4.0,Mw,-2.144974,-77.290619,12.0,2013,3,26,2,58,56.0
3.6,Mw,-2.114511,-77.172363,11.39,2013,3,26,3,52,38.0
3.8,Mw,-0.741115,-79.535927,21.4,2013,3,30,10,34,50.0
3.5,Mw,0.626806,-80.116058,2.39,2013,3,31,0,16,40.0
4.4,Mw,-1.884565,-80.299828,17.61,2013,4,3,8,13,47.0
4.7,Mw,-3.869763,-80.341568,24.17,2013,4,4,7,30,42.0
4.5,Mw,-0.992904,-80.940758,7.0,2013,4,5,2,19,23.0
3.8,Mw,-0.999466,-80.95668,10.0,2013,4,5,2,32,12.0
3.7,Mw,-0.966467,-81.014099,7.0,2013,4,5,2,37,47.0
4.1,Mw,-1.026646,-80.899467,10.0,2013,4,5,7,22,56.0
3.7,Mw,-1.006921,-81.004379,7.0,2013,4,5,11,30,6.0
3.6,Mw,-1.641648,-77.881813,197.17,2013,4,6,7,22,5.0
3.9,Mw,-1.601097,-81.382515,25.36,2013,4,8,13,51,10.0
4.9,Mw,-2.212117,-79.811203,79.0,2013,4,10,0,52,46.0
3.7,Mw,-2.290897,-79.922028,29.63,2013,4,10,10,21,4.0
3.7,Mw,-3.291178,-81.681267,10.0,2013,4,10,14,40,33.0
3.6,Mw,-3.880374,-79.854759,70.31,2013,4,14,4,41,25.0
3.9,Mw,-1.947828,-80.07682,59.03,2013,4,14,6,16,26.0
3.9,Mw,1.655849,-79.772346,4.0,2013,4,18,1,50,28.0
3.6,Mw,0.728896,-78.727531,1.88,2013,4,18,5,10,31.0
3.5,Mw,-1.488886,-80.749908,12.0,2013,4,18,22,27,19.0
4.3,Mw,-1.202074,-81.148766,12.0,2013,4,21,15,43,58.0
3.6,Mw,-1.29129,-81.244759,20.0,2013,4,23,2,3,28.0
4.0,Mw,-2.262535,-80.027802,28.2,2013,4,23,11,39,9.0
4.3,Mw,-2.008281,-77.853065,182.35,2013,4,23,21,15,22.0
3.5,Mw,-3.133257,-81.522041,12.0,2013,4,23,22,12,12.0
3.9,Mw,-1.850669,-77.84935,166.46,2013,4,25,0,46,53.0
4.2,Mw,-3.099118,-79.309113,37.38,2013,4,27,11,18,40.0
3.5,Mw,-2.845096,-79.484726,7.0,2013,4,28,14,32,15.0
5.2,Mw,-3.350787,-78.880798,80.31,2013,4,29,2,32,50.0
3.9,Mw,-2.3309,-77.562149,12.0,2013,5,5,9,39,33.0
4.0,Mw,-2.344407,-79.825821,44.61,2013,5,7,20,23,47.0
3.7,Mw,-0.545471,-77.303291,25.0,2013,5,8,8,3,53.0
3.6,Mw,-2.693501,-80.942734,5.96,2013,5,11,23,16,47.0
4.8,Mw,-3.467066,-77.967247,30.64,2013,5,12,13,14,31.0
3.7,Mw,-3.504747,-77.992599,30.0,2013,5,12,19,6,40.0
3.9,Mw,-2.113435,-80.304581,18.0,2013,5,14,6,10,26.0
4.0,Mw,-1.509377,-77.992409,179.31,2013,5,14,13,16,35.0
4.0,Mw,-4.559807,-79.886124,10.02,2013,5,15,0,17,30.0
3.7,Mw,-3.684812,-79.716743,12.0,2013,5,16,5,58,53.0
3.6,Mw,-1.862323,-77.568932,165.91,2013,5,16,8,41,32.0
4.0,Mw,-1.746022,-78.72377,5.0,2013,5,17,7,46,57.0
4.2,Mw,0.890826,-77.312645,20.0,2013,5,17,11,47,54.0
5.0,Mw,-1.692482,-78.307625,3.58,2013,5,24,5,42,4.0
4.3,Mw,-3.100661,-80.365204,5.0,2013,5,26,3,58,58.0
3.9,Mw,-1.490411,-80.488609,10.0,2013,5,28,14,33,39.0
4.3,Mw,0.537009,-83.778694,6.0,2013,5,29,2,31,50.0
4.0,Mw,0.647212,-79.23317,3.32,2013,5,29,5,46,30.0
4.4,Mw,0.874174,-84.854256,4.54,2013,5,29,6,12,14.0
3.7,Mw,-2.178548,-80.384888,12.52,2013,6,5,2,36,32.0
3.9,Mw,-2.417824,-77.731705,12.0,2013,6,9,15,46,21.0
3.6,Mw,-2.142957,-77.7789,13.0,2013,6,12,0,40,16.0
4.6,Mw,-1.409733,-79.008598,100.18,2013,6,12,19,58,14.0
4.8,Mw,-3.002777,-77.91478,35.0,2013,6,13,18,8,37.0
3.9,Mw,-2.854358,-77.999886,10.0,2013,6,13,18,13,44.0
4.0,Mw,-2.432407,-77.774353,113.31,2013,6,13,20,40,8.0
4.0,Mw,-2.323994,-79.756325,50.15,2013,6,15,14,43,32.0
4.4,Mw,-1.262639,-80.758652,13.62,2013,6,17,16,0,44.0
4.5,Mw,-3.859446,-79.102577,77.51,2013,6,18,6,43,6.0
3.7,Mw,-2.700439,-78.854523,66.99,2013,6,19,3,10,33.0
3.5,Mw,-3.734129,-78.021675,23.37,2013,6,20,7,36,34.0
3.6,Mw,-3.70687,-80.08622,22.38,2013,6,20,8,49,22.0
4.1,Mw,-0.589264,-79.450615,10.31,2013,6,23,9,1,18.0
3.8,Mw,-2.783858,-77.982094,10.0,2013,6,23,20,14,11.0
3.9,Mw,-3.58818,-79.982132,10.89,2013,6,24,11,52,4.0
3.7,Mw,1.492032,-79.452263,11.2,2013,6,25,21,15,44.0
5.1,Mw,-2.875982,-80.65699,16.18,2013,6,26,10,51,28.0
4.6,Mw,-4.092062,-80.453949,10.0,2013,6,29,13,46,24.0
4.3,Mw,-0.8195,-80.631676,20.43,2013,7,1,6,1,29.0
3.5,Mw,-2.996068,-80.560875,9.92,2013,7,3,21,24,46.0
3.7,Mw,-1.137279,-77.689285,8.26,2013,7,5,18,4,46.0
3.7,Mw,-0.615461,-77.586037,10.0,2013,7,7,4,16,46.0
3.8,Mw,0.311375,-79.986145,3.44,2013,7,8,0,17,34.0
3.6,Mw,-2.371925,-77.788185,12.0,2013,7,9,2,59,35.0
3.9,Mw,1.211171,-90.975319,3.45,2013,7,9,7,34,18.0
3.6,Mw,-3.021644,-77.985466,10.0,2013,7,10,3,12,35.0
4.3,Mw,-2.358809,-79.126007,10.0,2013,7,11,23,8,13.0
4.1,Mw,-3.693848,-79.845314,10.0,2013,7,12,12,37,7.0
3.7,Mw,-4.183631,-78.119865,16.2,2013,7,12,14,30,11.0
4.2,Mw,-0.776794,-80.497101,10.0,2013,7,15,2,36,56.0
4.4,Mw,-2.400366,-79.806572,40.55,2013,7,19,15,3,25.0
3.8,Mw,-1.127062,-80.502678,10.0,2013,7,20,20,25,10.0
3.5,Mw,-1.246572,-78.249352,2.56,2013,7,21,9,43,59.0
4.0,Mw,-1.634492,-80.910957,10.0,2013,7,22,21,37,11.0
3.6,Mw,-3.638843,-79.015831,107.53,2013,7,27,21,42,40.0
3.6,Mw,-2.10207,-80.236893,39.78,2013,8,2,9,11,31.0
4.2,Mw,-1.967055,-80.06057,42.13,2013,8,2,21,29,0.0
3.9,Mw,-2.642875,-79.572639,3.13,2013,8,3,0,21,56.0
3.7,Mw,1.102156,-79.56395,5.21,2013,8,3,9,39,38.0
3.6,Mw,0.282893,-80.022469,4.91,2013,8,10,3,12,58.0
3.8,Mw,-3.6205,-79.945885,29.24,2013,8,11,12,54,36.0
3.6,Mw,-1.70752,-80.54216,10.0,2013,8,11,22,50,4.0
4.1,Mw,-2.867465,-78.576973,35.0,2013,8,16,5,29,56.0
3.5,Mw,-2.659113,-77.804375,12.0,2013,8,16,9,5,4.0
3.5,Mw,-2.805531,-77.649437,12.0,2013,8,22,2,6,13.0
3.6,Mw,-2.643116,-77.779221,10.0,2013,8,22,2,9,16.0
4.4,Mw,-2.019571,-77.919044,152.25,2013,8,22,15,50,37.0
3.6,Mw,-2.599381,-77.912445,12.0,2013,8,22,17,58,34.0
3.5,Mw,-2.703836,-80.881042,12.0,2013,8,25,20,37,36.0
4.0,Mw,-2.293074,-80.596817,10.18,2013,8,25,20,42,7.0
3.8,Mw,-2.875546,-80.049995,3.97,2013,8,26,3,23,4.0
3.6,Mw,-1.758217,-80.431381,10.0,2013,8,27,12,22,27.0
3.7,Mw,-2.520862,-79.050949,65.96,2013,8,28,17,45,34.0
3.5,Mw,-0.599639,-79.903816,40.62,2013,8,29,21,25,49.0
4.1,Mw,-2.10541,-78.906067,10.0,2013,8,29,23,56,0.0
3.7,Mw,-2.658018,-77.920586,10.0,2013,8,30,0,51,43.0
4.0,Mw,-3.753658,-79.945396,10.0,2013,8,30,17,47,45.0
3.6,Mw,0.242985,-79.226418,12.76,2013,9,3,14,40,1.0
3.7,Mw,-2.305668,-79.479988,36.41,2013,9,4,3,8,48.0
4.5,Mw,-2.09566,-80.131912,45.01,2013,9,6,16,24,48.0
3.7,Mw,-2.863187,-78.393509,37.0,2013,9,7,1,3,19.0
3.6,Mw,-2.413189,-79.797539,31.0,2013,9,10,22,48,43.0
3.6,Mw,-2.464002,-79.770927,37.05,2013,9,10,22,48,44.0
4.0,Mw,-2.38307,-79.720428,20.74,2013,9,11,3,15,0.0
3.7,Mw,-1.795833,-78.784058,10.0,2013,9,11,9,53,0.0
3.8,Mw,-1.913897,-78.692223,12.0,2013,9,11,9,53,0.0
4.5,Mw,-2.228831,-79.074631,84.81,2013,9,14,17,0,8.0
3.8,Mw,-2.426325,-78.950653,66.8,2013,9,17,14,22,54.0
4.9,Mw,-2.485686,-77.176628,24.0,2013,9,17,23,3,53.0
4.4,Mw,-0.665057,-80.646141,20.0,2013,9,18,11,51,49.0
3.6,Mw,-1.800796,-80.346649,12.0,2013,9,18,17,52,9.0
4.7,Mw,-3.507545,-78.099091,30.0,2013,9,21,14,4,29.0
4.4,Mw,-1.748155,-78.109177,146.32,2013,9,23,7,55,52.0
4.4,Mw,-3.063028,-79.331711,10.0,2013,9,24,12,47,32.0
3.9,Mw,-2.726183,-79.389992,10.0,2013,9,24,12,47,33.0
3.8,Mw,-2.740302,-79.309502,10.0,2013,9,24,13,7,36.0
3.7,Mw,-1.325938,-80.64003,4.01,2013,9,24,18,33,39.0
3.8,Mw,-1.486984,-80.683037,10.0,2013,9,24,18,33,39.0
4.4,Mw,-2.286565,-79.747116,30.11,2013,10,1,10,45,26.0
5.1,Mw,0.735877,-89.778305,10.0,2013,10,2,0,57,56.0
4.2,Mw,-1.639815,-79.849709,25.82,2013,10,6,17,58,10.0
3.5,Mw,-1.660342,-79.860298,27.98,2013,10,7,16,41,56.0
3.7,Mw,-3.277663,-80.667671,5.12,2013,10,9,0,27,28.0
3.6,Mw,-3.356512,-80.890015,10.48,2013,10,10,6,26,5.0
4.0,Mw,-2.918648,-80.239777,34.36,2013,10,11,12,17,48.0
4.6,Mw,-1.741335,-80.388725,4.59,2013,10,11,17,39,56.0
3.5,Mw,-1.459874,-77.532906,217.14,2013,10,15,3,0,27.0
3.5,Mw,-0.113477,-80.87558,6.0,2013,10,15,4,25,2.0
3.8,Mw,-0.015774,-80.851158,4.19,2013,10,15,12,8,10.0
3.6,Mw,-2.666835,-79.831505,10.0,2013,10,16,7,0,16.0
3.8,Mw,-2.713045,-79.846306,10.0,2013,10,16,8,42,15.0
3.6,Mw,-0.052409,-80.829781,5.0,2013,10,16,23,0,28.0
5.0,Mw,-1.005866,-81.408897,10.0,2013,10,18,1,32,32.0
3.8,Mw,-3.468632,-80.782806,10.0,2013,10,18,2,42,5.0
4.2,Mw,-2.711376,-79.816292,4.67,2013,10,18,3,16,56.0
4.0,Mw,-1.736833,-81.496544,26.41,2013,10,18,21,10,41.0
3.8,Mw,-1.725293,-81.332977,20.0,2013,10,19,0,47,58.0
4.7,Mw,-1.622521,-81.266884,11.84,2013,10,19,4,48,24.0
3.6,Mw,-4.632332,-80.224533,20.0,2013,10,19,4,52,47.0
3.8,Mw,-1.622854,-81.376251,9.62,2013,10,19,4,58,44.0
4.9,Mw,-1.606119,-81.251556,10.52,2013,10,19,5,32,35.0
3.9,Mw,-1.590208,-81.490402,10.0,2013,10,19,10,9,35.0
3.8,Mw,-0.852595,-80.477386,12.0,2013,10,22,8,36,53.0
3.5,Mw,-1.818208,-77.601349,160.38,2013,10,23,20,37,40.0
4.6,Mw,-2.055781,-79.791267,57.34,2013,10,24,0,37,20.0
3.9,Mw,0.146483,-79.736443,17.55,2013,10,26,14,35,13.0
3.6,Mw,-0.920884,-79.321922,89.57,2013,10,27,11,4,58.0
3.7,Mw,-2.55947,-76.832649,102.94,2013,10,28,12,49,52.0
3.5,Mw,-2.251619,-79.01683,10.0,2013,10,30,17,17,2.0
3.9,Mw,-0.711546,-78.758018,5.7,2013,10,31,6,5,8.0
3.9,Mw,-2.768334,-76.931297,35.81,2013,11,1,5,57,55.0
4.5,Mw,0.263466,-80.044571,3.31,2013,11,1,7,30,4.0
3.6,Mw,-0.861108,-80.94931,8.0,2013,11,2,7,41,49.0
3.8,Mw,-1.311379,-77.870331,178.62,2013,11,2,20,2,2.0
4.3,Mw,-5.227706,-81.248688,24.32,2013,11,4,10,36,31.0
4.2,Mw,-0.972133,-81.018013,10.0,2013,11,6,20,34,6.0
3.7,Mw,0.897181,-79.722694,12.0,2013,11,7,23,2,57.0
3.5,Mw,-2.121089,-79.803802,62.69,2013,11,8,10,17,37.0
3.5,Mw,-3.37265,-78.585289,4.0,2013,11,9,17,29,11.0
4.0,Mw,1.005796,-78.93293,70.02,2013,11,10,9,29,17.0
3.8,Mw,-0.186647,-77.198647,5.0,2013,11,16,7,42,1.0
4.1,Mw,-2.590956,-78.620178,81.3,2013,11,16,21,51,20.0
3.8,Mw,-2.769085,-77.065826,86.9,2013,11,18,18,37,1.0
4.0,Mw,-3.928121,-79.997314,37.19,2013,11,19,1,31,57.0
3.5,Mw,-1.508684,-80.477486,4.12,2013,11,20,2,11,50.0
3.6,Mw,-0.06048,-77.478516,6.74,2013,11,21,3,41,5.0
3.7,Mw,-0.548098,-78.334732,4.37,2013,11,22,14,11,59.0
4.2,Mw,-2.565354,-78.065384,5.0,2013,11,25,16,40,11.0
5.2,Mw,-3.278933,-80.28688,39.0,2013,11,25,19,42,58.0
3.5,Mw,-3.777123,-79.666046,55.19,2013,11,26,9,47,16.0
4.5,Mw,1.120783,-84.722298,10.0,2013,11,27,9,36,43.0
4.1,Mw,-1.685554,-80.424591,8.0,2013,11,28,3,24,3.0
3.5,Mw,-3.563113,-77.669579,27.16,2013,11,28,6,21,3.0
3.8,Mw,-4.132765,-80.505852,4.0,2013,11,28,18,39,26.0
5.2,Mw,-2.677687,-77.236855,21.73,2013,11,30,16,38,53.0
3.6,Mw,-1.786151,-77.57547,6.38,2013,11,30,19,31,6.0
3.7,Mw,-3.501236,-80.816925,10.0,2013,12,1,7,19,15.0
3.7,Mw,-2.036626,-79.042122,87.64,2013,12,3,6,37,32.0
4.6,Mw,-2.240331,-79.847488,43.74,2013,12,5,19,42,49.0
4.1,Mw,0.700041,-80.221786,0.0,2013,12,12,3,40,29.0
4.7,Mw,0.827715,-80.392761,12.0,2013,12,12,3,46,22.0
3.6,Mw,0.729973,-80.103447,12.0,2013,12,12,20,35,25.0
4.0,Mw,0.767426,-80.286255,12.0,2013,12,12,21,18,50.0
5.3,Mw,-2.927435,-80.818336,12.93,2013,12,14,1,41,12.0
3.6,Mw,-2.427974,-78.622261,91.56,2013,12,14,4,28,51.0
3.8,Mw,-2.523481,-80.845161,9.12,2013,12,15,0,40,40.0
3.6,Mw,0.766653,-80.361084,3.75,2013,12,15,5,2,47.0
3.8,Mw,-3.36348,-79.96637,10.81,2013,12,15,19,20,42.0
3.6,Mw,-2.18722,-77.474739,10.0,2013,12,16,0,44,49.0
3.6,Mw,-2.564781,-77.722885,5.76,2013,12,17,11,56,15.0
3.9,Mw,-2.949821,-77.55323,10.0,2013,12,20,10,37,37.0
3.7,Mw,-1.168145,-79.899612,16.66,2013,12,21,2,36,53.0
4.0,Mw,-2.051683,-79.839645,61.2,2013,12,22,4,40,14.0
3.6,Mw,-2.083462,-79.781891,53.74,2013,12,22,7,21,25.0
4.0,Mw,-0.340182,-79.254272,10.0,2013,12,24,21,18,55.0
3.6,Mw,-0.192288,-80.637093,6.58,2013,12,27,17,58,47.0
3.9,Mw,-2.596711,-81.013176,8.09,2014,1,2,8,42,43.0
3.7,Mw,-2.161078,-79.682304,63.47,2014,1,5,16,29,39.0
3.5,Mw,-3.851461,-78.591743,10.0,2014,1,11,5,32,31.0
3.7,Mw,-0.820112,-80.768959,11.17,2014,1,16,22,50,40.0
3.6,Mw,-2.433357,-77.735809,40.0,2014,1,18,5,58,50.0
3.7,Mw,1.058419,-80.38475,3.27,2014,1,18,8,33,33.0
4.0,Mw,-3.726605,-80.406029,10.0,2014,1,20,2,40,4.0
4.3,Mw,-1.992383,-78.964111,10.0,2014,1,20,4,36,16.0
3.6,Mw,-2.071828,-79.049553,10.0,2014,1,20,4,38,28.0
3.6,Mw,-1.769584,-77.709541,5.58,2014,1,20,8,51,4.0
3.6,Mw,-1.932043,-79.145241,10.0,2014,1,22,8,2,25.0
3.7,Mw,-1.058897,-80.389801,29.75,2014,1,22,14,58,47.0
3.9352,Mw,0.033412,-78.390762,5.62,2014,1,23,2,45,5.0
3.6,Mw,-2.570349,-78.925194,69.34,2014,1,23,15,48,23.0
3.5,Mw,-2.370166,-79.255295,76.81,2014,1,24,19,32,2.0
3.5,Mw,-0.745227,-80.586708,8.0,2014,1,27,16,52,38.0
3.5,Mw,-0.999202,-79.468643,88.38,2014,2,4,13,48,0.0
4.2,Mw,-0.192261,-77.279663,11.24,2014,2,6,2,49,17.0
3.7,Mw,0.075111,-80.104279,3.64,2014,2,6,6,10,21.0
3.9,Mw,-1.60859,-80.930344,4.07,2014,2,9,1,5,19.0
3.8,Mw,-1.721607,-81.572258,6.0,2014,2,13,10,42,0.0
4.4,Mw,-3.268127,-80.153114,5.3,2014,2,16,5,10,31.0
4.0,Mw,-3.107556,-78.906502,37.72,2014,2,16,16,56,19.0
3.8,Mw,-1.91894,-79.158478,8.0,2014,2,18,5,41,31.0
3.5,Mw,-1.916001,-79.165741,10.0,2014,2,18,12,40,24.0
4.8,Mw,0.19536,-79.248146,11.42,2014,2,21,12,42,6.0
3.7,Mw,-0.462605,-77.513573,6.0,2014,2,24,18,11,12.0
3.6,Mw,-0.189089,-80.483192,11.69,2014,2,25,11,43,21.0
3.5,Mw,-0.834436,-79.938416,18.31,2014,2,26,5,49,21.0
4.0,Mw,-4.2968,-79.81189,50.32,2014,3,6,2,31,26.0
3.8,Mw,-3.821878,-80.037529,10.0,2014,3,6,18,57,37.0
4.3,Mw,0.520615,-77.652512,8.0,2014,3,9,2,10,57.0
5.3,Mw,1.61205,-79.414543,8.2,2014,3,9,20,29,55.0
5.1,Mw,-2.091385,-79.871513,52.0,2014,3,14,20,53,54.0
4.1,Mw,-0.724931,-81.056015,8.0,2014,3,16,22,10,9.0
4.0,Mw,-1.014384,-77.836617,8.0,2014,3,17,5,0,23.0
4.1,Mw,-3.185747,-80.595482,5.18,2014,3,21,6,41,43.0
3.5,Mw,-2.398567,-76.937248,144.86,2014,3,22,15,43,34.0
4.7,Mw,-2.713149,-79.64238,8.7,2014,3,22,15,47,50.0
3.6,Mw,-2.306118,-79.486038,11.69,2014,3,24,17,8,32.0
4.1,Mw,-2.257904,-79.281319,9.18,2014,3,25,9,54,34.0
5.5,Mw,-2.263617,-79.302383,9.14,2014,3,25,9,56,27.0
3.9,Mw,-2.231538,-79.265778,4.77,2014,3,25,10,2,41.0
4.2,Mw,-2.252494,-79.233185,4.05,2014,3,25,10,4,52.0
4.1,Mw,-2.220463,-79.270844,4.03,2014,3,25,10,8,28.0
3.7,Mw,-2.25229,-79.254822,4.87,2014,3,25,10,32,58.0
4.0,Mw,-2.234662,-79.2687,5.04,2014,3,25,10,35,55.0
3.7,Mw,-2.240587,-79.277878,3.49,2014,3,25,15,8,31.0
4.2,Mw,-2.242014,-79.258537,5.37,2014,3,25,15,11,38.0
3.7,Mw,-2.23866,-79.262703,5.17,2014,3,25,16,45,59.0
4.1,Mw,-2.04322,-77.242088,6.66,2014,3,27,7,34,10.0
4.2,Mw,-2.241107,-79.258301,4.19,2014,3,27,11,2,14.0
3.6,Mw,-1.630658,-81.356262,13.11,2014,3,28,0,33,43.0
3.5,Mw,-2.801831,-76.999054,26.55,2014,3,31,0,38,51.0
3.6,Mw,-2.659037,-78.012383,9.88,2014,4,3,8,23,25.0
3.7,Mw,-2.975087,-77.553741,13.77,2014,4,6,9,21,50.0
3.5,Mw,-2.311567,-79.799698,49.67,2014,4,7,23,38,59.0
3.6,Mw,-3.524667,-79.558533,20.01,2014,4,13,5,12,2.0
3.5,Mw,-0.79336,-79.91848,43.65,2014,4,14,9,6,9.0
3.7,Mw,0.855333,-77.916412,6.02,2014,4,16,8,19,51.0
3.7,Mw,-2.087425,-78.221146,133.54,2014,4,22,16,42,39.0
3.5,Mw,0.812755,-77.911621,10.0,2014,4,30,5,45,15.0
4.7,Mw,-4.178342,-80.464119,30.0,2014,5,12,4,15,27.0
3.6,Mw,-3.008172,-80.81691,8.38,2014,5,12,6,27,35.0
3.9,Mw,-0.561688,-77.28421,82.23,2014,5,16,5,55,25.0
3.7,Mw,-1.014211,-80.68322,11.94,2014,5,16,9,8,17.0
3.8,Mw,-3.583549,-77.589554,64.14,2014,5,18,14,59,0.0
4.0,Mw,0.164684,-91.361465,23.29,2014,5,20,19,28,8.0
3.5,Mw,0.014719,-81.56794,12.0,2014,5,23,9,31,26.0
4.0,Mw,-2.430228,-80.333359,28.04,2014,5,26,12,46,24.0
3.6,Mw,-0.952216,-79.277618,97.51,2014,5,27,7,48,45.0
4.1,Mw,-1.701228,-78.15303,157.73,2014,5,29,22,15,10.0
4.5,Mw,-1.617122,-77.944328,172.68,2014,6,2,6,37,38.0
4.1,Mw,-3.194314,-76.728279,18.82,2014,6,9,16,41,47.0
3.9,Mw,0.711652,-78.914948,9.5,2014,6,10,4,5,30.0
3.6,Mw,-2.481681,-76.404594,123.51,2014,6,10,9,54,8.0
3.9,Mw,-0.121811,-81.14753,10.0,2014,6,11,1,27,20.0
4.6,Mw,-1.160889,-81.156006,3.31,2014,6,13,18,10,42.0
3.8,Mw,-1.182861,-81.016846,7.42,2014,6,13,19,16,15.0
3.5,Mw,-0.219999,-80.720215,6.85,2014,6,14,22,38,22.0
5.7,Mw,1.571355,-79.147606,10.0,2014,6,16,6,39,37.0
3.6,Mw,1.516398,-79.485344,10.0,2014,6,16,6,53,56.0
3.9,Mw,0.347628,-80.104202,6.42,2014,6,16,9,22,36.0
3.7,Mw,-0.87974,-80.663223,6.76,2014,6,16,15,6,36.0
3.7,Mw,-0.519899,-79.4161,5.7,2014,6,17,10,6,10.0
4.2,Mw,-3.567922,-81.014488,3.44,2014,6,20,6,26,31.0
3.6,Mw,0.197782,-80.198174,2.76,2014,6,23,3,32,34.0
3.9,Mw,-2.681696,-76.623405,97.4,2014,6,25,21,29,44.0
3.6,Mw,-0.753111,-79.811958,9.38,2014,7,2,16,10,33.0
3.6,Mw,-2.964717,-76.8964,43.03,2014,7,3,22,26,32.0
3.9,Mw,-3.440989,-80.139664,21.13,2014,7,7,7,21,23.0
4.4277999999999995,Mw,-0.947199,-77.483547,26.21,2014,7,8,7,28,51.0
4.1,Mw,-3.671246,-79.996864,67.53,2014,7,9,14,22,28.0
4.6,Mw,-4.097424,-77.969246,20.75,2014,7,16,23,19,40.0
3.5,Mw,-2.807789,-79.733078,30.71,2014,7,18,2,39,53.0
4.1,Mw,-1.881337,-80.318871,6.0,2014,7,18,12,8,36.0
3.5,Mw,-3.571407,-81.149963,10.0,2014,7,19,17,1,58.0
4.0,Mw,-2.154169,-79.289177,10.0,2014,7,20,19,26,38.0
3.5,Mw,-2.523165,-79.182945,0.38,2014,7,21,5,57,52.0
4.0,Mw,-1.724209,-77.864342,160.72,2014,7,21,16,49,0.0
4.6,Mw,-4.943874,-79.538521,62.19,2014,7,28,15,26,39.0
3.6,Mw,-2.142202,-79.746399,58.31,2014,7,29,7,43,38.0
3.5,Mw,-1.999512,-76.882324,16.66,2014,7,30,2,13,11.0
3.9,Mw,-1.946286,-80.328918,12.86,2014,8,1,10,5,31.0
4.9,Mw,-1.880313,-78.128387,149.81,2014,8,3,3,57,0.0
3.6,Mw,-2.280454,-79.804245,52.77,2014,8,9,0,44,39.0
5.084599999999999,Mw,-0.050748,-78.418442,6.08,2014,8,12,19,57,58.0
4.099399999999999,Mw,-0.061485,-78.399765,3.46,2014,8,12,20,2,21.0
3.9352,Mw,-0.064992,-78.425659,6.92,2014,8,12,21,49,55.0
3.7,Mw,-1.098677,-79.271896,9.79,2014,8,12,23,18,52.0
3.8531,Mw,-0.039902,-78.415176,4.11,2014,8,13,3,23,58.0
4.099399999999999,Mw,-0.058321,-78.419189,4.61,2014,8,13,16,23,20.0
4.0173,Mw,-0.057056,-78.432892,6.63,2014,8,14,4,16,11.0
3.5,Mw,0.130628,-80.27774,9.59,2014,8,14,14,52,28.0
4.674099999999999,Mw,-0.048059,-78.418938,5.44,2014,8,16,15,8,21.0
4.0173,Mw,-0.048777,-78.419426,6.04,2014,8,16,17,27,33.0
4.099399999999999,Mw,-0.056771,-78.406212,5.4,2014,8,17,16,30,30.0
3.6,Mw,-2.712327,-77.890121,9.5,2014,8,20,7,13,56.0
4.3,Mw,-2.853653,-78.049126,79.45,2014,8,21,8,9,57.0
3.9,Mw,-4.353879,-77.963997,10.26,2014,8,23,23,6,3.0
4.5,Mw,-4.460872,-80.646255,10.0,2014,8,24,11,16,2.0
4.6,Mw,-3.278649,-81.027107,10.0,2014,8,26,21,31,57.0
3.7,Mw,-2.298504,-77.655396,125.63,2014,8,29,13,18,54.0
4.6,Mw,0.224329,-80.66629,6.73,2014,8,31,5,3,43.0
3.8,Mw,-4.006967,-80.554642,13.82,2014,9,2,14,58,35.0
3.7,Mw,-1.45699,-78.01564,172.82,2014,9,4,18,46,25.0
3.6,Mw,-0.825133,-80.251778,49.29,2014,9,5,5,38,30.0
3.9,Mw,-1.263869,-80.502045,10.0,2014,9,5,20,50,33.0
3.6,Mw,-1.581816,-78.110382,10.0,2014,9,6,10,45,1.0
4.2,Mw,-3.591372,-78.170219,10.0,2014,9,7,21,57,54.0
3.7,Mw,-3.749258,-78.332756,10.0,2014,9,8,1,37,53.0
3.6,Mw,-2.792692,-79.749649,5.44,2014,9,9,6,4,45.0
5.2,Mw,-4.202366,-80.404457,49.83,2014,9,9,7,12,38.0
3.7,Mw,1.010938,-78.765205,12.0,2014,9,9,20,56,37.0
6.0,Mw,0.938068,-78.478226,12.0,2014,9,11,3,53,45.0
3.8,Mw,-3.702905,-77.934303,10.0,2014,9,11,5,22,50.0
3.7,Mw,-4.231857,-77.571121,10.0,2014,9,11,16,4,26.0
4.0,Mw,-3.72671,-78.140778,10.0,2014,9,13,4,6,50.0
3.9,Mw,-0.119675,-79.113235,7.53,2014,9,18,19,15,32.0
3.6,Mw,-2.242716,-79.279106,10.0,2014,9,20,21,31,44.0
3.6,Mw,-4.654253,-77.572784,98.36,2014,9,20,22,35,50.0
3.7,Mw,-1.279759,-78.42086,7.81,2014,9,22,1,45,29.0
4.1,Mw,-4.092273,-77.062523,10.55,2014,9,27,5,44,38.0
3.5,Mw,-1.188572,-81.16803,5.21,2014,9,28,0,58,8.0
4.7,Mw,-0.762276,-81.328201,3.85,2014,9,29,5,50,25.0
3.5,Mw,-3.355838,-80.247215,27.07,2014,9,30,18,13,57.0
4.2,Mw,-2.702749,-78.021904,7.49,2014,10,3,9,7,10.0
4.9,Mw,-3.563527,-79.918236,47.09,2014,10,3,14,53,6.0
4.1,Mw,-3.1826,-78.173492,87.45,2014,10,6,1,4,15.0
3.5,Mw,-3.660455,-78.472084,10.0,2014,10,6,3,35,23.0
3.6,Mw,-1.954952,-80.520805,10.0,2014,10,6,7,12,41.0
3.8,Mw,-0.941818,-79.289879,83.86,2014,10,9,12,47,48.0
3.5,Mw,-0.867564,-80.594345,23.56,2014,10,11,18,50,36.0
4.6,Mw,1.576045,-79.54377,14.8,2014,10,11,23,27,7.0
3.8,Mw,-1.386268,-80.833595,19.81,2014,10,13,14,18,49.0
3.9,Mw,-4.069139,-80.703514,8.0,2014,10,14,14,6,15.0
4.5,Mw,-2.116376,-79.486176,74.63,2014,10,15,1,25,47.0
3.9,Mw,-0.585975,-81.324226,8.91,2014,10,16,12,22,20.0
4.1,Mw,-3.511815,-75.807587,20.52,2014,10,18,10,25,25.0
3.8,Mw,-3.412489,-76.153572,9.84,2014,10,18,10,25,29.0
3.6,Mw,-1.727607,-78.147446,156.53,2014,10,19,6,48,57.0
4.3,Mw,0.754589,-77.899101,5.39,2014,10,20,19,45,57.0
4.3,Mw,0.757464,-77.895805,7.03,2014,10,20,19,45,57.0
3.5,Mw,0.820847,-77.922516,2.15,2014,10,20,19,50,26.0
4.5,Mw,0.752339,-77.906441,6.54,2014,10,20,20,28,52.0
4.2,Mw,-3.402367,-80.888519,10.0,2014,10,22,5,18,56.0
3.7,Mw,-3.364598,-80.950371,2.46,2014,10,23,4,38,48.0
3.7,Mw,-5.426198,-77.285255,12.0,2014,10,25,23,18,40.0
4.0,Mw,-1.547727,-80.446968,3.57,2014,10,31,2,37,44.0
3.6,Mw,-3.39896,-80.796562,12.85,2014,11,2,16,53,10.0
4.2,Mw,-0.664556,-81.062645,6.0,2014,11,3,21,42,33.0
3.6,Mw,-1.988587,-77.324501,10.64,2014,11,5,9,26,59.0
3.6,Mw,-2.717373,-78.03701,6.92,2014,11,5,22,56,21.0
3.6,Mw,-1.734907,-78.241371,150.78,2014,11,7,5,40,4.0
4.0,Mw,-1.061178,-80.99263,10.0,2014,11,7,13,25,26.0
5.3,Mw,-5.856019,-78.733131,10.0,2014,11,9,13,26,40.0
4.5,Mw,-4.060135,-80.215637,33.83,2014,11,9,22,1,49.0
4.6,Mw,-1.838018,-78.454155,141.66,2014,11,11,14,2,42.0
4.2,Mw,0.402026,-83.180229,10.0,2014,11,12,22,17,56.0
3.5,Mw,-4.359502,-80.681328,12.43,2014,11,13,14,23,17.0
4.0,Mw,0.814777,-82.409447,10.0,2014,11,14,4,30,56.0
3.7,Mw,-4.921577,-78.191872,10.0,2014,11,15,12,19,55.0
4.0,Mw,-2.994386,-81.115028,10.0,2014,11,15,20,57,21.0
3.8,Mw,0.474777,-83.432388,20.0,2014,11,18,8,7,59.0
3.7,Mw,-4.959669,-77.730728,9.84,2014,11,19,1,22,42.0
3.7,Mw,-2.82221,-79.878296,19.81,2014,11,21,4,8,26.0
3.9,Mw,-0.645324,-80.955132,12.0,2014,11,21,13,41,14.0
3.5,Mw,-1.567174,-80.848145,10.0,2014,11,23,21,38,54.0
3.771,Mw,0.72964,-77.904587,6.48,2014,11,25,8,42,55.0
4.8,Mw,-2.898881,-79.847786,5.03,2014,11,26,11,18,29.0
3.8,Mw,-2.734485,-80.79644,10.0,2014,11,27,10,38,20.0
4.4,Mw,-3.83297,-77.377533,9.32,2014,11,28,4,6,15.0
4.9,Mw,-0.167627,-81.321266,2.59,2014,11,29,12,25,48.0
4.3,Mw,-1.722181,-77.858452,175.91,2014,11,29,18,30,8.0
4.1,Mw,-2.045205,-77.579742,10.0,2014,11,30,16,27,6.0
4.8,Mw,-3.936427,-80.832222,12.0,2014,11,30,22,53,10.0
3.7,Mw,-3.045551,-79.844795,25.89,2014,12,1,3,1,50.0
5.4,Mw,-2.375735,-76.952484,156.6,2014,12,3,12,59,27.0
3.5,Mw,-2.146192,-79.77774,68.46,2014,12,5,10,32,35.0
4.1,Mw,0.742877,-77.852539,4.24,2014,12,7,9,7,12.0
3.6,Mw,-1.511623,-77.675858,204.02,2014,12,7,18,12,21.0
4.8,Mw,-2.248038,-79.590096,72.31,2014,12,9,16,49,16.0
4.2,Mw,-2.025538,-79.000732,10.0,2014,12,11,0,31,17.0
4.0,Mw,-4.151285,-80.562973,10.0,2014,12,14,6,57,23.0
3.7,Mw,-3.622644,-80.63343,14.41,2014,12,15,17,0,18.0
3.7,Mw,-3.268968,-81.025528,13.7,2014,12,17,8,42,46.0
3.5,Mw,-3.792667,-81.820648,10.0,2014,12,18,23,5,21.0
3.9,Mw,-1.86041,-77.396965,10.0,2014,12,19,5,46,25.0
4.7562,Mw,-0.336395,-77.877532,14.23,2014,12,21,17,40,35.0
3.7,Mw,-0.338406,-77.889221,6.0,2014,12,21,18,17,44.0
3.8,Mw,-2.531253,-79.691643,46.43,2014,12,22,5,46,25.0
3.7,Mw,-0.788676,-79.779099,67.16,2014,12,25,18,29,20.0
4.0173,Mw,-0.052327,-78.357933,3.54,2014,12,26,9,54,15.0
3.8,Mw,1.83785,-79.345383,10.0,2014,12,27,22,51,19.0
4.3,Mw,-1.430172,-80.584724,10.0,2014,12,28,0,18,38.0
4.5,Mw,-3.082011,-79.971046,7.49,2014,12,31,17,54,52.0
3.9,Mw,-1.582758,-78.059601,171.95,2015,1,1,21,25,50.0
3.6,Mw,-3.246384,-80.380836,22.9,2015,1,4,12,9,24.0
4.5,Mw,-3.306997,-77.322662,10.0,2015,1,10,3,5,57.0
3.7,Mw,-2.72264,-77.86264,4.65,2015,1,11,10,53,53.0
4.4,Mw,0.307818,-80.104309,6.87,2015,1,12,1,54,33.0
4.1,Mw,-2.711608,-77.887131,10.0,2015,1,12,19,30,21.0
3.7,Mw,-2.312859,-79.775322,49.07,2015,1,13,13,41,51.0
3.6,Mw,-2.357845,-79.638039,42.63,2015,1,13,13,41,52.0
4.5,Mw,-3.720212,-80.177956,37.88,2015,1,14,9,26,51.0
3.7,Mw,-0.465527,-77.656334,10.0,2015,1,14,11,23,35.0
4.2,Mw,-2.27743,-79.999657,29.89,2015,1,14,13,5,48.0
4.5,Mw,0.480266,-83.345222,6.0,2015,1,14,23,48,24.0
4.0,Mw,0.401349,-83.188225,5.0,2015,1,15,15,50,0.0
5.6,Mw,-3.405499,-80.229073,38.55,2015,1,16,11,39,21.0
3.7,Mw,-2.80552,-78.0317,10.0,2015,1,19,22,12,35.0
3.7,Mw,-3.838062,-78.602783,6.54,2015,1,23,4,47,38.0
3.7,Mw,-3.283463,-80.757935,11.44,2015,1,25,16,3,15.0
4.0,Mw,-1.948945,-77.063644,8.37,2015,1,26,2,46,14.0
3.5,Mw,-4.810418,-78.868172,7.59,2015,1,27,19,2,54.0
4.2,Mw,-3.944675,-80.250999,45.84,2015,1,28,2,51,43.0
4.0,Mw,0.078641,-77.476219,4.07,2015,2,1,8,6,20.0
3.9,Mw,-2.288162,-77.460602,10.0,2015,2,1,10,43,17.0
5.6,Mw,-3.920966,-76.916878,11.96,2015,2,1,23,32,59.0
3.5,Mw,-2.378215,-77.651924,10.0,2015,2,2,18,18,14.0
3.5,Mw,-1.038689,-78.321663,4.17,2015,2,4,18,28,33.0
3.6,Mw,-2.118354,-75.971138,20.0,2015,2,5,21,48,14.0
4.5,Mw,-0.82383,-80.992889,10.0,2015,2,10,2,14,9.0
3.5,Mw,-1.523603,-77.750748,5.12,2015,2,10,5,18,37.0
3.6,Mw,-2.442409,-79.071594,87.29,2015,2,10,21,43,43.0
4.0,Mw,-1.959968,-78.022636,155.42,2015,2,13,7,37,4.0
4.6,Mw,-3.069063,-78.757591,59.49,2015,2,13,19,38,54.0
3.7,Mw,-3.699213,-76.937828,4.93,2015,2,14,2,59,59.0
3.6,Mw,-1.93706,-80.14962,38.41,2015,2,14,18,43,16.0
3.6,Mw,-3.573994,-81.017105,11.21,2015,2,15,0,29,4.0
4.4,Mw,-2.671237,-79.171989,56.09,2015,2,16,14,3,46.0
3.6,Mw,1.069619,-78.360237,12.0,2015,2,20,16,0,42.0
4.4,Mw,-4.286793,-80.34713,12.13,2015,2,21,6,46,51.0
3.7,Mw,-1.990524,-78.919991,98.17,2015,2,22,23,25,33.0
3.6,Mw,-3.528381,-81.012917,13.48,2015,2,23,6,30,54.0
4.1,Mw,-2.128881,-79.49144,13.2,2015,2,25,13,41,31.0
4.0,Mw,0.493945,-83.13929,7.0,2015,2,26,4,22,1.0
3.6,Mw,1.227087,-77.822311,136.38,2015,2,27,19,0,10.0
4.2,Mw,-2.88813,-79.870628,10.0,2015,3,1,8,4,7.0
4.3,Mw,0.595581,-77.123535,1.38,2015,3,1,13,29,23.0
4.0,Mw,-2.897836,-80.698753,12.67,2015,3,2,20,3,33.0
4.1,Mw,-3.151469,-80.675438,4.5,2015,3,6,18,4,44.0
3.7,Mw,-2.351115,-77.239563,136.97,2015,3,8,5,2,3.0
4.8,Mw,-4.083985,-82.745789,10.0,2015,3,8,7,52,6.0
3.7,Mw,-0.167945,-80.282753,7.42,2015,3,8,10,40,45.0
3.5,Mw,-1.970271,-77.978333,154.49,2015,3,9,10,19,40.0
3.9,Mw,-3.731453,-80.415062,10.0,2015,3,9,17,23,54.0
3.5,Mw,-1.809323,-78.140617,154.36,2015,3,10,17,5,26.0
4.0,Mw,-0.902772,-79.488884,10.0,2015,3,11,14,38,36.0
3.7,Mw,-3.521291,-77.449318,70.32,2015,3,13,4,17,9.0
3.6,Mw,-3.418347,-81.084862,10.0,2015,3,14,8,46,57.0
4.1,Mw,-0.158245,-80.688843,6.6,2015,3,14,18,41,34.0
4.0,Mw,-0.117131,-80.659943,3.35,2015,3,15,23,44,16.0
4.2,Mw,-0.185053,-80.661858,8.75,2015,3,16,1,50,29.0
3.6,Mw,-2.119723,-76.642662,202.13,2015,3,18,8,39,10.0
5.4,Mw,-3.352488,-80.748276,9.12,2015,3,19,11,51,55.0
4.2,Mw,-4.119199,-79.839226,52.35,2015,3,20,0,54,50.0
3.5,Mw,-4.443612,-80.677155,9.87,2015,3,26,3,44,18.0
3.6,Mw,-2.625534,-79.837509,35.07,2015,3,27,0,6,27.0
3.8,Mw,-0.814861,-80.754425,8.8,2015,3,27,8,28,20.0
3.6,Mw,-2.673774,-78.284653,10.0,2015,3,27,12,10,7.0
5.2,Mw,-1.352126,-77.895744,196.96,2015,3,27,21,59,37.0
3.8,Mw,-1.749676,-77.798531,7.28,2015,3,28,5,10,30.0
3.6,Mw,-2.021529,-78.1567,141.31,2015,3,28,8,43,20.0
3.8,Mw,-0.838694,-77.749985,10.0,2015,3,29,11,8,51.0
4.0,Mw,-3.808749,-76.770279,6.18,2015,3,29,17,40,24.0
3.5,Mw,-1.746694,-77.807899,8.06,2015,3,30,16,41,4.0
3.9,Mw,-0.816013,-81.018867,10.0,2015,4,1,2,42,10.0
3.6,Mw,-2.042281,-77.268974,10.0,2015,4,5,1,41,46.0
3.9,Mw,-0.33335,-79.918869,45.89,2015,4,6,8,55,45.0
4.3,Mw,-1.653052,-77.972954,175.6,2015,4,6,10,45,40.0
3.6,Mw,-2.334262,-77.553268,7.81,2015,4,7,9,41,29.0
3.8,Mw,-4.913824,-78.473701,10.0,2015,4,8,1,9,23.0
3.5,Mw,-1.675163,-77.645462,6.05,2015,4,13,19,48,1.0
3.8,Mw,-3.549422,-76.984261,68.64,2015,4,14,10,40,29.0
4.3,Mw,-2.345693,-79.797882,49.37,2015,4,15,10,12,28.0
3.7,Mw,-0.133452,-80.407326,12.71,2015,4,18,14,26,5.0
4.5,Mw,-4.880908,-80.827995,10.0,2015,4,23,0,22,4.0
3.9,Mw,-2.348241,-79.297302,62.67,2015,4,26,8,34,49.0
3.6,Mw,-3.796133,-79.661362,71.04,2015,4,27,9,22,9.0
5.8,Mw,-2.156254,-79.846703,70.02,2015,4,28,11,19,52.0
4.0,Mw,-2.847132,-79.823959,5.8,2015,4,29,1,31,30.0
4.4,Mw,-2.165561,-77.09156,10.0,2015,4,29,16,31,47.0
3.8,Mw,-0.303009,-77.873444,10.0,2015,4,30,16,43,14.0
5.2,Mw,-3.202974,-80.653404,8.49,2015,5,1,7,42,34.0
4.1,Mw,-3.726135,-78.300018,65.9,2015,5,2,2,17,39.0
3.7,Mw,0.570739,-79.219139,6.72,2015,5,2,13,33,17.0
3.6,Mw,-3.080432,-79.296364,54.32,2015,5,4,4,34,24.0
3.5,Mw,-2.716772,-77.79203,10.0,2015,5,4,16,34,29.0
3.6,Mw,-1.524602,-80.985748,5.21,2015,5,7,9,1,7.0
3.9,Mw,-1.917901,-78.273643,10.0,2015,5,9,1,44,49.0
4.2,Mw,0.456742,-83.307755,10.0,2015,5,9,20,5,56.0
4.7,Mw,-3.687326,-80.40683,22.27,2015,5,10,21,36,8.0
3.5,Mw,-1.673377,-78.169556,158.32,2015,5,11,11,53,4.0
4.1,Mw,-3.750034,-80.335709,24.09,2015,5,11,17,22,38.0
4.3,Mw,-1.726271,-77.999268,167.22,2015,5,12,14,11,7.0
4.1,Mw,-1.135018,-80.864372,4.82,2015,5,13,6,41,16.0
3.6,Mw,-1.843343,-79.078415,4.87,2015,5,13,8,12,19.0
4.0,Mw,0.290281,-79.146034,19.4,2015,5,15,2,0,26.0
3.7,Mw,0.070719,-77.697121,1.83,2015,5,18,7,44,42.0
3.6,Mw,0.864972,-79.759239,6.8,2015,5,20,0,36,3.0
5.5,Mw,-3.097631,-77.78878,12.0,2015,5,20,22,34,31.0
3.8,Mw,-0.907023,-79.920074,39.35,2015,5,22,4,17,54.0
4.7,Mw,-1.426632,-81.040398,4.97,2015,5,22,6,2,37.0
4.1,Mw,-1.489766,-81.054527,10.0,2015,5,22,20,21,33.0
4.9,Mw,-3.537898,-81.730194,19.73,2015,5,24,2,1,44.0
3.6,Mw,-4.314661,-77.331902,13.16,2015,5,24,2,50,30.0
4.5,Mw,-3.167806,-80.53656,8.69,2015,5,25,4,12,23.0
3.7,Mw,-1.448434,-81.005859,7.0,2015,5,25,7,38,23.0
3.5,Mw,-3.432437,-80.812248,6.82,2015,5,26,3,21,21.0
4.2,Mw,-4.316308,-80.351051,49.92,2015,5,26,14,30,26.0
3.5,Mw,-0.53469,-79.286942,8.5,2015,5,26,23,3,24.0
4.1,Mw,-2.280836,-77.907295,139.38,2015,5,27,21,13,29.0
3.7,Mw,-2.75346,-79.062538,65.35,2015,5,28,6,15,36.0
3.6,Mw,-2.19512,-76.938538,141.63,2015,5,29,21,59,30.0
5.9,Mw,1.227043,-79.541428,10.0,2015,5,30,6,26,6.0
3.6,Mw,-4.659783,-79.481735,87.71,2015,6,3,2,8,53.0
4.4,Mw,-0.633464,-75.450729,10.0,2015,6,5,13,33,20.0
5.0,Mw,1.714647,-91.180153,12.26,2015,6,7,18,6,42.0
4.1,Mw,0.626848,-90.582405,9.13,2015,6,7,18,38,36.0
4.4,Mw,1.901839,-91.627296,22.0,2015,6,8,11,37,53.0
4.4,Mw,-1.757179,-77.574341,193.1,2015,6,9,23,37,29.0
5.0,Mw,1.686507,-91.157875,22.9,2015,6,11,8,29,5.0
3.9,Mw,-1.9148,-78.32251,10.0,2015,6,14,10,30,25.0
3.7,Mw,-1.804469,-80.406746,13.13,2015,6,16,20,37,43.0
3.5,Mw,-1.900551,-77.935432,156.88,2015,6,17,9,30,45.0
3.7,Mw,-2.518371,-77.220055,137.88,2015,6,20,17,46,44.0
3.7,Mw,1.816189,-79.324196,20.12,2015,6,21,22,12,19.0
4.1,Mw,-2.841826,-78.061409,10.0,2015,6,22,20,25,22.0
3.7,Mw,-2.470505,-80.784134,10.08,2015,6,28,5,35,36.0
4.2,Mw,-4.07836,-80.377731,27.11,2015,6,28,14,48,28.0
3.8,Mw,-0.891962,-80.578697,4.46,2015,6,30,20,0,43.0
3.6,Mw,-1.272993,-79.314659,9.32,2015,7,1,20,35,5.0
4.5,Mw,-2.221519,-77.753311,10.0,2015,7,3,3,43,23.0
5.0,Mw,-3.100573,-79.796669,40.68,2015,7,4,11,29,24.0
3.7,Mw,-3.751067,-77.79335,29.22,2015,7,7,12,28,22.0
3.8,Mw,-2.510911,-77.218933,10.0,2015,7,9,20,50,31.0
3.7,Mw,-3.579107,-79.381752,61.54,2015,7,10,7,20,42.0
4.0,Mw,-0.914593,-79.283516,95.16,2015,7,10,10,48,58.0
4.1,Mw,-3.847765,-80.396919,13.52,2015,7,11,12,42,44.0
4.9,Mw,-2.350213,-79.422806,75.65,2015,7,11,17,22,37.0
4.9,Mw,-3.918779,-80.774841,12.0,2015,7,11,22,55,48.0
4.4,Mw,-3.914808,-76.642342,86.83,2015,7,12,7,31,36.0
4.7,Mw,-3.00896,-75.980499,10.0,2015,7,12,9,47,5.0
3.7,Mw,-4.309199,-78.502518,74.97,2015,7,14,22,58,35.0
3.6,Mw,-2.869756,-78.094551,10.0,2015,7,16,12,2,42.0
3.6,Mw,-2.171059,-77.876541,10.0,2015,7,17,15,18,56.0
3.6,Mw,-0.547084,-77.952477,10.0,2015,7,26,7,31,31.0
3.6,Mw,-2.448588,-79.154152,5.65,2015,7,26,20,43,5.0
3.6,Mw,-1.945149,-78.794548,2.9,2015,7,27,15,59,55.0
3.5,Mw,0.295111,-80.199478,7.0,2015,7,30,11,11,24.0
4.9,Mw,-4.033898,-81.071846,7.85,2015,8,1,17,31,22.0
4.0,Mw,-3.29261,-79.26487,36.05,2015,8,3,1,3,53.0
5.3,Mw,0.913457,-85.381706,10.0,2015,8,7,12,18,48.0
5.2,Mw,1.001531,-85.330986,19.33,2015,8,7,13,48,33.0
3.7,Mw,-0.805086,-79.572853,27.57,2015,8,9,0,21,58.0
3.7,Mw,0.061059,-80.20092,1.63,2015,8,9,3,45,23.0
3.6,Mw,-0.44526,-77.650696,10.0,2015,8,11,17,11,17.0
3.5,Mw,-1.870127,-77.903511,150.26,2015,8,12,19,27,53.0
4.0,Mw,-0.986498,-79.924576,5.28,2015,8,16,10,24,14.0
4.8,Mw,-1.110003,-80.897385,9.73,2015,8,18,4,48,58.0
3.6,Mw,-0.143873,-80.758072,1.99,2015,8,18,7,28,55.0
4.6,Mw,-0.177442,-80.684128,6.89,2015,8,18,11,43,5.0
3.7,Mw,0.55422,-83.064133,10.0,2015,8,19,3,59,43.0
4.8,Mw,-0.94597,-80.687042,12.84,2015,8,19,7,50,21.0
4.4,Mw,-0.950066,-80.630638,9.37,2015,8,19,8,0,26.0
3.7,Mw,-0.873289,-80.857094,8.5,2015,8,19,8,25,47.0
3.7,Mw,-0.245197,-80.664841,10.0,2015,8,20,5,58,7.0
3.9,Mw,-1.114718,-79.740349,0.0,2015,8,20,11,6,2.0
3.8,Mw,-0.502666,-81.52623,10.0,2015,8,20,11,41,57.0
4.2,Mw,-0.128053,-81.378174,10.0,2015,8,20,23,18,36.0
4.0,Mw,-2.437172,-80.202812,3.84,2015,8,21,1,55,44.0
4.0,Mw,-1.078413,-79.753143,5.0,2015,8,21,23,14,36.0
3.8,Mw,-0.556762,-81.444565,7.78,2015,8,22,2,55,4.0
3.9,Mw,-0.609486,-81.392586,10.0,2015,8,22,2,56,56.0
3.8,Mw,-0.616628,-81.308235,10.0,2015,8,22,15,36,51.0
4.2,Mw,-0.28166,-81.352234,10.0,2015,8,22,18,14,53.0
3.6,Mw,-0.432593,-81.400024,10.0,2015,8,22,20,30,5.0
3.8,Mw,-0.624725,-81.329468,10.0,2015,8,23,5,1,6.0
3.6,Mw,-0.51538,-81.430313,10.0,2015,8,23,13,17,20.0
6.4,Mw,-0.48471,-81.403282,24.78,2015,8,23,15,7,12.0
3.5,Mw,-0.565214,-81.381203,10.0,2015,8,23,15,27,24.0
3.7,Mw,-0.484957,-81.314537,10.0,2015,8,24,7,54,20.0
3.5,Mw,-0.53008,-81.463028,10.0,2015,8,24,7,55,1.0
3.8,Mw,-0.438531,-81.416298,10.0,2015,8,24,7,57,41.0
3.9,Mw,-0.554965,-81.352188,10.0,2015,8,24,18,37,27.0
3.8,Mw,-0.507786,-81.325371,10.0,2015,8,24,19,19,52.0
3.8,Mw,-0.484921,-81.428146,10.0,2015,8,24,21,26,10.0
4.7,Mw,-1.624212,-76.528191,10.0,2015,8,24,22,16,35.0
3.7,Mw,-0.698613,-81.233414,5.0,2015,8,25,0,24,49.0
3.5,Mw,-0.459104,-81.431908,5.0,2015,8,25,0,31,59.0
4.0,Mw,-0.383866,-81.380714,5.0,2015,8,25,1,34,32.0
3.9,Mw,-0.676953,-77.651039,5.0,2015,8,25,2,14,5.0
3.9,Mw,-0.483366,-81.383522,5.0,2015,8,25,3,1,13.0
3.6,Mw,-0.567627,-81.346436,4.45,2015,8,25,7,6,3.0
3.7,Mw,-0.390281,-81.59407,10.0,2015,8,25,11,46,30.0
3.6,Mw,-0.549675,-81.359016,9.05,2015,8,25,11,47,15.0
4.1,Mw,-0.425093,-81.381233,10.0,2015,8,25,13,44,33.0
3.8,Mw,-0.485216,-81.361961,92.85,2015,8,25,14,49,51.0
3.5,Mw,-0.228908,-82.073227,10.0,2015,8,25,16,18,48.0
3.8,Mw,-0.633272,-81.477921,10.0,2015,8,25,16,21,47.0
3.5,Mw,-0.515321,-81.360626,5.0,2015,8,25,19,44,11.0
4.3,Mw,-0.073224,-80.067635,162.52,2015,8,26,1,30,24.0
4.8,Mw,-0.554356,-79.050316,10.0,2015,8,26,10,32,41.0
3.9,Mw,-0.526853,-81.366661,11.37,2015,8,26,20,53,53.0
3.7,Mw,-0.5086,-81.347763,10.0,2015,8,26,21,17,55.0
4.2,Mw,-4.795437,-78.9618,10.0,2015,8,27,7,52,19.0
3.6,Mw,-0.475467,-81.385414,5.0,2015,8,27,14,12,51.0
3.6,Mw,-0.456704,-81.345856,13.02,2015,8,27,15,32,8.0
3.7,Mw,-0.499585,-81.335907,3.77,2015,8,27,15,35,25.0
3.5,Mw,-0.505571,-81.476593,5.11,2015,8,27,17,43,48.0
4.1,Mw,-3.523751,-79.795898,10.0,2015,8,28,0,32,10.0
3.5,Mw,-0.372609,-81.881973,5.99,2015,8,28,4,22,37.0
3.7,Mw,-0.459459,-81.384407,10.0,2015,8,28,6,30,44.0
3.8,Mw,-0.564606,-81.429779,58.31,2015,8,28,7,52,9.0
3.6,Mw,-0.533814,-81.431946,9.71,2015,8,28,9,17,45.0
3.8,Mw,-0.470612,-81.355888,4.64,2015,8,28,10,17,17.0
3.7,Mw,-1.89084,-80.608604,29.17,2015,8,29,3,4,10.0
3.9,Mw,0.447934,-83.515572,10.0,2015,8,29,6,57,38.0
4.0,Mw,-3.514221,-80.351089,41.51,2015,8,29,13,26,23.0
4.4,Mw,-0.420545,-81.473473,0.0,2015,8,29,18,15,13.0
4.3,Mw,-0.414091,-81.389565,2.52,2015,8,29,18,17,11.0
3.9,Mw,-0.379077,-81.462425,12.0,2015,8,29,18,41,13.0
3.7,Mw,-0.509901,-81.373589,5.0,2015,8,29,18,47,49.0
3.9,Mw,-0.3815,-81.469864,19.47,2015,8,29,18,49,54.0
3.6,Mw,-0.536063,-81.362106,10.0,2015,8,29,19,35,50.0
4.0,Mw,-0.443056,-81.390244,14.03,2015,8,29,20,7,46.0
3.5,Mw,-0.504775,-81.333138,13.23,2015,8,29,21,21,53.0
4.1,Mw,-1.328319,-80.2612,10.0,2015,8,29,22,19,57.0
4.0,Mw,-1.316687,-80.223404,26.79,2015,8,30,0,3,48.0
3.5,Mw,-0.529403,-81.371109,10.0,2015,8,30,2,10,3.0
3.8,Mw,-0.50632,-81.316017,10.0,2015,8,30,7,42,51.0
3.8,Mw,-0.541727,-81.255951,10.0,2015,8,30,8,14,9.0
4.1,Mw,-1.381145,-80.285591,10.0,2015,8,30,8,17,38.0
3.6,Mw,-0.554533,-81.314377,10.0,2015,8,30,8,59,33.0
4.0,Mw,-0.298097,-81.441368,10.0,2015,8,30,9,41,24.0
4.0,Mw,-0.531144,-81.313606,10.0,2015,8,30,9,55,4.0
4.6,Mw,-1.335698,-80.279732,37.68,2015,8,30,11,6,37.0
4.0,Mw,-0.471062,-81.429214,6.77,2015,8,30,11,51,11.0
4.1,Mw,-0.48093,-81.406601,12.0,2015,8,30,12,4,23.0
3.8,Mw,-1.589723,-77.629204,5.5,2015,8,31,13,52,42.0
3.7,Mw,-0.530106,-81.375931,8.97,2015,9,1,9,35,13.0
3.9,Mw,-1.412556,-80.808655,10.0,2015,9,2,17,28,7.0
4.4,Mw,-2.158331,-76.959915,119.12,2015,9,4,16,50,7.0
4.1,Mw,-1.033322,-80.691376,3.91,2015,9,7,10,44,47.0
3.9,Mw,-0.720255,-83.043221,10.0,2015,9,8,2,57,44.0
4.2,Mw,-2.485574,-79.593361,43.7,2015,9,10,9,57,12.0
3.5,Mw,-1.840601,-77.632996,200.61,2015,9,11,1,6,12.0
3.7,Mw,-1.301974,-81.499893,12.0,2015,9,11,2,24,35.0
4.6,Mw,-0.314333,-81.426743,10.0,2015,9,15,15,10,46.0
3.6,Mw,-0.457717,-81.303726,10.0,2015,9,15,15,16,16.0
3.8,Mw,-0.325422,-81.299805,10.0,2015,9,16,2,6,40.0
3.9,Mw,-0.605545,-81.420807,10.0,2015,9,16,4,31,40.0
3.5,Mw,-0.783387,-81.005623,10.0,2015,9,16,4,48,26.0
3.5,Mw,-0.346508,-81.288078,8.98,2015,9,16,4,59,20.0
3.6,Mw,-0.371442,-81.406769,7.0,2015,9,16,12,57,40.0
4.4,Mw,-1.419476,-80.446609,3.62,2015,9,17,22,5,0.0
3.7,Mw,-1.858065,-78.746002,1.55,2015,9,18,8,36,2.0
3.5,Mw,-1.461443,-79.937706,14.75,2015,9,18,9,8,37.0
3.5,Mw,-0.475715,-81.307175,10.0,2015,9,25,17,27,27.0
3.7,Mw,-0.086219,-77.631516,5.0,2015,9,26,17,1,1.0
3.5,Mw,-3.380114,-81.039314,5.0,2015,9,28,12,46,36.0
4.5,Mw,-3.443968,-78.053825,10.0,2015,10,3,5,22,50.0
3.6,Mw,-1.28587,-80.501038,3.66,2015,10,3,16,41,31.0
3.6,Mw,-3.035357,-80.366745,32.97,2015,10,4,10,9,23.0
5.4,Mw,-3.875395,-80.051285,10.0,2015,10,4,15,56,35.0
3.9,Mw,-2.717566,-79.548523,22.82,2015,10,4,23,31,37.0
4.5,Mw,-3.781081,-78.201508,10.0,2015,10,7,9,23,27.0
5.3,Mw,-2.363742,-79.957481,28.52,2015,10,9,11,47,0.0
4.8,Mw,-2.216333,-80.167488,31.27,2015,10,10,3,31,30.0
4.1,Mw,-3.635497,-77.695473,78.66,2015,10,10,12,31,31.0
4.3,Mw,-1.313225,-79.76825,75.91,2015,10,10,21,40,8.0
4.0,Mw,-2.057108,-78.790703,104.36,2015,10,12,0,0,53.0
3.6,Mw,-4.2172,-77.950081,10.0,2015,10,12,0,46,6.0
4.1,Mw,-3.080315,-79.102692,33.6,2015,10,12,7,52,42.0
5.5,Mw,-2.551669,-79.060852,84.86,2015,10,15,10,7,27.0
4.1,Mw,-1.712664,-80.202568,6.01,2015,10,20,20,25,40.0
3.8,Mw,-2.444547,-79.129524,10.0,2015,10,21,21,35,9.0
3.7,Mw,-4.211705,-80.019356,35.61,2015,10,24,12,55,7.0
3.6,Mw,-1.137894,-79.854309,67.01,2015,10,25,20,35,58.0
4.0,Mw,-2.373064,-79.811378,46.76,2015,10,27,10,17,9.0
3.8,Mw,-1.403456,-81.049255,2.0,2015,10,30,20,37,18.0
4.3,Mw,-1.991507,-80.035904,39.85,2015,10,31,20,32,17.0
5.1,Mw,-1.960494,-80.642273,33.04,2015,11,3,16,55,4.0
3.6,Mw,-3.028262,-78.293854,89.21,2015,11,4,14,12,46.0
4.6,Mw,-0.765992,-80.80352,12.97,2015,11,5,4,13,48.0
4.5,Mw,1.060994,-82.800224,10.0,2015,11,5,13,23,21.0
3.8,Mw,-1.993904,-80.247643,10.0,2015,11,7,19,59,42.0
3.5,Mw,0.689266,-80.256287,2.65,2015,11,13,7,43,38.0
4.4,Mw,0.66538,-80.23204,11.51,2015,11,15,15,54,3.0
3.5,Mw,-2.369531,-79.170975,10.0,2015,11,16,5,18,14.0
5.1,Mw,-2.253269,-79.670021,52.36,2015,11,17,6,16,27.0
3.7,Mw,0.64877,-80.185371,3.26,2015,11,17,22,19,48.0
4.4,Mw,-2.225207,-79.754013,52.67,2015,11,19,5,35,36.0
3.5,Mw,-2.646029,-79.62886,22.09,2015,11,21,10,59,14.0
3.7,Mw,0.175569,-84.620186,444.02,2015,11,23,0,30,7.0
3.8,Mw,-3.272811,-81.316177,15.0,2015,11,25,4,55,22.0
3.8,Mw,-3.592217,-80.806145,8.95,2015,11,29,21,54,11.0
4.5,Mw,-3.250373,-76.993416,76.37,2015,12,2,3,45,23.0
3.6,Mw,-0.934507,-79.277313,100.91,2015,12,3,8,8,3.0
4.4,Mw,-2.189008,-78.223854,10.81,2015,12,7,5,33,36.0
3.5,Mw,-1.863452,-78.095154,149.11,2015,12,13,21,46,0.0
3.5,Mw,-3.840517,-81.424728,10.11,2015,12,13,22,53,29.0
4.0,Mw,-2.991966,-80.051094,4.66,2015,12,18,9,15,37.0
4.8,Mw,-2.922718,-79.38176,38.42,2015,12,19,12,7,46.0
4.0,Mw,-0.812132,-75.621048,10.0,2015,12,22,1,14,0.0
3.7,Mw,0.235023,-80.085136,4.77,2015,12,23,8,25,51.0
3.7,Mw,1.056761,-79.731842,0.71,2015,12,23,17,19,48.0
3.7,Mw,0.378013,-77.162109,8.73,2015,12,26,13,41,48.0
6.0,Mw,-3.786283,-80.610832,8.21,2015,12,28,15,46,35.0
3.6,Mw,-0.556498,-81.330963,10.0,2015,12,29,2,4,20.0
4.2,Mw,-0.935789,-79.264977,100.58,2015,12,29,6,49,44.0
4.2,Mw,-1.170496,-80.55658,15.0,2015,12,29,15,41,21.0
4.1,Mw,-4.3176,-76.682289,149.57,2015,12,30,20,45,57.0
3.5,Mw,-1.71336,-77.751816,189.19,2015,12,31,3,2,40.0
4.2,Mw,-0.557869,-81.367073,10.0,2016,1,1,13,57,36.0
5.3,Mw,0.405163,-78.966232,2.81,2016,1,1,17,15,40.0
4.1,Mw,0.358868,-78.949524,4.04,2016,1,2,4,59,19.0
3.9,Mw,0.352311,-78.952385,3.88,2016,1,2,5,7,54.0
4.7,Mw,-1.981699,-79.767975,80.04,2016,1,2,15,2,12.0
4.0,Mw,-2.395324,-79.808365,43.91,2016,1,4,17,3,52.0
3.5,Mw,-3.005591,-79.858902,12.17,2016,1,4,19,18,18.0
3.7,Mw,0.872779,-79.60495,5.51,2016,1,6,9,6,47.0
4.1,Mw,-2.737,-78.207901,15.0,2016,1,11,8,21,12.0
3.9,Mw,-3.945188,-81.146362,3.09,2016,1,16,10,59,7.0
3.8,Mw,-3.250202,-80.931168,12.73,2016,1,18,10,33,31.0
3.8,Mw,-2.627771,-78.112206,10.0,2016,1,20,2,59,45.0
4.4,Mw,-2.091853,-80.329864,5.76,2016,1,23,0,19,10.0
3.7,Mw,-2.191955,-79.120743,75.99,2016,1,24,18,8,22.0
4.3,Mw,1.845621,-79.318748,10.0,2016,1,25,22,34,46.0
3.6,Mw,0.221004,-80.002243,18.81,2016,2,1,23,20,51.0
3.6,Mw,-2.511798,-79.65229,30.12,2016,2,2,16,9,14.0
4.2,Mw,0.025915,-80.345696,8.13,2016,2,2,18,34,38.0
3.5,Mw,-4.126226,-80.313721,26.0,2016,2,6,10,0,20.0
3.6,Mw,-5.363727,-82.720169,15.0,2016,2,7,9,48,38.0
3.9,Mw,-2.269172,-79.839851,42.33,2016,2,9,10,22,0.0
4.1,Mw,-2.848742,-78.024261,2.94,2016,2,12,12,39,47.0
4.0,Mw,-1.364265,-80.82634,3.78,2016,2,13,9,19,16.0
3.6,Mw,-1.439934,-80.545883,12.0,2016,2,13,19,13,15.0
3.7,Mw,-0.797299,-79.890381,62.73,2016,2,14,17,25,25.0
3.6,Mw,-2.011428,-79.813225,54.63,2016,2,14,21,58,3.0
4.4,Mw,-1.344033,-80.928772,3.64,2016,2,15,2,13,25.0
4.0,Mw,-2.211334,-79.753113,40.08,2016,2,16,12,16,40.0
3.9,Mw,-3.349057,-81.224976,13.74,2016,2,23,9,45,51.0
4.0,Mw,-1.676065,-80.936852,12.0,2016,2,24,1,28,16.0
3.5,Mw,-0.964352,-80.965973,7.0,2016,3,1,14,16,38.0
4.2,Mw,0.242068,-80.055527,4.73,2016,3,4,10,7,36.0
4.9,Mw,-1.242118,-80.500282,20.94,2016,3,4,11,25,45.0
5.5,Mw,-1.416863,-80.459099,7.98,2016,3,6,0,54,42.0
3.5,Mw,-2.985037,-80.471008,17.29,2016,3,7,4,33,29.0
3.5,Mw,0.22467,-79.871239,16.41,2016,3,10,9,16,9.0
3.6,Mw,-2.226648,-78.923416,2.09,2016,3,10,16,31,23.0
3.8,Mw,-1.956943,-77.383636,6.39,2016,3,12,11,41,36.0
4.4277999999999995,Mw,-0.188123,-78.489807,8.29,2016,3,15,13,2,9.0
4.2,Mw,-4.633291,-80.21273,27.74,2016,3,21,3,18,22.0
4.5,Mw,-3.487964,-80.029961,29.48,2016,3,22,4,52,49.0
4.1815,Mw,-2.511748,-79.820267,30.26,2016,3,26,2,17,48.0
4.2,Mw,-1.480623,-80.61364,10.0,2016,4,1,17,18,43.0
3.8,Mw,-1.470888,-79.289536,4.21,2016,4,6,9,5,24.0
3.6,Mw,-1.118159,-78.405342,3.04,2016,4,8,4,55,50.0
4.8,Mw,-2.19433,-77.805313,5.0,2016,4,9,11,26,47.0
3.8,Mw,-2.419542,-78.726562,106.67,2016,4,13,21,28,23.0
3.8,Mw,-2.178646,-77.513046,154.32,2016,4,14,23,24,1.0
3.7,Mw,-0.832726,-80.807877,21.12,2016,4,15,15,3,27.0
3.9,Mw,-0.813542,-80.7677,19.98,2016,4,15,17,56,50.0
5.5,Mw,0.305786,-80.128784,22.31,2016,4,16,23,47,40.0
7.6,Mw,0.309448,-80.117798,17.4,2016,4,16,23,58,34.0
4.2,Mw,-0.047749,-80.232658,5.43,2016,4,17,0,11,58.0
5.1,Mw,0.040182,-80.327339,4.41,2016,4,17,0,16,0.0
4.0,Mw,-0.005128,-80.331718,7.72,2016,4,17,0,19,6.0
5.7,Mw,-0.214433,-80.663483,6.98,2016,4,17,0,29,28.0
3.9,Mw,0.023865,-80.356476,4.88,2016,4,17,0,49,14.0
4.4,Mw,0.333257,-80.476761,7.6,2016,4,17,0,54,45.0
4.1,Mw,-0.058342,-80.202789,8.38,2016,4,17,0,57,9.0
4.7,Mw,0.322831,-80.224548,5.97,2016,4,17,0,59,7.0
4.0,Mw,-0.136771,-80.458153,6.84,2016,4,17,1,4,2.0
4.8,Mw,-0.029292,-80.19278,7.49,2016,4,17,1,9,17.0
4.1,Mw,-0.572802,-80.787338,3.84,2016,4,17,1,15,42.0
4.7,Mw,-0.138151,-80.301651,9.47,2016,4,17,1,19,3.0
3.8,Mw,0.238949,-80.042595,6.48,2016,4,17,1,25,52.0
3.9,Mw,-0.086873,-80.409912,6.28,2016,4,17,1,32,34.0
3.9,Mw,0.048501,-80.135681,7.22,2016,4,17,1,34,48.0
3.8,Mw,-0.028543,-80.331543,6.78,2016,4,17,1,44,3.0
3.8,Mw,-0.178318,-80.677902,10.0,2016,4,17,1,49,51.0
4.1,Mw,0.288166,-80.42598,6.77,2016,4,17,2,0,36.0
3.9,Mw,-0.13314,-81.090775,10.0,2016,4,17,2,7,50.0
3.7,Mw,0.077811,-79.578255,10.0,2016,4,17,2,11,30.0
4.0,Mw,0.005276,-80.384888,10.0,2016,4,17,2,13,59.0
4.3,Mw,-0.285582,-80.482483,8.62,2016,4,17,2,14,24.0
5.6,Mw,-0.139371,-80.72876,4.08,2016,4,17,2,17,56.0
4.2,Mw,0.275785,-80.159538,9.6,2016,4,17,2,23,7.0
4.3,Mw,0.016448,-80.247551,10.0,2016,4,17,2,23,35.0
3.6,Mw,0.383192,-79.870651,8.75,2016,4,17,2,29,1.0
4.1,Mw,-1.690977,-80.716118,47.2,2016,4,17,2,40,33.0
4.3,Mw,-0.168468,-80.727249,4.34,2016,4,17,2,45,2.0
4.1,Mw,-0.173388,-80.755783,10.0,2016,4,17,2,48,37.0
5.1,Mw,0.371321,-80.30851,8.36,2016,4,17,3,5,34.0
4.3,Mw,-0.027869,-80.309608,9.22,2016,4,17,3,9,35.0
4.0,Mw,0.387723,-80.531425,6.73,2016,4,17,3,16,11.0
3.6,Mw,-0.252347,-80.525185,9.61,2016,4,17,3,30,0.0
4.8,Mw,-0.118497,-80.865662,10.0,2016,4,17,4,2,6.0
4.2,Mw,0.539109,-80.051979,6.4,2016,4,17,4,4,23.0
4.0,Mw,-0.454394,-80.380104,8.44,2016,4,17,4,25,34.0
4.0,Mw,-0.102121,-80.444489,5.36,2016,4,17,4,30,42.0
3.7,Mw,-0.498846,-80.256699,7.74,2016,4,17,4,35,8.0
3.6,Mw,0.611442,-79.783905,6.71,2016,4,17,4,45,40.0
3.5,Mw,-0.428003,-79.642014,9.35,2016,4,17,5,1,54.0
3.5,Mw,0.017328,-80.752487,5.0,2016,4,17,5,20,11.0
3.5,Mw,0.289763,-80.600143,12.43,2016,4,17,5,23,42.0
4.1,Mw,-0.150572,-80.586899,5.41,2016,4,17,5,28,30.0
4.8,Mw,0.348202,-80.458786,5.46,2016,4,17,5,42,50.0
3.9,Mw,-0.22498,-80.697433,6.92,2016,4,17,5,46,9.0
3.5,Mw,-0.19121,-80.804581,10.0,2016,4,17,5,49,7.0
4.4,Mw,-0.142432,-80.807968,7.06,2016,4,17,6,5,47.0
3.8,Mw,-0.069675,-80.365868,11.27,2016,4,17,6,11,26.0
3.7,Mw,-0.033084,-80.350601,6.56,2016,4,17,6,21,26.0
3.8,Mw,-0.158452,-80.45546,6.5,2016,4,17,6,41,55.0
3.6,Mw,-0.153426,-80.345055,3.5,2016,4,17,6,43,11.0
3.8,Mw,-0.233341,-80.33255,9.37,2016,4,17,6,49,52.0
3.8,Mw,-0.295095,-80.166557,8.65,2016,4,17,7,8,35.0
6.1,Mw,-0.399664,-80.401314,7.94,2016,4,17,7,13,57.0
3.6,Mw,0.234974,-79.996025,5.21,2016,4,17,7,27,17.0
4.3,Mw,0.061278,-80.9394,10.0,2016,4,17,7,28,20.0
3.5,Mw,-0.021566,-80.203697,6.06,2016,4,17,7,36,35.0
4.2,Mw,-0.455335,-80.339935,6.71,2016,4,17,7,57,16.0
4.4,Mw,1.503884,-80.860016,5.0,2016,4,17,8,12,31.0
3.8,Mw,0.645529,-80.073402,5.0,2016,4,17,8,12,46.0
3.7,Mw,0.559274,-79.864967,0.38,2016,4,17,8,12,50.0
3.7,Mw,-0.141464,-80.293663,5.0,2016,4,17,8,18,34.0
4.2,Mw,-0.186176,-80.577713,6.48,2016,4,17,8,45,4.0
3.8,Mw,0.249657,-79.866493,7.33,2016,4,17,8,51,30.0
4.5,Mw,-0.164825,-80.578323,10.91,2016,4,17,8,52,30.0
4.1,Mw,0.594718,-80.125572,5.1,2016,4,17,9,1,6.0
5.7,Mw,-0.118933,-80.802071,6.75,2016,4,17,9,23,39.0
3.9,Mw,-0.217036,-80.484383,12.55,2016,4,17,9,35,30.0
3.7,Mw,-0.184262,-80.252113,15.01,2016,4,17,9,40,59.0
3.8,Mw,-0.191629,-80.373497,13.46,2016,4,17,9,46,26.0
3.7,Mw,-0.251892,-80.309639,10.5,2016,4,17,11,50,9.0
4.2,Mw,0.472672,-80.751831,5.0,2016,4,17,12,2,2.0
3.6,Mw,-0.071693,-80.485703,11.69,2016,4,17,12,38,30.0
3.6,Mw,-0.096942,-80.44165,5.0,2016,4,17,12,40,22.0
3.5,Mw,-0.346093,-80.74929,2.3,2016,4,17,13,12,11.0
3.6,Mw,0.236447,-80.311234,10.56,2016,4,17,14,6,9.0
3.5,Mw,0.324039,-81.03138,5.0,2016,4,17,14,57,7.0
3.8,Mw,-0.028189,-80.894066,1.04,2016,4,17,15,27,57.0
5.2,Mw,-0.255285,-80.866806,8.55,2016,4,17,17,15,52.0
3.9,Mw,-0.106034,-80.574341,5.74,2016,4,17,19,20,40.0
5.0,Mw,0.675486,-79.987877,7.51,2016,4,17,20,24,0.0
3.7,Mw,-0.111533,-79.59449,10.98,2016,4,17,20,29,26.0
4.8,Mw,-0.911199,-80.560867,10.0,2016,4,17,21,35,16.0
4.0,Mw,0.031811,-80.809601,7.95,2016,4,17,21,39,47.0
3.9,Mw,0.067366,-80.973907,2.24,2016,4,17,22,11,18.0
4.4,Mw,-0.261144,-81.035744,10.0,2016,4,17,22,21,17.0
3.6,Mw,-0.469029,-80.412895,3.03,2016,4,17,23,24,55.0
4.3,Mw,-0.049731,-80.845963,10.0,2016,4,17,23,44,12.0
4.6,Mw,0.337555,-80.28421,6.46,2016,4,18,0,38,52.0
4.1,Mw,-0.701932,-81.078239,5.0,2016,4,18,2,9,26.0
3.5,Mw,-0.897,-80.789177,24.67,2016,4,18,2,17,57.0
3.9,Mw,-0.268136,-81.040123,6.0,2016,4,18,2,39,5.0
3.7,Mw,0.016279,-80.720573,6.2,2016,4,18,2,40,21.0
3.7,Mw,0.532052,-80.58432,81.95,2016,4,18,3,26,45.0
3.9,Mw,-0.233813,-80.907516,10.0,2016,4,18,3,48,40.0
3.7,Mw,-0.320505,-80.307785,13.22,2016,4,18,3,52,44.0
4.2,Mw,-0.093804,-80.768417,10.0,2016,4,18,4,26,4.0
4.3,Mw,-0.143223,-80.556259,8.0,2016,4,18,5,5,17.0
3.8,Mw,0.365048,-80.453316,7.39,2016,4,18,5,20,35.0
3.6,Mw,0.492883,-80.142319,6.28,2016,4,18,6,16,6.0
3.6,Mw,0.520044,-80.240204,10.2,2016,4,18,7,42,8.0
3.5,Mw,-0.235119,-80.874435,15.91,2016,4,18,7,53,24.0
4.8,Mw,-0.342045,-80.97023,17.54,2016,4,18,8,5,38.0
3.7,Mw,0.464392,-79.932999,6.22,2016,4,18,8,15,18.0
3.8,Mw,0.649176,-80.142258,3.83,2016,4,18,8,55,54.0
4.4,Mw,0.63441,-80.15992,3.02,2016,4,18,9,13,35.0
3.6,Mw,-1.807064,-77.683945,164.28,2016,4,18,9,57,32.0
3.7,Mw,-0.682675,-80.830101,10.0,2016,4,18,10,12,43.0
4.5,Mw,0.31666,-80.420639,3.09,2016,4,18,10,27,34.0
4.7,Mw,-0.04268,-80.349586,8.32,2016,4,18,10,29,7.0
3.6,Mw,0.667881,-80.263489,9.38,2016,4,18,11,11,16.0
4.2,Mw,-0.849039,-80.912155,5.0,2016,4,18,12,9,32.0
3.9,Mw,0.654793,-80.240883,9.47,2016,4,18,12,17,0.0
5.1,Mw,-0.247875,-80.423157,9.12,2016,4,18,13,25,45.0
4.2,Mw,-0.184508,-80.264977,7.88,2016,4,18,13,35,12.0
3.8,Mw,0.066976,-80.85804,10.3,2016,4,18,13,50,22.0
3.6,Mw,-0.036474,-80.796539,1.14,2016,4,18,14,11,20.0
3.6,Mw,-0.029015,-80.220413,6.28,2016,4,18,14,59,41.0
3.9,Mw,-1.298308,-80.830177,6.0,2016,4,18,15,7,18.0
4.3,Mw,-1.463214,-80.335327,5.0,2016,4,18,15,7,23.0
3.8,Mw,-0.807971,-80.830093,5.0,2016,4,18,15,48,46.0
3.5,Mw,-0.049317,-80.227173,8.87,2016,4,18,16,51,29.0
4.5,Mw,-0.168472,-80.24115,6.58,2016,4,18,17,7,38.0
5.6,Mw,-0.930309,-80.990379,0.96,2016,4,18,18,38,10.0
3.6,Mw,0.616489,-80.292839,9.36,2016,4,18,19,4,49.0
5.0,Mw,-1.048375,-80.870873,5.34,2016,4,18,19,12,37.0
3.7,Mw,-0.868585,-80.957726,5.0,2016,4,18,19,21,21.0
3.5,Mw,-0.446526,-80.391678,3.55,2016,4,18,19,55,53.0
4.4,Mw,-0.160378,-80.85952,16.43,2016,4,18,20,0,46.0
3.6,Mw,0.668942,-80.159798,10.0,2016,4,18,20,51,32.0
5.4,Mw,0.093519,-80.725906,11.76,2016,4,18,21,15,54.0
3.8,Mw,-0.007665,-80.100731,10.0,2016,4,18,21,46,16.0
3.8,Mw,-0.316454,-80.391167,20.01,2016,4,18,22,1,26.0
3.7,Mw,0.716575,-80.293495,7.72,2016,4,18,22,24,30.0
4.1,Mw,0.596202,-80.25029,7.66,2016,4,19,1,7,45.0
3.9,Mw,-0.752661,-81.034264,10.0,2016,4,19,1,43,10.0
4.0,Mw,-0.04794,-80.764366,10.0,2016,4,19,2,3,16.0
3.5,Mw,0.802745,-80.495438,5.96,2016,4,19,2,44,41.0
4.0,Mw,-0.009059,-80.803093,5.98,2016,4,19,3,57,9.0
3.6,Mw,-0.081608,-80.84745,7.52,2016,4,19,4,0,31.0
3.9,Mw,0.047902,-80.802032,7.43,2016,4,19,4,23,54.0
3.6,Mw,-1.144767,-81.27211,15.0,2016,4,19,7,24,24.0
4.0,Mw,-0.151268,-80.820206,7.52,2016,4,19,7,44,36.0
3.7,Mw,-1.104954,-80.94812,10.0,2016,4,19,9,1,31.0
3.5,Mw,-1.305487,-81.651787,10.0,2016,4,19,9,47,58.0
4.2,Mw,-1.093642,-81.09465,10.0,2016,4,19,10,1,47.0
3.9,Mw,0.574291,-79.908127,7.34,2016,4,19,10,5,34.0
3.5,Mw,-0.817386,-81.154678,17.56,2016,4,19,11,24,0.0
3.9,Mw,0.663054,-80.348206,10.0,2016,4,19,12,42,42.0
3.6,Mw,0.621289,-80.157852,6.5,2016,4,19,13,12,30.0
3.7,Mw,-1.20771,-81.28759,10.0,2016,4,19,13,32,1.0
4.0,Mw,-0.287867,-80.161957,3.79,2016,4,19,13,38,40.0
3.6,Mw,-1.239254,-80.965302,10.0,2016,4,19,13,56,56.0
3.8,Mw,-0.2725,-80.546532,5.19,2016,4,19,16,19,3.0
3.6,Mw,0.363007,-80.343933,1.26,2016,4,19,16,33,4.0
4.0,Mw,-1.02712,-81.042503,13.37,2016,4,19,17,8,49.0
5.1,Mw,-1.162138,-81.242477,1.93,2016,4,19,17,12,52.0
4.5,Mw,-1.104784,-81.355988,5.6,2016,4,19,17,15,56.0
3.5,Mw,-1.059389,-81.026421,5.0,2016,4,19,17,37,27.0
3.7,Mw,-0.038157,-80.410881,5.0,2016,4,19,19,34,58.0
3.5,Mw,0.071516,-80.90139,5.0,2016,4,19,20,22,47.0
3.6,Mw,0.428864,-80.720306,9.12,2016,4,19,20,24,7.0
4.4,Mw,-1.078274,-81.030602,2.03,2016,4,19,20,44,21.0
4.4,Mw,0.651174,-80.081299,4.15,2016,4,19,21,54,20.0
3.8,Mw,-0.13501,-80.758926,2.35,2016,4,19,22,19,5.0
5.7,Mw,0.566752,-80.074913,5.37,2016,4,19,22,22,25.0
4.0,Mw,0.717763,-80.263405,10.0,2016,4,19,22,31,48.0
3.7,Mw,0.622473,-80.075279,1.21,2016,4,19,22,36,29.0
3.9,Mw,0.587591,-80.074661,8.88,2016,4,19,23,11,0.0
3.8,Mw,-1.095576,-81.109924,11.0,2016,4,19,23,19,9.0
3.7,Mw,0.598552,-79.99073,3.52,2016,4,19,23,37,22.0
3.9,Mw,-1.127938,-81.073875,18.0,2016,4,20,0,2,49.0
3.7,Mw,-1.201743,-80.912384,10.0,2016,4,20,0,33,10.0
3.9,Mw,0.181403,-80.352142,5.35,2016,4,20,1,30,56.0
4.1,Mw,0.641423,-80.069252,5.04,2016,4,20,1,48,9.0
4.2,Mw,0.648302,-80.05426,3.74,2016,4,20,1,49,16.0
4.4,Mw,0.698575,-80.13205,2.82,2016,4,20,1,50,38.0
3.9,Mw,0.658984,-80.134041,4.12,2016,4,20,2,27,46.0
3.6,Mw,0.827644,-80.509239,5.57,2016,4,20,3,18,54.0
3.5,Mw,-0.125994,-81.139488,10.0,2016,4,20,3,38,49.0
3.9,Mw,-0.020578,-80.888489,10.0,2016,4,20,3,57,19.0
4.0,Mw,-0.817491,-81.145966,10.0,2016,4,20,4,11,44.0
3.8,Mw,-1.304938,-80.94838,4.04,2016,4,20,4,38,52.0
3.6,Mw,-0.65301,-80.822044,10.0,2016,4,20,6,33,32.0
4.8,Mw,0.722714,-80.269783,4.92,2016,4,20,8,25,5.0
6.4,Mw,0.775296,-80.459084,4.31,2016,4,20,8,33,43.0
5.7414,Mw,0.681898,-80.263565,3.66,2016,4,20,8,35,7.0
4.4,Mw,0.513534,-79.771034,5.09,2016,4,20,8,40,26.0
4.8,Mw,0.643008,-80.139244,10.0,2016,4,20,8,46,2.0
4.4,Mw,0.301462,-80.036682,10.0,2016,4,20,8,49,41.0
4.3,Mw,0.552623,-79.942467,5.22,2016,4,20,8,50,54.0
4.5,Mw,0.596941,-79.94648,4.79,2016,4,20,8,53,40.0
4.4,Mw,0.509737,-79.963814,7.16,2016,4,20,8,56,51.0
4.7,Mw,0.654726,-80.33947,12.21,2016,4,20,9,13,14.0
3.6,Mw,0.631567,-80.138367,8.54,2016,4,20,9,22,45.0
3.7,Mw,0.804296,-80.509766,8.13,2016,4,20,9,29,13.0
4.4,Mw,-0.020566,-80.161934,3.93,2016,4,20,9,35,41.0
4.2,Mw,0.715978,-80.393555,8.34,2016,4,20,9,38,37.0
3.6,Mw,0.694609,-80.275864,4.68,2016,4,20,9,41,50.0
3.6,Mw,0.68881,-80.213943,17.37,2016,4,20,9,44,2.0
3.5,Mw,0.762152,-80.224091,10.0,2016,4,20,9,54,47.0
3.9,Mw,0.692183,-80.289589,8.47,2016,4,20,9,59,15.0
4.0,Mw,0.748727,-80.424088,5.17,2016,4,20,10,2,57.0
4.8,Mw,-0.108917,-80.481506,6.07,2016,4,20,11,23,22.0
3.9,Mw,0.644619,-80.080765,4.86,2016,4,20,12,1,56.0
4.0,Mw,0.626722,-80.128487,5.14,2016,4,20,12,13,15.0
4.0,Mw,0.880043,-80.618896,3.4,2016,4,20,12,16,11.0
3.5,Mw,-0.088105,-80.324875,10.7,2016,4,20,12,37,43.0
3.7,Mw,-0.549922,-80.857468,14.12,2016,4,20,14,37,51.0
3.9,Mw,-0.129055,-80.880737,10.0,2016,4,20,14,54,53.0
3.8,Mw,-0.991896,-81.273529,15.0,2016,4,20,14,58,56.0
3.7,Mw,0.861199,-80.535408,10.0,2016,4,20,15,39,44.0
3.5,Mw,-0.327203,-80.140305,0.75,2016,4,20,16,18,1.0
4.8,Mw,0.702251,-80.320641,10.0,2016,4,20,16,20,36.0
4.2,Mw,-0.06504,-80.955208,10.0,2016,4,20,16,26,49.0
4.8,Mw,-0.136642,-80.531311,2.73,2016,4,20,16,30,52.0
3.5,Mw,0.966861,-80.69413,10.0,2016,4,20,16,41,44.0
3.7,Mw,-0.694127,-81.090622,10.0,2016,4,20,17,19,41.0
3.5,Mw,-1.078701,-81.220757,10.0,2016,4,20,19,30,30.0
3.8,Mw,-1.049324,-81.071251,10.0,2016,4,20,19,52,56.0
3.7,Mw,-1.215948,-81.20369,10.0,2016,4,20,20,34,2.0
5.4,Mw,0.528108,-79.846474,4.0,2016,4,20,21,30,7.0
4.9,Mw,-0.336991,-81.059189,4.64,2016,4,20,22,31,26.0
4.0,Mw,0.775986,-80.204048,9.33,2016,4,20,22,37,27.0
3.6,Mw,-0.401561,-80.848953,10.0,2016,4,20,22,47,59.0
3.5,Mw,-1.285772,-80.882889,4.46,2016,4,20,23,3,41.0
3.8,Mw,0.878788,-80.598663,3.5,2016,4,21,1,39,3.0
4.2,Mw,-0.305329,-81.109512,3.71,2016,4,21,1,56,50.0
4.0,Mw,0.400837,-80.572189,3.0,2016,4,21,4,32,23.0
4.0,Mw,0.798221,-80.459152,2.34,2016,4,21,4,53,45.0
3.6,Mw,-4.105295,-80.189758,22.24,2016,4,21,5,6,29.0
3.8,Mw,0.700156,-80.145294,10.0,2016,4,21,12,12,24.0
4.5,Mw,-0.160341,-80.816711,10.0,2016,4,21,12,27,45.0
4.6,Mw,-0.103078,-80.300171,7.05,2016,4,21,12,31,14.0
3.9,Mw,0.883303,-80.550873,2.99,2016,4,21,12,49,18.0
4.3,Mw,-0.100321,-80.91629,8.2,2016,4,21,13,14,49.0
4.5,Mw,-0.060348,-80.992416,3.48,2016,4,21,13,53,37.0
3.6,Mw,0.092599,-80.108353,9.3,2016,4,21,14,25,43.0
4.4,Mw,-0.131063,-80.609657,5.97,2016,4,22,2,33,12.0
6.2,Mw,-0.184367,-80.771828,10.0,2016,4,22,3,3,39.0
4.6,Mw,-0.214281,-80.477242,9.97,2016,4,22,3,8,24.0
4.9,Mw,-0.282058,-80.693024,0.84,2016,4,22,3,10,5.0
4.4,Mw,-0.243105,-80.803215,10.0,2016,4,22,3,17,15.0
6.0,Mw,-0.181899,-80.877388,4.17,2016,4,22,3,20,8.0
4.4,Mw,-0.084015,-80.950439,9.59,2016,4,22,3,29,4.0
4.6,Mw,0.0465,-80.744423,11.07,2016,4,22,3,45,57.0
3.6,Mw,-0.171201,-80.707565,10.0,2016,4,22,3,53,52.0
3.6,Mw,-0.075096,-80.426086,65.8,2016,4,22,3,59,54.0
4.2,Mw,-0.102288,-80.697136,12.49,2016,4,22,4,4,26.0
3.6,Mw,-0.056361,-80.692207,8.25,2016,4,22,4,9,27.0
3.9,Mw,0.049444,-81.508301,10.0,2016,4,22,4,15,42.0
4.5,Mw,-0.160686,-81.042603,10.0,2016,4,22,4,25,25.0
5.2,Mw,-0.245501,-80.754959,0.47,2016,4,22,4,31,31.0
3.8,Mw,-1.558203,-81.248787,10.0,2016,4,22,4,54,30.0
3.5,Mw,0.440801,-80.102791,152.81,2016,4,22,5,12,16.0
4.2,Mw,-0.229159,-80.50042,6.8,2016,4,22,5,37,37.0
3.8,Mw,-0.097813,-80.634773,6.32,2016,4,22,5,52,55.0
3.5,Mw,-0.171202,-80.276436,12.92,2016,4,22,5,55,52.0
4.3,Mw,-0.066833,-80.80246,1.71,2016,4,22,6,17,23.0
3.7,Mw,-0.398805,-80.979729,9.44,2016,4,22,7,12,44.0
3.8,Mw,0.629564,-80.07753,2.85,2016,4,22,7,43,47.0
3.7,Mw,-0.049286,-81.238274,11.91,2016,4,22,8,3,44.0
5.2,Mw,-0.152061,-81.023285,10.0,2016,4,22,8,52,16.0
3.6,Mw,0.120628,-80.315399,13.35,2016,4,22,9,12,4.0
3.6,Mw,-1.413415,-81.126793,8.5,2016,4,22,9,34,15.0
4.9,Mw,-0.05758,-80.873337,5.85,2016,4,22,10,39,52.0
3.8,Mw,-0.156723,-80.57354,14.7,2016,4,22,10,48,28.0
3.7,Mw,-1.204342,-81.262039,2.82,2016,4,22,10,58,24.0
4.0,Mw,-0.043256,-80.102867,2.9,2016,4,22,11,17,10.0
3.9,Mw,0.716001,-80.496246,12.35,2016,4,22,11,20,32.0
3.8,Mw,0.671981,-80.50489,4.33,2016,4,22,11,29,57.0
5.5,Mw,-2.759037,-80.243896,25.8,2016,4,22,13,26,18.0
4.4,Mw,0.225094,-80.508255,5.0,2016,4,22,13,36,5.0
4.0,Mw,0.567283,-80.406769,3.91,2016,4,22,14,35,22.0
3.8,Mw,0.768736,-80.490715,5.0,2016,4,22,15,21,40.0
4.9,Mw,-0.123365,-80.977753,6.39,2016,4,22,15,36,27.0
5.0,Mw,-0.231915,-81.274155,10.0,2016,4,22,15,38,59.0
4.2,Mw,-0.357553,-81.167404,10.0,2016,4,22,15,53,56.0
4.6,Mw,0.801313,-80.41835,6.33,2016,4,22,16,27,0.0
3.5,Mw,0.746141,-80.425682,10.0,2016,4,22,16,46,48.0
3.8,Mw,0.621021,-80.120628,10.24,2016,4,22,16,48,6.0
4.5,Mw,0.463389,-80.605362,7.99,2016,4,22,17,58,48.0
3.7,Mw,0.735274,-80.352417,5.59,2016,4,22,18,34,32.0
3.9,Mw,-1.51069,-80.974289,7.19,2016,4,22,20,19,40.0
3.6,Mw,0.785364,-80.605507,1.73,2016,4,22,20,28,54.0
4.5,Mw,-1.424151,-80.942276,10.0,2016,4,22,22,5,24.0
3.6,Mw,0.692977,-80.545319,10.0,2016,4,23,1,4,31.0
5.7,Mw,0.609882,-80.363197,9.34,2016,4,23,1,24,33.0
5.0,Mw,-1.38312,-81.001083,2.27,2016,4,23,1,30,1.0
4.7,Mw,0.596854,-80.544868,10.0,2016,4,23,1,32,52.0
4.4,Mw,0.71962,-80.508919,8.74,2016,4,23,1,40,24.0
4.3,Mw,0.67192,-80.469109,10.27,2016,4,23,1,45,1.0
4.2,Mw,0.085435,-80.876167,10.0,2016,4,23,2,55,59.0
3.7,Mw,-1.696667,-77.77018,1.59,2016,4,23,2,58,14.0
4.2,Mw,0.701383,-80.60096,3.19,2016,4,23,3,16,48.0
3.7,Mw,0.517724,-80.293274,5.53,2016,4,23,3,59,31.0
5.0,Mw,0.702442,-80.485001,10.0,2016,4,23,4,6,31.0
4.0,Mw,0.192059,-80.338173,10.0,2016,4,23,7,50,33.0
3.6,Mw,0.280041,-80.631363,1.98,2016,4,23,8,18,13.0
4.3,Mw,0.528368,-80.541679,10.42,2016,4,23,9,4,37.0
3.6,Mw,0.639863,-80.205551,10.0,2016,4,23,10,14,53.0
3.7,Mw,0.678639,-80.194115,3.82,2016,4,23,10,40,45.0
3.7,Mw,-2.36491,-80.048103,30.53,2016,4,23,13,14,20.0
3.8,Mw,-0.186068,-80.632263,4.52,2016,4,23,13,18,26.0
3.7,Mw,0.235733,-80.559624,7.55,2016,4,23,14,31,54.0
4.2,Mw,-0.091728,-80.854362,5.6,2016,4,23,16,6,3.0
3.8,Mw,-0.292766,-80.387695,13.51,2016,4,23,19,9,51.0
3.6,Mw,0.358905,-80.464661,5.0,2016,4,23,23,49,37.0
3.6,Mw,0.358956,-80.464996,5.05,2016,4,23,23,50,33.0
3.9,Mw,0.938927,-80.716804,2.29,2016,4,24,0,36,7.0
3.6,Mw,0.267683,-80.666351,2.94,2016,4,24,5,15,34.0
4.4,Mw,0.698977,-79.725464,6.02,2016,4,24,7,22,0.0
3.9,Mw,0.822577,-80.570618,10.0,2016,4,24,11,14,10.0
4.5,Mw,0.149243,-80.830383,4.63,2016,4,24,14,36,19.0
3.9,Mw,0.20204,-80.423706,4.52,2016,4,24,15,46,3.0
3.6,Mw,-0.034436,-80.815964,10.0,2016,4,24,18,39,36.0
3.6,Mw,-0.240938,-81.099815,10.0,2016,4,24,19,13,22.0
3.5,Mw,0.040057,-81.031311,5.41,2016,4,24,20,29,17.0
4.1,Mw,-0.045717,-80.507515,10.37,2016,4,24,23,45,36.0
3.7,Mw,-0.112232,-80.341316,5.0,2016,4,25,0,24,14.0
4.2,Mw,-0.136798,-81.346329,5.0,2016,4,25,2,25,43.0
3.6,Mw,-1.056184,-81.560921,5.0,2016,4,25,2,54,1.0
3.6,Mw,-1.289101,-81.417702,5.0,2016,4,25,3,47,25.0
3.8,Mw,0.557289,-80.77504,76.7,2016,4,25,4,42,24.0
4.5,Mw,-0.06987,-80.048332,5.14,2016,4,25,7,6,23.0
3.6,Mw,0.540759,-79.999176,6.76,2016,4,25,7,17,52.0
4.2,Mw,0.601177,-80.535545,5.34,2016,4,25,7,46,45.0
4.6,Mw,-0.806852,-81.310966,5.0,2016,4,25,9,55,58.0
3.6,Mw,-0.869123,-81.011986,5.0,2016,4,25,11,55,38.0
4.2,Mw,-1.158805,-81.151299,4.6,2016,4,25,13,50,55.0
3.6,Mw,-0.446769,-80.35041,7.19,2016,4,25,15,44,30.0
4.0,Mw,-0.152469,-80.506294,2.95,2016,4,25,19,38,46.0
5.1,Mw,-0.900199,-80.887627,5.41,2016,4,25,21,15,52.0
4.1,Mw,-1.075593,-81.435387,10.0,2016,4,25,21,29,52.0
4.3,Mw,-0.127397,-81.109116,9.96,2016,4,26,1,27,54.0
3.6,Mw,0.682531,-80.471573,10.57,2016,4,26,3,20,39.0
3.7,Mw,0.316298,-80.229286,10.0,2016,4,26,3,46,54.0
3.6,Mw,0.47788,-80.079102,9.42,2016,4,26,3,57,29.0
3.5,Mw,-0.253076,-80.369408,13.62,2016,4,26,5,21,49.0
3.8,Mw,-0.203396,-80.59552,10.0,2016,4,26,5,43,21.0
4.2,Mw,-1.275384,-81.210556,1.03,2016,4,26,7,22,9.0
3.8,Mw,-0.035154,-80.961014,10.0,2016,4,26,12,24,33.0
3.6,Mw,-1.473755,-81.383301,10.0,2016,4,26,12,47,19.0
4.6,Mw,0.36586,-80.622787,6.65,2016,4,26,15,50,34.0
3.8,Mw,0.338334,-80.630196,10.0,2016,4,26,16,11,58.0
3.6,Mw,0.30639,-80.512466,2.52,2016,4,26,17,55,53.0
3.8,Mw,0.259676,-80.392715,4.3,2016,4,26,19,17,12.0
3.7,Mw,-0.570912,-80.76088,4.59,2016,4,26,21,19,57.0
4.2,Mw,-0.50703,-80.869537,10.0,2016,4,26,21,33,17.0
5.6,Mw,-0.142287,-80.9879,10.0,2016,4,26,21,58,32.0
3.9,Mw,0.273837,-80.324593,10.42,2016,4,26,23,8,37.0
3.6,Mw,-0.60997,-80.764671,19.11,2016,4,26,23,36,4.0
4.5,Mw,-0.333927,-81.158119,1.23,2016,4,27,0,7,7.0
4.4,Mw,-0.570813,-80.813675,10.0,2016,4,27,0,8,15.0
4.0,Mw,0.219658,-80.248352,5.0,2016,4,27,0,39,7.0
4.2,Mw,0.199244,-80.473595,10.97,2016,4,27,2,58,20.0
4.0,Mw,0.17414,-80.31501,5.0,2016,4,27,3,24,30.0
3.9,Mw,-0.897378,-81.290291,5.0,2016,4,27,5,13,39.0
4.8,Mw,0.37408,-91.32872,10.0,2016,4,27,6,39,27.0
3.5,Mw,-1.015761,-81.654587,5.0,2016,4,27,6,45,25.0
3.6,Mw,-1.106539,-81.506783,5.0,2016,4,27,6,51,10.0
4.4,Mw,-1.108332,-81.318893,5.0,2016,4,27,7,8,49.0
4.0,Mw,0.23852,-80.523407,5.0,2016,4,27,8,55,15.0
4.0,Mw,-0.171062,-80.711205,10.51,2016,4,27,14,32,59.0
4.0,Mw,-0.230581,-80.982605,10.0,2016,4,27,18,29,41.0
4.3,Mw,-1.201491,-81.232307,10.0,2016,4,27,21,45,21.0
3.6,Mw,-1.450483,-81.063507,0.67,2016,4,27,21,54,37.0
4.4,Mw,-1.27004,-81.079842,10.0,2016,4,27,23,2,12.0
3.6,Mw,-1.509663,-81.172607,0.0,2016,4,28,1,28,32.0
3.5,Mw,-1.557146,-80.875381,10.0,2016,4,28,4,6,36.0
3.7,Mw,-0.229612,-80.969757,10.0,2016,4,28,8,45,27.0
3.9,Mw,0.371448,-80.389496,4.45,2016,4,28,10,9,19.0
4.0,Mw,0.37511,-80.396103,3.96,2016,4,28,10,14,33.0
3.8,Mw,-1.480064,-80.989693,4.02,2016,4,28,10,24,44.0
4.6,Mw,-1.312424,-81.091415,10.0,2016,4,28,10,33,44.0
4.2,Mw,0.254705,-80.439362,1.93,2016,4,28,12,33,4.0
4.3,Mw,-1.547933,-80.940247,10.0,2016,4,28,13,47,53.0
3.7,Mw,-0.458408,-80.44062,8.53,2016,4,28,15,5,37.0
3.5,Mw,0.445275,-80.616318,10.0,2016,4,28,18,21,31.0
3.7,Mw,-1.635387,-81.113014,5.0,2016,4,28,18,58,16.0
3.6,Mw,-0.411886,-81.115181,5.0,2016,4,28,19,17,9.0
3.7,Mw,-1.757918,-81.180176,10.0,2016,4,28,19,43,50.0
3.7,Mw,-0.382126,-80.91597,8.12,2016,4,28,19,48,47.0
3.7,Mw,-1.587462,-80.989616,5.0,2016,4,28,20,19,43.0
4.2,Mw,-1.549546,-80.851761,10.0,2016,4,28,20,24,27.0
4.2,Mw,0.270982,-80.506645,10.0,2016,4,28,21,43,20.0
3.6,Mw,-1.543003,-81.00473,1.95,2016,4,29,1,23,46.0
4.7,Mw,-1.496526,-80.984688,6.0,2016,4,29,1,50,46.0
4.1,Mw,-1.542152,-80.862259,10.0,2016,4,29,2,37,27.0
4.0,Mw,-3.254335,-78.186226,10.0,2016,4,29,4,9,43.0
4.1,Mw,-0.312564,-80.582352,8.03,2016,4,29,4,25,44.0
3.7,Mw,-1.59518,-80.966927,5.0,2016,4,29,5,37,32.0
3.8,Mw,0.289861,-80.389137,10.0,2016,4,29,6,59,35.0
4.0,Mw,-0.127553,-80.849899,10.0,2016,4,29,15,29,17.0
3.8,Mw,-0.07517,-80.425331,4.45,2016,4,29,15,33,1.0
3.6,Mw,0.239713,-80.412125,5.0,2016,4,29,20,6,31.0
3.6,Mw,-1.647919,-81.124046,10.0,2016,4,29,22,16,51.0
3.6,Mw,-1.192471,-81.375572,10.0,2016,4,29,23,34,17.0
3.9,Mw,-2.469609,-79.108276,3.76,2016,4,29,23,42,23.0
4.3,Mw,0.139302,-80.110062,2.4,2016,4,30,1,44,39.0
3.6,Mw,-1.697638,-81.132881,10.0,2016,4,30,8,42,19.0
4.5,Mw,-0.126917,-81.019981,10.0,2016,4,30,22,32,2.0
4.3,Mw,0.881815,-80.429817,8.27,2016,5,1,0,14,22.0
4.4,Mw,0.306583,-80.206474,5.84,2016,5,1,1,49,3.0
3.8,Mw,-0.355194,-80.495918,7.41,2016,5,1,6,43,47.0
4.2,Mw,-0.293084,-81.02224,10.0,2016,5,1,9,59,26.0
4.0,Mw,-1.617163,-81.076378,10.0,2016,5,1,11,22,24.0
4.2,Mw,-0.899886,-84.412712,10.0,2016,5,1,16,0,32.0
3.9,Mw,0.748033,-80.282784,15.24,2016,5,1,16,36,50.0
4.2,Mw,-1.277404,-81.222496,5.0,2016,5,1,16,56,27.0
3.7,Mw,-0.11524,-80.373497,7.32,2016,5,1,18,8,53.0
3.6,Mw,-0.210556,-80.552727,10.0,2016,5,1,18,24,8.0
3.7,Mw,-0.074605,-80.738609,10.0,2016,5,1,22,36,40.0
4.2,Mw,-0.102244,-80.733109,2.68,2016,5,1,22,55,31.0
3.8,Mw,-0.091509,-80.705627,3.2,2016,5,2,1,25,28.0
4.1,Mw,-0.12791,-80.790749,10.0,2016,5,2,2,4,15.0
3.6,Mw,-0.668516,-77.752457,1.45,2016,5,2,16,6,36.0
3.6,Mw,-1.515957,-80.911079,5.0,2016,5,2,18,3,55.0
3.6,Mw,-4.553963,-77.755852,100.0,2016,5,2,22,59,13.0
4.8,Mw,0.413299,-79.920403,13.28,2016,5,3,3,44,58.0
3.8,Mw,-1.581666,-80.897026,5.0,2016,5,3,14,41,53.0
3.7,Mw,-1.57494,-80.975349,5.0,2016,5,3,17,26,11.0
3.8,Mw,-1.42465,-81.277763,10.0,2016,5,3,21,4,14.0
3.6,Mw,-2.066592,-77.359741,10.0,2016,5,4,13,36,57.0
3.5,Mw,-1.27837,-81.044518,10.0,2016,5,4,16,1,52.0
4.7,Mw,-1.548191,-80.963333,5.0,2016,5,4,16,38,20.0
4.9,Mw,-1.265528,-81.147614,5.0,2016,5,4,22,28,52.0
3.9,Mw,-0.253805,-80.513886,7.73,2016,5,5,0,39,20.0
4.5,Mw,-0.168184,-80.980606,5.1,2016,5,5,13,34,14.0
4.1,Mw,-1.261008,-81.322739,10.0,2016,5,5,15,8,17.0
3.8,Mw,-1.559474,-81.233704,19.31,2016,5,5,15,15,49.0
4.6,Mw,-0.17733,-80.976036,3.74,2016,5,5,16,6,39.0
3.8,Mw,-1.57473,-81.195244,3.41,2016,5,5,18,20,7.0
3.5,Mw,-0.090521,-80.328888,12.69,2016,5,5,19,23,6.0
3.6,Mw,-0.092236,-80.259705,7.89,2016,5,5,19,25,24.0
3.6,Mw,-0.10497,-80.946274,2.13,2016,5,5,22,40,53.0
3.6,Mw,-2.657442,-77.092682,21.77,2016,5,6,0,48,13.0
3.9,Mw,0.623175,-80.044365,1.52,2016,5,6,2,5,59.0
3.7,Mw,-0.184893,-80.81208,2.9,2016,5,6,4,40,25.0
4.1,Mw,-2.809418,-78.065697,5.0,2016,5,6,5,21,44.0
3.8,Mw,-1.52323,-80.973969,5.71,2016,5,6,6,47,0.0
4.4,Mw,-0.163309,-81.048683,5.29,2016,5,6,8,37,41.0
3.7,Mw,-0.032401,-80.212708,7.26,2016,5,6,20,41,24.0
3.9,Mw,-2.720145,-80.168808,6.07,2016,5,7,4,37,57.0
3.7,Mw,0.908126,-83.510529,113.07,2016,5,7,8,25,35.0
4.4,Mw,-1.126465,-81.339233,0.0,2016,5,7,21,46,42.0
3.5,Mw,-4.103558,-79.94767,108.16,2016,5,7,23,56,36.0
3.5,Mw,-0.21355,-80.542946,8.46,2016,5,8,0,8,20.0
3.8,Mw,-0.297199,-79.701363,26.32,2016,5,8,22,58,22.0
4.2,Mw,-0.388305,-80.323463,13.13,2016,5,9,12,49,0.0
5.0,Mw,-0.297775,-80.806068,0.46,2016,5,9,22,22,8.0
3.7,Mw,-2.539569,-80.114143,17.52,2016,5,10,0,12,57.0
3.9,Mw,-2.312602,-81.377464,5.0,2016,5,10,13,17,21.0
4.3,Mw,-0.017699,-80.274536,11.93,2016,5,11,23,4,46.0
4.1,Mw,-0.646408,-81.153442,5.0,2016,5,12,14,18,26.0
3.8,Mw,0.687762,-80.570129,2.81,2016,5,13,2,47,50.0
3.6,Mw,-1.826272,-80.956207,5.0,2016,5,13,4,33,41.0
3.6,Mw,-0.698441,-81.114464,30.36,2016,5,13,13,13,11.0
3.8,Mw,-0.948096,-79.720833,10.0,2016,5,14,13,59,18.0
3.7,Mw,-0.1842,-80.964111,10.0,2016,5,14,22,6,10.0
3.6,Mw,0.874817,-80.251045,11.08,2016,5,15,6,29,10.0
3.8,Mw,-0.607435,-80.689919,2.48,2016,5,15,6,53,40.0
5.0,Mw,0.662731,-80.694397,4.67,2016,5,15,9,51,32.0
4.0,Mw,0.771943,-80.199715,10.0,2016,5,15,16,47,1.0
3.6,Mw,-0.816664,-80.881958,13.27,2016,5,15,20,58,49.0
3.8,Mw,-0.751702,-81.090637,12.0,2016,5,15,21,2,33.0
3.6,Mw,0.69728,-79.734253,8.79,2016,5,16,4,50,39.0
3.7,Mw,-0.804975,-80.838905,6.81,2016,5,16,11,42,50.0
3.7,Mw,0.815622,-79.821823,10.0,2016,5,17,16,14,27.0
4.0,Mw,-0.062764,-80.533951,10.0,2016,5,17,22,51,34.0
3.5,Mw,-0.294084,-80.491753,5.74,2016,5,18,0,3,2.0
6.7,Mw,0.433877,-80.009613,17.19,2016,5,18,7,57,0.0
4.7,Mw,0.478992,-79.924026,18.57,2016,5,18,8,0,42.0
5.0,Mw,0.433118,-79.91494,11.24,2016,5,18,8,6,17.0
4.8,Mw,0.536652,-80.042397,7.0,2016,5,18,8,10,13.0
4.3,Mw,0.513199,-79.96463,5.39,2016,5,18,8,17,43.0
4.5,Mw,0.489231,-79.980759,4.95,2016,5,18,8,19,46.0
3.9,Mw,0.403516,-79.867165,13.37,2016,5,18,8,44,29.0
3.8,Mw,0.457451,-79.799889,8.79,2016,5,18,8,51,59.0
3.7,Mw,0.544558,-79.593079,9.29,2016,5,18,8,52,3.0
3.8,Mw,0.463011,-79.925896,0.97,2016,5,18,9,21,5.0
3.5,Mw,-3.63612,-80.413048,20.19,2016,5,18,9,42,42.0
6.9,Mw,0.473013,-79.815453,20.76,2016,5,18,16,46,42.0
5.2,Mw,0.443366,-79.831657,13.34,2016,5,18,16,52,10.0
4.9,Mw,0.392438,-79.884148,9.52,2016,5,18,16,53,7.0
3.7,Mw,0.357089,-80.020905,10.61,2016,5,18,17,11,37.0
3.9,Mw,0.330962,-79.85228,9.55,2016,5,18,17,21,31.0
4.2,Mw,0.466975,-79.783424,2.75,2016,5,18,17,35,49.0
3.6,Mw,0.62323,-80.212311,10.0,2016,5,18,17,54,44.0
3.6,Mw,0.695391,-80.286804,6.81,2016,5,18,18,10,51.0
3.6,Mw,0.641642,-80.042763,5.12,2016,5,18,18,18,39.0
3.9,Mw,0.611063,-80.092323,6.11,2016,5,18,20,46,7.0
4.7,Mw,0.663215,-80.199951,5.18,2016,5,19,7,5,45.0
3.6,Mw,0.605962,-80.107712,7.47,2016,5,19,9,43,29.0
3.9,Mw,0.626698,-80.497444,3.68,2016,5,19,10,49,11.0
3.7,Mw,0.289565,-80.001984,7.25,2016,5,19,13,54,55.0
3.6,Mw,-0.117357,-80.798477,4.67,2016,5,20,5,8,53.0
3.7,Mw,-0.855121,-80.619446,2.33,2016,5,20,13,11,40.0
4.0,Mw,-2.861713,-79.557175,11.02,2016,5,20,22,49,58.0
3.9,Mw,-2.546722,-77.869469,10.0,2016,5,21,1,22,44.0
3.7,Mw,-2.036488,-80.682228,9.43,2016,5,22,14,44,26.0
3.6,Mw,0.95629,-80.429649,4.31,2016,5,22,21,12,22.0
3.7,Mw,0.296879,-80.32164,9.52,2016,5,23,2,28,21.0
3.5,Mw,-0.917603,-80.738396,3.48,2016,5,23,5,52,38.0
3.8,Mw,-1.799799,-77.39418,5.0,2016,5,24,3,16,53.0
5.0,Mw,-2.820044,-79.093178,69.99,2016,5,24,16,35,22.0
4.9,Mw,0.464074,-79.855049,21.09,2016,5,24,21,3,18.0
3.9,Mw,-3.268138,-80.729713,10.0,2016,5,25,6,14,56.0
4.5,Mw,-0.618896,-81.112061,3.54,2016,5,25,20,20,51.0
3.6,Mw,0.356993,-80.880295,10.0,2016,5,25,21,21,39.0
4.3,Mw,0.351319,-80.780403,10.0,2016,5,26,0,42,14.0
3.6,Mw,-0.347829,-79.664108,16.56,2016,5,27,3,31,26.0
3.8,Mw,-2.100181,-80.236443,8.87,2016,5,27,4,9,14.0
3.6,Mw,-0.129783,-81.012024,10.0,2016,5,29,9,17,6.0
3.5,Mw,0.529852,-80.789391,10.0,2016,5,31,1,18,22.0
4.2,Mw,0.391759,-80.395485,4.0,2016,5,31,15,48,11.0
3.6,Mw,-0.161091,-80.707649,11.88,2016,6,1,2,12,21.0
3.5,Mw,0.371288,-80.818703,9.02,2016,6,1,5,54,35.0
5.3,Mw,0.339937,-80.629791,14.04,2016,6,1,10,5,15.0
4.0,Mw,0.405976,-80.639053,12.28,2016,6,1,10,11,49.0
3.6,Mw,0.316206,-80.593353,6.95,2016,6,1,11,27,15.0
4.8,Mw,0.275994,-80.612846,11.45,2016,6,1,15,0,52.0
3.7,Mw,0.443571,-80.753822,19.55,2016,6,1,15,3,10.0
4.1,Mw,-0.291542,-81.020546,10.56,2016,6,1,23,31,3.0
3.6,Mw,-2.19675,-77.831566,2.32,2016,6,1,23,34,11.0
3.8,Mw,-0.256358,-80.694595,10.74,2016,6,2,0,18,58.0
4.5,Mw,-2.497701,-77.76371,10.0,2016,6,3,13,45,22.0
3.6,Mw,0.285579,-80.148956,12.69,2016,6,5,7,32,56.0
3.6,Mw,-1.323276,-80.955063,3.15,2016,6,6,9,41,41.0
4.4,Mw,0.633016,-80.207703,10.0,2016,6,6,16,45,8.0
3.6,Mw,-1.048911,-79.354668,89.93,2016,6,7,11,49,35.0
3.8,Mw,-0.170917,-80.475922,7.87,2016,6,13,17,17,34.0
3.5,Mw,0.579333,-79.768967,18.09,2016,6,14,23,46,22.0
3.6,Mw,0.809161,-82.431007,10.0,2016,6,15,21,21,23.0
3.5,Mw,0.56038,-80.000084,4.1,2016,6,18,17,42,34.0
3.7,Mw,-3.799063,-77.934914,2.05,2016,6,19,9,44,37.0
3.8,Mw,-3.309453,-80.04644,26.39,2016,6,20,3,56,44.0
4.5,Mw,-0.950192,-80.542038,4.0,2016,6,20,11,59,45.0
4.4,Mw,-0.99726,-80.568451,4.1,2016,6,20,23,24,28.0
4.0,Mw,-3.920147,-79.696335,4.96,2016,6,21,14,50,21.0
4.2,Mw,0.330202,-80.770584,10.0,2016,6,22,15,40,26.0
3.9,Mw,0.270851,-80.773056,18.59,2016,6,22,17,17,20.0
4.1,Mw,0.990169,-79.681671,10.0,2016,6,24,9,38,3.0
3.6,Mw,-0.160697,-80.672035,9.47,2016,6,24,14,49,4.0
3.9,Mw,0.929033,-79.551949,1.37,2016,6,24,15,44,37.0
3.7,Mw,-0.503809,-80.396141,10.22,2016,6,24,19,44,44.0
3.5,Mw,0.908053,-79.579567,8.34,2016,6,25,4,55,43.0
3.8,Mw,0.929465,-79.563622,3.26,2016,6,25,20,15,35.0
3.8,Mw,0.956884,-79.559616,1.68,2016,6,25,21,2,6.0
4.8,Mw,-3.331134,-80.029129,26.68,2016,6,27,4,15,43.0
3.9,Mw,-3.069614,-77.999512,1.55,2016,6,28,21,25,51.0
3.6,Mw,1.360905,-79.634163,1.51,2016,6,29,5,48,40.0
3.5,Mw,-3.568016,-76.78846,15.83,2016,6,30,3,0,55.0
5.1,Mw,-5.278446,-81.102547,10.0,2016,7,2,6,34,51.0
3.8,Mw,-0.273772,-80.554932,2.07,2016,7,3,13,23,48.0
4.0,Mw,0.910602,-79.547035,8.61,2016,7,5,11,25,54.0
3.9,Mw,-0.343533,-81.029617,7.7,2016,7,5,18,44,28.0
3.6,Mw,1.011343,-79.558418,2.64,2016,7,6,4,40,6.0
4.3,Mw,0.939606,-79.514137,2.28,2016,7,6,6,15,22.0
4.8,Mw,0.958251,-79.556648,4.39,2016,7,6,6,19,42.0
3.6,Mw,0.949532,-79.5214,4.57,2016,7,6,6,37,15.0
4.1,Mw,0.91561,-79.506844,3.78,2016,7,6,6,43,41.0
3.6,Mw,0.940589,-79.544792,4.3,2016,7,6,11,6,16.0
3.5,Mw,0.918474,-79.362534,10.0,2016,7,7,0,26,41.0
3.6,Mw,-1.594985,-80.902878,22.96,2016,7,7,2,50,16.0
3.9,Mw,0.958361,-79.443085,10.0,2016,7,7,3,44,16.0
4.3,Mw,0.956815,-79.455582,10.0,2016,7,7,10,48,37.0
4.0,Mw,-0.362793,-81.1259,5.73,2016,7,7,17,10,11.0
4.1,Mw,0.952342,-79.481827,10.0,2016,7,8,3,11,0.0
5.6,Mw,-0.350232,-81.097374,7.76,2016,7,8,4,28,39.0
3.9,Mw,-0.36164,-81.104012,2.02,2016,7,8,4,32,59.0
4.4,Mw,-0.348907,-81.315453,14.06,2016,7,8,4,41,33.0
5.0,Mw,-0.406863,-81.051743,13.1,2016,7,8,7,3,47.0
4.3,Mw,-0.369058,-81.084183,10.0,2016,7,8,7,35,14.0
3.9,Mw,-1.499355,-81.10157,10.0,2016,7,8,14,28,27.0
3.9,Mw,-2.34167,-77.547325,156.84,2016,7,8,17,19,16.0
3.6,Mw,-0.268637,-81.064262,10.0,2016,7,9,7,4,17.0
4.7,Mw,-0.182489,-81.058357,10.0,2016,7,10,6,44,32.0
5.9,Mw,0.600839,-79.884155,8.67,2016,7,11,2,1,8.0
6.2,Mw,0.590491,-79.769196,10.08,2016,7,11,2,11,4.0
4.3,Mw,0.696254,-79.702057,6.1,2016,7,11,7,40,29.0
4.4,Mw,0.955042,-79.528137,2.37,2016,7,12,18,32,27.0
4.0,Mw,0.967791,-79.547142,5.0,2016,7,12,18,35,28.0
3.7,Mw,0.967968,-79.528336,2.22,2016,7,12,18,54,14.0
3.8,Mw,0.939414,-79.546234,5.0,2016,7,13,17,54,6.0
4.2,Mw,-0.653173,-80.952591,10.0,2016,7,14,8,40,40.0
3.6,Mw,-0.555878,-81.270241,10.0,2016,7,14,8,43,31.0
4.7,Mw,1.230548,-80.03746,10.0,2016,7,14,16,37,44.0
4.0,Mw,-0.966784,-80.618973,4.44,2016,7,14,18,11,40.0
4.5,Mw,-0.636167,-81.189102,10.0,2016,7,15,7,32,30.0
4.4,Mw,0.329981,-80.286179,8.2,2016,7,15,11,17,6.0
4.6,Mw,-1.02065,-82.376228,10.0,2016,7,15,12,33,18.0
3.6,Mw,0.616314,-79.878723,9.4,2016,7,15,20,50,20.0
3.7,Mw,0.380362,-80.431053,2.26,2016,7,16,12,58,23.0
4.2,Mw,-3.070297,-80.128349,10.0,2016,7,17,11,57,25.0
3.7,Mw,-0.628084,-81.178764,10.0,2016,7,17,14,43,53.0
3.5,Mw,0.860664,-79.508492,10.0,2016,7,17,18,24,42.0
4.5,Mw,0.951411,-79.455574,10.0,2016,7,18,12,0,26.0
3.7,Mw,-2.060862,-79.799026,56.29,2016,7,18,14,51,33.0
3.9,Mw,-0.923609,-80.693192,10.0,2016,7,19,1,52,32.0
3.8,Mw,0.956407,-79.492172,10.0,2016,7,19,9,14,11.0
5.4,Mw,-0.905479,-80.630928,4.55,2016,7,20,1,20,21.0
3.9,Mw,-0.810741,-80.482811,10.0,2016,7,20,8,47,19.0
4.4,Mw,-0.867505,-80.72644,10.0,2016,7,20,13,51,32.0
5.0,Mw,-0.985771,-80.655319,10.0,2016,7,21,11,57,45.0
4.2,Mw,-0.857062,-80.699646,10.0,2016,7,21,16,43,56.0
4.3,Mw,-0.221377,-80.651901,10.0,2016,7,22,6,31,21.0
3.5,Mw,0.919324,-79.46553,10.0,2016,7,22,14,39,26.0
3.5,Mw,1.068054,-79.588242,5.0,2016,7,23,23,39,25.0
3.5,Mw,-3.634957,-80.148392,44.56,2016,7,24,14,31,8.0
3.7,Mw,-2.706397,-79.884026,3.7,2016,7,25,6,57,37.0
3.7,Mw,0.767917,-79.789803,7.95,2016,7,27,22,6,41.0
4.2,Mw,0.230249,-80.012299,4.38,2016,7,30,1,30,26.0
3.7,Mw,0.722148,-80.227165,5.89,2016,8,3,3,38,16.0
3.6,Mw,-1.200484,-80.934059,4.53,2016,8,3,9,36,49.0
4.0,Mw,-1.908649,-77.600349,10.0,2016,8,5,7,23,5.0
3.5,Mw,-1.913236,-78.990433,99.36,2016,8,5,22,56,31.0
3.9,Mw,0.88392,-79.637199,10.0,2016,8,6,16,37,20.0
3.8,Mw,0.915009,-79.581367,3.58,2016,8,6,16,44,6.0
4.674099999999999,Mw,-0.15773,-78.376141,20.79,2016,8,9,4,23,33.0
3.5,Mw,-1.719723,-77.76046,2.68,2016,8,10,4,35,23.0
3.9352,Mw,-0.149185,-78.366653,6.25,2016,8,14,15,31,15.0
3.9,Mw,-2.838792,-79.701935,13.85,2016,8,15,19,3,9.0
4.1,Mw,-0.169964,-80.766502,10.0,2016,8,22,9,5,4.0
3.7,Mw,-0.17988,-80.797646,10.0,2016,8,22,9,11,19.0
3.8,Mw,-0.917332,-80.591286,8.64,2016,8,22,16,31,28.0
4.6,Mw,-1.910373,-80.289078,6.71,2016,8,23,12,54,21.0
3.7,Mw,-3.333354,-80.498054,10.0,2016,8,25,2,40,30.0
5.2,Mw,-0.930314,-80.581902,12.16,2016,8,26,4,25,27.0
3.7,Mw,-1.620425,-77.873009,10.0,2016,8,27,13,46,49.0
4.2,Mw,1.068025,-83.717171,10.0,2016,9,1,10,37,32.0
4.1,Mw,-2.282445,-79.177048,7.44,2016,9,1,13,35,15.0
4.8,Mw,0.751114,-79.252228,23.18,2016,9,2,20,48,59.0
4.0,Mw,-1.627521,-78.103668,183.87,2016,9,3,20,2,52.0
4.5,Mw,-0.168066,-78.378109,20.74,2016,9,5,0,22,55.0
3.5,Mw,-3.085193,-80.400284,4.19,2016,9,6,13,23,44.0
3.6,Mw,-3.133844,-81.780586,14.71,2016,9,7,5,10,6.0
3.5,Mw,-4.213328,-79.679115,64.37,2016,9,8,4,0,10.0
3.7,Mw,-2.722914,-77.243065,75.56,2016,9,8,13,52,37.0
3.5,Mw,0.428311,-81.004448,10.0,2016,9,9,3,52,51.0
3.9,Mw,-0.464686,-80.892838,10.0,2016,9,9,17,12,39.0
3.7,Mw,-2.512603,-77.336517,7.8,2016,9,10,1,15,50.0
3.9,Mw,-1.624722,-77.738182,197.55,2016,9,10,4,53,30.0
4.8,Mw,-2.718229,-77.639999,108.65,2016,9,11,19,59,7.0
4.9,Mw,0.612577,-80.200798,7.59,2016,9,14,16,50,34.0
3.7,Mw,0.639534,-80.192505,5.02,2016,9,14,23,0,8.0
3.7,Mw,0.619893,-80.179436,5.47,2016,9,15,0,18,29.0
3.5,Mw,0.635663,-80.199783,4.71,2016,9,15,0,27,40.0
4.1,Mw,-3.339997,-80.771896,6.55,2016,9,15,11,41,9.0
3.8,Mw,-2.402434,-79.910683,49.75,2016,9,22,0,53,53.0
4.7,Mw,-3.245413,-80.783211,10.0,2016,9,25,18,23,57.0
3.6,Mw,-3.455218,-80.839386,10.0,2016,9,27,7,5,30.0
3.5,Mw,-0.873601,-80.945152,7.6,2016,9,29,3,46,1.0
4.8,Mw,-1.735269,-77.937614,180.99,2016,9,30,16,45,12.0
3.5,Mw,0.019263,-81.073036,10.0,2016,10,1,4,16,39.0
3.7,Mw,-3.025478,-80.547554,1.11,2016,10,5,14,8,49.0
3.8,Mw,-1.495935,-78.095436,229.97,2016,10,5,20,50,17.0
3.6,Mw,0.6238,-80.024689,10.0,2016,10,7,6,58,4.0
3.9,Mw,-1.753601,-78.109657,166.48,2016,10,12,2,14,48.0
3.7,Mw,-1.667206,-78.279648,157.34,2016,10,13,18,28,14.0
3.6,Mw,-2.005032,-78.346512,5.78,2016,10,13,20,24,5.0
4.1,Mw,-0.261881,-81.034058,10.0,2016,10,14,0,24,40.0
4.4,Mw,-3.840548,-80.112663,5.0,2016,10,14,9,36,55.0
3.5,Mw,-0.952653,-79.746712,10.0,2016,10,14,14,40,54.0
3.8,Mw,-0.357726,-81.00528,10.0,2016,10,15,6,32,48.0
3.9,Mw,-3.212989,-80.657463,10.0,2016,10,17,1,47,46.0
3.6,Mw,-0.074239,-80.273033,8.9,2016,10,17,17,5,37.0
3.9,Mw,0.492924,-80.874451,2.09,2016,10,17,21,36,29.0
3.5,Mw,-1.12447,-79.859138,16.48,2016,10,25,14,26,9.0
4.0,Mw,-0.012386,-81.221214,10.0,2016,10,26,15,33,13.0
3.6,Mw,-0.591431,-80.98938,2.68,2016,10,26,23,25,3.0
4.5,Mw,-0.985812,-80.61908,5.16,2016,10,27,4,45,46.0
3.8,Mw,-0.922715,-80.663376,4.7,2016,10,27,6,38,45.0
3.7,Mw,-2.012729,-79.853897,54.86,2016,10,28,7,33,51.0
4.1,Mw,-2.031699,-80.000359,30.99,2016,10,30,7,12,53.0
4.0,Mw,-2.098294,-80.224586,13.76,2016,11,4,22,35,5.0
3.6,Mw,-2.580363,-79.248993,29.79,2016,11,5,12,52,35.0
3.6,Mw,-1.488062,-81.093765,6.19,2016,11,7,17,30,16.0
3.9,Mw,0.26638,-80.26004,6.01,2016,11,8,16,3,22.0
3.8,Mw,-1.312866,-80.886841,0.51,2016,11,10,1,15,18.0
4.4,Mw,1.100681,-83.823555,6.0,2016,11,12,18,1,46.0
3.7,Mw,0.407342,-78.95063,77.87,2016,11,13,12,2,7.0
3.9,Mw,-1.090232,-78.306564,3.56,2016,11,14,7,36,3.0
3.9,Mw,-0.861672,-80.600945,5.0,2016,11,17,19,19,57.0
3.9,Mw,-1.917237,-78.044441,165.64,2016,11,19,4,5,26.0
4.8,Mw,-2.011827,-79.850723,55.92,2016,11,19,19,55,53.0
4.5,Mw,-0.184146,-80.644188,4.88,2016,11,21,1,34,19.0
3.7,Mw,-0.169253,-80.647598,2.21,2016,11,21,9,47,26.0
4.5,Mw,-3.779596,-92.323769,16.58,2016,11,23,9,31,29.0
3.6,Mw,-3.172492,-81.583588,10.0,2016,11,30,7,25,34.0
4.8,Mw,-1.188276,-80.934204,3.33,2016,12,1,19,35,21.0
3.8,Mw,-1.301829,-80.978905,8.46,2016,12,1,20,28,57.0
3.6,Mw,-1.23001,-80.915833,5.39,2016,12,1,22,17,1.0
3.6,Mw,-2.097381,-79.782051,67.07,2016,12,2,7,42,6.0
3.8,Mw,-1.355595,-80.901421,5.0,2016,12,5,17,50,59.0
4.0,Mw,-1.536116,-79.235771,6.49,2016,12,6,1,16,30.0
4.2,Mw,-2.150107,-79.833893,72.29,2016,12,6,19,12,4.0
3.7,Mw,0.922746,-79.8367,6.84,2016,12,10,0,12,36.0
3.8,Mw,0.949228,-79.84269,5.67,2016,12,10,5,7,4.0
3.5,Mw,0.997064,-79.921623,4.94,2016,12,10,7,49,36.0
3.6,Mw,-1.936318,-80.265381,17.2,2016,12,11,23,57,56.0
4.1,Mw,-2.760952,-79.851913,10.46,2016,12,12,11,12,15.0
5.0024999999999995,Mw,0.859129,-79.906412,10.89,2016,12,12,15,53,52.0
4.3457,Mw,0.858637,-79.892137,12.37,2016,12,12,19,29,7.0
3.6,Mw,0.99088,-79.803291,2.43,2016,12,13,3,2,37.0
4.3,Mw,1.100794,-79.994545,4.78,2016,12,13,22,55,45.0
4.2,Mw,-2.554044,-80.019646,30.68,2016,12,16,1,53,6.0
3.7,Mw,-0.093512,-80.487343,5.71,2016,12,18,10,44,39.0
3.6,Mw,0.756521,-79.742165,3.14,2016,12,18,21,6,51.0
5.8,Mw,0.927406,-79.843132,6.42,2016,12,19,7,11,38.0
3.9,Mw,1.031215,-79.84446,8.46,2016,12,19,7,18,48.0
4.2,Mw,1.103383,-79.8563,1.91,2016,12,19,7,24,53.0
4.0,Mw,1.179907,-80.056236,6.22,2016,12,19,7,53,58.0
3.9,Mw,0.983652,-79.796928,10.0,2016,12,19,8,4,14.0
3.9,Mw,1.034915,-79.847542,5.0,2016,12,19,8,8,1.0
3.9,Mw,1.050738,-79.880333,4.12,2016,12,19,8,17,58.0
4.263599999999999,Mw,0.863559,-79.81141,11.93,2016,12,19,8,20,1.0
4.5,Mw,0.972963,-79.767159,1.45,2016,12,19,8,57,12.0
4.0,Mw,1.081018,-79.847702,2.73,2016,12,19,9,8,22.0
4.3,Mw,1.042115,-79.848862,4.97,2016,12,19,9,59,47.0
3.8,Mw,-3.428202,-80.673058,2.97,2016,12,19,22,44,52.0
3.9,Mw,0.978192,-79.954346,7.33,2016,12,20,9,25,32.0
4.8,Mw,0.941638,-79.646973,12.38,2016,12,20,10,49,59.0
3.9,Mw,0.869636,-79.75882,8.45,2016,12,20,10,52,16.0
4.263599999999999,Mw,0.862082,-79.86408,10.18,2016,12,20,12,9,35.0
3.8,Mw,1.081418,-79.945267,7.84,2016,12,20,15,17,57.0
4.5099,Mw,0.880539,-79.849561,11.74,2016,12,20,15,41,29.0
3.6,Mw,0.95196,-79.870705,8.62,2016,12,20,16,21,46.0
5.1,Mw,0.95988,-79.851585,4.96,2016,12,20,17,39,21.0
4.0,Mw,1.068322,-79.919876,2.84,2016,12,20,17,45,41.0
4.4277999999999995,Mw,0.905395,-79.84538,11.44,2016,12,20,17,55,11.0
3.6,Mw,1.073684,-79.847176,2.76,2016,12,20,21,26,44.0
5.1,Mw,0.955786,-79.816727,4.66,2016,12,21,1,4,50.0
4.5,Mw,-2.147772,-80.374023,12.9,2016,12,22,15,25,24.0
3.5,Mw,-0.146389,-80.6632,4.36,2016,12,22,17,47,11.0
3.8,Mw,-2.607982,-79.723808,24.61,2016,12,23,14,45,35.0
3.6,Mw,1.137338,-79.984482,6.08,2016,12,24,18,56,0.0
3.6,Mw,0.18429,-79.608063,9.23,2016,12,25,11,29,50.0
3.7,Mw,-0.154314,-80.667389,1.09,2016,12,26,2,58,41.0
3.8,Mw,-0.121057,-80.827843,2.1,2016,12,26,7,49,55.0
3.5,Mw,0.934615,-79.744225,11.22,2016,12,26,12,10,22.0
4.2,Mw,1.021673,-79.879509,4.54,2016,12,26,19,57,48.0
3.8,Mw,-2.215406,-77.979362,135.31,2016,12,29,4,2,19.0
3.7,Mw,-1.010797,-80.115265,11.73,2017,1,3,20,6,40.0
3.7,Mw,-3.974095,-79.851288,45.06,2017,1,6,12,31,34.0
4.5,Mw,-2.883709,-80.403252,10.0,2017,1,7,9,11,53.0
3.5,Mw,0.994154,-79.818008,7.27,2017,1,8,23,12,53.0
5.2,Mw,0.652821,-80.091377,2.93,2017,1,11,2,36,29.0
3.8,Mw,0.446769,-80.851898,10.0,2017,1,14,10,16,2.0
4.3,Mw,-2.681929,-80.927643,10.0,2017,1,15,9,5,29.0
5.3,Mw,-0.06758,-80.881714,7.0,2017,1,15,9,44,44.0
3.8,Mw,-1.893311,-77.347412,181.09,2017,1,16,12,26,15.0
3.5,Mw,-0.22352,-80.830917,12.0,2017,1,16,13,52,46.0
3.7,Mw,-1.488506,-77.586998,211.55,2017,1,16,17,40,11.0
3.6,Mw,-2.949535,-79.226929,46.7,2017,1,17,17,45,5.0
3.9,Mw,-2.261632,-77.014404,129.35,2017,1,19,23,52,45.0
3.6,Mw,-3.612748,-80.694809,5.3,2017,1,22,1,4,52.0
3.8,Mw,-4.00422,-80.941605,10.0,2017,1,23,22,9,49.0
3.6,Mw,-2.009043,-79.856361,65.44,2017,1,25,12,10,9.0
3.7,Mw,-4.039575,-80.841171,5.88,2017,1,29,22,16,33.0
4.3,Mw,-2.607066,-79.978256,36.35,2017,1,30,4,56,32.0
3.7,Mw,1.004844,-79.263878,4.04,2017,1,30,8,16,52.0
3.6,Mw,-1.597401,-80.826744,10.0,2017,1,31,1,57,19.0
4.3,Mw,-2.419502,-80.303772,13.06,2017,1,31,6,59,0.0
5.7,Mw,0.739947,-79.766792,9.11,2017,1,31,14,22,39.0
5.2,Mw,-3.124234,-77.09507,16.09,2017,1,31,23,38,29.0
3.7,Mw,-1.68731,-77.876244,10.0,2017,2,1,18,24,11.0
4.4,Mw,-0.915854,-80.461082,3.44,2017,2,4,20,17,2.0
3.6,Mw,-1.443159,-81.03801,5.55,2017,2,10,0,35,34.0
4.9,Mw,-1.400212,-80.546349,10.0,2017,2,15,4,12,10.0
4.1,Mw,-2.29064,-79.864395,39.9,2017,2,19,6,26,55.0
3.7,Mw,-3.775218,-77.630905,10.0,2017,2,19,19,52,39.0
3.6,Mw,-3.453555,-80.875786,11.03,2017,2,20,17,14,36.0
3.5,Mw,-3.673164,-79.807739,10.0,2017,2,21,23,2,23.0
3.5,Mw,-2.232787,-79.817925,57.27,2017,2,22,21,26,59.0
4.5,Mw,-3.697175,-76.075951,196.95,2017,2,23,1,8,29.0
3.8,Mw,-3.42424,-80.765442,10.0,2017,2,23,17,22,37.0
3.9,Mw,-4.154473,-80.461411,16.61,2017,2,24,0,40,59.0
4.2,Mw,-3.917739,-77.103226,31.12,2017,2,26,10,47,57.0
3.6,Mw,0.13812,-80.247681,7.57,2017,2,26,11,19,38.0
3.9,Mw,-1.933714,-78.861748,10.0,2017,2,27,20,46,3.0
3.5,Mw,0.931074,-77.551628,5.85,2017,2,28,1,52,57.0
3.5,Mw,-1.36624,-80.08255,32.34,2017,3,1,18,54,47.0
3.6,Mw,-2.41063,-79.788139,35.08,2017,3,3,1,1,38.0
3.6,Mw,-1.038934,-80.46032,4.04,2017,3,3,13,57,13.0
3.6,Mw,0.59739,-80.073166,3.03,2017,3,3,17,24,27.0
4.0,Mw,0.62777,-80.152481,8.71,2017,3,3,17,35,10.0
3.9,Mw,0.645953,-80.052826,6.66,2017,3,4,7,10,8.0
4.0,Mw,-0.894013,-79.874062,48.18,2017,3,4,19,54,36.0
3.6,Mw,-2.382652,-78.25882,6.0,2017,3,4,23,25,27.0
3.6,Mw,-0.654933,-81.0326,10.0,2017,3,9,14,36,15.0
4.0,Mw,0.095158,-85.075531,19.37,2017,3,11,7,49,35.0
3.6,Mw,0.726964,-79.625664,10.8,2017,3,15,5,15,24.0
3.8,Mw,0.268091,-80.731232,4.27,2017,3,15,6,18,34.0
4.2,Mw,-2.295353,-79.731422,55.44,2017,3,15,16,16,38.0
4.2,Mw,-2.925596,-79.824654,20.78,2017,3,17,7,20,20.0
4.0,Mw,0.439371,-84.558441,10.0,2017,3,19,8,32,12.0
3.8,Mw,-0.135204,-80.561218,4.69,2017,3,21,21,49,25.0
3.8,Mw,-0.111288,-80.519318,4.77,2017,3,21,22,51,56.0
3.6,Mw,-0.165402,-80.633598,6.99,2017,3,22,2,51,1.0
3.6,Mw,-3.734113,-80.138573,10.0,2017,3,22,17,22,54.0
3.8,Mw,-2.858752,-79.9599,10.0,2017,3,24,4,31,20.0
3.6,Mw,0.872855,-79.755516,9.24,2017,3,24,4,44,29.0
4.2,Mw,-0.50158,-80.844887,4.07,2017,3,24,6,23,47.0
3.7,Mw,-0.254002,-77.276253,4.15,2017,3,24,10,57,1.0
3.8,Mw,-1.995865,-81.185448,12.17,2017,3,25,22,45,11.0
3.5,Mw,-1.996253,-81.18454,14.08,2017,3,25,22,56,18.0
4.3,Mw,-3.349926,-79.893906,4.17,2017,3,26,13,12,41.0
3.7,Mw,-1.083739,-79.488724,94.52,2017,3,26,13,20,56.0
5.1,Mw,-3.086325,-75.972343,75.07,2017,3,28,11,15,36.0
3.7,Mw,-1.585199,-79.205795,8.29,2017,3,29,11,23,1.0
3.7,Mw,-2.493426,-77.856918,10.0,2017,3,29,20,6,3.0
3.7,Mw,-1.906347,-77.992638,157.53,2017,3,30,0,20,37.0
3.8,Mw,0.182982,-80.093987,5.17,2017,4,1,12,23,52.0
3.5,Mw,-3.794206,-78.457733,5.52,2017,4,1,12,43,53.0
3.8,Mw,-2.364732,-79.764542,32.59,2017,4,3,0,49,6.0
3.7,Mw,-0.735492,-81.068016,2.56,2017,4,3,5,2,24.0
3.8,Mw,-0.142336,-80.415466,9.17,2017,4,3,23,53,13.0
3.9,Mw,-3.44486,-80.039368,30.69,2017,4,5,20,24,10.0
3.6,Mw,-2.767087,-79.422974,3.7,2017,4,8,20,42,29.0
3.5,Mw,-2.819054,-80.796265,10.0,2017,4,9,1,35,7.0
3.6,Mw,-0.942514,-79.287674,102.03,2017,4,10,14,44,10.0
3.6,Mw,-3.610313,-79.880989,54.7,2017,4,10,20,31,53.0
3.8,Mw,0.184647,-79.127739,4.41,2017,4,12,5,8,22.0
4.1,Mw,0.569705,-79.208351,31.09,2017,4,12,9,43,47.0
4.2,Mw,0.253761,-80.00946,8.14,2017,4,14,13,1,13.0
3.7,Mw,0.878503,-79.771683,14.36,2017,4,15,7,27,53.0
3.6,Mw,-3.319863,-81.020226,11.87,2017,4,16,1,18,21.0
4.3,Mw,-4.266058,-77.835426,20.0,2017,4,17,4,22,52.0
4.1,Mw,-4.490565,-80.190948,63.39,2017,4,18,7,33,48.0
4.4,Mw,-3.78358,-75.754555,25.0,2017,4,18,19,15,3.0
3.6,Mw,-3.342382,-75.377686,20.0,2017,4,19,0,32,52.0
3.6,Mw,-3.111328,-75.910919,10.0,2017,4,19,10,29,57.0
3.6,Mw,-2.98472,-79.017876,21.77,2017,4,19,16,57,21.0
4.9,Mw,1.082684,-85.242409,12.29,2017,4,20,11,32,22.0
5.2,Mw,0.787054,-85.320557,20.0,2017,4,21,16,58,18.0
3.5,Mw,-2.426475,-81.772942,10.0,2017,4,25,4,3,11.0
4.5,Mw,-2.257266,-79.842278,48.16,2017,4,26,8,46,39.0
4.1,Mw,0.954271,-79.486488,5.08,2017,4,27,15,51,49.0
3.8,Mw,0.922083,-79.470932,4.28,2017,4,27,16,58,36.0
3.5,Mw,0.779789,-78.974838,10.0,2017,4,27,19,21,40.0
4.3,Mw,-1.969393,-80.890816,4.84,2017,4,28,5,40,52.0
3.5,Mw,-2.504215,-76.561234,10.0,2017,4,29,9,53,18.0
5.3,Mw,-2.256419,-77.612358,10.0,2017,5,1,0,6,8.0
3.8,Mw,1.364857,-79.613678,9.53,2017,5,1,16,15,46.0
3.8,Mw,-0.723886,-80.796532,3.28,2017,5,4,0,12,6.0
3.5,Mw,0.594764,-80.163338,5.99,2017,5,5,12,18,28.0
4.5,Mw,1.578402,-85.266678,10.0,2017,5,6,0,41,10.0
3.7,Mw,1.382795,-79.269196,3.12,2017,5,6,3,37,4.0
3.8,Mw,-2.024052,-78.46785,137.37,2017,5,9,6,46,37.0
3.7,Mw,-0.799123,-79.806213,10.0,2017,5,15,8,58,28.0
4.9,Mw,-2.283741,-80.325661,16.86,2017,5,16,15,59,17.0
3.6,Mw,-4.042503,-80.448967,16.39,2017,5,16,17,40,13.0
3.7,Mw,-1.747048,-80.471825,5.88,2017,5,18,3,10,39.0
4.3,Mw,-3.753198,-80.14753,44.93,2017,5,26,18,25,5.0
3.9,Mw,-2.513675,-80.71048,10.0,2017,5,27,20,4,7.0
4.0,Mw,-1.755649,-78.106728,163.65,2017,5,29,12,6,53.0
4.1,Mw,-0.156555,-80.701622,10.0,2017,5,29,12,57,22.0
3.9,Mw,-0.216169,-80.666389,10.0,2017,5,29,13,4,15.0
3.6,Mw,-0.215533,-80.705467,10.0,2017,5,29,13,20,10.0
3.6,Mw,-2.152764,-79.770546,65.31,2017,5,30,22,12,0.0
3.6,Mw,-1.018026,-79.804985,35.41,2017,6,3,12,17,55.0
6.3,Mw,-4.038656,-80.506142,16.5,2017,6,5,11,34,10.0
3.9,Mw,-3.074521,-78.121117,16.37,2017,6,6,17,49,25.0
4.5,Mw,-4.115075,-80.499512,16.26,2017,6,6,20,34,51.0
3.5,Mw,1.181384,-78.837425,28.34,2017,6,7,7,15,16.0
3.8,Mw,0.528195,-80.065781,4.4,2017,6,7,17,30,54.0
3.5,Mw,0.598615,-80.141907,7.66,2017,6,7,20,17,27.0
3.6,Mw,-1.405388,-80.338882,20.81,2017,6,8,0,46,42.0
3.9,Mw,-3.450612,-78.751938,10.0,2017,6,8,4,32,35.0
3.8,Mw,-2.840556,-80.460243,1.94,2017,6,8,10,14,20.0
4.0,Mw,0.623748,-80.088951,4.94,2017,6,9,9,6,49.0
4.4,Mw,0.474524,-80.643616,8.16,2017,6,11,18,1,49.0
3.9,Mw,0.477995,-80.651833,4.93,2017,6,11,19,8,55.0
4.0,Mw,0.353133,-80.227135,9.9,2017,6,12,14,30,32.0
3.6,Mw,-1.072464,-80.625496,4.45,2017,6,14,3,8,27.0
3.8,Mw,-3.375918,-79.795341,45.42,2017,6,15,10,11,16.0
3.5,Mw,-1.946717,-77.719833,10.0,2017,6,15,15,7,26.0
4.0,Mw,0.929577,-79.700569,5.71,2017,6,16,18,12,38.0
3.7,Mw,-2.678011,-79.723816,3.17,2017,6,18,20,3,51.0
3.7,Mw,0.01677,-80.419998,10.36,2017,6,20,17,5,6.0
3.8,Mw,-1.952806,-80.340408,8.69,2017,6,23,19,55,16.0
3.6,Mw,-0.331564,-80.442108,10.85,2017,6,27,17,22,57.0
4.6,Mw,-4.25257,-79.997643,98.62,2017,6,27,22,13,47.0
4.1,Mw,0.131707,-80.356209,6.5,2017,6,30,13,22,26.0
4.1,Mw,-2.931049,-80.017868,11.0,2017,6,30,15,38,44.0
6.3,Mw,-0.145638,-80.850998,9.0,2017,6,30,22,29,40.0
4.9,Mw,-0.179156,-80.839859,8.0,2017,6,30,22,37,47.0
3.9,Mw,-0.43415,-81.094154,5.0,2017,6,30,22,55,21.0
3.6,Mw,-2.934629,-78.650276,10.0,2017,6,30,22,57,4.0
3.7,Mw,-0.18959,-80.784882,2.18,2017,7,1,0,14,41.0
3.6,Mw,-0.058124,-80.994926,10.0,2017,7,1,1,7,40.0
4.5,Mw,-0.124597,-80.74733,1.1,2017,7,1,3,32,50.0
4.0,Mw,-0.268737,-80.804787,4.21,2017,7,1,18,10,56.0
4.5,Mw,-0.130057,-80.999191,10.49,2017,7,1,23,16,32.0
3.6,Mw,-0.237649,-80.766373,1.92,2017,7,2,5,55,26.0
4.0,Mw,-0.078716,-80.780853,6.95,2017,7,5,10,55,4.0
4.2,Mw,-0.080707,-81.054123,3.76,2017,7,6,4,49,41.0
4.0,Mw,-1.091955,-81.056847,24.75,2017,7,6,9,12,38.0
3.5,Mw,-3.896642,-77.805923,10.0,2017,7,8,6,45,37.0
4.2,Mw,-2.958124,-81.942978,10.0,2017,7,9,18,4,53.0
3.5,Mw,-3.610464,-80.050423,29.43,2017,7,10,12,27,22.0
4.1,Mw,-2.291495,-79.447884,81.62,2017,7,10,18,48,57.0
5.5,Mw,0.756791,-79.751724,7.99,2017,7,11,12,9,15.0
3.8,Mw,-2.689173,-78.568909,78.34,2017,7,12,0,45,57.0
3.8,Mw,-0.024606,-80.986786,10.0,2017,7,12,14,59,0.0
4.0,Mw,-0.24521,-81.122375,10.0,2017,7,12,16,27,37.0
4.099399999999999,Mw,0.705744,-77.855629,3.44,2017,7,14,14,57,34.0
4.2,Mw,0.746167,-77.856833,2.0,2017,7,14,16,58,5.0
3.8531,Mw,0.719396,-77.85849,3.75,2017,7,14,20,12,45.0
4.1,Mw,-4.076265,-78.95385,92.8,2017,7,15,22,27,49.0
3.6,Mw,0.377935,-80.991478,20.35,2017,7,16,23,9,5.0
4.3,Mw,0.96256,-84.949844,6.12,2017,7,19,1,15,30.0
3.9,Mw,-0.922324,-80.470322,3.88,2017,7,20,14,14,4.0
4.3,Mw,-3.517665,-79.941574,8.3,2017,7,20,14,30,4.0
3.7,Mw,-0.10729,-81.003662,9.0,2017,7,23,12,6,31.0
4.3,Mw,-0.239482,-80.696121,6.58,2017,7,24,0,28,11.0
4.7,Mw,-0.923087,-80.245049,5.0,2017,7,26,19,59,22.0
3.8,Mw,-5.02172,-76.501282,1.0,2017,7,27,16,37,17.0
3.8,Mw,-0.609785,-81.265099,12.35,2017,7,28,5,30,4.0
3.7,Mw,-0.188945,-78.818993,4.67,2017,7,30,18,30,50.0
4.3,Mw,1.739129,-84.137596,10.0,2017,7,31,1,58,53.0
3.6,Mw,-0.666333,-77.881,3.13,2017,7,31,8,41,13.0
3.6,Mw,-2.311378,-79.380684,85.77,2017,8,1,1,35,46.0
3.7,Mw,-0.193106,-78.836449,3.21,2017,8,2,0,40,18.0
4.4,Mw,0.299251,-80.08638,4.96,2017,8,10,0,55,1.0
4.2,Mw,-2.146544,-77.398735,6.8,2017,8,12,0,15,59.0
3.7,Mw,-0.141699,-80.777229,21.47,2017,8,13,22,49,34.0
4.2,Mw,-0.131304,-80.715614,7.74,2017,8,13,22,54,26.0
3.5,Mw,-0.132258,-80.712952,10.0,2017,8,13,23,9,26.0
3.8,Mw,-1.619862,-78.005402,176.64,2017,8,14,13,48,28.0
4.2,Mw,-2.874396,-78.938431,32.3,2017,8,14,22,15,4.0
3.7,Mw,-0.98651,-80.380386,7.57,2017,8,20,18,0,18.0
3.6,Mw,-1.359624,-78.938698,117.17,2017,8,23,13,59,24.0
4.1,Mw,1.341768,-78.742043,74.56,2017,8,24,10,48,54.0
3.6,Mw,0.053036,-77.416222,4.46,2017,8,28,6,16,38.0
3.7,Mw,-4.31503,-77.783974,12.0,2017,9,2,18,7,9.0
3.6,Mw,-4.827838,-76.362625,10.0,2017,9,2,18,47,59.0
3.8,Mw,0.728236,-80.282623,9.02,2017,9,2,23,53,7.0
4.4,Mw,0.725822,-80.285324,10.2,2017,9,3,0,26,40.0
4.3,Mw,0.577404,-80.171593,4.5,2017,9,3,0,27,52.0
3.7,Mw,0.593696,-80.271019,9.18,2017,9,3,15,38,53.0
3.6,Mw,0.610646,-80.199074,11.44,2017,9,3,20,26,5.0
3.6,Mw,-3.742823,-79.948051,34.5,2017,9,4,13,7,50.0
3.7,Mw,-0.098958,-80.822273,9.72,2017,9,5,6,9,46.0
3.6,Mw,-1.641441,-78.16114,162.33,2017,9,7,23,46,10.0
3.9,Mw,-0.46723,-80.438286,16.1,2017,9,8,22,33,40.0
3.7,Mw,1.242831,-79.335121,10.0,2017,9,9,0,44,38.0
3.9,Mw,-3.51098,-79.48774,53.75,2017,9,9,5,52,54.0
3.8,Mw,-2.45114,-80.131668,23.12,2017,9,10,4,2,2.0
3.5,Mw,-1.63815,-78.145798,152.31,2017,9,13,3,24,52.0
4.5,Mw,1.057927,-79.684341,15.65,2017,9,13,3,34,40.0
3.7,Mw,-0.172313,-80.66111,2.23,2017,9,13,18,27,24.0
4.7,Mw,-1.585063,-78.098495,171.69,2017,9,16,4,21,5.0
3.6,Mw,1.242744,-79.805534,7.38,2017,9,18,10,46,43.0
3.9,Mw,-2.154812,-78.878929,102.04,2017,9,19,12,48,28.0
3.6,Mw,-2.940573,-80.459969,13.19,2017,9,24,9,50,12.0
3.7,Mw,-2.027644,-79.783493,32.76,2017,9,27,8,11,21.0
4.9,Mw,1.095276,-91.01265,19.45,2017,9,30,16,45,45.0
3.6,Mw,-1.742774,-77.555702,206.01,2017,10,1,2,13,34.0
3.6,Mw,-1.560721,-77.50692,212.82,2017,10,1,7,37,41.0
3.6,Mw,-2.691121,-81.406044,2.72,2017,10,1,7,56,22.0
3.6,Mw,-0.139186,-77.552841,4.63,2017,10,1,15,30,45.0
4.3,Mw,-0.683297,-80.607643,11.45,2017,10,1,20,22,19.0
4.0,Mw,-2.417002,-79.906746,18.16,2017,10,4,22,16,43.0
3.5,Mw,-1.347247,-80.694,16.7,2017,10,6,5,18,45.0
5.2,Mw,-1.829754,-78.186905,159.42,2017,10,7,9,26,12.0
4.8,Mw,-1.771167,-77.757805,186.54,2017,10,9,4,15,21.0
4.0,Mw,-1.783334,-77.698875,184.15,2017,10,11,5,8,10.0
3.9,Mw,-2.782603,-77.883835,4.36,2017,10,13,12,27,9.0
5.0,Mw,1.15054,-79.681633,6.92,2017,10,19,2,39,8.0
3.6,Mw,-3.596472,-77.899696,44.9,2017,10,20,0,2,14.0
3.5,Mw,-2.784807,-76.847832,112.18,2017,10,21,4,0,49.0
4.4,Mw,-0.146764,-79.265648,8.82,2017,10,23,9,40,59.0
3.6,Mw,-1.810136,-77.346474,4.34,2017,10,23,13,56,35.0
4.4,Mw,-1.402917,-77.879883,203.41,2017,10,23,17,8,18.0
3.9,Mw,-2.056267,-81.06263,10.0,2017,10,25,18,2,48.0
4.7,Mw,-4.020053,-80.75135,8.17,2017,10,26,13,57,4.0
4.0,Mw,-1.070548,-77.669991,7.33,2017,10,29,12,39,36.0
3.8,Mw,1.14326,-83.13311,10.0,2017,11,1,2,31,40.0
3.6,Mw,-1.017013,-80.623894,6.13,2017,11,1,2,43,0.0
4.0,Mw,-2.431259,-77.386223,142.01,2017,11,3,7,33,54.0
3.6,Mw,0.319333,-79.945366,9.92,2017,11,4,23,46,41.0
4.0,Mw,-3.460475,-80.805733,12.0,2017,11,5,18,27,33.0
4.2,Mw,-1.967239,-79.542702,85.28,2017,11,6,6,6,50.0
4.4,Mw,0.63927,-80.010674,7.11,2017,11,6,17,55,59.0
4.592,Mw,0.604486,-80.128937,7.2,2017,11,6,17,56,48.0
3.6,Mw,-1.487538,-80.586555,10.0,2017,11,8,1,10,28.0
3.5,Mw,-2.092659,-79.789627,62.74,2017,11,9,4,8,21.0
3.6,Mw,-0.920579,-79.303688,92.76,2017,11,9,10,52,47.0
3.5,Mw,-1.139942,-80.563553,8.81,2017,11,10,6,45,26.0
4.7562,Mw,-1.221422,-80.521271,4.25,2017,11,10,6,56,38.0
3.6,Mw,-4.197903,-78.029068,10.0,2017,11,12,11,25,36.0
3.5,Mw,0.387052,-76.059555,19.59,2017,11,13,17,55,18.0
3.6,Mw,-2.360127,-79.420227,81.32,2017,11,14,15,10,49.0
5.2,Mw,-2.414231,-80.002235,61.95,2017,11,17,13,40,41.0
5.659299999999999,Mw,-2.857035,-79.757111,21.15,2017,11,18,4,23,45.0
4.0,Mw,-4.213668,-79.536995,65.77,2017,11,18,7,22,31.0
3.7,Mw,-4.109325,-79.379601,5.63,2017,11,18,7,22,32.0
3.6,Mw,-5.181542,-78.542145,10.0,2017,11,18,21,3,10.0
4.0,Mw,-3.025723,-80.088913,26.82,2017,11,18,21,30,23.0
4.3457,Mw,0.022671,-80.085159,24.01,2017,11,19,12,38,47.0
4.8,Mw,-1.771966,-78.254761,165.22,2017,11,19,21,42,12.0
3.7,Mw,-2.761585,-77.640312,99.75,2017,11,20,15,24,55.0
4.1,Mw,-2.185763,-80.491447,29.92,2017,11,23,3,33,59.0
3.8,Mw,-0.298959,-81.109215,10.0,2017,11,24,21,13,37.0
5.0024999999999995,Mw,-2.036773,-79.89045,62.06,2017,11,28,2,4,26.0
4.2,Mw,-2.970931,-80.638649,3.03,2017,11,28,10,21,0.0
4.2,Mw,-2.329366,-77.247643,166.38,2017,11,29,2,24,57.0
5.846,Mw,-0.486501,-80.391716,20.82,2017,12,3,11,19,5.0
3.9,Mw,-0.451156,-80.433029,10.0,2017,12,3,15,16,32.0
3.8,Mw,-1.744924,-78.281212,149.17,2017,12,4,22,53,14.0
4.7562,Mw,-4.135454,-80.311241,41.48,2017,12,7,2,37,45.0
3.5,Mw,-2.439023,-79.04686,74.35,2017,12,13,5,33,32.0
4.3,Mw,-2.985984,-78.876984,69.75,2017,12,17,6,25,22.0
4.3,Mw,0.821797,-80.236549,11.81,2017,12,17,9,5,17.0
5.0,Mw,0.758832,-80.199883,9.04,2017,12,17,9,16,26.0
3.9,Mw,0.717758,-80.096481,6.22,2017,12,17,13,27,19.0
3.9,Mw,-1.517864,-80.915535,12.21,2017,12,19,1,36,48.0
3.771,Mw,-2.729487,-77.485115,30.53,2017,12,21,0,44,18.0
4.7,Mw,-1.100462,-80.599388,2.12,2017,12,21,9,52,39.0
3.5,Mw,-2.954361,-79.792221,10.0,2017,12,21,19,49,49.0
4.7,Mw,-3.127755,-81.006638,8.0,2017,12,26,6,4,20.0
3.7,Mw,-2.36829,-80.26429,9.4,2017,12,27,7,36,10.0
3.6,Mw,-1.706919,-76.172882,195.97,2017,12,27,12,0,14.0
3.6,Mw,-2.222314,-80.499168,10.0,2017,12,28,22,46,57.0
3.6,Mw,-0.920194,-79.30513,88.04,2018,1,1,3,56,59.0
3.8,Mw,-0.145255,-78.375305,6.1,2018,1,1,14,24,11.0
4.4,Mw,-2.306267,-79.194649,13.93,2018,1,2,2,52,7.0
4.838299999999999,Mw,-0.840875,-80.439835,19.97,2018,1,6,19,30,20.0
5.3309,Mw,1.674935,-91.158218,24.15,2018,1,9,0,5,52.0
3.771,Mw,-2.173572,-77.777473,2.78,2018,1,9,20,30,1.0
3.9352,Mw,-3.055456,-77.762154,1.77,2018,1,13,6,14,12.0
3.771,Mw,-3.201826,-79.663544,10.0,2018,1,13,17,49,52.0
4.263599999999999,Mw,1.28144,-79.986511,0.74,2018,1,17,7,12,38.0
4.592,Mw,-3.760411,-79.877098,50.03,2018,1,19,22,31,29.0
3.6,Mw,0.076471,-78.360931,7.19,2018,1,21,11,52,10.0
3.8531,Mw,-2.262302,-79.826736,36.84,2018,1,22,14,23,47.0
4.5,Mw,-3.991179,-80.942574,6.62,2018,1,23,13,45,28.0
4.7,Mw,0.188666,-77.729836,4.32,2018,1,25,15,2,7.0
4.4277999999999995,Mw,-4.004993,-78.162277,10.0,2018,1,26,12,16,41.0
3.9352,Mw,-1.144508,-80.366898,5.58,2018,1,27,4,45,31.0
4.099399999999999,Mw,-0.975093,-80.965668,18.92,2018,1,28,17,36,13.0
3.9352,Mw,-4.389606,-77.861778,26.78,2018,1,30,2,26,7.0
3.9352,Mw,-3.150013,-78.35894,10.0,2018,1,30,6,58,49.0
5.495099999999999,Mw,-1.729264,-77.825279,4.81,2018,1,31,23,13,21.0
4.0173,Mw,-1.713393,-77.86747,7.74,2018,1,31,23,18,12.0
3.8531,Mw,-1.729386,-77.816994,4.31,2018,1,31,23,19,30.0
3.8531,Mw,-1.745139,-77.814316,3.85,2018,1,31,23,21,47.0
4.0,Mw,-1.629438,-77.888542,194.19,2018,2,1,4,47,0.0
3.8,Mw,-2.937816,-77.956154,10.0,2018,2,3,15,39,54.0
3.5,Mw,-2.944925,-77.949326,10.0,2018,2,3,15,43,47.0
3.9,Mw,-1.930153,-80.973557,6.0,2018,2,7,1,17,2.0
4.2,Mw,-2.873799,-80.742409,6.0,2018,2,7,9,47,40.0
4.0173,Mw,-2.397029,-79.794014,45.86,2018,2,9,6,3,40.0
3.8531,Mw,-2.128864,-79.941803,40.82,2018,2,9,19,16,48.0
3.6,Mw,0.773307,-79.68927,7.51,2018,2,9,20,55,8.0
4.592,Mw,-1.597719,-81.232445,18.79,2018,2,10,1,30,13.0
4.3457,Mw,-1.602239,-81.19796,4.18,2018,2,10,1,30,38.0
4.5099,Mw,-1.587377,-81.053574,2.7,2018,2,10,3,55,46.0
3.6,Mw,-2.116784,-78.742813,19.49,2018,2,12,7,43,21.0
3.7,Mw,0.050067,-80.258537,4.84,2018,2,12,10,8,0.0
4.0173,Mw,-1.932845,-77.711037,186.74,2018,2,13,15,6,56.0
4.099399999999999,Mw,1.182232,-79.748474,9.94,2018,2,16,23,56,3.0
4.592,Mw,-2.40544,-80.217232,15.58,2018,2,17,19,33,48.0
3.8531,Mw,-1.323026,-78.889778,111.16,2018,2,19,1,9,40.0
3.771,Mw,-0.148361,-80.705536,9.72,2018,2,19,21,44,2.0
3.7,Mw,0.78383,-79.783852,17.03,2018,2,20,16,26,17.0
3.9352,Mw,-4.032881,-80.924355,5.75,2018,2,21,9,20,23.0
3.8531,Mw,-2.866797,-79.780838,5.0,2018,2,22,17,18,54.0
4.1815,Mw,-3.005365,-79.894745,31.02,2018,2,23,17,57,25.0
3.9352,Mw,-0.128611,-83.568451,5.0,2018,2,26,10,0,2.0
4.838299999999999,Mw,-2.817409,-79.781776,4.1,2018,2,27,3,40,10.0
4.4,Mw,-2.829546,-79.79319,2.21,2018,2,27,14,20,39.0
3.8531,Mw,-2.220518,-80.42189,11.97,2018,2,27,18,11,11.0
3.8531,Mw,-2.861129,-79.731987,3.79,2018,2,28,5,44,11.0
4.9204,Mw,-0.552329,-80.790985,6.7,2018,3,1,16,14,35.0
4.4,Mw,-2.888238,-79.770981,5.0,2018,3,3,19,9,19.0
4.263599999999999,Mw,0.395604,-80.52652,9.53,2018,3,4,20,10,43.0
3.771,Mw,0.247899,-79.105995,13.63,2018,3,7,20,42,14.0
4.0173,Mw,-1.557369,-77.786514,7.53,2018,3,8,2,45,31.0
4.0173,Mw,-1.064137,-78.72403,4.52,2018,3,9,2,56,49.0
5.1667,Mw,-0.408224,-91.383224,20.03,2018,3,11,22,8,19.0
3.9352,Mw,0.743582,-79.279594,47.31,2018,3,13,3,13,9.0
3.9352,Mw,-1.627825,-78.345207,6.5,2018,3,14,10,55,40.0
3.771,Mw,-0.100991,-81.338768,1.05,2018,3,16,16,9,11.0
3.8531,Mw,-4.046103,-78.193016,4.0,2018,3,17,21,42,9.0
3.9352,Mw,-2.480864,-79.905952,36.31,2018,3,21,8,34,14.0
4.099399999999999,Mw,-1.585462,-80.912498,1.84,2018,3,21,16,42,37.0
4.263599999999999,Mw,0.715758,-77.881546,6.63,2018,3,21,20,44,26.0
3.8531,Mw,0.695144,-77.882568,3.59,2018,3,21,21,21,24.0
3.6,Mw,0.734667,-77.639,5.12,2018,3,22,9,26,9.0
4.0173,Mw,-2.476805,-79.589447,38.15,2018,3,22,14,2,56.0
4.4277999999999995,Mw,-2.895098,-79.771324,10.0,2018,3,25,0,55,56.0
3.771,Mw,0.708163,-77.894859,4.28,2018,3,26,17,32,42.0
4.1815,Mw,-1.465182,-81.042557,4.91,2018,3,28,12,55,48.0
3.6,Mw,1.866881,-79.865112,3.95,2018,3,29,14,57,57.0
3.771,Mw,-0.267927,-79.104187,4.17,2018,3,31,10,0,53.0
4.3457,Mw,-0.165612,-78.635735,3.45,2018,4,3,1,15,22.0
3.7,Mw,-1.17036,-78.209702,2.67,2018,4,4,8,24,20.0
3.6,Mw,-2.296683,-79.170029,73.57,2018,4,7,3,13,42.0
4.2,Mw,-1.488498,-79.259064,8.87,2018,4,11,1,24,27.0
4.674099999999999,Mw,-2.814021,-79.854195,8.57,2018,4,11,16,30,19.0
3.8531,Mw,-2.921824,-80.713966,3.44,2018,4,12,21,44,28.0
4.0173,Mw,-2.088641,-78.05265,138.55,2018,4,16,0,30,7.0
4.3,Mw,-1.89125,-79.264244,11.28,2018,4,16,3,3,50.0
3.9352,Mw,-2.925973,-80.726562,10.0,2018,4,16,7,31,6.0
3.9352,Mw,-1.519605,-77.61396,182.79,2018,4,18,12,44,18.0
3.771,Mw,-1.867825,-77.390327,4.0,2018,4,20,12,30,8.0
4.1,Mw,-0.211749,-80.630943,5.03,2018,4,22,23,29,22.0
4.0173,Mw,-0.190884,-80.661903,5.26,2018,4,23,0,4,13.0
4.9204,Mw,-0.178401,-80.662941,4.82,2018,4,24,0,58,42.0
4.0173,Mw,-0.16068,-80.758141,7.19,2018,4,24,1,55,41.0
4.0173,Mw,-4.111866,-77.678627,20.0,2018,4,24,6,25,33.0
3.8531,Mw,-2.277025,-80.415863,9.43,2018,4,25,8,49,51.0
5.3309,Mw,0.606522,-83.087334,7.0,2018,4,27,4,36,32.0
4.099399999999999,Mw,-2.82166,-76.953865,63.91,2018,5,1,9,34,57.0
3.771,Mw,-2.850106,-79.771294,1.02,2018,5,1,12,20,24.0
3.9352,Mw,0.366646,-79.897423,5.71,2018,5,6,21,31,53.0
3.771,Mw,-2.819597,-77.182159,10.0,2018,5,9,6,29,37.0
3.8531,Mw,-1.703858,-78.100456,173.54,2018,5,12,17,49,59.0
4.263599999999999,Mw,-0.847153,-81.166672,29.89,2018,5,16,8,44,0.0
3.771,Mw,-2.039971,-78.908531,3.09,2018,5,16,16,30,28.0
4.263599999999999,Mw,-0.855116,-80.877869,4.26,2018,5,17,15,44,17.0
4.099399999999999,Mw,-0.752949,-80.790596,3.29,2018,5,20,9,6,15.0
3.8,Mw,-3.841478,-79.66526,46.14,2018,5,21,3,31,9.0
5.5,Mw,0.581166,-78.675529,4.06,2018,5,22,13,36,16.0
4.263599999999999,Mw,0.587384,-78.684006,2.89,2018,5,22,13,37,41.0
3.8531,Mw,0.279913,-80.893166,4.2,2018,5,24,2,21,50.0
3.9352,Mw,0.232241,-80.674492,4.66,2018,5,24,9,15,51.0
3.771,Mw,0.223842,-80.671097,10.0,2018,5,24,9,30,54.0
4.0173,Mw,0.306133,-81.08062,7.17,2018,5,24,17,44,46.0
4.0173,Mw,0.657751,-81.140434,6.0,2018,5,24,21,22,13.0
4.0173,Mw,0.353813,-80.898911,7.0,2018,5,24,21,57,16.0
4.4277999999999995,Mw,0.314874,-80.936455,4.92,2018,5,25,7,40,59.0
3.6,Mw,-3.271746,-80.724426,10.0,2018,5,27,0,56,39.0
3.7,Mw,-4.130793,-80.397263,34.81,2018,5,27,9,47,14.0
4.4277999999999995,Mw,-2.109428,-79.634705,72.23,2018,5,27,19,58,30.0
3.9352,Mw,-2.439414,-79.564301,5.19,2018,5,31,1,3,37.0
3.8531,Mw,-2.311042,-80.642487,0.94,2018,6,2,2,45,18.0
3.771,Mw,-3.023824,-77.98172,3.47,2018,6,4,18,1,17.0
3.8531,Mw,-2.996552,-77.914566,10.0,2018,6,4,19,25,34.0
3.9352,Mw,-1.259653,-77.805862,3.94,2018,6,4,23,30,35.0
3.5,Mw,-0.733202,-79.578323,72.32,2018,6,7,9,56,23.0
3.771,Mw,-0.821192,-80.721107,4.63,2018,6,7,13,1,15.0
3.7,Mw,-0.643946,-77.419632,10.0,2018,6,9,2,49,36.0
4.1815,Mw,-1.665953,-80.984192,1.7,2018,6,9,19,5,6.0
3.7,Mw,-2.977144,-81.674347,10.0,2018,6,10,18,12,8.0
4.099399999999999,Mw,-1.967964,-81.026009,10.0,2018,6,11,15,43,26.0
3.9352,Mw,-3.434759,-79.420929,61.72,2018,6,11,16,24,15.0
5.084599999999999,Mw,-2.009798,-80.044701,38.99,2018,6,15,13,35,37.0
4.1815,Mw,-4.095309,-79.672607,57.88,2018,6,15,21,53,50.0
3.6,Mw,-0.350187,-78.898109,7.76,2018,6,16,0,39,1.0
3.771,Mw,-0.245493,-80.708786,8.33,2018,6,17,2,44,8.0
4.0173,Mw,-0.117379,-80.776733,10.0,2018,6,21,15,21,6.0
3.8531,Mw,-2.889799,-79.819061,10.0,2018,6,27,12,8,16.0
3.9,Mw,-1.144582,-78.580627,17.16,2018,6,30,17,5,17.0
4.1815,Mw,-3.359538,-80.432098,11.34,2018,7,4,4,49,19.0
4.099399999999999,Mw,0.641602,-80.110603,8.53,2018,7,5,3,11,16.0
4.1815,Mw,-3.783471,-79.849167,42.24,2018,7,5,23,1,13.0
4.1815,Mw,-3.724489,-79.519936,61.78,2018,7,9,1,36,35.0
4.263599999999999,Mw,-3.990723,-80.219749,39.22,2018,7,9,2,22,36.0
3.8531,Mw,-0.924183,-79.281212,90.54,2018,7,9,12,39,51.0
3.771,Mw,-1.336447,-80.516312,3.17,2018,7,9,12,53,14.0
5.1,Mw,-2.654464,-79.787201,15.19,2018,7,9,18,14,14.0
4.3457,Mw,-4.486119,-78.617523,3.77,2018,7,10,7,15,43.0
4.263599999999999,Mw,-0.976746,-79.666252,3.0,2018,7,15,17,48,33.0
4.5,Mw,-3.056732,-78.762337,64.96,2018,7,16,5,35,14.0
3.8531,Mw,-3.739545,-79.799416,35.41,2018,7,18,15,58,52.0
3.8531,Mw,-2.283476,-77.68306,0.74,2018,7,19,20,4,17.0
3.8531,Mw,-2.544473,-77.551636,6.01,2018,7,21,15,46,28.0
3.9352,Mw,-3.676458,-77.807526,10.0,2018,7,22,17,0,10.0
4.3,Mw,-3.716217,-80.93354,3.82,2018,7,23,15,52,49.0
3.9352,Mw,-4.229927,-80.718697,15.82,2018,7,25,3,13,22.0
4.6,Mw,-2.212603,-77.735443,150.82,2018,7,25,7,51,27.0
4.1815,Mw,-1.325579,-80.477371,2.75,2018,7,27,13,59,18.0
4.1815,Mw,-2.711464,-80.014648,21.15,2018,7,27,21,37,35.0
4.1815,Mw,-1.358264,-80.484337,4.88,2018,7,29,13,33,1.0
4.3457,Mw,-0.166132,-80.619339,2.79,2018,8,10,0,15,30.0
3.8531,Mw,-0.13154,-80.66198,15.0,2018,8,10,2,43,49.0
3.9352,Mw,-2.457644,-78.770187,79.84,2018,8,13,20,35,50.0
3.8531,Mw,0.028163,-80.40432,6.53,2018,8,16,14,43,45.0
4.9204,Mw,-3.051593,-81.572189,3.91,2018,8,16,19,9,14.0
4.2,Mw,-1.276393,-80.550148,8.0,2018,8,18,3,16,34.0
3.9352,Mw,-1.324251,-80.554825,10.0,2018,8,18,5,38,4.0
4.1815,Mw,-3.106308,-79.090981,58.45,2018,8,18,15,18,43.0
3.771,Mw,-1.670484,-78.335785,149.45,2018,8,18,17,53,44.0
3.8531,Mw,-1.658618,-78.193535,158.5,2018,8,19,4,53,42.0
3.771,Mw,-2.923977,-80.021774,1.24,2018,8,19,23,34,52.0
3.8531,Mw,-2.179579,-79.747871,53.98,2018,8,21,0,57,1.0
4.1815,Mw,0.414907,-80.833244,9.4,2018,8,21,12,19,49.0
3.8531,Mw,-0.007408,-80.270248,4.85,2018,8,24,14,33,49.0
3.8531,Mw,-4.06144,-80.819672,7.87,2018,8,24,14,47,18.0
3.7,Mw,-3.937664,-77.949272,10.0,2018,8,25,15,41,4.0
4.099399999999999,Mw,-2.94212,-77.790146,12.0,2018,8,25,16,33,24.0
3.9352,Mw,-0.880486,-79.704529,65.52,2018,8,26,5,57,53.0
4.1815,Mw,-1.12979,-80.806793,2.7,2018,8,26,10,22,51.0
3.771,Mw,-1.471372,-80.476517,10.0,2018,8,26,22,8,19.0
4.3457,Mw,-1.995074,-77.762856,10.0,2018,8,27,12,50,28.0
3.5,Mw,-1.424297,-77.934502,750.0,2018,8,29,7,40,23.0
3.771,Mw,-2.914845,-78.78331,70.63,2018,9,1,7,25,52.0
4.0173,Mw,-2.905784,-77.910446,2.94,2018,9,1,20,26,28.0
5.1,Mw,-2.55097,-79.703651,47.21,2018,9,2,3,43,15.0
4.3457,Mw,0.321637,-80.253021,8.7,2018,9,2,11,56,42.0
5.412999999999999,Mw,1.263844,-85.217743,182.5,2018,9,3,23,37,20.0
3.9352,Mw,-2.089643,-79.799179,60.86,2018,9,6,2,21,3.0
6.234,Mw,-2.268119,-79.089066,85.67,2018,9,7,2,12,5.0
4.099399999999999,Mw,-2.268099,-79.058617,82.79,2018,9,7,2,16,52.0
3.8531,Mw,-2.190923,-79.173805,84.67,2018,9,7,2,17,41.0
4.1815,Mw,-2.371246,-80.858803,10.86,2018,9,7,4,0,59.0
3.8531,Mw,-0.770796,-91.608643,20.47,2018,9,8,13,12,38.0
4.1815,Mw,-0.767508,-79.820053,18.95,2018,9,8,18,10,54.0
4.1815,Mw,-1.313047,-80.825424,3.93,2018,9,9,2,28,37.0
3.9352,Mw,-2.883728,-80.546417,8.05,2018,9,10,18,7,0.0
3.5,Mw,-1.453237,-81.016762,2.27,2018,9,12,5,2,42.0
3.9352,Mw,-0.157519,-80.629173,1.86,2018,9,13,23,44,24.0
4.592,Mw,-0.860311,-80.874191,2.78,2018,9,15,4,25,21.0
4.838299999999999,Mw,-3.031011,-77.728027,85.15,2018,9,17,20,44,39.0
3.771,Mw,-1.470605,-79.276787,2.42,2018,9,18,7,59,30.0
4.099399999999999,Mw,-2.221878,-79.873985,60.56,2018,9,19,8,44,18.0
4.7,Mw,-0.85812,-80.249893,21.07,2018,9,20,17,54,36.0
4.099399999999999,Mw,-2.13677,-77.442444,155.75,2018,9,20,22,45,19.0
3.8531,Mw,-0.756265,-80.557472,11.08,2018,9,21,10,29,35.0
4.4277999999999995,Mw,-1.719263,-80.923538,6.65,2018,9,22,12,16,2.0
4.099399999999999,Mw,0.847556,-83.209023,10.0,2018,9,30,8,15,57.0
3.9352,Mw,-3.012949,-81.036079,11.25,2018,10,8,3,46,31.0
4.099399999999999,Mw,-4.155738,-79.732353,70.28,2018,10,9,19,4,44.0
5.0024999999999995,Mw,0.403986,-80.005341,6.04,2018,10,13,13,35,56.0
4.099399999999999,Mw,-0.918584,-78.060226,2.62,2018,10,13,20,26,11.0
3.9352,Mw,-3.354422,-79.638008,43.6,2018,10,17,11,50,58.0
4.263599999999999,Mw,-1.935203,-80.212059,22.19,2018,10,18,12,12,55.0
3.9352,Mw,-4.072058,-80.176537,55.74,2018,10,21,3,31,41.0
4.099399999999999,Mw,0.8098,-79.72641,9.96,2018,10,21,15,40,26.0
5.7414,Mw,-1.911038,-80.145515,32.53,2018,10,21,21,8,56.0
5.0024999999999995,Mw,0.835956,-80.519157,6.51,2018,10,22,4,32,10.0
4.674099999999999,Mw,-1.608238,-78.008995,177.09,2018,10,26,9,11,51.0
4.9204,Mw,-3.80182,-80.525703,19.16,2018,10,29,12,20,49.0
4.099399999999999,Mw,-2.217404,-79.043152,83.67,2018,10,30,12,24,0.0
4.263599999999999,Mw,1.103735,-78.760735,3.7,2018,11,1,8,17,38.0
4.263599999999999,Mw,-2.089224,-80.44648,7.43,2018,11,1,19,31,50.0
4.0173,Mw,1.779221,-79.498108,10.5,2018,11,5,8,48,30.0
4.0173,Mw,-4.770415,-78.91301,2.07,2018,11,7,6,27,18.0
4.099399999999999,Mw,-3.775502,-79.566963,67.98,2018,11,13,10,10,34.0
5.3309,Mw,-2.594499,-81.003433,20.96,2018,11,17,12,55,34.0
4.0173,Mw,-2.852835,-80.470978,8.23,2018,11,17,19,54,24.0
4.1815,Mw,-2.02989,-77.694611,2.3,2018,11,18,9,39,12.0
4.1815,Mw,-3.529675,-80.107887,26.26,2018,11,24,18,25,2.0
3.8531,Mw,-4.17648,-78.694923,79.99,2018,11,25,16,11,56.0
3.9352,Mw,-3.589509,-81.773026,10.0,2018,12,8,6,4,0.0
4.263599999999999,Mw,-3.827472,-79.42408,65.52,2018,12,8,9,20,12.0
3.8531,Mw,-0.983132,-80.561073,3.68,2018,12,8,12,55,27.0
4.263599999999999,Mw,-4.109025,-80.777916,13.05,2018,12,9,16,27,56.0
3.8531,Mw,-1.571706,-79.202232,2.93,2018,12,10,18,44,58.0
5.0024999999999995,Mw,0.280721,-79.197571,7.21,2018,12,15,21,11,39.0
3.771,Mw,-2.873315,-79.741989,4.8,2018,12,16,15,15,26.0
3.771,Mw,-2.702033,-78.26107,74.23,2018,12,19,21,51,24.0
4.3457,Mw,-3.606071,-79.554306,70.15,2018,12,22,13,46,40.0
3.6,Mw,-2.468504,-78.516693,99.57,2018,12,26,14,6,39.0
3.8531,Mw,-1.942099,-78.884415,3.11,2018,12,31,12,35,16.0
4.0173,Mw,-2.311163,-77.855537,5.0,2018,12,31,21,30,19.0
3.8531,Mw,1.124871,-80.400917,11.17,2019,1,4,13,58,58.0
4.4277999999999995,Mw,-2.084185,-79.254593,9.06,2019,1,6,11,19,32.0
3.8531,Mw,-1.430798,-79.491325,4.8,2019,1,7,9,23,52.0
4.099399999999999,Mw,-0.169872,-80.52565,8.81,2019,1,10,15,6,15.0
4.099399999999999,Mw,-1.721987,-78.242722,142.72,2019,1,11,23,2,52.0
3.8531,Mw,-1.586345,-81.041893,3.57,2019,1,20,10,10,18.0
3.8531,Mw,0.659316,-80.180923,8.44,2019,1,24,7,21,5.0
4.1815,Mw,-2.927039,-79.963669,10.0,2019,1,25,6,46,51.0
3.8531,Mw,-1.457074,-77.536423,207.66,2019,1,25,9,49,46.0
4.263599999999999,Mw,-1.181834,-80.896965,5.38,2019,1,25,10,10,8.0
3.9352,Mw,-2.032845,-77.290924,10.0,2019,1,26,2,0,56.0
4.5099,Mw,-3.211357,-77.775978,6.0,2019,1,31,14,46,30.0
3.9352,Mw,-3.235585,-77.779907,2.29,2019,1,31,14,52,52.0
4.0173,Mw,-3.222096,-77.872833,3.63,2019,1,31,15,6,10.0
4.3457,Mw,-2.670209,-77.914757,10.0,2019,2,2,2,51,12.0
4.5099,Mw,-2.699351,-78.878845,78.18,2019,2,3,3,3,10.0
5.6,Mw,-2.437653,-80.104668,29.74,2019,2,4,17,45,47.0
4.674099999999999,Mw,-2.885811,-78.838951,83.78,2019,2,5,9,53,4.0
3.9352,Mw,-0.403085,-80.77253,5.93,2019,2,10,14,18,37.0
3.8531,Mw,-1.7952,-78.130127,155.97,2019,2,12,17,15,4.0
4.674099999999999,Mw,0.72004,-77.85318,3.0,2019,2,14,6,24,42.0
4.0173,Mw,0.72875,-77.83239,2.36,2019,2,14,6,49,18.0
4.592,Mw,-3.237366,-80.774483,4.84,2019,2,14,13,42,46.0
3.771,Mw,0.743565,-77.849007,4.73,2019,2,15,14,5,54.0
4.0173,Mw,-0.529916,-81.007401,4.38,2019,2,17,7,14,22.0
4.1815,Mw,-2.565481,-80.567619,8.59,2019,2,19,13,13,19.0
7.4,Mw,-2.478045,-77.124641,145.84,2019,2,22,10,17,20.0
6.1,Mw,-2.352514,-77.529732,143.05,2019,2,22,10,20,19.0
5.7414,Mw,-2.303023,-80.003937,37.92,2019,2,22,10,40,39.0
3.771,Mw,-2.527228,-77.029137,9.55,2019,2,22,10,54,2.0
3.9352,Mw,-2.204594,-77.417107,166.33,2019,2,23,2,40,6.0
3.9352,Mw,-2.454042,-77.002998,24.9,2019,2,24,12,54,43.0
3.771,Mw,-2.553844,-77.000816,118.53,2019,2,27,6,38,2.0
4.263599999999999,Mw,0.354868,-80.983871,15.0,2019,3,3,17,41,12.0
4.592,Mw,-1.853324,-80.221725,8.58,2019,3,9,3,30,41.0
3.9352,Mw,-2.497949,-76.715355,15.54,2019,3,9,14,9,13.0
3.8,Mw,1.570119,-80.491501,17.37,2019,3,10,0,24,20.0
4.263599999999999,Mw,-2.554688,-76.924431,73.25,2019,3,14,9,2,7.0
5.495099999999999,Mw,-2.893928,-77.379745,40.0,2019,3,20,16,23,23.0
4.1815,Mw,-0.594558,-80.735138,7.4,2019,3,25,5,54,58.0
4.4277999999999995,Mw,-2.588113,-76.429832,101.95,2019,3,25,14,3,25.0
4.4277999999999995,Mw,-2.309762,-79.996742,39.96,2019,3,30,3,40,59.0
6.0698,Mw,-1.986218,-81.072281,7.23,2019,3,31,7,4,2.0
5.084599999999999,Mw,-1.968696,-81.185371,8.0,2019,3,31,7,8,50.0
4.7562,Mw,-1.932026,-80.997528,6.59,2019,3,31,7,12,14.0
4.7562,Mw,-1.952115,-80.833,4.56,2019,3,31,7,27,13.0
5.495099999999999,Mw,-1.986242,-80.837952,6.93,2019,3,31,7,28,50.0
4.0173,Mw,-1.921541,-80.898483,3.32,2019,3,31,7,31,14.0
4.4277999999999995,Mw,-1.931995,-80.882889,6.21,2019,3,31,7,32,14.0
4.0173,Mw,-1.953429,-80.901276,8.7,2019,3,31,7,35,40.0
4.263599999999999,Mw,-1.944361,-81.103752,4.39,2019,3,31,7,45,22.0
4.5099,Mw,-1.991373,-81.035576,4.13,2019,3,31,8,53,40.0
4.263599999999999,Mw,-1.902146,-80.91787,4.19,2019,3,31,8,54,19.0
4.263599999999999,Mw,-1.971819,-81.193123,3.72,2019,3,31,11,3,57.0
5.084599999999999,Mw,-1.903029,-80.931,2.87,2019,3,31,14,9,11.0
4.7562,Mw,-1.881134,-80.973282,6.08,2019,3,31,14,9,11.0
4.592,Mw,-1.954065,-80.884964,6.0,2019,3,31,15,33,38.0
3.9352,Mw,-1.952385,-80.876938,8.2,2019,3,31,20,34,54.0
3.8531,Mw,-2.81522,-77.003319,52.15,2019,4,2,9,14,21.0
3.9352,Mw,-2.32795,-79.325439,56.44,2019,4,3,7,16,13.0
4.0173,Mw,-2.330039,-77.027588,104.73,2019,4,3,13,21,43.0
5.1667,Mw,1.455802,-85.186226,16.23,2019,4,5,18,46,50.0
3.9352,Mw,-1.906426,-81.047829,2.93,2019,4,6,1,46,4.0
5.3309,Mw,-2.254466,-80.424751,7.17,2019,4,8,3,23,47.0
4.1815,Mw,-0.86507,-80.60363,12.55,2019,4,10,5,36,36.0
3.9352,Mw,-1.353376,-81.050995,3.0,2019,4,10,19,42,11.0
4.099399999999999,Mw,-4.29971,-79.750412,55.87,2019,4,13,3,7,54.0
4.4277999999999995,Mw,-1.56284,-77.953621,178.48,2019,4,13,3,43,55.0
3.9352,Mw,-2.926246,-77.762711,13.43,2019,4,13,17,27,23.0
4.099399999999999,Mw,-2.27417,-81.017944,37.12,2019,4,14,19,28,35.0
4.0173,Mw,-1.774511,-81.541855,37.97,2019,4,17,1,12,48.0
4.5099,Mw,-1.947623,-80.985565,4.32,2019,4,17,9,13,31.0
3.8531,Mw,-3.022,-79.25,77.33,2019,4,19,23,20,19.0
4.0173,Mw,0.810509,-84.265533,14.0,2019,4,21,3,5,19.0
4.838299999999999,Mw,-3.272653,-80.766716,11.72,2019,4,22,1,4,47.0
3.9352,Mw,-0.143528,-80.695877,7.0,2019,4,25,14,12,23.0
3.9352,Mw,-3.533957,-80.879288,10.0,2019,4,25,15,22,40.0
4.0173,Mw,-1.271721,-80.942627,3.71,2019,4,26,2,2,19.0
3.771,Mw,-2.008316,-81.058647,4.67,2019,4,26,19,42,42.0
4.4277999999999995,Mw,-4.032717,-80.46817,34.96,2019,4,29,3,15,3.0
3.8531,Mw,1.014577,-79.81665,11.28,2019,5,2,5,50,0.0
3.9352,Mw,0.857994,-79.605278,7.21,2019,5,2,5,50,24.0
4.1815,Mw,-2.443259,-80.004677,43.3,2019,5,4,23,14,8.0
3.9352,Mw,-0.913773,-79.77932,21.41,2019,5,11,2,21,50.0
3.8531,Mw,0.525618,-80.315567,1.81,2019,5,13,13,3,26.0
4.5099,Mw,0.72225,-77.880196,4.07,2019,5,13,18,0,14.0
4.0173,Mw,0.697103,-77.893806,2.95,2019,5,15,13,14,13.0
5.084599999999999,Mw,-2.532436,-77.063416,114.24,2019,5,16,4,4,57.0
4.7562,Mw,0.908226,-85.745461,10.0,2019,5,21,21,19,50.0
4.0173,Mw,-2.554454,-77.626884,103.98,2019,5,22,20,49,46.0
4.1815,Mw,0.257863,-80.057472,8.86,2019,5,24,0,9,51.0
4.263599999999999,Mw,-4.236894,-78.170761,10.0,2019,5,25,9,50,20.0
3.9352,Mw,0.350157,-80.805672,10.0,2019,5,30,9,14,59.0
3.771,Mw,-3.072721,-78.036064,10.0,2019,5,31,8,55,16.0
3.9352,Mw,-2.611708,-79.681641,22.04,2019,6,6,5,7,31.0
3.771,Mw,0.418989,-78.051605,7.34,2019,6,6,5,46,41.0
4.7562,Mw,-3.840302,-80.170471,43.0,2019,6,11,12,28,10.0
3.8531,Mw,-1.346013,-77.930916,184.06,2019,6,11,21,25,41.0
3.8531,Mw,-2.625452,-79.663406,26.45,2019,6,12,9,32,39.0
3.8531,Mw,-2.440574,-77.968025,124.35,2019,6,21,2,52,23.0
3.9352,Mw,-3.901472,-80.577423,14.66,2019,6,22,11,18,7.0
3.771,Mw,-3.953018,-78.184433,10.0,2019,6,25,5,53,6.0
3.5,Mw,-3.450784,-80.872276,10.0,2019,6,27,16,34,27.0
4.1815,Mw,-1.822836,-78.775002,3.28,2019,6,30,18,8,32.0
3.771,Mw,-1.807458,-78.793915,3.42,2019,7,1,1,23,41.0
4.099399999999999,Mw,-3.771708,-79.833786,57.98,2019,7,2,8,4,45.0
4.0173,Mw,-1.651447,-78.187798,164.77,2019,7,4,4,40,37.0
4.0173,Mw,0.917136,-79.850967,6.11,2019,7,9,17,40,34.0
4.5099,Mw,1.17592,-90.897446,4.08,2019,7,13,12,5,5.0
3.771,Mw,1.108758,-90.833458,13.19,2019,7,13,14,20,26.0
4.099399999999999,Mw,1.958341,-90.29615,10.0,2019,7,18,0,36,54.0
3.771,Mw,-2.422246,-79.436668,59.09,2019,7,18,16,2,45.0
4.263599999999999,Mw,-2.885967,-78.019547,10.0,2019,7,24,2,41,26.0
3.771,Mw,-2.002815,-79.025116,3.42,2019,7,25,3,47,40.0
3.9352,Mw,-3.616423,-79.704666,62.78,2019,7,27,4,58,25.0
4.674099999999999,Mw,-1.990477,-79.004051,9.9,2019,7,31,9,41,40.0
3.6,Mw,-3.282132,-81.676689,21.04,2019,8,6,20,27,54.0
3.8531,Mw,-2.251081,-80.166801,26.22,2019,8,8,16,39,26.0
5.084599999999999,Mw,-2.36538,-79.543175,62.83,2019,8,18,9,28,30.0
4.263599999999999,Mw,-3.977962,-80.521744,18.88,2019,8,20,21,44,52.0
3.9352,Mw,-0.925435,-79.282906,92.88,2019,8,21,19,29,36.0
4.592,Mw,-3.557835,-79.69751,54.23,2019,8,22,20,53,40.0
4.3457,Mw,0.535293,-83.074219,7.0,2019,8,22,22,19,55.0
3.771,Mw,-2.151256,-80.305626,30.57,2019,8,22,23,7,22.0
4.0173,Mw,-1.751746,-78.170197,157.49,2019,9,3,4,59,9.0
4.099399999999999,Mw,-1.486943,-77.919167,193.09,2019,9,9,23,52,41.0
4.263599999999999,Mw,-1.961779,-78.084366,154.89,2019,9,11,15,18,3.0
4.1815,Mw,-3.345083,-80.087784,31.52,2019,9,15,23,5,31.0
4.0173,Mw,-3.494391,-80.226929,29.52,2019,9,16,20,20,8.0
3.9352,Mw,0.894166,-82.146408,4.0,2019,9,17,3,33,48.0
3.8531,Mw,-1.920305,-77.933968,157.85,2019,9,19,1,43,44.0
4.4277999999999995,Mw,-1.963513,-81.086929,3.7,2019,9,19,17,55,15.0
4.0173,Mw,0.949047,-79.64592,8.72,2019,9,20,22,54,51.0
3.9352,Mw,-2.542024,-77.065292,124.06,2019,9,23,18,56,5.0
4.5099,Mw,-2.565265,-77.700752,3.78,2019,9,27,3,45,32.0
3.9352,Mw,-2.219398,-80.267273,30.94,2019,9,27,11,54,42.0
3.771,Mw,-1.54166,-77.762352,12.39,2019,10,5,3,0,14.0
3.771,Mw,-2.410412,-77.203323,129.61,2019,10,7,9,24,5.0
3.8531,Mw,-0.794736,-79.881676,86.82,2019,10,10,3,44,6.0
4.3457,Mw,-2.645606,-77.032845,109.74,2019,10,11,10,59,48.0
4.263599999999999,Mw,-2.571567,-77.955368,4.88,2019,10,12,16,41,53.0
3.771,Mw,-3.238334,-79.051819,64.2,2019,10,12,22,18,53.0
4.7562,Mw,-2.983575,-79.932335,29.47,2019,10,22,16,15,36.0
3.771,Mw,-2.754094,-76.974487,97.61,2019,10,28,2,5,34.0
4.0173,Mw,-3.159711,-80.920395,4.83,2019,10,29,2,42,27.0
4.3457,Mw,-2.505078,-81.00309,9.38,2019,11,2,12,20,4.0
3.9352,Mw,-2.441889,-80.170929,20.8,2019,11,3,2,15,39.0
4.1815,Mw,0.446268,-80.735168,4.72,2019,11,6,4,11,23.0
4.263599999999999,Mw,-3.387441,-80.86879,7.48,2019,11,9,13,37,15.0
3.8531,Mw,-1.284438,-80.34845,3.38,2019,11,15,6,37,16.0
4.263599999999999,Mw,-1.759615,-77.850838,5.37,2019,11,15,10,9,23.0
4.099399999999999,Mw,-2.295742,-77.834915,130.13,2019,11,15,14,38,34.0
3.8531,Mw,-2.265458,-81.546143,13.49,2019,11,17,7,14,50.0
3.6,Mw,-3.331328,-80.883621,10.0,2019,11,18,15,21,35.0
4.099399999999999,Mw,-3.13287,-79.726868,38.26,2019,11,18,19,2,49.0
4.0173,Mw,-3.405998,-79.892006,38.16,2019,11,26,2,57,11.0
4.4277999999999995,Mw,-0.041851,-78.440353,9.66,2019,12,8,8,56,7.0
4.3457,Mw,-3.124202,-80.904694,12.1,2019,12,10,1,59,55.0
4.263599999999999,Mw,-2.204123,-79.820168,60.61,2019,12,10,14,57,53.0
3.9352,Mw,-3.977321,-80.123253,43.64,2019,12,10,21,7,20.0
4.1815,Mw,-2.659508,-76.946991,125.9,2019,12,11,0,50,37.0
3.771,Mw,-2.070172,-80.2957,17.5,2019,12,12,21,9,39.0
3.7,Mw,-1.583627,-78.01371,209.4,2019,12,13,3,0,47.0
3.9352,Mw,0.422544,-79.972099,9.01,2019,12,14,0,43,25.0
4.099399999999999,Mw,-1.951452,-78.852127,112.86,2019,12,24,19,34,42.0
3.771,Mw,-0.173847,-80.744377,4.99,2019,12,25,21,1,25.0
4.0173,Mw,-0.927457,-79.291031,101.09,2019,12,26,13,57,27.0
4.3457,Mw,-0.543504,-80.811691,8.68,2020,1,1,5,11,9.0
4.0173,Mw,-0.597586,-80.774612,11.7,2020,1,1,5,25,38.0
5.0024999999999995,Mw,-3.438988,-80.407516,22.48,2020,1,3,14,16,39.0
3.8531,Mw,-2.75228,-77.961685,2.48,2020,1,5,6,20,4.0
3.771,Mw,-2.298254,-79.835312,56.27,2020,1,5,10,23,16.0
4.099399999999999,Mw,-2.628131,-79.068161,72.65,2020,1,7,22,45,27.0
3.7,Mw,-2.34674,-79.771095,45.06,2020,1,12,21,33,58.0
4.263599999999999,Mw,0.580412,-80.035828,5.71,2020,1,14,17,9,8.0
3.9352,Mw,0.571582,-79.947983,9.26,2020,1,15,20,13,31.0
4.3457,Mw,0.916737,-79.576492,4.08,2020,1,27,10,0,4.0
3.771,Mw,-1.537303,-80.393341,6.12,2020,1,28,6,30,21.0
3.9352,Mw,-3.613998,-78.091087,10.0,2020,1,29,15,36,4.0
4.0173,Mw,-3.420789,-80.897797,9.42,2020,2,5,5,47,39.0
4.838299999999999,Mw,-2.195195,-79.684799,72.23,2020,2,9,20,33,27.0
4.099399999999999,Mw,-0.147199,-80.628853,11.97,2020,2,10,10,18,1.0
3.9352,Mw,-3.55146,-80.346062,31.56,2020,2,12,10,14,40.0
4.099399999999999,Mw,-2.451753,-80.024658,43.21,2020,2,17,3,51,18.0
4.0173,Mw,-1.058597,-77.861198,2.8,2020,2,17,23,36,52.0
3.9352,Mw,1.035066,-78.742607,21.66,2020,2,21,17,11,2.0
4.0173,Mw,-1.529261,-77.590927,6.84,2020,2,28,14,10,9.0
4.1815,Mw,-2.762703,-79.96183,6.35,2020,3,3,22,16,50.0
4.592,Mw,-1.472348,-80.56218,33.31,2020,3,6,20,43,28.0
3.9352,Mw,-3.883065,-80.193199,41.39,2020,3,9,14,28,26.0
4.838299999999999,Mw,1.114373,-91.283096,87.22,2020,3,10,11,13,45.0
4.1815,Mw,-0.255815,-80.425407,12.28,2020,3,10,18,30,51.0
3.8531,Mw,-3.795073,-80.513924,24.45,2020,3,11,3,42,0.0
3.9352,Mw,-2.617649,-76.996201,117.27,2020,3,12,0,21,31.0
3.9352,Mw,-3.055285,-79.989578,2.96,2020,3,15,20,30,7.0
5.1667,Mw,1.081032,-78.769829,3.35,2020,3,16,3,53,27.0
3.8531,Mw,1.672441,-79.378029,2.15,2020,3,20,3,12,12.0
3.771,Mw,1.173639,-78.739082,17.19,2020,3,24,9,53,46.0
4.0173,Mw,-1.641609,-78.280396,163.88,2020,3,25,3,33,2.0
3.8531,Mw,-2.996659,-81.108124,7.9,2020,3,26,11,21,25.0
3.6,Mw,0.210025,-80.36145,10.0,2020,3,29,13,56,52.0
4.1815,Mw,0.177346,-80.566048,10.0,2020,3,30,3,42,50.0
5.2,Mw,0.40287,-77.790382,131.07,2020,3,30,9,9,6.0
3.8531,Mw,-1.883359,-79.982918,45.96,2020,3,31,17,14,42.0
3.9352,Mw,-1.048291,-80.627594,6.34,2020,4,5,17,30,56.0
3.9352,Mw,-3.931153,-79.980705,54.08,2020,4,15,8,35,33.0
3.9352,Mw,0.217635,-79.51339,31.02,2020,4,15,14,58,15.0
4.3457,Mw,-2.561872,-76.95887,122.02,2020,4,17,3,13,32.0
3.8531,Mw,-1.998584,-78.034195,152.57,2020,4,17,20,26,25.0
3.8531,Mw,-2.011985,-77.97226,157.55,2020,4,19,1,16,12.0
3.8531,Mw,-1.346063,-80.796776,19.42,2020,4,19,8,47,29.0
4.263599999999999,Mw,-1.031535,-79.488487,19.68,2020,4,25,1,53,57.0
3.8531,Mw,-2.385081,-77.218796,128.08,2020,4,25,18,50,40.0
3.8531,Mw,-2.800434,-77.749008,10.0,2020,4,28,3,49,33.0
3.6,Mw,-2.903521,-77.626465,4.58,2020,4,28,4,9,45.0
4.1815,Mw,-2.848649,-77.665512,3.7,2020,4,28,4,20,18.0
4.263599999999999,Mw,-2.924045,-77.62104,6.88,2020,4,28,5,44,10.0
4.592,Mw,-2.849446,-77.619583,6.23,2020,4,28,9,6,7.0
3.8531,Mw,-2.844922,-77.71093,10.0,2020,4,28,9,42,43.0
4.3457,Mw,-2.887532,-77.572861,10.0,2020,4,28,10,7,39.0
3.9352,Mw,-2.839417,-77.618881,4.4,2020,4,28,19,22,57.0
4.3457,Mw,-2.840501,-77.596558,3.1,2020,4,29,3,35,48.0
4.592,Mw,-2.798294,-77.566818,10.0,2020,4,29,7,20,28.0
3.771,Mw,-2.819306,-77.617416,10.0,2020,4,29,7,23,28.0
3.771,Mw,-1.815634,-78.092484,165.05,2020,4,29,7,40,36.0
3.8531,Mw,-2.293639,-79.768394,46.22,2020,5,14,1,17,25.0
4.0173,Mw,-3.668255,-80.336342,16.38,2020,5,14,9,10,11.0
3.5,Mw,-3.950083,-80.396927,43.27,2020,5,14,17,54,19.0
3.9352,Mw,-0.908277,-80.540039,9.8,2020,5,15,22,42,4.0
4.263599999999999,Mw,-4.266738,-80.440727,23.16,2020,5,17,8,43,33.0
4.3457,Mw,1.108886,-84.871071,14.58,2020,5,20,4,55,8.0
4.4277999999999995,Mw,-2.427245,-81.496689,8.69,2020,5,22,19,49,42.0
4.0173,Mw,-0.95149,-79.874374,51.47,2020,5,23,20,8,3.0
4.1815,Mw,-2.127141,-79.802467,67.0,2020,5,27,13,34,14.0
5.1667,Mw,-1.278794,-79.904495,61.55,2020,5,30,12,40,6.0
3.9352,Mw,-3.724473,-79.870811,31.91,2020,5,31,19,4,51.0
3.8531,Mw,-1.490705,-80.694336,22.69,2020,6,4,23,7,37.0
3.6,Mw,-1.786592,-77.726738,182.93,2020,6,6,7,44,7.0
4.0173,Mw,-2.573735,-79.608871,10.73,2020,6,10,3,19,35.0
3.771,Mw,-3.032332,-77.753609,63.72,2020,6,12,14,39,13.0
3.9352,Mw,-2.354625,-79.865532,57.25,2020,6,12,18,49,2.0
3.771,Mw,-2.833855,-80.691986,7.41,2020,6,12,19,6,58.0
4.099399999999999,Mw,0.706949,-77.893074,2.23,2020,6,15,17,14,16.0
4.0173,Mw,-2.087505,-79.754349,53.42,2020,6,16,22,45,30.0
4.0173,Mw,-2.38087,-77.632088,133.43,2020,6,20,14,43,48.0
4.7562,Mw,-1.806059,-77.853531,173.48,2020,6,24,15,38,34.0
3.771,Mw,-0.792324,-78.702515,13.68,2020,6,25,2,43,25.0
4.3457,Mw,-0.653381,-81.156464,4.81,2020,6,30,21,28,51.0
4.0173,Mw,-3.272461,-81.015244,15.26,2020,7,3,11,37,32.0
4.099399999999999,Mw,-0.664414,-81.105507,4.93,2020,7,4,2,39,56.0
4.5099,Mw,-0.699349,-81.225533,7.43,2020,7,5,22,23,38.0
4.1815,Mw,0.30457,-80.190414,5.85,2020,7,6,1,16,28.0
4.3457,Mw,-3.406984,-80.87867,18.92,2020,7,8,8,40,26.0
4.0173,Mw,-3.385446,-80.944946,8.54,2020,7,8,8,51,2.0
3.771,Mw,-1.242532,-80.645615,17.99,2020,7,8,10,33,32.0
4.099399999999999,Mw,0.733628,-80.541794,10.28,2020,7,8,18,53,6.0
3.9352,Mw,-0.745379,-80.475243,13.36,2020,7,12,11,30,50.0
3.8531,Mw,-2.758507,-76.68544,115.22,2020,7,14,22,30,3.0
3.771,Mw,-2.675316,-79.559204,3.5,2020,7,16,21,25,1.0
3.771,Mw,-1.86708,-80.572174,1.7,2020,7,19,6,11,1.0
3.8531,Mw,-3.486669,-81.050705,0.85,2020,7,20,4,16,38.0
4.4277999999999995,Mw,-1.706411,-80.434265,5.26,2020,7,21,22,25,10.0
4.0173,Mw,-3.15901,-78.027496,10.0,2020,7,24,17,20,39.0
4.674099999999999,Mw,-3.439665,-80.969284,10.0,2020,7,25,21,16,13.0
3.9352,Mw,-0.699513,-80.607101,12.67,2020,8,4,6,34,53.0
4.0173,Mw,-2.225085,-79.848991,76.16,2020,8,6,19,1,44.0
4.0173,Mw,-2.560526,-77.681992,8.41,2020,8,8,15,35,12.0
3.9352,Mw,-4.527192,-79.412552,79.31,2020,8,12,3,59,30.0
3.8531,Mw,-0.33586,-77.874031,2.07,2020,8,18,1,14,42.0
4.3,Mw,-2.090389,-79.702446,73.45,2020,8,23,0,52,38.0
4.099399999999999,Mw,-1.695588,-81.198914,6.26,2020,8,24,5,19,20.0
3.8531,Mw,-2.12588,-77.811462,7.7,2020,8,27,19,39,21.0
4.0,Mw,-2.495026,-76.90863,120.69,2020,8,31,5,30,1.0
4.0173,Mw,-0.163751,-80.68795,6.09,2020,9,4,2,14,52.0
4.592,Mw,-0.149628,-80.671356,4.09,2020,9,4,2,17,30.0
3.9352,Mw,-0.177929,-80.653778,7.72,2020,9,4,4,44,13.0
3.9352,Mw,-1.854027,-80.347382,9.0,2020,9,12,18,13,42.0
3.8531,Mw,-1.883105,-78.928703,3.24,2020,9,12,20,36,0.0
5.1667,Mw,-3.482709,-80.816185,15.35,2020,9,15,6,44,3.0
4.0173,Mw,-1.518878,-80.98172,1.56,2020,9,29,13,19,24.0
4.0173,Mw,-2.454572,-78.840836,79.52,2020,9,30,0,46,44.0
3.7,Mw,-0.322635,-80.625153,15.39,2020,10,2,0,10,53.0
4.592,Mw,-1.192018,-78.41301,4.45,2020,10,3,0,11,4.0
3.771,Mw,-0.656187,-80.428764,46.03,2020,10,3,19,38,12.0
3.8531,Mw,-1.49063,-77.939865,178.85,2020,10,7,7,52,24.0
4.0173,Mw,-2.219519,-77.771339,137.86,2020,10,7,9,57,59.0
3.771,Mw,-2.336331,-79.851654,49.97,2020,10,9,3,9,36.0
4.263599999999999,Mw,-3.583175,-79.0998,65.38,2020,10,10,17,4,25.0
3.9352,Mw,-3.277976,-80.801605,1.37,2020,10,11,21,5,44.0
4.674099999999999,Mw,-2.545481,-77.895439,3.46,2020,10,12,23,9,23.0
4.099399999999999,Mw,-1.021394,-80.567497,5.65,2020,10,15,19,49,57.0
3.771,Mw,-2.976339,-79.967659,1.0,2020,10,19,9,5,55.0
4.099399999999999,Mw,-1.064171,-79.865982,27.23,2020,10,19,17,13,40.0
3.9352,Mw,1.084308,-79.790428,8.26,2020,10,26,19,16,33.0
3.9352,Mw,-2.503686,-78.543228,98.99,2020,10,26,23,28,50.0
4.263599999999999,Mw,-0.518258,-78.492018,7.7,2020,10,27,11,59,17.0
3.771,Mw,0.092793,-78.92641,99.49,2020,10,27,20,19,5.0
4.263599999999999,Mw,-3.571598,-79.553085,57.9,2020,10,30,8,3,29.0
4.0173,Mw,0.278569,-83.390137,10.0,2020,11,2,9,58,1.0
4.2,Mw,-1.619091,-80.928986,1.19,2020,11,4,7,46,56.0
4.263599999999999,Mw,0.261726,-80.057037,9.87,2020,11,5,21,47,47.0
3.6,Mw,-5.124036,-79.277405,10.0,2020,11,14,8,45,18.0
4.263599999999999,Mw,-3.963236,-79.200966,77.5,2020,11,14,16,55,2.0
4.263599999999999,Mw,-2.298198,-79.171516,5.0,2020,11,15,22,52,44.0
4.0173,Mw,-2.572202,-80.97847,10.0,2020,11,19,8,1,39.0
4.263599999999999,Mw,-2.147532,-79.740318,64.18,2020,11,20,3,3,4.0
3.8531,Mw,-1.270768,-78.532486,4.53,2020,11,22,17,50,22.0
5.3309,Mw,-5.223928,-79.34877,12.0,2020,11,29,10,37,6.0
4.099399999999999,Mw,-2.524195,-79.372116,5.14,2020,12,4,23,53,26.0
4.263599999999999,Mw,-2.523182,-79.352669,6.94,2020,12,4,23,55,35.0
4.592,Mw,-2.582548,-79.562637,48.74,2020,12,9,1,37,6.0
3.9352,Mw,0.434181,-79.830231,5.08,2020,12,9,21,8,49.0
4.0173,Mw,-3.67103,-79.711945,56.36,2020,12,16,16,13,2.0
3.771,Mw,-0.297143,-81.193886,10.0,2020,12,19,3,38,26.0
4.099399999999999,Mw,1.255988,-79.913406,7.14,2020,12,19,8,58,22.0
4.4277999999999995,Mw,1.316591,-79.881073,2.15,2020,12,19,9,0,28.0
3.8531,Mw,-0.874023,-80.672058,7.96,2020,12,21,23,50,26.0
4.1815,Mw,1.426461,-78.915512,45.08,2020,12,23,1,32,52.0
4.3457,Mw,-3.598259,-80.217438,26.55,2020,12,23,12,1,14.0
3.771,Mw,0.287163,-80.860947,10.0,2020,12,26,7,57,9.0
4.0173,Mw,1.208581,-79.786499,8.1,2021,1,8,16,42,57.0
4.263599999999999,Mw,1.219202,-79.776718,6.8,2021,1,10,8,25,35.0
4.099399999999999,Mw,1.243014,-79.78968,5.78,2021,1,10,8,27,58.0
4.099399999999999,Mw,1.241528,-79.781624,6.04,2021,1,10,9,31,2.0
3.8531,Mw,1.234194,-79.745026,5.12,2021,1,10,11,14,37.0
4.0173,Mw,1.204833,-79.734016,4.92,2021,1,11,20,25,54.0
4.1815,Mw,-0.147328,-80.53347,7.72,2021,1,12,13,33,17.0
3.8531,Mw,1.260535,-79.77655,5.41,2021,1,13,5,9,56.0
4.7562,Mw,1.247954,-79.84552,5.78,2021,1,15,10,35,11.0
4.1815,Mw,1.168409,-79.723175,6.23,2021,1,15,18,45,48.0
4.838299999999999,Mw,1.221865,-79.793556,5.04,2021,1,15,19,21,12.0
4.099399999999999,Mw,1.214193,-79.784126,9.52,2021,1,15,19,37,0.0
3.9352,Mw,1.201142,-79.722893,5.35,2021,1,15,20,22,27.0
4.3457,Mw,1.208442,-79.759155,5.21,2021,1,15,21,54,45.0
3.8531,Mw,1.22038,-79.850334,6.74,2021,1,15,21,56,48.0
3.771,Mw,1.275002,-79.786476,2.63,2021,1,15,22,5,45.0
4.099399999999999,Mw,1.263589,-79.856651,4.66,2021,1,16,4,27,19.0
3.8531,Mw,1.247754,-79.739777,4.94,2021,1,16,7,27,8.0
4.3457,Mw,1.23078,-79.796867,5.47,2021,1,16,10,43,36.0
4.4277999999999995,Mw,1.257991,-79.828438,6.37,2021,1,16,10,55,40.0
3.8531,Mw,1.23157,-79.791351,6.12,2021,1,16,13,38,57.0
4.0173,Mw,1.287365,-79.832703,7.56,2021,1,16,14,42,54.0
3.8531,Mw,1.212059,-79.851837,10.13,2021,1,16,17,43,22.0
3.771,Mw,1.293361,-79.811539,3.91,2021,1,17,3,19,43.0
4.099399999999999,Mw,1.312099,-79.808212,2.69,2021,1,17,13,26,53.0
5.0024999999999995,Mw,-2.271395,-79.753677,56.1,2021,1,21,10,15,34.0
4.3457,Mw,0.839951,-79.716316,9.0,2021,1,25,4,29,42.0
3.9352,Mw,1.275088,-79.801567,7.02,2021,1,26,14,34,48.0
4.3457,Mw,1.262693,-79.790558,7.11,2021,1,26,22,57,59.0
4.099399999999999,Mw,1.275903,-79.777145,6.5,2021,1,27,7,30,6.0
3.9352,Mw,-1.362053,-89.380394,10.0,2021,2,1,14,25,25.0
4.0173,Mw,-2.970899,-80.864395,9.3,2021,2,1,18,3,7.0
3.9352,Mw,-3.139648,-81.070672,37.55,2021,2,1,20,15,36.0
3.9352,Mw,-2.8554,-81.622421,10.0,2021,2,4,7,10,6.0
4.1815,Mw,-2.842302,-77.877022,2.73,2021,2,7,12,2,52.0
4.0173,Mw,-3.430777,-81.740503,24.46,2021,2,7,21,50,6.0
4.099399999999999,Mw,-2.510879,-79.041238,88.66,2021,2,12,19,6,5.0
5.495099999999999,Mw,-4.064961,-80.408325,33.1,2021,2,13,5,18,33.0
4.099399999999999,Mw,-3.199695,-80.712883,31.21,2021,2,14,4,56,33.0
4.0173,Mw,-2.97009,-80.165783,30.69,2021,2,16,10,16,39.0
3.771,Mw,-2.380449,-79.607777,40.04,2021,2,18,7,57,35.0
5.1667,Mw,-4.006612,-79.051399,83.52,2021,2,18,10,51,29.0
3.8531,Mw,-3.092152,-77.80929,5.97,2021,2,21,7,20,59.0
3.9352,Mw,1.764754,-79.355084,31.73,2021,2,21,19,54,36.0
3.8531,Mw,-0.027247,-80.307838,9.59,2021,2,23,11,31,17.0
3.8531,Mw,-0.589642,-80.117935,22.99,2021,3,3,19,13,56.0
4.099399999999999,Mw,-1.537576,-80.613914,17.05,2021,3,7,11,30,26.0
3.771,Mw,-0.352232,-77.511284,0.88,2021,3,11,5,26,43.0
3.9352,Mw,0.612382,-80.088188,4.38,2021,3,12,11,51,39.0
4.099399999999999,Mw,-2.716069,-77.854332,6.21,2021,3,17,16,13,34.0
4.1815,Mw,-2.36241,-79.520699,65.35,2021,3,23,14,20,52.0
4.3457,Mw,-2.348019,-79.034988,6.31,2021,3,24,7,8,52.0
4.1815,Mw,-2.150318,-77.569427,167.34,2021,3,26,20,6,36.0
4.0173,Mw,-1.819089,-80.377937,15.97,2021,3,27,12,48,19.0
4.3457,Mw,-2.966645,-79.965191,52.46,2021,3,31,11,20,34.0
4.4277999999999995,Mw,-3.332586,-80.861949,41.16,2021,4,5,16,41,55.0
3.771,Mw,-3.405379,-80.786636,9.52,2021,4,6,6,50,1.0
4.4277999999999995,Mw,-1.425113,-80.440701,32.82,2021,4,8,9,8,27.0
3.8531,Mw,-0.924747,-79.878174,37.01,2021,4,15,20,8,2.0
4.838299999999999,Mw,1.595343,-85.242126,6.22,2021,4,19,4,10,7.0
4.1815,Mw,-0.470003,-77.593506,10.0,2021,4,19,17,13,54.0
3.9352,Mw,-0.828391,-81.104774,10.0,2021,4,20,10,17,6.0
3.9352,Mw,0.742893,-78.494568,3.72,2021,4,22,7,59,18.0
4.099399999999999,Mw,-0.823387,-81.067635,10.0,2021,4,25,7,50,43.0
4.1815,Mw,-2.465441,-79.494331,10.62,2021,4,26,13,21,3.0
4.099399999999999,Mw,-2.472221,-79.482384,9.15,2021,4,26,16,58,11.0
4.1815,Mw,-1.824248,-78.830536,4.65,2021,5,2,8,26,44.0
3.6,Mw,-2.472492,-77.44278,13.32,2021,5,4,9,38,30.0
4.4277999999999995,Mw,-2.544168,-80.428902,8.96,2021,5,5,7,2,59.0
3.9352,Mw,-0.155616,-80.991051,45.89,2021,5,11,1,31,42.0
4.4277999999999995,Mw,-0.888114,-80.528023,6.24,2021,5,11,5,12,13.0
3.771,Mw,-2.661658,-79.895699,10.0,2021,5,18,2,52,1.0
4.0173,Mw,-2.182637,-79.942726,62.86,2021,5,20,2,57,47.0
3.771,Mw,-1.663072,-80.24733,6.27,2021,5,30,11,42,17.0
4.0173,Mw,-0.938422,-81.086845,2.39,2021,6,4,6,48,1.0
3.9352,Mw,-0.91184,-81.148598,0.35,2021,6,4,12,2,21.0
4.4277999999999995,Mw,-0.913607,-81.178146,2.16,2021,6,6,4,24,27.0
4.263599999999999,Mw,-0.890501,-81.175285,1.49,2021,6,6,4,31,52.0
3.771,Mw,-0.75749,-81.085098,2.8,2021,6,6,8,30,46.0
4.3457,Mw,-2.845903,-77.902168,2.0,2021,6,11,7,46,44.0
3.8531,Mw,-0.862403,-81.311592,4.1,2021,6,11,8,3,3.0
4.099399999999999,Mw,-2.782592,-77.858437,1.92,2021,6,12,5,23,51.0
3.771,Mw,-1.222198,-81.059799,5.49,2021,6,12,20,22,32.0
3.8531,Mw,-1.132148,-81.100822,5.0,2021,6,13,6,59,32.0
3.9352,Mw,-1.137717,-81.127129,0.0,2021,6,13,11,32,35.0
3.8531,Mw,-1.040329,-81.265633,5.99,2021,6,13,16,5,16.0
4.0173,Mw,-1.389058,-81.049515,3.39,2021,6,14,9,24,43.0
4.9204,Mw,-1.134746,-81.25573,3.0,2021,6,14,21,5,27.0
4.4277999999999995,Mw,-1.137985,-81.200729,1.47,2021,6,14,21,49,33.0
3.8531,Mw,-1.146727,-81.136711,1.83,2021,6,15,1,18,0.0
4.0173,Mw,-1.171075,-81.156975,2.12,2021,6,15,3,28,0.0
5.0024999999999995,Mw,-1.536062,-81.012993,4.26,2021,6,15,20,30,19.0
4.4277999999999995,Mw,-1.533497,-81.090126,3.0,2021,6,15,21,3,9.0
4.7562,Mw,-1.571695,-81.054405,1.81,2021,6,16,0,32,15.0
4.1815,Mw,-1.518741,-81.02916,2.96,2021,6,16,4,0,27.0
4.099399999999999,Mw,-1.519248,-81.011848,2.29,2021,6,16,4,51,43.0
4.4277999999999995,Mw,-1.529542,-81.018272,3.29,2021,6,16,5,55,38.0
3.771,Mw,-1.576848,-81.076942,3.0,2021,6,16,13,59,2.0
4.263599999999999,Mw,-1.519794,-81.083748,3.0,2021,6,17,8,11,42.0
4.0173,Mw,-1.512619,-81.102356,0.0,2021,6,17,9,14,11.0
4.263599999999999,Mw,-1.480665,-81.045753,3.1,2021,6,17,11,32,37.0
3.8531,Mw,-1.501418,-81.034058,3.0,2021,6,17,13,5,24.0
4.3457,Mw,-1.125799,-81.185707,3.0,2021,6,17,17,40,40.0
4.5099,Mw,-1.295188,-81.211678,1.39,2021,6,18,3,17,24.0
3.771,Mw,-1.335644,-81.196411,1.0,2021,6,18,12,55,16.0
4.099399999999999,Mw,-1.642471,-81.080696,1.28,2021,6,18,22,15,25.0
3.9352,Mw,-1.291517,-80.869873,6.37,2021,6,18,23,8,49.0
3.9352,Mw,-1.150212,-81.279167,1.39,2021,6,19,6,45,55.0
4.0173,Mw,-2.384526,-76.61853,150.0,2021,6,19,19,18,27.0
3.8531,Mw,-1.219537,-81.025543,1.38,2021,6,22,17,18,12.0
4.0173,Mw,-1.210812,-81.146172,3.91,2021,6,22,18,5,36.0
3.8531,Mw,-1.209008,-81.00946,2.41,2021,6,22,21,28,35.0
3.9352,Mw,-1.52241,-81.008545,1.29,2021,6,27,9,17,35.0
3.771,Mw,0.684038,-80.231613,5.32,2021,6,29,14,18,41.0
3.8531,Mw,-1.602765,-81.027229,2.0,2021,6,30,5,50,38.0
3.9352,Mw,-0.854877,-80.62159,9.44,2021,7,2,9,30,32.0
3.7,Mw,-1.775428,-77.972252,174.88,2021,7,4,21,36,47.0
4.1815,Mw,-3.406499,-80.875023,4.73,2021,7,10,0,18,18.0
4.592,Mw,-1.15431,-81.037827,4.4,2021,7,10,16,48,32.0
3.771,Mw,-2.08546,-80.443161,20.71,2021,7,12,22,9,12.0
4.674099999999999,Mw,0.836568,-80.420792,13.24,2021,7,13,11,36,53.0
4.3457,Mw,-0.871617,-80.90152,4.51,2021,7,20,12,15,34.0
4.0173,Mw,-0.870248,-80.959755,4.32,2021,7,20,13,26,24.0
3.8531,Mw,-2.303056,-79.833038,45.37,2021,7,23,1,29,59.0
4.1815,Mw,-1.15836,-80.789444,1.66,2021,8,2,19,24,6.0
3.8531,Mw,-0.911455,-79.734283,30.97,2021,8,9,11,9,0.0
3.9352,Mw,-0.144477,-80.650688,2.78,2021,8,10,4,1,55.0
3.9352,Mw,-0.127777,-80.646851,3.04,2021,8,10,5,13,39.0
4.5099,Mw,-0.161143,-80.673325,2.1,2021,8,10,6,54,43.0
4.7562,Mw,-1.576526,-81.035927,3.56,2021,8,13,18,59,38.0
5.3309,Mw,-1.541795,-81.04232,2.8,2021,8,13,19,3,48.0
4.0173,Mw,-1.438937,-78.052551,2.5,2021,8,21,23,12,17.0
3.8531,Mw,-3.352508,-79.074745,59.65,2021,8,26,10,3,12.0
5.084599999999999,Mw,-3.378791,-78.364769,2.0,2021,8,31,9,11,4.0
4.592,Mw,-3.347448,-78.306259,0.0,2021,8,31,11,36,32.0
4.3457,Mw,-2.113743,-77.6409,7.68,2021,9,2,20,34,45.0
4.3457,Mw,-3.410105,-80.431377,29.32,2021,9,3,22,37,51.0
4.0173,Mw,-2.744903,-79.677635,3.62,2021,9,9,15,32,39.0
3.8531,Mw,-1.34907,-80.966223,16.34,2021,9,12,23,53,20.0
3.9352,Mw,-1.528473,-80.981856,16.14,2021,9,15,4,8,59.0
4.592,Mw,-3.345866,-80.287796,25.64,2021,9,16,12,6,50.0
3.8531,Mw,-1.401488,-80.76317,40.97,2021,9,19,8,19,7.0
4.7562,Mw,-3.048287,-78.419945,6.0,2021,9,19,12,23,15.0
3.8531,Mw,-1.89223,-80.492233,5.94,2021,9,24,2,0,10.0
4.099399999999999,Mw,0.254497,-80.996468,10.0,2021,9,26,21,31,43.0
4.099399999999999,Mw,-1.158946,-81.077583,5.0,2021,9,29,5,39,52.0
3.8531,Mw,-1.883276,-80.270058,27.66,2021,10,5,23,6,58.0
4.4277999999999995,Mw,-2.406224,-80.078041,23.09,2021,10,6,8,57,14.0
4.1815,Mw,-2.48481,-79.017776,77.17,2021,10,7,5,59,8.0
4.5099,Mw,0.389239,-80.598213,7.01,2021,10,12,0,33,41.0
3.9352,Mw,0.558808,-80.881775,3.32,2021,10,12,1,40,49.0
3.9352,Mw,-4.528534,-78.875252,94.19,2021,10,12,14,54,52.0
3.9352,Mw,0.894002,-79.877396,7.36,2021,10,14,17,56,54.0
4.3457,Mw,-2.587314,-79.571297,3.36,2021,11,11,9,43,36.0
3.771,Mw,-3.558519,-77.878761,35.27,2021,11,18,0,54,23.0
4.0173,Mw,-1.453195,-80.418137,4.79,2021,11,18,3,17,7.0
4.5099,Mw,1.290915,-79.705742,0.44,2021,11,18,4,13,15.0
4.9204,Mw,-1.963941,-80.24662,22.22,2021,11,20,22,6,38.0
4.4277999999999995,Mw,-3.245018,-80.808014,12.46,2021,11,22,15,13,32.0
4.674099999999999,Mw,-0.175026,-78.381371,11.83,2021,11,23,16,3,22.0
4.0173,Mw,-1.876779,-79.340118,87.64,2021,11,24,5,27,10.0
5.1667,Mw,-2.823989,-77.470352,14.2,2021,12,6,6,30,52.0
3.771,Mw,-2.816799,-77.862579,12.0,2021,12,6,11,34,13.0
4.263599999999999,Mw,-2.765543,-80.125114,17.54,2021,12,20,7,51,31.0
3.9352,Mw,0.392126,-78.944115,10.0,2021,12,24,1,30,9.0
3.8531,Mw,0.025363,-80.071731,26.04,2021,12,24,14,56,46.0
4.0173,Mw,-2.856038,-79.986969,4.8,2021,12,25,18,24,26.0
3.9352,Mw,0.241297,-79.931686,6.53,2021,12,28,18,36,29.0
4.674099999999999,Mw,-0.90118,-77.758492,23.99,2021,12,28,20,22,18.0
3.771,Mw,-1.232176,-80.953598,23.09,2022,1,3,2,32,0.0
3.9352,Mw,0.615667,-78.688828,3.72,2022,1,6,12,8,23.0
4.263599999999999,Mw,-2.563805,-78.899651,78.42,2022,1,18,21,56,51.0
3.8531,Mw,-4.060772,-80.123383,46.86,2022,1,24,5,10,5.0
4.5099,Mw,-3.760957,-79.720871,59.68,2022,2,3,7,2,29.0
3.8531,Mw,-2.458464,-77.137009,128.54,2022,2,7,4,2,1.0
3.8531,Mw,-3.689832,-78.43457,64.84,2022,2,7,7,24,50.0
3.9352,Mw,-1.202715,-77.886147,9.25,2022,2,8,20,39,7.0
4.099399999999999,Mw,-1.580917,-78.113396,165.79,2022,2,17,16,24,42.0
3.9352,Mw,-2.340705,-77.342239,145.26,2022,2,21,16,40,33.0
4.0173,Mw,-2.029035,-76.519882,10.0,2022,2,24,23,0,25.0
4.0173,Mw,0.205877,-82.624756,10.0,2022,2,26,5,16,34.0
4.0173,Mw,-1.910176,-81.492943,1.31,2022,3,2,2,27,32.0
4.099399999999999,Mw,-2.509584,-77.756927,5.54,2022,3,4,19,0,58.0
3.8531,Mw,0.594561,-80.794266,27.88,2022,3,13,1,47,11.0
4.5099,Mw,-1.910734,-78.270248,1.03,2022,3,13,10,51,4.0
4.263599999999999,Mw,-1.259453,-79.967361,51.57,2022,3,16,6,9,15.0
3.8531,Mw,-1.668987,-78.183113,160.58,2022,3,17,8,11,27.0
3.8531,Mw,-0.604739,-80.515701,9.73,2022,3,22,12,23,32.0
4.0173,Mw,-2.191705,-80.460838,14.35,2022,3,25,19,51,35.0
5.8235,Mw,0.86779,-79.80555,20.0,2022,3,27,4,28,10.0
4.0173,Mw,0.816007,-79.780403,19.38,2022,3,27,4,30,50.0
4.263599999999999,Mw,0.840687,-79.771545,18.36,2022,3,27,4,31,21.0
5.084599999999999,Mw,0.801131,-79.737709,17.45,2022,3,27,5,53,3.0
3.8531,Mw,0.840055,-79.753433,16.8,2022,3,27,7,14,49.0
5.248799999999999,Mw,0.845445,-79.747597,15.76,2022,3,27,20,17,4.0
4.674099999999999,Mw,0.849688,-79.757523,15.41,2022,3,27,20,51,11.0
4.099399999999999,Mw,-3.26178,-80.518875,13.64,2022,3,29,5,52,35.0
3.9352,Mw,-2.270322,-79.195175,94.94,2022,4,4,14,18,22.0
4.0173,Mw,0.154506,-82.645874,8.0,2022,4,6,2,38,44.0
3.9352,Mw,-0.169368,-78.370926,7.08,2022,4,16,13,37,38.0
3.9352,Mw,-1.700751,-77.976624,183.72,2022,4,20,5,38,48.0
4.0173,Mw,-3.540043,-80.090274,60.55,2022,4,20,17,49,20.0
4.099399999999999,Mw,-4.830863,-79.210464,5.0,2022,4,27,21,10,47.0
4.7562,Mw,-2.732104,-79.590981,23.73,2022,4,29,18,49,51.0
3.771,Mw,-0.176262,-78.359558,6.56,2022,5,6,2,39,59.0
4.0173,Mw,-1.955001,-81.310822,5.33,2022,5,12,16,24,1.0
3.9352,Mw,-2.868372,-80.014549,42.58,2022,5,15,10,28,51.0
4.7562,Mw,1.015682,-85.109802,17.74,2022,5,23,22,53,57.0
4.099399999999999,Mw,-2.881367,-79.153496,76.32,2022,5,28,1,37,48.0
5.412999999999999,Mw,-1.995921,-81.20079,4.06,2022,6,3,6,24,54.0
3.8531,Mw,-1.974395,-81.112247,26.7,2022,6,3,7,28,26.0
4.099399999999999,Mw,-0.206949,-80.427589,22.05,2022,6,3,8,13,54.0
4.1815,Mw,-2.87088,-79.090065,53.54,2022,6,9,22,12,11.0
4.3457,Mw,-0.87406,-80.475761,12.77,2022,6,10,13,28,13.0
4.4277999999999995,Mw,-0.693713,-77.976707,1.22,2022,6,12,2,37,43.0
4.0173,Mw,0.725763,-77.929955,4.96,2022,6,12,7,5,52.0
3.8,Mw,0.729611,-77.906624,4.96,2022,6,12,9,2,37.0
4.592,Mw,-0.765598,-91.633591,17.55,2022,6,18,19,16,25.0
4.0173,Mw,-2.202795,-79.824142,45.26,2022,6,22,17,11,3.0
3.8531,Mw,-2.749639,-80.071098,9.6,2022,6,25,19,29,30.0
4.5099,Mw,-2.684974,-79.605759,3.36,2022,6,29,13,53,8.0
4.099399999999999,Mw,-2.820853,-82.528473,10.0,2022,7,1,11,13,28.0
3.771,Mw,-1.331598,-80.833039,16.75,2022,7,4,6,19,12.0
3.771,Mw,-2.254534,-79.87822,54.9,2022,7,5,11,6,8.0
5.9056,Mw,-2.057731,-79.883858,62.1,2022,7,14,22,30,13.0
4.263599999999999,Mw,-1.614718,-78.326981,152.73,2022,7,17,0,53,37.0
3.8531,Mw,-1.305407,-80.511688,5.2,2022,7,18,15,29,45.0
4.674099999999999,Mw,-1.95524,-78.590736,127.5,2022,7,20,7,10,22.0
4.0173,Mw,-3.995199,-80.350609,38.35,2022,7,22,7,42,47.0
5.0024999999999995,Mw,-0.930913,-80.518799,13.31,2022,7,22,7,57,30.0
4.674099999999999,Mw,-0.952438,-80.554222,17.37,2022,7,22,8,39,5.0
5.084599999999999,Mw,0.713086,-77.835281,4.46,2022,7,25,13,33,27.0
4.099399999999999,Mw,0.72772,-77.838791,0.72,2022,7,25,13,38,17.0
4.1815,Mw,-4.673867,-80.246056,7.75,2022,7,26,1,37,47.0
4.263599999999999,Mw,0.708948,-77.838028,1.83,2022,7,26,10,24,24.0
3.8531,Mw,0.685086,-77.832848,3.07,2022,7,31,12,0,1.0
3.8531,Mw,0.698567,-77.822937,1.36,2022,7,31,13,14,33.0
4.0173,Mw,0.687209,-77.820343,2.27,2022,7,31,15,6,7.0
4.099399999999999,Mw,0.135035,-79.26239,7.81,2022,8,1,1,38,58.0
4.4277999999999995,Mw,-2.650273,-80.667419,13.16,2022,8,3,8,13,12.0
4.263599999999999,Mw,-3.017649,-77.946136,5.0,2022,8,8,12,13,23.0
3.771,Mw,-0.164931,-80.725891,3.53,2022,8,9,16,17,7.0
4.0173,Mw,-0.100354,-80.747246,1.54,2022,8,10,9,56,32.0
3.9352,Mw,-0.169959,-81.010269,2.91,2022,8,11,22,5,5.0
4.674099999999999,Mw,-3.345524,-80.815186,2.66,2022,8,12,0,19,42.0
4.5099,Mw,-0.192814,-80.997444,4.22,2022,8,12,8,35,19.0
4.592,Mw,-0.173414,-80.956894,1.73,2022,8,12,8,47,53.0
4.0173,Mw,-0.139559,-80.899879,5.0,2022,8,13,3,19,14.0
5.1667,Mw,-0.118086,-80.981087,10.0,2022,8,13,7,6,5.0
4.099399999999999,Mw,-2.492505,-80.346306,8.39,2022,8,13,9,26,14.0
4.263599999999999,Mw,-0.265274,-81.014053,6.79,2022,8,16,17,1,26.0
4.674099999999999,Mw,-0.306748,-80.971466,5.0,2022,8,17,7,9,18.0
4.7,Mw,-0.362212,-80.993149,5.0,2022,8,17,7,10,20.0
4.674099999999999,Mw,-0.323829,-81.047562,7.5,2022,8,17,17,50,41.0
3.771,Mw,-1.350043,-77.933472,7.48,2022,8,20,13,45,27.0
3.771,Mw,-0.188775,-80.688667,10.0,2022,8,21,2,38,10.0
5.3309,Mw,-0.099628,-80.997269,0.0,2022,8,21,10,27,57.0
4.9204,Mw,-0.772559,-80.502251,13.31,2022,8,21,13,18,31.0
4.3457,Mw,-0.228322,-80.796837,10.0,2022,8,21,19,2,15.0
4.3457,Mw,-0.163557,-80.763237,4.39,2022,8,21,19,3,31.0
3.771,Mw,-0.344615,-81.003098,10.0,2022,8,21,19,26,29.0
4.0173,Mw,-0.338163,-81.033813,4.68,2022,8,21,19,28,50.0
3.9352,Mw,-0.209678,-80.771408,10.0,2022,8,22,1,51,0.0
3.8531,Mw,-0.07498,-80.956139,10.0,2022,8,22,7,42,4.0
4.0173,Mw,-0.067713,-80.866753,4.31,2022,8,22,10,31,35.0
4.0173,Mw,-0.098758,-80.969406,10.0,2022,8,23,7,54,10.0
4.099399999999999,Mw,-3.05616,-79.497932,2.17,2022,8,25,8,0,11.0
4.099399999999999,Mw,-0.090857,-80.922447,10.0,2022,8,27,17,13,32.0
4.3457,Mw,-3.70215,-80.457222,20.12,2022,8,28,6,25,36.0
4.263599999999999,Mw,-0.204714,-81.036087,10.0,2022,8,29,14,51,19.0
4.4277999999999995,Mw,-0.725065,-80.526772,11.83,2022,8,30,0,23,36.0
4.1815,Mw,-0.707383,-80.564003,14.68,2022,8,30,0,28,22.0
3.771,Mw,-2.132578,-79.144257,0.13,2022,9,4,1,26,25.0
4.263599999999999,Mw,0.367763,-80.609138,10.96,2022,9,7,4,21,12.0
3.9352,Mw,-0.65657,-81.176231,3.65,2022,9,10,10,51,2.0
3.771,Mw,-0.668214,-81.156113,2.85,2022,9,11,14,7,27.0
3.8531,Mw,-0.852695,-80.991066,3.09,2022,9,12,3,58,0.0
4.263599999999999,Mw,-0.80791,-80.945025,21.39,2022,9,12,4,30,4.0
3.771,Mw,-0.840693,-80.981987,1.08,2022,9,12,7,59,8.0
3.8531,Mw,-0.856446,-81.013344,0.16,2022,9,12,8,0,39.0
4.1815,Mw,-0.795601,-80.988899,2.0,2022,9,12,8,51,15.0
3.8531,Mw,-0.060751,-80.976685,1.89,2022,9,13,5,36,11.0
3.8531,Mw,-2.726662,-79.529488,32.43,2022,9,19,15,18,56.0
4.592,Mw,-1.895528,-81.01931,10.0,2022,9,23,23,44,37.0
4.1815,Mw,-2.949377,-79.895203,6.13,2022,9,24,8,39,22.0
4.7562,Mw,0.177446,-77.448944,4.64,2022,9,29,23,2,45.0
4.0173,Mw,-2.250781,-79.764488,60.68,2022,10,2,1,52,38.0
4.099399999999999,Mw,-2.889459,-80.156845,6.66,2022,10,3,13,14,54.0
4.4277999999999995,Mw,-0.602166,-81.289619,1.26,2022,10,7,14,55,12.0
5.1667,Mw,-2.150658,-80.004646,40.18,2022,10,15,7,39,53.0
4.4277999999999995,Mw,0.684569,-85.155685,14.69,2022,10,17,7,55,8.0
4.263599999999999,Mw,0.726561,-85.07711,31.36,2022,10,17,8,8,49.0
4.3457,Mw,-2.237659,-79.727264,69.97,2022,10,19,13,34,25.0
4.3457,Mw,-1.728578,-77.841057,182.82,2022,10,19,21,55,24.0
4.099399999999999,Mw,-3.134225,-79.519745,5.0,2022,10,21,3,11,20.0
4.099399999999999,Mw,-2.829785,-77.973495,5.0,2022,10,29,5,24,28.0
5.1667,Mw,-2.6194,-76.532631,159.98,2022,10,31,13,22,44.0
4.099399999999999,Mw,-1.449105,-80.91188,2.86,2022,11,1,21,19,39.0
3.771,Mw,-1.748238,-77.818619,181.51,2022,11,7,20,40,41.0
3.771,Mw,-0.247555,-80.956944,33.51,2022,11,13,15,14,38.0
4.099399999999999,Mw,-1.731279,-77.870232,189.29,2022,11,16,5,55,22.0
4.838299999999999,Mw,-2.021759,-78.43943,137.42,2022,11,17,4,19,50.0
4.0173,Mw,-2.116145,-79.109306,17.4,2022,11,18,11,3,0.0
4.592,Mw,-1.142905,-80.598259,5.0,2022,11,24,19,36,46.0
3.771,Mw,-4.059524,-78.573235,16.7,2022,11,25,23,1,25.0
4.099399999999999,Mw,-1.887739,-81.265846,5.29,2022,11,27,17,34,21.0
4.0173,Mw,-4.037128,-80.519592,42.85,2022,11,29,10,9,25.0
4.1815,Mw,0.702361,-80.251732,11.3,2022,11,29,17,28,18.0
4.1815,Mw,0.721962,-80.309059,9.37,2022,12,1,6,52,28.0
4.592,Mw,0.571082,-80.024521,3.02,2022,12,2,15,44,33.0
3.8531,Mw,-2.538111,-81.238327,2.84,2022,12,8,22,0,58.0
4.592,Mw,-0.741428,-80.532097,13.27,2022,12,9,3,24,24.0
4.263599999999999,Mw,-1.020968,-80.592781,4.14,2022,12,10,9,13,39.0
3.9352,Mw,-1.513541,-80.546036,10.0,2022,12,16,8,47,11.0
5.248799999999999,Mw,1.606209,-79.454735,3.39,2022,12,17,9,46,31.0
4.592,Mw,1.56444,-79.394119,0.95,2022,12,17,9,49,18.0
4.674099999999999,Mw,1.495238,-79.333298,5.0,2022,12,17,15,57,52.0
4.5099,Mw,-0.730531,-80.540833,10.81,2022,12,19,11,1,49.0
4.0173,Mw,-0.718086,-80.49239,25.96,2022,12,19,11,15,12.0
4.4277999999999995,Mw,-0.734252,-80.541138,9.86,2022,12,19,12,26,17.0
4.5099,Mw,1.045531,-85.119598,10.0,2022,12,21,20,44,33.0
4.0173,Mw,-3.011434,-79.469882,19.48,2022,12,24,2,29,51.0
4.1815,Mw,-2.104828,-79.867737,66.0,2022,12,27,5,25,12.0
3.771,Mw,-2.142521,-79.88694,57.22,2022,12,27,14,58,29.0
3.8531,Mw,-2.847894,-77.961143,1.77,2022,12,29,19,29,26.0
4.0173,Mw,-1.666611,-77.90464,183.95,2022,12,31,0,43,59.0
3.9352,Mw,-2.550317,-77.56218,4.0,2023,1,1,11,46,42.0
3.771,Mw,-2.092224,-79.096466,95.13,2023,1,10,0,10,38.0
3.8531,Mw,-2.506754,-80.797707,7.86,2023,1,13,9,42,57.0
4.263599999999999,Mw,-2.156312,-80.360321,24.27,2023,1,14,10,18,22.0
4.0173,Mw,-1.687624,-78.236176,155.81,2023,1,18,23,43,33.0
4.5099,Mw,-3.464408,-80.90641,1.2,2023,1,25,9,11,35.0
4.099399999999999,Mw,-1.97514,-79.963966,61.78,2023,1,26,3,16,23.0
4.5099,Mw,-0.094784,-77.442108,4.85,2023,1,26,4,29,45.0
3.771,Mw,1.299275,-80.164948,2.02,2023,1,27,8,56,35.0
4.099399999999999,Mw,-3.720656,-80.348633,28.54,2023,2,1,2,54,26.0
4.0173,Mw,-1.864748,-78.103333,152.72,2023,2,1,8,58,28.0
5.1667,Mw,-1.914768,-81.378914,1.03,2023,2,1,21,14,57.0
3.8531,Mw,-1.378314,-77.617111,223.36,2023,2,5,10,38,54.0
3.771,Mw,-2.701992,-76.990265,126.05,2023,2,8,19,5,22.0
4.099399999999999,Mw,-3.91819,-80.430557,18.41,2023,2,8,22,8,39.0
3.8531,Mw,-1.624434,-80.944351,5.0,2023,2,10,23,22,57.0
3.9352,Mw,-1.58032,-81.023994,5.97,2023,2,10,23,22,58.0
3.8531,Mw,-1.691387,-77.801065,27.3,2023,2,18,9,43,5.0
3.9352,Mw,-1.125811,-80.826363,2.65,2023,2,19,1,48,38.0
3.8531,Mw,-3.031121,-79.480726,15.0,2023,2,24,4,2,37.0
3.771,Mw,-1.520092,-80.998329,3.3,2023,2,27,10,38,25.0
4.674099999999999,Mw,0.603589,-80.174522,3.62,2023,3,8,4,24,55.0
3.8531,Mw,-2.147892,-80.223129,39.84,2023,3,15,7,43,36.0
3.8531,Mw,-0.519599,-78.704315,4.0,2023,3,17,6,11,52.0
4.4277999999999995,Mw,-0.138935,-80.720848,3.86,2023,3,17,19,19,21.0
6.4803,Mw,-2.798929,-79.951035,60.0,2023,3,18,17,12,52.0
4.4277999999999995,Mw,-2.787315,-79.928185,61.01,2023,3,18,17,22,37.0
3.9352,Mw,-2.859564,-80.023071,59.63,2023,3,18,17,55,33.0
4.0173,Mw,-2.795363,-79.862116,66.73,2023,3,20,3,32,23.0
4.3457,Mw,-2.654077,-80.978142,6.07,2023,3,20,10,20,57.0
3.9352,Mw,-4.125383,-80.531158,12.81,2023,3,23,20,6,27.0
3.9352,Mw,-2.957637,-79.00676,49.44,2023,3,25,4,18,17.0
3.771,Mw,-2.818932,-79.955627,51.72,2023,3,25,23,47,49.0
4.0173,Mw,-1.476793,-80.423,6.85,2023,3,26,11,51,24.0
3.9352,Mw,-3.597239,-79.306923,63.79,2023,3,29,7,9,26.0
4.1815,Mw,-1.788162,-77.858932,181.46,2023,4,2,12,32,42.0
3.8531,Mw,-2.306187,-80.098145,32.64,2023,4,6,8,7,53.0
3.8531,Mw,-3.504724,-79.958961,19.45,2023,4,6,18,57,16.0
3.8531,Mw,0.634118,-80.105354,6.75,2023,4,7,10,33,24.0
3.771,Mw,0.575216,-78.644241,2.56,2023,4,14,10,30,46.0
3.771,Mw,-0.386967,-77.546288,5.55,2023,4,19,6,54,45.0
5.495099999999999,Mw,-2.754758,-79.88255,59.65,2023,4,25,5,35,58.0
4.592,Mw,-4.954789,-80.934853,20.0,2023,4,30,3,33,54.0
4.099399999999999,Mw,-2.772477,-79.863832,68.95,2023,5,3,21,8,49.0
5.248799999999999,Mw,-2.63491,-78.935763,93.31,2023,5,8,0,51,54.0
4.1815,Mw,-2.804307,-80.493759,23.44,2023,5,9,17,2,13.0
4.4277999999999995,Mw,-4.550996,-78.740746,3.79,2023,5,11,11,34,6.0
4.5,Mw,-4.56207,-78.618532,12.95,2023,5,11,11,34,6.0
4.5099,Mw,-1.496337,-80.36412,4.27,2023,5,13,18,59,36.0
3.9352,Mw,-2.844319,-81.418739,3.0,2023,5,14,6,38,42.0
3.8531,Mw,-2.791845,-75.94416,0.0,2023,5,16,23,29,28.0
4.674099999999999,Mw,-5.411566,-79.99884,63.58,2023,5,19,3,0,23.0
4.592,Mw,-2.655582,-80.001501,55.52,2023,5,21,7,44,36.0
4.099399999999999,Mw,0.147426,-77.42031,19.97,2023,5,21,18,39,35.0
3.9352,Mw,-1.358433,-80.667908,20.56,2023,5,28,12,31,39.0
3.771,Mw,-3.324253,-80.800507,4.52,2023,5,30,20,25,15.0
3.9352,Mw,-3.839669,-81.787361,7.59,2023,6,4,6,14,38.0
3.8531,Mw,-1.561073,-81.063606,10.0,2023,6,4,18,44,31.0
3.9352,Mw,0.233413,-77.795296,6.0,2023,6,7,10,13,3.0
4.3457,Mw,-4.36052,-79.476405,112.07,2023,6,10,8,15,13.0
4.0,Mw,-3.738186,-81.602562,5.0,2023,6,10,10,6,40.0
4.263599999999999,Mw,-0.741957,-80.461632,31.89,2023,6,11,10,28,36.0
3.8531,Mw,0.433549,-79.346382,31.97,2023,6,12,0,6,50.0
3.8531,Mw,-3.662105,-79.348109,6.03,2023,6,13,2,23,3.0
3.9352,Mw,-3.190623,-79.812677,62.69,2023,6,15,3,53,59.0
5.084599999999999,Mw,-0.645641,-77.679443,18.0,2023,6,18,9,10,28.0
4.4277999999999995,Mw,-2.827062,-79.514114,6.94,2023,6,23,15,9,22.0
3.9352,Mw,-1.884882,-79.901695,54.47,2023,6,25,21,50,25.0
3.8531,Mw,-1.378832,-80.939583,4.31,2023,6,26,22,25,26.0
5.3309,Mw,0.568246,-80.079147,16.75,2023,6,27,14,7,22.0
4.099399999999999,Mw,-1.277879,-81.019508,1.85,2023,6,27,19,16,35.0
3.771,Mw,-3.239809,-77.598562,105.29,2023,7,5,8,45,11.0
4.099399999999999,Mw,-0.183816,-78.391397,15.21,2023,7,15,18,29,19.0
4.263599999999999,Mw,-3.563422,-78.106139,24.48,2023,7,17,4,46,14.0
3.771,Mw,-2.106301,-79.699839,94.73,2023,7,22,0,39,53.0
4.592,Mw,-3.247684,-80.00478,63.67,2023,7,23,19,24,22.0
3.771,Mw,-0.914715,-79.125711,106.82,2023,7,26,1,24,40.0
4.7562,Mw,-1.89909,-78.253945,140.78,2023,7,28,1,38,22.0
4.099399999999999,Mw,-2.62359,-79.569385,33.37,2023,8,2,8,8,38.0
5.3309,Mw,-5.246857,-81.064865,10.0,2023,8,4,20,17,18.0
3.6,Mw,-4.098676,-77.99307,15.27,2023,8,5,15,58,59.0
3.9352,Mw,0.492717,-77.576973,1.08,2023,8,8,19,40,50.0
4.4277999999999995,Mw,-2.559113,-76.760614,153.08,2023,8,12,21,52,22.0
4.3457,Mw,-2.405551,-76.855504,156.8,2023,8,14,10,59,47.0
3.771,Mw,-3.028906,-77.088552,84.53,2023,8,17,22,4,6.0
4.5099,Mw,-3.656691,-77.928704,27.74,2023,8,20,7,28,59.0
4.0173,Mw,-3.73618,-78.089613,107.12,2023,8,20,11,4,51.0
4.1815,Mw,1.039278,-83.890442,15.0,2023,8,20,13,45,43.0
3.9352,Mw,-2.082658,-79.997276,32.56,2023,8,20,19,43,58.0
3.8531,Mw,-1.963074,-77.282245,184.42,2023,8,21,4,48,57.0
5.7414,Mw,-3.175824,-79.992414,60.93,2023,8,21,5,24,8.0
4.0173,Mw,-3.167949,-79.991423,53.11,2023,8,21,9,32,15.0
4.099399999999999,Mw,-0.550496,-80.499984,23.96,2023,8,25,1,4,45.0
3.771,Mw,-0.539176,-80.491615,20.46,2023,8,25,2,2,5.0
3.9352,Mw,-0.552465,-80.529517,16.36,2023,8,25,2,38,12.0
3.9352,Mw,-0.543113,-80.490631,24.35,2023,8,25,21,16,46.0
3.771,Mw,-1.471871,-80.552486,47.37,2023,8,28,13,0,56.0
4.7562,Mw,-0.42548,-80.378882,26.15,2023,8,29,21,31,25.0
3.9352,Mw,-2.020209,-79.924561,16.59,2023,8,31,1,35,19.0
4.3457,Mw,-1.488113,-77.855874,191.14,2023,8,31,9,38,9.0
4.099399999999999,Mw,-0.392504,-80.415793,25.11,2023,9,1,8,7,43.0
3.8531,Mw,-1.768459,-78.386063,154.51,2023,9,3,21,8,18.0
4.1815,Mw,-1.601809,-78.168945,160.46,2023,9,8,20,45,47.0
4.0173,Mw,-1.507309,-80.809515,31.4,2023,9,9,12,27,54.0
3.8531,Mw,-3.098551,-77.862021,11.88,2023,9,11,2,42,49.0
4.7562,Mw,-2.375035,-80.061963,63.72,2023,9,14,9,1,37.0
4.3457,Mw,1.136723,-79.207411,41.36,2023,9,26,19,24,57.0
3.9352,Mw,-1.013879,-80.683952,5.95,2023,9,27,15,7,1.0
3.771,Mw,-1.260723,-79.617986,94.18,2023,9,28,0,5,22.0
4.099399999999999,Mw,1.082336,-78.775443,41.6,2023,9,28,6,28,2.0
3.9352,Mw,-0.923574,-79.157707,104.52,2023,10,9,14,29,2.0
4.1815,Mw,-2.795117,-79.081316,78.57,2023,10,13,4,0,12.0
4.099399999999999,Mw,-5.551573,-79.055328,0.0,2023,10,14,1,46,3.0
3.8531,Mw,1.856145,-81.426582,10.0,2023,10,19,22,52,58.0
4.099399999999999,Mw,-5.941065,-81.363106,5.0,2023,10,20,5,5,46.0
3.8531,Mw,-2.597504,-77.879442,12.81,2023,10,21,9,7,47.0
3.9352,Mw,0.220762,-78.277207,14.45,2023,10,23,5,23,29.0
4.3457,Mw,-1.382785,-80.997508,22.65,2023,11,1,9,40,3.0
3.771,Mw,-1.377863,-80.992089,17.02,2023,11,2,12,50,28.0
5.1667,Mw,-0.879277,-79.249267,20.03,2023,11,7,3,33,43.0
4.7562,Mw,-2.437051,-80.513245,39.28,2023,11,12,8,26,47.0
4.5099,Mw,-2.460676,-79.467386,32.66,2023,11,15,12,20,39.0
3.9352,Mw,-3.104949,-80.510916,32.82,2023,11,15,18,36,10.0
4.0173,Mw,-3.994824,-80.598329,49.23,2023,11,16,19,2,24.0
4.5099,Mw,-1.256539,-77.902054,196.7,2023,11,18,6,35,46.0
3.8531,Mw,-2.679699,-79.1895,79.25,2023,11,19,17,18,16.0
5.084599999999999,Mw,-2.210398,-77.2728,20.6,2023,11,22,17,45,1.0
4.9204,Mw,-2.131402,-77.520407,163.09,2023,11,25,12,59,50.0
4.0173,Mw,-3.165242,-80.467355,52.98,2023,11,26,6,47,44.0
3.771,Mw,-4.590863,-78.739721,116.17,2023,11,28,8,7,31.0
4.0173,Mw,-2.319664,-77.19284,142.55,2023,11,28,12,42,46.0
4.0173,Mw,-2.783059,-78.744019,92.71,2023,11,29,6,48,16.0
4.0173,Mw,-2.323848,-79.245713,90.46,2023,11,29,6,57,0.0
4.1815,Mw,1.349594,-78.587806,-7.78,2023,11,30,17,59,24.0
4.099399999999999,Mw,0.519766,-79.250509,69.77,2023,12,6,9,5,4.0
3.771,Mw,-3.486887,-80.474853,50.6,2023,12,9,4,27,52.0
4.263599999999999,Mw,0.313785,-80.203157,18.82,2023,12,12,14,8,5.0
3.8531,Mw,-1.421176,-78.921341,118.03,2023,12,20,13,21,56.0
4.099399999999999,Mw,-3.328648,-80.630224,41.93,2023,12,28,3,11,13.0
4.0173,Mw,-1.64266,-78.106386,159.7,2023,12,28,22,44,57.0
3.771,Mw,0.100668,-78.930839,97.03,2024,1,1,0,5,22.0
4.592,Mw,-1.371163,-80.871765,13.54,2024,1,6,1,3,34.0
4.592,Mw,-2.158473,-79.743685,78.27,2024,1,6,11,51,31.0
4.263599999999999,Mw,-3.378359,-80.816164,44.61,2024,1,7,15,8,26.0
4.592,Mw,-2.377496,-81.693494,14.23,2024,1,8,12,59,51.0
4.592,Mw,-2.322371,-81.711629,16.53,2024,1,8,13,6,55.0
3.9352,Mw,-0.225606,-80.45089,8.37,2024,1,11,6,16,4.0
4.263599999999999,Mw,-3.284352,-81.792657,10.98,2024,1,20,3,43,18.0
4.0173,Mw,-2.797332,-78.063489,106.82,2024,1,24,1,42,15.0
4.592,Mw,-4.165121,-80.344436,49.89,2024,1,28,5,18,58.0
3.771,Mw,-2.122051,-79.732842,74.55,2024,1,30,11,44,48.0
3.8531,Mw,-3.203633,-77.94838,12.73,2024,1,30,20,44,50.0
3.9352,Mw,-2.141246,-79.939216,47.97,2024,2,3,15,4,42.0
4.5099,Mw,1.079383,-78.944786,79.01,2024,2,8,2,36,10.0
4.674099999999999,Mw,-0.93834,-80.930311,23.09,2024,2,9,8,44,13.0
3.771,Mw,-4.18973,-80.548777,77.78,2024,2,12,6,44,8.0
3.9352,Mw,-3.621123,-79.57917,55.68,2024,2,14,2,47,25.0
4.1815,Mw,-2.813082,-80.05825,24.51,2024,2,14,13,36,9.0
4.4277999999999995,Mw,-1.786379,-77.91769,173.1,2024,2,15,6,45,30.0
4.3457,Mw,-1.946832,-80.719719,34.14,2024,2,16,19,2,30.0
4.099399999999999,Mw,-4.829082,-78.759747,4.11,2024,2,17,3,45,9.0
3.8531,Mw,-2.649946,-80.202408,46.9,2024,2,17,4,40,59.0
3.9352,Mw,-0.766074,-79.668161,26.97,2024,2,17,12,14,12.0
4.0173,Mw,-1.521828,-80.993421,19.23,2024,2,18,23,11,57.0
4.838299999999999,Mw,0.008811,-87.650681,10.0,2024,2,19,23,26,32.0
3.8531,Mw,-4.053493,-79.061455,86.42,2024,2,22,0,7,11.0
3.8531,Mw,-0.817016,-81.016649,17.7,2024,2,22,4,23,30.0
4.263599999999999,Mw,-0.809879,-81.042981,23.69,2024,2,22,4,37,25.0
3.9352,Mw,-4.004188,-79.931885,60.82,2024,2,23,21,9,24.0
4.592,Mw,-0.793637,-81.150773,29.49,2024,2,24,19,12,53.0
4.592,Mw,0.236512,-80.064846,28.45,2024,2,25,7,27,0.0
3.8531,Mw,-0.885184,-80.969668,27.36,2024,2,25,16,31,45.0
3.771,Mw,-0.96098,-81.237981,25.06,2024,3,1,5,24,0.0
3.9352,Mw,-1.03407,-81.120616,21.48,2024,3,2,17,48,19.0
3.8531,Mw,-3.335293,-80.840999,38.4,2024,3,4,13,23,12.0
4.0173,Mw,-2.788965,-79.935044,20.36,2024,3,5,13,9,23.0
4.1815,Mw,-1.243988,-81.080619,27.79,2024,3,5,21,48,26.0
4.263599999999999,Mw,0.265059,-80.054511,22.32,2024,3,12,5,15,39.0
4.7562,Mw,-0.619895,-81.128066,31.18,2024,3,13,8,26,36.0
3.771,Mw,-2.094488,-80.175608,44.47,2024,3,24,16,59,52.0
4.1815,Mw,-3.734457,-79.679065,87.89,2024,3,25,15,40,0.0
4.4277999999999995,Mw,-3.340707,-81.741272,9.53,2024,3,26,12,30,44.0
3.9352,Mw,-0.857867,-80.299468,39.3,2024,3,27,16,23,27.0
4.4277999999999995,Mw,-3.514449,-81.031611,29.98,2024,3,30,8,56,15.0
4.5099,Mw,-2.098426,-79.936739,83.03,2024,3,31,11,18,12.0
3.771,Mw,-2.544026,-80.208003,36.63,2024,4,7,4,1,10.0
4.0173,Mw,-2.890848,-79.482687,21.29,2024,4,7,7,13,34.0
3.771,Mw,-1.722324,-78.149513,145.3,2024,4,11,0,45,10.0
4.7562,Mw,-1.960613,-80.089361,64.43,2024,4,11,4,20,34.0
4.838299999999999,Mw,-1.48516,-80.580064,46.0,2024,4,14,10,58,44.0
3.8531,Mw,-3.21766,-80.280822,52.4,2024,4,14,15,7,40.0
3.9352,Mw,-2.714152,-77.728027,9.75,2024,4,18,11,45,40.0
4.7562,Mw,-3.33923,-81.884738,8.27,2024,4,21,23,22,30.0
4.0173,Mw,-0.942477,-79.280396,95.64,2024,4,25,21,43,29.0
3.9352,Mw,-4.054767,-80.063019,51.41,2024,4,25,22,27,40.0
4.9204,Mw,0.510414,-77.533199,19.73,2024,5,6,15,17,0.0
4.838299999999999,Mw,0.518535,-77.543779,21.67,2024,5,6,15,32,27.0
4.099399999999999,Mw,0.47473,-77.568402,6.03,2024,5,7,14,56,5.0
4.3457,Mw,-2.675762,-77.901519,28.72,2024,5,14,16,39,54.0
5.3309,Mw,-3.65866,-79.705181,90.03,2024,5,21,2,43,8.0
4.0173,Mw,-1.430527,-79.242838,16.09,2024,5,21,7,14,2.0
4.099399999999999,Mw,0.728341,-83.593155,10.0,2024,5,23,8,46,27.0
3.9352,Mw,-3.516418,-77.758311,14.61,2024,5,24,0,19,31.0
3.8531,Mw,0.822215,-79.241886,35.83,2024,5,29,1,12,2.0
3.771,Mw,-2.892324,-79.536404,62.57,2024,6,7,23,22,15.0
3.8531,Mw,-2.786996,-78.007818,2.14,2024,6,11,10,1,44.0
4.3457,Mw,-1.823293,-77.682275,19.37,2024,6,16,17,32,11.0
4.0173,Mw,-2.578309,-78.081466,4.71,2024,6,17,19,50,59.0
4.3457,Mw,-2.293824,-77.344842,147.72,2024,6,18,17,10,58.0
3.9352,Mw,1.217934,-79.729242,28.72,2024,6,19,17,44,7.0
4.4277999999999995,Mw,-2.45723,-78.847644,90.96,2024,6,21,6,2,47.0
3.8531,Mw,-0.883707,-80.555688,27.68,2024,6,24,20,15,8.0
4.0173,Mw,-0.311293,-80.917823,28.83,2024,6,28,15,2,2.0
4.3457,Mw,-0.167082,-78.384507,18.71,2024,7,1,5,27,50.0
4.592,Mw,-0.76509,-80.939594,31.13,2024,7,5,7,7,6.0
3.8531,Mw,-2.377997,-79.351151,75.01,2024,7,5,22,6,3.0
3.771,Mw,-4.262574,-79.73551,90.9,2024,7,19,6,8,12.0
4.4277999999999995,Mw,-2.088582,-80.195798,69.3,2024,7,24,0,35,11.0
4.838299999999999,Mw,-3.082801,-76.759425,141.54,2024,7,25,5,44,13.0
4.4277999999999995,Mw,-3.164996,-80.131416,58.91,2024,7,28,6,4,28.0
4.674099999999999,Mw,-3.702465,-78.569317,97.68,2024,8,4,6,57,1.0
4.592,Mw,-2.382172,-77.666142,11.58,2024,8,4,23,42,50.0
3.771,Mw,-2.057328,-78.621983,118.98,2024,8,13,0,29,51.0
3.9352,Mw,-0.790191,-78.688124,18.5,2024,8,22,20,2,56.0
3.9,Mw,-5.157125,-79.369502,40.12,2024,8,28,16,5,8.0
4.1815,Mw,-4.478152,-80.349763,69.03,2024,8,28,16,43,5.0
3.8531,Mw,-1.747988,-77.400191,6.85,2024,8,30,9,41,53.0
4.1815,Mw,-2.777645,-77.420452,70.94,2024,8,31,13,26,5.0
3.8531,Mw,0.684895,-79.174949,68.92,2024,9,1,18,25,17.0
4.1815,Mw,-1.633309,-80.427015,41.52,2024,9,4,14,47,30.0
4.1815,Mw,-4.23009,-80.242847,83.63,2024,9,5,14,58,26.0
3.771,Mw,-2.378973,-80.496942,36.71,2024,9,18,14,35,31.0
4.1815,Mw,-3.870793,-79.923793,84.94,2024,9,18,17,9,36.0
4.099399999999999,Mw,-3.602551,-79.844726,71.11,2024,9,20,2,10,23.0
4.0173,Mw,-2.461414,-77.787723,124.07,2024,9,23,14,40,30.0
3.8531,Mw,-3.652262,-80.06422,75.37,2024,9,29,8,4,0.0
4.263599999999999,Mw,-2.624082,-80.974084,36.38,2024,10,1,7,23,9.0
3.9352,Mw,-2.646477,-80.936913,38.21,2024,10,1,9,4,18.0
4.7562,Mw,-2.652383,-80.994075,36.57,2024,10,1,9,7,31.0
4.674099999999999,Mw,-2.594305,-80.90236,36.57,2024,10,1,9,17,11.0
4.1815,Mw,-2.644508,-80.965488,35.48,2024,10,1,14,11,41.0
3.8531,Mw,-2.206215,-80.261369,50.71,2024,10,1,15,9,14.0
4.1815,Mw,-1.865129,-80.403997,50.93,2024,10,5,23,54,1.0
3.771,Mw,1.308742,-79.820086,44.55,2024,10,7,5,39,47.0
3.771,Mw,-2.871652,-78.633088,91.18,2024,10,11,22,0,45.0
4.5099,Mw,-2.617191,-80.644458,41.79,2024,10,15,6,21,29.0
4.3457,Mw,-3.781461,-80.497648,70.04,2024,10,15,14,13,55.0
3.8531,Mw,-2.469289,-76.825086,158.3,2024,10,16,12,54,53.0
4.263599999999999,Mw,1.764754,-79.797278,30.42,2024,10,16,22,4,50.0
3.9352,Mw,-2.257402,-79.373296,88.33,2024,10,28,1,22,42.0
3.8531,Mw,-1.429543,-80.662748,36.76,2024,10,28,21,50,49.0
4.263599999999999,Mw,-0.718332,-80.470486,26.37,2024,10,30,13,12,8.0
3.8531,Mw,-3.053762,-79.86173,50.87,2024,10,31,18,14,9.0
3.8531,Mw,0.400902,-78.531655,13.19,2024,11,1,3,54,56.0
4.0173,Mw,-2.475646,-78.110489,110.15,2024,11,7,5,59,20.0
4.4277999999999995,Mw,-1.45366,-77.657975,210.18,2024,11,8,10,37,39.0
4.0173,Mw,-2.163395,-80.130329,78.32,2024,11,9,14,44,48.0
3.8531,Mw,-1.912379,-77.965353,155.43,2024,11,18,11,52,39.0
4.0173,Mw,-2.353871,-78.250651,115.07,2024,11,24,0,56,1.0
3.771,Mw,-0.348207,-80.334576,10.51,2024,11,24,20,46,42.0
4.3457,Mw,-0.683879,-77.437403,29.43,2024,12,4,12,55,26.0
4.099399999999999,Mw,-2.212613,-79.685084,91.29,2024,12,5,18,5,55.0
4.674099999999999,Mw,-1.335535,-80.500232,49.29,2024,12,5,23,14,11.0
4.3457,Mw,-2.78765,-81.03244,2.64,2024,12,10,19,43,55.0
4.5099,Mw,-3.635035,-80.237313,71.11,2024,12,13,5,16,22.0
4.5099,Mw,-2.363561,-79.82341,50.56,2024,12,14,13,35,37.0
4.5099,Mw,-1.549883,-80.573453,41.93,2024,12,14,18,5,14.0
4.0173,Mw,-2.629742,-80.595939,48.38,2024,12,17,14,18,34.0
3.8531,Mw,-1.647336,-77.859449,182.15,2024,12,23,23,0,49.0
3.771,Mw,-1.356207,-77.885009,191.86,2024,12,27,19,29,19.0
3.771,Mw,-3.652754,-79.835381,78.54,2024,12,29,23,6,12.0
3.8531,Mw,-4.126238,-80.324651,70.5,2025,1,5,8,19,51.0
4.592,Mw,-2.021645,-77.464393,174.3,2025,1,7,3,37,26.0
4.0173,Mw,-1.025949,-78.730904,14.61,2025,1,9,23,9,42.0
5.412999999999999,Mw,-2.188496,-79.842694,86.31,2025,1,13,2,20,51.0
3.8531,Mw,-1.741098,-78.129957,158.5,2025,1,14,15,52,30.0
4.0173,Mw,-3.31782,-80.789947,46.2,2025,1,17,12,54,33.0
3.9352,Mw,-2.426223,-80.374807,39.99,2025,1,21,11,29,41.0
3.9352,Mw,-1.251441,-80.798393,16.36,2025,1,24,6,54,20.0
3.8531,Mw,-4.232098,-80.501686,34.94,2025,1,28,13,41,7.0
4.099399999999999,Mw,-3.689668,-79.087199,89.1,2025,1,29,20,34,55.0
5.412999999999999,Mw,-0.877801,-78.116611,15.82,2025,1,31,23,2,24.0
4.3457,Mw,-0.87534,-78.132856,13.85,2025,1,31,23,10,10.0
4.099399999999999,Mw,-0.868941,-78.111199,15.71,2025,2,1,1,37,54.0
4.1815,Mw,-0.868449,-78.106769,12.97,2025,2,1,1,50,47.0
4.9204,Mw,-0.871648,-78.113906,14.8,2025,2,1,11,5,46.0
4.5099,Mw,-0.862051,-78.102834,13.79,2025,2,1,11,27,27.0
4.0173,Mw,-0.869042,-78.109062,3.39,2025,2,2,12,50,0.0
3.8531,Mw,-1.919141,-78.055382,152.38,2025,2,3,16,3,11.0
3.9352,Mw,-3.207324,-80.574617,28.23,2025,2,4,2,26,33.0
5.0024999999999995,Mw,-3.648324,-79.972978,89.21,2025,2,4,7,45,10.0
4.7562,Mw,-1.77998,-78.267809,146.63,2025,2,5,8,21,32.0
4.1815,Mw,-2.749098,-79.87491,20.03,2025,2,10,7,6,6.0
3.9352,Mw,-2.466582,-76.760801,187.15,2025,2,12,0,58,50.0
3.771,Mw,-2.722766,-79.902739,21.64,2025,2,12,11,32,36.0
4.4277999999999995,Mw,-0.56034,-80.766765,24.73,2025,2,17,21,30,31.0
4.0173,Mw,-0.571935,-80.873054,5.05,2025,2,17,21,48,41.0
3.8531,Mw,-0.010566,-77.478887,18.77,2025,2,20,23,9,56.0
4.263599999999999,Mw,-3.688684,-79.014205,91.78,2025,2,21,22,52,8.0
5.1667,Mw,-1.188371,-77.651761,27.46,2025,2,23,7,25,16.0
4.0173,Mw,0.174004,-79.049455,33.75,2025,2,26,16,18,16.0
3.9352,Mw,-4.190236,-80.5103,37.57,2025,2,27,8,5,27.0
4.5099,Mw,-1.374418,-77.815579,198.09,2025,3,8,5,37,37.0
4.099399999999999,Mw,0.274902,-77.357293,30.42,2025,3,16,7,30,34.0
4.0173,Mw,0.639613,-80.325757,29.6,2025,3,18,4,19,7.0
3.8531,Mw,0.563816,-80.126398,29.82,2025,3,18,17,40,24.0
4.0173,Mw,-2.717352,-78.467381,10.1,2025,3,21,17,42,55.0
4.0173,Mw,-3.151215,-80.616946,31.84,2025,3,22,7,49,37.0
3.8531,Mw,1.404227,-78.725149,44.23,2025,3,23,21,12,6.0
3.9352,Mw,-0.744172,-77.622209,15.52,2025,4,6,11,46,12.0
3.9352,Mw,-1.510454,-78.17627,164.8,2025,4,13,22,11,22.0
4.099399999999999,Mw,-2.804715,-81.472518,7.72,2025,4,14,23,19,44.0
3.9352,Mw,-2.810129,-81.513921,20.9,2025,4,14,23,29,42.0
4.0173,Mw,0.222977,-80.858503,32.52,2025,4,16,0,7,2.0
3.771,Mw,0.217316,-79.316222,41.74,2025,4,16,21,32,30.0
3.771,Mw,-2.493898,-79.174998,91.8,2025,4,19,1,57,1.0
5.9056,Mw,1.077168,-79.702151,30.14,2025,4,25,11,44,49.0
4.3457,Mw,-1.965043,-79.781564,86.31,2025,4,25,12,9,51.0
3.8531,Mw,-2.228363,-80.276651,59.29,2025,4,28,12,4,25.0
4.592,Mw,-0.653363,-77.956215,14.07,2025,5,3,14,50,11.0
4.4277999999999995,Mw,-2.955324,-80.023834,64.16,2025,5,5,9,17,18.0
3.8531,Mw,-1.813904,-77.900711,139.65,2025,5,6,20,33,41.0
4.838299999999999,Mw,-2.609809,-79.644766,25.5,2025,5,10,12,12,51.0
3.8531,Mw,-1.738882,-77.878052,169.21,2025,5,10,18,2,26.0
5.1667,Mw,-4.029277,-81.106589,87.95,2025,5,11,1,29,51.0
5.084599999999999,Mw,-3.762758,-81.222703,26.73,2025,5,11,2,7,3.0
3.9352,Mw,-4.095477,-81.118819,39.85,2025,5,11,2,44,13.0
4.3457,Mw,-4.103598,-81.133393,26.97,2025,5,11,2,59,27.0
5.084599999999999,Mw,-4.032307,-81.014305,1.96,2025,5,11,5,16,46.0
4.1815,Mw,-4.015742,-81.105821,58.23,2025,5,11,5,53,43.0
4.3457,Mw,-2.803238,-78.513881,5.97,2025,5,11,18,14,30.0
3.8531,Mw,-2.798316,-78.526204,5.97,2025,5,11,18,20,51.0
4.1815,Mw,1.043207,-79.792725,12.75,2025,5,11,19,22,26.0
4.099399999999999,Mw,-0.937848,-80.600501,27.74,2025,5,20,14,52,16.0
4.0173,Mw,-0.945723,-80.597058,26.7,2025,5,20,15,25,59.0
3.771,Mw,-2.29973,-80.910158,33.86,2025,5,21,4,24,55.0
4.0173,Mw,-0.971316,-80.629556,25.5,2025,5,27,8,56,32.0
4.0173,Mw,-1.542992,-78.108665,170.12,2025,5,27,11,29,33.0
4.1815,Mw,-2.788227,-77.876001,14.26,2025,6,4,16,44,55.0
3.9352,Mw,-2.645738,-78.033602,8.16,2025,6,10,14,58,55.0
3.9352,Mw,-1.162777,-80.933374,10.62,2025,6,14,3,18,58.0
4.838299999999999,Mw,-1.146535,-81.008685,22.54,2025,6,14,3,31,33.0
4.099399999999999,Mw,-1.170898,-80.897195,1.68,2025,6,14,4,38,12.0
4.3457,Mw,-1.143582,-80.963886,21.61,2025,6,14,16,56,35.0
3.9352,Mw,-1.119465,-80.971749,14.78,2025,6,14,23,32,40.0
3.771,Mw,-1.148012,-81.158341,18.66,2025,6,15,0,12,28.0
4.099399999999999,Mw,-1.187387,-80.995909,18.0,2025,6,16,23,55,50.0
4.838299999999999,Mw,-0.890844,-78.12719,14.97,2025,6,17,2,46,23.0
4.099399999999999,Mw,-0.893059,-78.127435,13.96,2025,6,17,6,47,12.0
3.8531,Mw,1.112605,-79.819317,17.57,2025,6,18,9,33,37.0
4.3457,Mw,-0.873371,-78.131872,13.03,2025,6,19,1,6,20.0
4.0173,Mw,-1.109621,-80.826029,23.47,2025,6,21,3,32,45.0
5.412999999999999,Mw,-2.58323,-79.76744,45.46,2025,6,21,19,18,44.0
4.099399999999999,Mw,-1.295176,-80.908835,21.23,2025,6,23,21,36,28.0
4.099399999999999,Mw,-2.595535,-79.76498,40.32,2025,6,25,16,13,46.0
4.838299999999999,Mw,-2.088582,-80.040656,60.0,2025,6,27,6,31,51.0
4.1815,Mw,-0.429418,-79.050924,20.3,2025,7,3,11,2,23.0
4.0173,Mw,-3.72043,-79.308894,93.34,2025,7,6,3,40,23.0
3.9352,Mw,-2.676746,-79.569392,45.02,2025,7,7,17,20,58.0
4.7562,Mw,0.895551,-79.71641,22.16,2025,7,8,17,36,4.0
4.099399999999999,Mw,-2.792902,-79.921741,25.5,2025,7,17,6,4,50.0
4.5099,Mw,0.487035,-79.357073,64.93,2025,7,20,21,6,29.0
3.8531,Mw,0.894074,-79.721332,19.21,2025,7,23,2,58,9.0
4.5099,Mw,-3.534137,-80.135144,73.73,2025,7,28,12,33,56.0
3.7,Mw,-2.114422,-76.762188,129.27,2025,7,31,13,24,33.0
3.9352,Mw,-4.062746,-80.371453,80.89,2025,8,4,3,6,13.0
4.263599999999999,Mw,-2.371034,-80.807304,7.75,2025,8,11,17,23,4.0
4.674099999999999,Mw,-0.60759,-78.386916,8.32,2025,8,16,10,46,58.0
4.099399999999999,Mw,0.014043,-80.33259,16.64,2025,8,18,14,55,5.0
4.674099999999999,Mw,-2.314988,-78.95016,98.67,2025,8,24,10,50,30.0
4.0173,Mw,-2.124512,-79.633352,88.93,2025,8,24,16,53,15.0
4.5099,Mw,1.764754,-79.798756,0.94,2025,8,25,18,10,58.0
4.5099,Mw,-4.100645,-80.429233,75.43,2025,8,27,4,26,19.0
3.771,Mw,-3.623715,-79.271669,85.05,2025,8,27,15,24,13.0
5.0024999999999995,Mw,-1.558496,-78.107917,171.57,2025,9,3,14,56,41.0
5.412999999999999,Mw,-1.675004,-81.339241,5.22,2025,9,5,17,42,31.0
3.8531,Mw,-2.47298,-77.639177,134.93,2025,9,9,8,27,15.0
3.771,Mw,-1.54127,-81.129083,5.21,2025,9,9,12,33,54.0
4.0173,Mw,-1.559234,-81.101771,11.14,2025,9,9,12,39,5.0
4.263599999999999,Mw,-1.400012,-81.00589,18.22,2025,9,9,13,9,24.0
3.8531,Mw,-1.439879,-81.001486,11.22,2025,9,9,13,10,17.0
4.3457,Mw,-2.897246,-80.191852,74.77,2025,9,11,9,19,39.0
4.099399999999999,Mw,-1.596395,-81.0405,17.84,2025,9,13,11,23,45.0
4.0173,Mw,-1.560465,-80.900146,26.37,2025,9,13,11,33,36.0
4.838299999999999,Mw,-1.598855,-81.043456,21.07,2025,9,13,21,18,34.0
4.838299999999999,Mw,-1.59541,-81.004556,25.77,2025,9,13,23,59,54.0
4.099399999999999,Mw,-1.350793,-80.982225,16.04,2025,9,14,7,2,18.0
3.8531,Mw,-1.509809,-81.120041,8.59,2025,9,14,21,47,41.0
4.0173,Mw,-1.424621,-81.044801,18.28,2025,9,15,15,56,21.0
3.771,Mw,-1.428559,-81.013294,16.47,2025,9,15,17,54,40.0
4.263599999999999,Mw,-1.444309,-80.968502,19.97,2025,9,15,20,34,46.0
3.8531,Mw,-1.526012,-81.073926,13.85,2025,9,15,21,56,9.0
4.3457,Mw,-1.488605,-80.950316,21.61,2025,9,16,2,22,34.0
4.7562,Mw,-1.560957,-81.037025,23.09,2025,9,16,3,54,47.0
4.0173,Mw,-1.255309,-81.217487,10.68,2025,9,16,8,40,1.0
3.8531,Mw,-1.591473,-80.989289,2.2,2025,9,17,21,57,34.0
4.099399999999999,Mw,-1.240543,-81.239138,7.61,2025,9,18,6,14,15.0
4.1815,Mw,-1.23316,-80.923075,20.57,2025,9,18,11,38,54.0
4.3457,Mw,-1.238574,-81.166276,16.58,2025,9,18,21,55,15.0
4.674099999999999,Mw,-1.246941,-80.920622,27.03,2025,9,19,1,49,44.0
4.838299999999999,Mw,-0.412191,-80.397584,22.93,2025,9,19,22,33,1.0
3.8531,Mw,-0.424004,-80.417274,18.06,2025,9,20,0,6,46.0
3.8531,Mw,-3.267371,-77.931773,96.75,2025,9,20,12,46,3.0
4.0173,Mw,-3.503129,-81.870863,11.06,2025,9,24,7,43,10.0
4.263599999999999,Mw,-2.401367,-77.593703,4.63,2025,9,25,21,59,35.0
4.0173,Mw,-1.367773,-78.019161,177.77,2025,9,25,23,40,11.0
4.3457,Mw,-5.251117,-78.337669,88.43,2025,9,26,1,5,13.0
4.263599999999999,Mw,-5.164508,-78.725567,39.96,2025,9,26,1,5,13.0
4.3457,Mw,-2.38734,-77.584115,6.03,2025,9,26,17,24,59.0
3.9352,Mw,-1.287793,-78.418225,12.26,2025,9,27,14,59,40.0
4.3457,Mw,-3.621992,-81.10997,90.82,2025,9,28,8,53,24.0
3.8531,Mw,-2.460676,-81.569489,26.15,2025,9,29,11,31,30.0
4.263599999999999,Mw,0.115926,-79.287183,33.97,2025,9,29,18,59,10.0
4.4277999999999995,Mw,0.546098,-80.015649,7.07,2025,10,2,14,52,46.0
4.263599999999999,Mw,-0.409238,-80.411858,22.93,2025,10,7,1,27,53.0
3.9352,Mw,-0.43877,-80.348368,20.03,2025,10,7,1,30,23.0
4.263599999999999,Mw,-1.64266,-81.377825,24.84,2025,10,8,14,19,38.0
3.8531,Mw,-3.007004,-76.938521,119.5,2025,10,9,1,42,57.0
3.9352,Mw,-4.017711,-76.826073,69.16,2025,10,11,0,27,10.0
4.099399999999999,Mw,0.975285,-79.165087,58.86,2025,10,20,14,57,46.0
5.9056,Mw,-3.623715,-79.974441,89.97,2025,10,22,0,5,40.0
4.0173,Mw,-2.78552,-78.51488,12.15,2025,10,22,18,50,42.0
3.771,Mw,-3.620762,-79.92315,76.36,2025,10,26,14,44,59.0
4.5099,Mw,-2.741223,-79.417633,18.06,2025,10,26,20,7,5.0
3.6,Mw,1.764016,-80.851797,23.61,2025,10,29,8,19,51.0
4.099399999999999,Mw,-1.429297,-80.938213,20.98,2025,10,31,2,2,5.0
4.5099,Mw,-1.326184,-77.818565,201.48,2025,11,6,23,11,11.0
4.099399999999999,Mw,-1.589504,-80.944481,11.55,2025,11,17,1,1,12.0
4.263599999999999,Mw,-3.634051,-79.388058,5.97,2025,11,17,3,47,40.0
3.9352,Mw,0.276909,-80.926285,15.0,2025,11,19,18,49,36.0
4.099399999999999,Mw,-2.804223,-78.201459,16.31,2025,11,23,13,3,11.0
4.0173,Mw,-2.063973,-80.057391,60.22,2025,11,24,1,59,38.0
3.8531,Mw,-1.357191,-80.453471,45.73,2025,11,27,5,46,23.0
4.4277999999999995,Mw,-2.18382,-80.339424,57.46,2025,12,1,5,35,37.0
3.8531,Mw,-2.798809,-78.531624,7.07,2025,12,4,9,47,24.0
3.9352,Mw,-1.317324,-78.546708,13.03,2025,12,6,22,54,53.0
3.9352,Mw,1.277088,-80.344101,9.63,2025,12,12,18,56,31.0
4.263599999999999,Mw,-1.734699,-79.164029,21.29,2025,12,13,9,40,50.0
4.099399999999999,Mw,-2.731871,-79.726586,19.97,2025,12,13,21,54,0.0
3.9352,Mw,-2.72818,-79.731759,20.93,2025,12,14,1,24,21.0
3.9352,Mw,-2.724488,-79.76354,20.03,2025,12,14,1,33,5.0
3.9352,Mw,-1.72584,-78.109778,158.44,2025,12,14,20,23,39.0
3.771,Mw,-4.112949,-80.411484,56.01,2025,12,16,16,5,26.0
5.0024999999999995,Mw,-0.694215,-78.032005,18.39,2025,12,19,21,59,50.0
